level,source,ampur,HOSCODE,HOSNAME,category,code,typearea,typearea_label,age_band,patient_count
category,DIAGNOSIS_OPD,ควนกาหลง,11403,โรงพยาบาลควนกาหลง,ความบกพร่องทางการเรียนรู้ (F81),ALL,1,1: ในเขต มีชื่อ+อยู่จริง,0-14 ปี,3
category,DIAGNOSIS_OPD,ควนกาหลง,11403,โรงพยาบาลควนกาหลง,ความบกพร่องทางการเรียนรู้ (F81),ALL,2,2: ในเขต มีชื่อ แต่ไม่อยู่จริง,0-14 ปี,1
category,DIAGNOSIS_OPD,ควนกาหลง,11403,โรงพยาบาลควนกาหลง,ความบกพร่องทางการเรียนรู้ (F81),ALL,3,3: อาศัยในเขต ทะเบียนบ้านอยู่นอกเขต,0-14 ปี,2
category,DIAGNOSIS_OPD,ควนกาหลง,11403,โรงพยาบาลควนกาหลง,ความบกพร่องทางการเรียนรู้ (F81),ALL,4,4: นอกเขต มารับบริการ/เคยอยู่ในเขต,0-14 ปี,26
category,DIAGNOSIS_OPD,ควนกาหลง,11403,โรงพยาบาลควนกาหลง,ความบกพร่องทางการเรียนรู้ (F81),ALL,4,4: นอกเขต มารับบริการ/เคยอยู่ในเขต,15-29 ปี,3
category,DIAGNOSIS_OPD,ควนกาหลง,11403,โรงพยาบาลควนกาหลง,ความบกพร่องทางสติปัญญา (F70-F79),ALL,4,4: นอกเขต มารับบริการ/เคยอยู่ในเขต,0-14 ปี,5
category,DIAGNOSIS_OPD,ควนกาหลง,11403,โรงพยาบาลควนกาหลง,ความบกพร่องทางสติปัญญา (F70-F79),ALL,4,4: นอกเขต มารับบริการ/เคยอยู่ในเขต,15-29 ปี,4
category,DIAGNOSIS_OPD,ควนกาหลง,11403,โรงพยาบาลควนกาหลง,ความบกพร่องทางสติปัญญา (F70-F79),ALL,4,4: นอกเขต มารับบริการ/เคยอยู่ในเขต,30-44 ปี,1
category,DIAGNOSIS_OPD,ควนกาหลง,11403,โรงพยาบาลควนกาหลง,ติดยาบ้า Amphetamine (F15),ALL,"",อื่นๆ/ไม่ทราบ,15-29 ปี,13
category,DIAGNOSIS_OPD,ควนกาหลง,11403,โรงพยาบาลควนกาหลง,ติดยาบ้า Amphetamine (F15),ALL,"",อื่นๆ/ไม่ทราบ,30-44 ปี,37
category,DIAGNOSIS_OPD,ควนกาหลง,11403,โรงพยาบาลควนกาหลง,ติดยาบ้า Amphetamine (F15),ALL,"",อื่นๆ/ไม่ทราบ,45-59 ปี,9
category,DIAGNOSIS_OPD,ควนกาหลง,11403,โรงพยาบาลควนกาหลง,ติดยาบ้า Amphetamine (F15),ALL,1,1: ในเขต มีชื่อ+อยู่จริง,15-29 ปี,5
category,DIAGNOSIS_OPD,ควนกาหลง,11403,โรงพยาบาลควนกาหลง,ติดยาบ้า Amphetamine (F15),ALL,1,1: ในเขต มีชื่อ+อยู่จริง,30-44 ปี,5
category,DIAGNOSIS_OPD,ควนกาหลง,11403,โรงพยาบาลควนกาหลง,ติดยาบ้า Amphetamine (F15),ALL,1,1: ในเขต มีชื่อ+อยู่จริง,45-59 ปี,2
category,DIAGNOSIS_OPD,ควนกาหลง,11403,โรงพยาบาลควนกาหลง,ติดยาบ้า Amphetamine (F15),ALL,2,2: ในเขต มีชื่อ แต่ไม่อยู่จริง,15-29 ปี,1
category,DIAGNOSIS_OPD,ควนกาหลง,11403,โรงพยาบาลควนกาหลง,ติดยาบ้า Amphetamine (F15),ALL,2,2: ในเขต มีชื่อ แต่ไม่อยู่จริง,60-74 ปี,1
category,DIAGNOSIS_OPD,ควนกาหลง,11403,โรงพยาบาลควนกาหลง,ติดยาบ้า Amphetamine (F15),ALL,4,4: นอกเขต มารับบริการ/เคยอยู่ในเขต,15-29 ปี,23
category,DIAGNOSIS_OPD,ควนกาหลง,11403,โรงพยาบาลควนกาหลง,ติดยาบ้า Amphetamine (F15),ALL,4,4: นอกเขต มารับบริการ/เคยอยู่ในเขต,30-44 ปี,41
category,DIAGNOSIS_OPD,ควนกาหลง,11403,โรงพยาบาลควนกาหลง,ติดยาบ้า Amphetamine (F15),ALL,4,4: นอกเขต มารับบริการ/เคยอยู่ในเขต,45-59 ปี,11
category,DIAGNOSIS_OPD,ควนกาหลง,11403,โรงพยาบาลควนกาหลง,ติดยาบ้า Amphetamine (F15),ALL,4,4: นอกเขต มารับบริการ/เคยอยู่ในเขต,60-74 ปี,2
category,DIAGNOSIS_OPD,ควนกาหลง,11403,โรงพยาบาลควนกาหลง,"ติดสารเสพติดอื่นๆ (F11,F12,F13,F14,F16,F17,F18,F19)",ALL,"",อื่นๆ/ไม่ทราบ,15-29 ปี,3
category,DIAGNOSIS_OPD,ควนกาหลง,11403,โรงพยาบาลควนกาหลง,"ติดสารเสพติดอื่นๆ (F11,F12,F13,F14,F16,F17,F18,F19)",ALL,1,1: ในเขต มีชื่อ+อยู่จริง,15-29 ปี,5
category,DIAGNOSIS_OPD,ควนกาหลง,11403,โรงพยาบาลควนกาหลง,"ติดสารเสพติดอื่นๆ (F11,F12,F13,F14,F16,F17,F18,F19)",ALL,1,1: ในเขต มีชื่อ+อยู่จริง,30-44 ปี,3
category,DIAGNOSIS_OPD,ควนกาหลง,11403,โรงพยาบาลควนกาหลง,"ติดสารเสพติดอื่นๆ (F11,F12,F13,F14,F16,F17,F18,F19)",ALL,4,4: นอกเขต มารับบริการ/เคยอยู่ในเขต,15-29 ปี,28
category,DIAGNOSIS_OPD,ควนกาหลง,11403,โรงพยาบาลควนกาหลง,"ติดสารเสพติดอื่นๆ (F11,F12,F13,F14,F16,F17,F18,F19)",ALL,4,4: นอกเขต มารับบริการ/เคยอยู่ในเขต,30-44 ปี,39
category,DIAGNOSIS_OPD,ควนกาหลง,11403,โรงพยาบาลควนกาหลง,"ติดสารเสพติดอื่นๆ (F11,F12,F13,F14,F16,F17,F18,F19)",ALL,4,4: นอกเขต มารับบริการ/เคยอยู่ในเขต,45-59 ปี,8
category,DIAGNOSIS_OPD,ควนกาหลง,11403,โรงพยาบาลควนกาหลง,"ติดสารเสพติดอื่นๆ (F11,F12,F13,F14,F16,F17,F18,F19)",ALL,4,4: นอกเขต มารับบริการ/เคยอยู่ในเขต,60-74 ปี,2
category,DIAGNOSIS_OPD,ควนกาหลง,11403,โรงพยาบาลควนกาหลง,ติดแอลกอฮอล์ (F10),ALL,"",อื่นๆ/ไม่ทราบ,45-59 ปี,1
category,DIAGNOSIS_OPD,ควนกาหลง,11403,โรงพยาบาลควนกาหลง,ติดแอลกอฮอล์ (F10),ALL,1,1: ในเขต มีชื่อ+อยู่จริง,30-44 ปี,4
category,DIAGNOSIS_OPD,ควนกาหลง,11403,โรงพยาบาลควนกาหลง,ติดแอลกอฮอล์ (F10),ALL,1,1: ในเขต มีชื่อ+อยู่จริง,45-59 ปี,2
category,DIAGNOSIS_OPD,ควนกาหลง,11403,โรงพยาบาลควนกาหลง,ติดแอลกอฮอล์ (F10),ALL,1,1: ในเขต มีชื่อ+อยู่จริง,60-74 ปี,2
category,DIAGNOSIS_OPD,ควนกาหลง,11403,โรงพยาบาลควนกาหลง,ติดแอลกอฮอล์ (F10),ALL,3,3: อาศัยในเขต ทะเบียนบ้านอยู่นอกเขต,15-29 ปี,1
category,DIAGNOSIS_OPD,ควนกาหลง,11403,โรงพยาบาลควนกาหลง,ติดแอลกอฮอล์ (F10),ALL,3,3: อาศัยในเขต ทะเบียนบ้านอยู่นอกเขต,30-44 ปี,1
category,DIAGNOSIS_OPD,ควนกาหลง,11403,โรงพยาบาลควนกาหลง,ติดแอลกอฮอล์ (F10),ALL,4,4: นอกเขต มารับบริการ/เคยอยู่ในเขต,30-44 ปี,9
category,DIAGNOSIS_OPD,ควนกาหลง,11403,โรงพยาบาลควนกาหลง,ติดแอลกอฮอล์ (F10),ALL,4,4: นอกเขต มารับบริการ/เคยอยู่ในเขต,45-59 ปี,9
category,DIAGNOSIS_OPD,ควนกาหลง,11403,โรงพยาบาลควนกาหลง,ติดแอลกอฮอล์ (F10),ALL,4,4: นอกเขต มารับบริการ/เคยอยู่ในเขต,60-74 ปี,6
category,DIAGNOSIS_OPD,ควนกาหลง,11403,โรงพยาบาลควนกาหลง,ผู้ป่วยติดเกมส์ในเด็ก ต่ำกว่า 15 ปี (F988),ALL,4,4: นอกเขต มารับบริการ/เคยอยู่ในเขต,0-14 ปี,2
category,DIAGNOSIS_OPD,ควนกาหลง,11403,โรงพยาบาลควนกาหลง,พยายามฆ่าตัวตาย/ตั้งใจทำร้ายตนเอง (X60-X84),ALL,"",อื่นๆ/ไม่ทราบ,0-14 ปี,1
category,DIAGNOSIS_OPD,ควนกาหลง,11403,โรงพยาบาลควนกาหลง,พยายามฆ่าตัวตาย/ตั้งใจทำร้ายตนเอง (X60-X84),ALL,"",อื่นๆ/ไม่ทราบ,15-29 ปี,1
category,DIAGNOSIS_OPD,ควนกาหลง,11403,โรงพยาบาลควนกาหลง,พยายามฆ่าตัวตาย/ตั้งใจทำร้ายตนเอง (X60-X84),ALL,1,1: ในเขต มีชื่อ+อยู่จริง,0-14 ปี,1
category,DIAGNOSIS_OPD,ควนกาหลง,11403,โรงพยาบาลควนกาหลง,พยายามฆ่าตัวตาย/ตั้งใจทำร้ายตนเอง (X60-X84),ALL,1,1: ในเขต มีชื่อ+อยู่จริง,15-29 ปี,2
category,DIAGNOSIS_OPD,ควนกาหลง,11403,โรงพยาบาลควนกาหลง,พยายามฆ่าตัวตาย/ตั้งใจทำร้ายตนเอง (X60-X84),ALL,1,1: ในเขต มีชื่อ+อยู่จริง,30-44 ปี,1
category,DIAGNOSIS_OPD,ควนกาหลง,11403,โรงพยาบาลควนกาหลง,พยายามฆ่าตัวตาย/ตั้งใจทำร้ายตนเอง (X60-X84),ALL,1,1: ในเขต มีชื่อ+อยู่จริง,60-74 ปี,1
category,DIAGNOSIS_OPD,ควนกาหลง,11403,โรงพยาบาลควนกาหลง,พยายามฆ่าตัวตาย/ตั้งใจทำร้ายตนเอง (X60-X84),ALL,4,4: นอกเขต มารับบริการ/เคยอยู่ในเขต,0-14 ปี,4
category,DIAGNOSIS_OPD,ควนกาหลง,11403,โรงพยาบาลควนกาหลง,พยายามฆ่าตัวตาย/ตั้งใจทำร้ายตนเอง (X60-X84),ALL,4,4: นอกเขต มารับบริการ/เคยอยู่ในเขต,15-29 ปี,12
category,DIAGNOSIS_OPD,ควนกาหลง,11403,โรงพยาบาลควนกาหลง,พยายามฆ่าตัวตาย/ตั้งใจทำร้ายตนเอง (X60-X84),ALL,4,4: นอกเขต มารับบริการ/เคยอยู่ในเขต,30-44 ปี,5
category,DIAGNOSIS_OPD,ควนกาหลง,11403,โรงพยาบาลควนกาหลง,พยายามฆ่าตัวตาย/ตั้งใจทำร้ายตนเอง (X60-X84),ALL,4,4: นอกเขต มารับบริการ/เคยอยู่ในเขต,45-59 ปี,3
category,DIAGNOSIS_OPD,ควนกาหลง,11403,โรงพยาบาลควนกาหลง,พยายามฆ่าตัวตาย/ตั้งใจทำร้ายตนเอง (X60-X84),ALL,4,4: นอกเขต มารับบริการ/เคยอยู่ในเขต,60-74 ปี,1
category,DIAGNOSIS_OPD,ควนกาหลง,11403,โรงพยาบาลควนกาหลง,โรคจิตอื่นๆ (F21-F29),ALL,"",อื่นๆ/ไม่ทราบ,15-29 ปี,2
category,DIAGNOSIS_OPD,ควนกาหลง,11403,โรงพยาบาลควนกาหลง,โรคจิตอื่นๆ (F21-F29),ALL,"",อื่นๆ/ไม่ทราบ,30-44 ปี,4
category,DIAGNOSIS_OPD,ควนกาหลง,11403,โรงพยาบาลควนกาหลง,โรคจิตอื่นๆ (F21-F29),ALL,1,1: ในเขต มีชื่อ+อยู่จริง,15-29 ปี,8
category,DIAGNOSIS_OPD,ควนกาหลง,11403,โรงพยาบาลควนกาหลง,โรคจิตอื่นๆ (F21-F29),ALL,1,1: ในเขต มีชื่อ+อยู่จริง,30-44 ปี,5
category,DIAGNOSIS_OPD,ควนกาหลง,11403,โรงพยาบาลควนกาหลง,โรคจิตอื่นๆ (F21-F29),ALL,1,1: ในเขต มีชื่อ+อยู่จริง,45-59 ปี,4
category,DIAGNOSIS_OPD,ควนกาหลง,11403,โรงพยาบาลควนกาหลง,โรคจิตอื่นๆ (F21-F29),ALL,1,1: ในเขต มีชื่อ+อยู่จริง,60-74 ปี,1
category,DIAGNOSIS_OPD,ควนกาหลง,11403,โรงพยาบาลควนกาหลง,โรคจิตอื่นๆ (F21-F29),ALL,3,3: อาศัยในเขต ทะเบียนบ้านอยู่นอกเขต,15-29 ปี,1
category,DIAGNOSIS_OPD,ควนกาหลง,11403,โรงพยาบาลควนกาหลง,โรคจิตอื่นๆ (F21-F29),ALL,4,4: นอกเขต มารับบริการ/เคยอยู่ในเขต,15-29 ปี,30
category,DIAGNOSIS_OPD,ควนกาหลง,11403,โรงพยาบาลควนกาหลง,โรคจิตอื่นๆ (F21-F29),ALL,4,4: นอกเขต มารับบริการ/เคยอยู่ในเขต,30-44 ปี,49
category,DIAGNOSIS_OPD,ควนกาหลง,11403,โรงพยาบาลควนกาหลง,โรคจิตอื่นๆ (F21-F29),ALL,4,4: นอกเขต มารับบริการ/เคยอยู่ในเขต,45-59 ปี,13
category,DIAGNOSIS_OPD,ควนกาหลง,11403,โรงพยาบาลควนกาหลง,โรคจิตอื่นๆ (F21-F29),ALL,4,4: นอกเขต มารับบริการ/เคยอยู่ในเขต,60-74 ปี,7
category,DIAGNOSIS_OPD,ควนกาหลง,11403,โรงพยาบาลควนกาหลง,โรคจิตอื่นๆ (F21-F29),ALL,4,4: นอกเขต มารับบริการ/เคยอยู่ในเขต,75 ปีขึ้นไป,2
category,DIAGNOSIS_OPD,ควนกาหลง,11403,โรงพยาบาลควนกาหลง,โรคจิตเภท (F20),ALL,"",อื่นๆ/ไม่ทราบ,15-29 ปี,2
category,DIAGNOSIS_OPD,ควนกาหลง,11403,โรงพยาบาลควนกาหลง,โรคจิตเภท (F20),ALL,"",อื่นๆ/ไม่ทราบ,30-44 ปี,3
category,DIAGNOSIS_OPD,ควนกาหลง,11403,โรงพยาบาลควนกาหลง,โรคจิตเภท (F20),ALL,1,1: ในเขต มีชื่อ+อยู่จริง,15-29 ปี,2
category,DIAGNOSIS_OPD,ควนกาหลง,11403,โรงพยาบาลควนกาหลง,โรคจิตเภท (F20),ALL,1,1: ในเขต มีชื่อ+อยู่จริง,30-44 ปี,8
category,DIAGNOSIS_OPD,ควนกาหลง,11403,โรงพยาบาลควนกาหลง,โรคจิตเภท (F20),ALL,1,1: ในเขต มีชื่อ+อยู่จริง,45-59 ปี,8
category,DIAGNOSIS_OPD,ควนกาหลง,11403,โรงพยาบาลควนกาหลง,โรคจิตเภท (F20),ALL,1,1: ในเขต มีชื่อ+อยู่จริง,60-74 ปี,1
category,DIAGNOSIS_OPD,ควนกาหลง,11403,โรงพยาบาลควนกาหลง,โรคจิตเภท (F20),ALL,4,4: นอกเขต มารับบริการ/เคยอยู่ในเขต,15-29 ปี,13
category,DIAGNOSIS_OPD,ควนกาหลง,11403,โรงพยาบาลควนกาหลง,โรคจิตเภท (F20),ALL,4,4: นอกเขต มารับบริการ/เคยอยู่ในเขต,30-44 ปี,53
category,DIAGNOSIS_OPD,ควนกาหลง,11403,โรงพยาบาลควนกาหลง,โรคจิตเภท (F20),ALL,4,4: นอกเขต มารับบริการ/เคยอยู่ในเขต,45-59 ปี,44
category,DIAGNOSIS_OPD,ควนกาหลง,11403,โรงพยาบาลควนกาหลง,โรคจิตเภท (F20),ALL,4,4: นอกเขต มารับบริการ/เคยอยู่ในเขต,60-74 ปี,10
category,DIAGNOSIS_OPD,ควนกาหลง,11403,โรงพยาบาลควนกาหลง,โรคจิตเภท (F20),ALL,4,4: นอกเขต มารับบริการ/เคยอยู่ในเขต,75 ปีขึ้นไป,3
category,DIAGNOSIS_OPD,ควนกาหลง,11403,โรงพยาบาลควนกาหลง,"โรคซึมเศร้า (F32,F33,F341,F38,F39)",ALL,"",อื่นๆ/ไม่ทราบ,0-14 ปี,1
category,DIAGNOSIS_OPD,ควนกาหลง,11403,โรงพยาบาลควนกาหลง,"โรคซึมเศร้า (F32,F33,F341,F38,F39)",ALL,"",อื่นๆ/ไม่ทราบ,15-29 ปี,3
category,DIAGNOSIS_OPD,ควนกาหลง,11403,โรงพยาบาลควนกาหลง,"โรคซึมเศร้า (F32,F33,F341,F38,F39)",ALL,"",อื่นๆ/ไม่ทราบ,30-44 ปี,2
category,DIAGNOSIS_OPD,ควนกาหลง,11403,โรงพยาบาลควนกาหลง,"โรคซึมเศร้า (F32,F33,F341,F38,F39)",ALL,"",อื่นๆ/ไม่ทราบ,45-59 ปี,1
category,DIAGNOSIS_OPD,ควนกาหลง,11403,โรงพยาบาลควนกาหลง,"โรคซึมเศร้า (F32,F33,F341,F38,F39)",ALL,1,1: ในเขต มีชื่อ+อยู่จริง,0-14 ปี,1
category,DIAGNOSIS_OPD,ควนกาหลง,11403,โรงพยาบาลควนกาหลง,"โรคซึมเศร้า (F32,F33,F341,F38,F39)",ALL,1,1: ในเขต มีชื่อ+อยู่จริง,15-29 ปี,12
category,DIAGNOSIS_OPD,ควนกาหลง,11403,โรงพยาบาลควนกาหลง,"โรคซึมเศร้า (F32,F33,F341,F38,F39)",ALL,1,1: ในเขต มีชื่อ+อยู่จริง,30-44 ปี,6
category,DIAGNOSIS_OPD,ควนกาหลง,11403,โรงพยาบาลควนกาหลง,"โรคซึมเศร้า (F32,F33,F341,F38,F39)",ALL,1,1: ในเขต มีชื่อ+อยู่จริง,45-59 ปี,6
category,DIAGNOSIS_OPD,ควนกาหลง,11403,โรงพยาบาลควนกาหลง,"โรคซึมเศร้า (F32,F33,F341,F38,F39)",ALL,1,1: ในเขต มีชื่อ+อยู่จริง,60-74 ปี,9
category,DIAGNOSIS_OPD,ควนกาหลง,11403,โรงพยาบาลควนกาหลง,"โรคซึมเศร้า (F32,F33,F341,F38,F39)",ALL,1,1: ในเขต มีชื่อ+อยู่จริง,75 ปีขึ้นไป,3
category,DIAGNOSIS_OPD,ควนกาหลง,11403,โรงพยาบาลควนกาหลง,"โรคซึมเศร้า (F32,F33,F341,F38,F39)",ALL,2,2: ในเขต มีชื่อ แต่ไม่อยู่จริง,15-29 ปี,1
category,DIAGNOSIS_OPD,ควนกาหลง,11403,โรงพยาบาลควนกาหลง,"โรคซึมเศร้า (F32,F33,F341,F38,F39)",ALL,2,2: ในเขต มีชื่อ แต่ไม่อยู่จริง,30-44 ปี,3
category,DIAGNOSIS_OPD,ควนกาหลง,11403,โรงพยาบาลควนกาหลง,"โรคซึมเศร้า (F32,F33,F341,F38,F39)",ALL,2,2: ในเขต มีชื่อ แต่ไม่อยู่จริง,45-59 ปี,2
category,DIAGNOSIS_OPD,ควนกาหลง,11403,โรงพยาบาลควนกาหลง,"โรคซึมเศร้า (F32,F33,F341,F38,F39)",ALL,2,2: ในเขต มีชื่อ แต่ไม่อยู่จริง,60-74 ปี,1
category,DIAGNOSIS_OPD,ควนกาหลง,11403,โรงพยาบาลควนกาหลง,"โรคซึมเศร้า (F32,F33,F341,F38,F39)",ALL,2,2: ในเขต มีชื่อ แต่ไม่อยู่จริง,75 ปีขึ้นไป,1
category,DIAGNOSIS_OPD,ควนกาหลง,11403,โรงพยาบาลควนกาหลง,"โรคซึมเศร้า (F32,F33,F341,F38,F39)",ALL,3,3: อาศัยในเขต ทะเบียนบ้านอยู่นอกเขต,15-29 ปี,2
category,DIAGNOSIS_OPD,ควนกาหลง,11403,โรงพยาบาลควนกาหลง,"โรคซึมเศร้า (F32,F33,F341,F38,F39)",ALL,3,3: อาศัยในเขต ทะเบียนบ้านอยู่นอกเขต,30-44 ปี,3
category,DIAGNOSIS_OPD,ควนกาหลง,11403,โรงพยาบาลควนกาหลง,"โรคซึมเศร้า (F32,F33,F341,F38,F39)",ALL,3,3: อาศัยในเขต ทะเบียนบ้านอยู่นอกเขต,45-59 ปี,1
category,DIAGNOSIS_OPD,ควนกาหลง,11403,โรงพยาบาลควนกาหลง,"โรคซึมเศร้า (F32,F33,F341,F38,F39)",ALL,3,3: อาศัยในเขต ทะเบียนบ้านอยู่นอกเขต,60-74 ปี,1
category,DIAGNOSIS_OPD,ควนกาหลง,11403,โรงพยาบาลควนกาหลง,"โรคซึมเศร้า (F32,F33,F341,F38,F39)",ALL,4,4: นอกเขต มารับบริการ/เคยอยู่ในเขต,0-14 ปี,17
category,DIAGNOSIS_OPD,ควนกาหลง,11403,โรงพยาบาลควนกาหลง,"โรคซึมเศร้า (F32,F33,F341,F38,F39)",ALL,4,4: นอกเขต มารับบริการ/เคยอยู่ในเขต,15-29 ปี,136
category,DIAGNOSIS_OPD,ควนกาหลง,11403,โรงพยาบาลควนกาหลง,"โรคซึมเศร้า (F32,F33,F341,F38,F39)",ALL,4,4: นอกเขต มารับบริการ/เคยอยู่ในเขต,30-44 ปี,101
category,DIAGNOSIS_OPD,ควนกาหลง,11403,โรงพยาบาลควนกาหลง,"โรคซึมเศร้า (F32,F33,F341,F38,F39)",ALL,4,4: นอกเขต มารับบริการ/เคยอยู่ในเขต,45-59 ปี,73
category,DIAGNOSIS_OPD,ควนกาหลง,11403,โรงพยาบาลควนกาหลง,"โรคซึมเศร้า (F32,F33,F341,F38,F39)",ALL,4,4: นอกเขต มารับบริการ/เคยอยู่ในเขต,60-74 ปี,50
category,DIAGNOSIS_OPD,ควนกาหลง,11403,โรงพยาบาลควนกาหลง,"โรคซึมเศร้า (F32,F33,F341,F38,F39)",ALL,4,4: นอกเขต มารับบริการ/เคยอยู่ในเขต,75 ปีขึ้นไป,13
category,DIAGNOSIS_OPD,ควนกาหลง,11403,โรงพยาบาลควนกาหลง,"โรคทางจิตเวชอื่นๆ (F04-F09,F50-F69,F80,F82-F83,F88-F89,F91-F99 ยกเว้น F638,F988)",ALL,"",อื่นๆ/ไม่ทราบ,0-14 ปี,10
category,DIAGNOSIS_OPD,ควนกาหลง,11403,โรงพยาบาลควนกาหลง,"โรคทางจิตเวชอื่นๆ (F04-F09,F50-F69,F80,F82-F83,F88-F89,F91-F99 ยกเว้น F638,F988)",ALL,"",อื่นๆ/ไม่ทราบ,15-29 ปี,1
category,DIAGNOSIS_OPD,ควนกาหลง,11403,โรงพยาบาลควนกาหลง,"โรคทางจิตเวชอื่นๆ (F04-F09,F50-F69,F80,F82-F83,F88-F89,F91-F99 ยกเว้น F638,F988)",ALL,"",อื่นๆ/ไม่ทราบ,30-44 ปี,5
category,DIAGNOSIS_OPD,ควนกาหลง,11403,โรงพยาบาลควนกาหลง,"โรคทางจิตเวชอื่นๆ (F04-F09,F50-F69,F80,F82-F83,F88-F89,F91-F99 ยกเว้น F638,F988)",ALL,"",อื่นๆ/ไม่ทราบ,45-59 ปี,1
category,DIAGNOSIS_OPD,ควนกาหลง,11403,โรงพยาบาลควนกาหลง,"โรคทางจิตเวชอื่นๆ (F04-F09,F50-F69,F80,F82-F83,F88-F89,F91-F99 ยกเว้น F638,F988)",ALL,"",อื่นๆ/ไม่ทราบ,60-74 ปี,1
category,DIAGNOSIS_OPD,ควนกาหลง,11403,โรงพยาบาลควนกาหลง,"โรคทางจิตเวชอื่นๆ (F04-F09,F50-F69,F80,F82-F83,F88-F89,F91-F99 ยกเว้น F638,F988)",ALL,1,1: ในเขต มีชื่อ+อยู่จริง,0-14 ปี,29
category,DIAGNOSIS_OPD,ควนกาหลง,11403,โรงพยาบาลควนกาหลง,"โรคทางจิตเวชอื่นๆ (F04-F09,F50-F69,F80,F82-F83,F88-F89,F91-F99 ยกเว้น F638,F988)",ALL,1,1: ในเขต มีชื่อ+อยู่จริง,15-29 ปี,7
category,DIAGNOSIS_OPD,ควนกาหลง,11403,โรงพยาบาลควนกาหลง,"โรคทางจิตเวชอื่นๆ (F04-F09,F50-F69,F80,F82-F83,F88-F89,F91-F99 ยกเว้น F638,F988)",ALL,1,1: ในเขต มีชื่อ+อยู่จริง,30-44 ปี,10
category,DIAGNOSIS_OPD,ควนกาหลง,11403,โรงพยาบาลควนกาหลง,"โรคทางจิตเวชอื่นๆ (F04-F09,F50-F69,F80,F82-F83,F88-F89,F91-F99 ยกเว้น F638,F988)",ALL,1,1: ในเขต มีชื่อ+อยู่จริง,45-59 ปี,33
category,DIAGNOSIS_OPD,ควนกาหลง,11403,โรงพยาบาลควนกาหลง,"โรคทางจิตเวชอื่นๆ (F04-F09,F50-F69,F80,F82-F83,F88-F89,F91-F99 ยกเว้น F638,F988)",ALL,1,1: ในเขต มีชื่อ+อยู่จริง,60-74 ปี,46
category,DIAGNOSIS_OPD,ควนกาหลง,11403,โรงพยาบาลควนกาหลง,"โรคทางจิตเวชอื่นๆ (F04-F09,F50-F69,F80,F82-F83,F88-F89,F91-F99 ยกเว้น F638,F988)",ALL,1,1: ในเขต มีชื่อ+อยู่จริง,75 ปีขึ้นไป,39
category,DIAGNOSIS_OPD,ควนกาหลง,11403,โรงพยาบาลควนกาหลง,"โรคทางจิตเวชอื่นๆ (F04-F09,F50-F69,F80,F82-F83,F88-F89,F91-F99 ยกเว้น F638,F988)",ALL,2,2: ในเขต มีชื่อ แต่ไม่อยู่จริง,0-14 ปี,6
category,DIAGNOSIS_OPD,ควนกาหลง,11403,โรงพยาบาลควนกาหลง,"โรคทางจิตเวชอื่นๆ (F04-F09,F50-F69,F80,F82-F83,F88-F89,F91-F99 ยกเว้น F638,F988)",ALL,2,2: ในเขต มีชื่อ แต่ไม่อยู่จริง,15-29 ปี,1
category,DIAGNOSIS_OPD,ควนกาหลง,11403,โรงพยาบาลควนกาหลง,"โรคทางจิตเวชอื่นๆ (F04-F09,F50-F69,F80,F82-F83,F88-F89,F91-F99 ยกเว้น F638,F988)",ALL,2,2: ในเขต มีชื่อ แต่ไม่อยู่จริง,45-59 ปี,3
category,DIAGNOSIS_OPD,ควนกาหลง,11403,โรงพยาบาลควนกาหลง,"โรคทางจิตเวชอื่นๆ (F04-F09,F50-F69,F80,F82-F83,F88-F89,F91-F99 ยกเว้น F638,F988)",ALL,2,2: ในเขต มีชื่อ แต่ไม่อยู่จริง,60-74 ปี,4
category,DIAGNOSIS_OPD,ควนกาหลง,11403,โรงพยาบาลควนกาหลง,"โรคทางจิตเวชอื่นๆ (F04-F09,F50-F69,F80,F82-F83,F88-F89,F91-F99 ยกเว้น F638,F988)",ALL,2,2: ในเขต มีชื่อ แต่ไม่อยู่จริง,75 ปีขึ้นไป,1
category,DIAGNOSIS_OPD,ควนกาหลง,11403,โรงพยาบาลควนกาหลง,"โรคทางจิตเวชอื่นๆ (F04-F09,F50-F69,F80,F82-F83,F88-F89,F91-F99 ยกเว้น F638,F988)",ALL,3,3: อาศัยในเขต ทะเบียนบ้านอยู่นอกเขต,0-14 ปี,1
category,DIAGNOSIS_OPD,ควนกาหลง,11403,โรงพยาบาลควนกาหลง,"โรคทางจิตเวชอื่นๆ (F04-F09,F50-F69,F80,F82-F83,F88-F89,F91-F99 ยกเว้น F638,F988)",ALL,3,3: อาศัยในเขต ทะเบียนบ้านอยู่นอกเขต,15-29 ปี,3
category,DIAGNOSIS_OPD,ควนกาหลง,11403,โรงพยาบาลควนกาหลง,"โรคทางจิตเวชอื่นๆ (F04-F09,F50-F69,F80,F82-F83,F88-F89,F91-F99 ยกเว้น F638,F988)",ALL,3,3: อาศัยในเขต ทะเบียนบ้านอยู่นอกเขต,30-44 ปี,3
category,DIAGNOSIS_OPD,ควนกาหลง,11403,โรงพยาบาลควนกาหลง,"โรคทางจิตเวชอื่นๆ (F04-F09,F50-F69,F80,F82-F83,F88-F89,F91-F99 ยกเว้น F638,F988)",ALL,3,3: อาศัยในเขต ทะเบียนบ้านอยู่นอกเขต,45-59 ปี,2
category,DIAGNOSIS_OPD,ควนกาหลง,11403,โรงพยาบาลควนกาหลง,"โรคทางจิตเวชอื่นๆ (F04-F09,F50-F69,F80,F82-F83,F88-F89,F91-F99 ยกเว้น F638,F988)",ALL,3,3: อาศัยในเขต ทะเบียนบ้านอยู่นอกเขต,60-74 ปี,1
category,DIAGNOSIS_OPD,ควนกาหลง,11403,โรงพยาบาลควนกาหลง,"โรคทางจิตเวชอื่นๆ (F04-F09,F50-F69,F80,F82-F83,F88-F89,F91-F99 ยกเว้น F638,F988)",ALL,3,3: อาศัยในเขต ทะเบียนบ้านอยู่นอกเขต,75 ปีขึ้นไป,1
category,DIAGNOSIS_OPD,ควนกาหลง,11403,โรงพยาบาลควนกาหลง,"โรคทางจิตเวชอื่นๆ (F04-F09,F50-F69,F80,F82-F83,F88-F89,F91-F99 ยกเว้น F638,F988)",ALL,4,4: นอกเขต มารับบริการ/เคยอยู่ในเขต,0-14 ปี,57
category,DIAGNOSIS_OPD,ควนกาหลง,11403,โรงพยาบาลควนกาหลง,"โรคทางจิตเวชอื่นๆ (F04-F09,F50-F69,F80,F82-F83,F88-F89,F91-F99 ยกเว้น F638,F988)",ALL,4,4: นอกเขต มารับบริการ/เคยอยู่ในเขต,15-29 ปี,72
category,DIAGNOSIS_OPD,ควนกาหลง,11403,โรงพยาบาลควนกาหลง,"โรคทางจิตเวชอื่นๆ (F04-F09,F50-F69,F80,F82-F83,F88-F89,F91-F99 ยกเว้น F638,F988)",ALL,4,4: นอกเขต มารับบริการ/เคยอยู่ในเขต,30-44 ปี,81
category,DIAGNOSIS_OPD,ควนกาหลง,11403,โรงพยาบาลควนกาหลง,"โรคทางจิตเวชอื่นๆ (F04-F09,F50-F69,F80,F82-F83,F88-F89,F91-F99 ยกเว้น F638,F988)",ALL,4,4: นอกเขต มารับบริการ/เคยอยู่ในเขต,45-59 ปี,209
category,DIAGNOSIS_OPD,ควนกาหลง,11403,โรงพยาบาลควนกาหลง,"โรคทางจิตเวชอื่นๆ (F04-F09,F50-F69,F80,F82-F83,F88-F89,F91-F99 ยกเว้น F638,F988)",ALL,4,4: นอกเขต มารับบริการ/เคยอยู่ในเขต,60-74 ปี,238
category,DIAGNOSIS_OPD,ควนกาหลง,11403,โรงพยาบาลควนกาหลง,"โรคทางจิตเวชอื่นๆ (F04-F09,F50-F69,F80,F82-F83,F88-F89,F91-F99 ยกเว้น F638,F988)",ALL,4,4: นอกเขต มารับบริการ/เคยอยู่ในเขต,75 ปีขึ้นไป,139
category,DIAGNOSIS_OPD,ควนกาหลง,11403,โรงพยาบาลควนกาหลง,โรคลมชัก (G40-G41),ALL,"",อื่นๆ/ไม่ทราบ,15-29 ปี,3
category,DIAGNOSIS_OPD,ควนกาหลง,11403,โรงพยาบาลควนกาหลง,โรคลมชัก (G40-G41),ALL,"",อื่นๆ/ไม่ทราบ,30-44 ปี,2
category,DIAGNOSIS_OPD,ควนกาหลง,11403,โรงพยาบาลควนกาหลง,โรคลมชัก (G40-G41),ALL,1,1: ในเขต มีชื่อ+อยู่จริง,0-14 ปี,1
category,DIAGNOSIS_OPD,ควนกาหลง,11403,โรงพยาบาลควนกาหลง,โรคลมชัก (G40-G41),ALL,1,1: ในเขต มีชื่อ+อยู่จริง,15-29 ปี,6
category,DIAGNOSIS_OPD,ควนกาหลง,11403,โรงพยาบาลควนกาหลง,โรคลมชัก (G40-G41),ALL,1,1: ในเขต มีชื่อ+อยู่จริง,30-44 ปี,5
category,DIAGNOSIS_OPD,ควนกาหลง,11403,โรงพยาบาลควนกาหลง,โรคลมชัก (G40-G41),ALL,1,1: ในเขต มีชื่อ+อยู่จริง,45-59 ปี,3
category,DIAGNOSIS_OPD,ควนกาหลง,11403,โรงพยาบาลควนกาหลง,โรคลมชัก (G40-G41),ALL,1,1: ในเขต มีชื่อ+อยู่จริง,60-74 ปี,1
category,DIAGNOSIS_OPD,ควนกาหลง,11403,โรงพยาบาลควนกาหลง,โรคลมชัก (G40-G41),ALL,3,3: อาศัยในเขต ทะเบียนบ้านอยู่นอกเขต,15-29 ปี,2
category,DIAGNOSIS_OPD,ควนกาหลง,11403,โรงพยาบาลควนกาหลง,โรคลมชัก (G40-G41),ALL,4,4: นอกเขต มารับบริการ/เคยอยู่ในเขต,0-14 ปี,13
category,DIAGNOSIS_OPD,ควนกาหลง,11403,โรงพยาบาลควนกาหลง,โรคลมชัก (G40-G41),ALL,4,4: นอกเขต มารับบริการ/เคยอยู่ในเขต,15-29 ปี,31
category,DIAGNOSIS_OPD,ควนกาหลง,11403,โรงพยาบาลควนกาหลง,โรคลมชัก (G40-G41),ALL,4,4: นอกเขต มารับบริการ/เคยอยู่ในเขต,30-44 ปี,29
category,DIAGNOSIS_OPD,ควนกาหลง,11403,โรงพยาบาลควนกาหลง,โรคลมชัก (G40-G41),ALL,4,4: นอกเขต มารับบริการ/เคยอยู่ในเขต,45-59 ปี,30
category,DIAGNOSIS_OPD,ควนกาหลง,11403,โรงพยาบาลควนกาหลง,โรคลมชัก (G40-G41),ALL,4,4: นอกเขต มารับบริการ/เคยอยู่ในเขต,60-74 ปี,18
category,DIAGNOSIS_OPD,ควนกาหลง,11403,โรงพยาบาลควนกาหลง,โรคลมชัก (G40-G41),ALL,4,4: นอกเขต มารับบริการ/เคยอยู่ในเขต,75 ปีขึ้นไป,4
category,DIAGNOSIS_OPD,ควนกาหลง,11403,โรงพยาบาลควนกาหลง,โรคลมชัก (G40-G41),ALL,5,อื่นๆ/ไม่ทราบ,15-29 ปี,1
category,DIAGNOSIS_OPD,ควนกาหลง,11403,โรงพยาบาลควนกาหลง,โรควิตกกังวล (F40-F48),ALL,"",อื่นๆ/ไม่ทราบ,0-14 ปี,2
category,DIAGNOSIS_OPD,ควนกาหลง,11403,โรงพยาบาลควนกาหลง,โรควิตกกังวล (F40-F48),ALL,"",อื่นๆ/ไม่ทราบ,15-29 ปี,4
category,DIAGNOSIS_OPD,ควนกาหลง,11403,โรงพยาบาลควนกาหลง,โรควิตกกังวล (F40-F48),ALL,"",อื่นๆ/ไม่ทราบ,30-44 ปี,1
category,DIAGNOSIS_OPD,ควนกาหลง,11403,โรงพยาบาลควนกาหลง,โรควิตกกังวล (F40-F48),ALL,"",อื่นๆ/ไม่ทราบ,45-59 ปี,1
category,DIAGNOSIS_OPD,ควนกาหลง,11403,โรงพยาบาลควนกาหลง,โรควิตกกังวล (F40-F48),ALL,"",อื่นๆ/ไม่ทราบ,60-74 ปี,3
category,DIAGNOSIS_OPD,ควนกาหลง,11403,โรงพยาบาลควนกาหลง,โรควิตกกังวล (F40-F48),ALL,1,1: ในเขต มีชื่อ+อยู่จริง,0-14 ปี,4
category,DIAGNOSIS_OPD,ควนกาหลง,11403,โรงพยาบาลควนกาหลง,โรควิตกกังวล (F40-F48),ALL,1,1: ในเขต มีชื่อ+อยู่จริง,15-29 ปี,28
category,DIAGNOSIS_OPD,ควนกาหลง,11403,โรงพยาบาลควนกาหลง,โรควิตกกังวล (F40-F48),ALL,1,1: ในเขต มีชื่อ+อยู่จริง,30-44 ปี,16
category,DIAGNOSIS_OPD,ควนกาหลง,11403,โรงพยาบาลควนกาหลง,โรควิตกกังวล (F40-F48),ALL,1,1: ในเขต มีชื่อ+อยู่จริง,45-59 ปี,21
category,DIAGNOSIS_OPD,ควนกาหลง,11403,โรงพยาบาลควนกาหลง,โรควิตกกังวล (F40-F48),ALL,1,1: ในเขต มีชื่อ+อยู่จริง,60-74 ปี,15
category,DIAGNOSIS_OPD,ควนกาหลง,11403,โรงพยาบาลควนกาหลง,โรควิตกกังวล (F40-F48),ALL,1,1: ในเขต มีชื่อ+อยู่จริง,75 ปีขึ้นไป,6
category,DIAGNOSIS_OPD,ควนกาหลง,11403,โรงพยาบาลควนกาหลง,โรควิตกกังวล (F40-F48),ALL,2,2: ในเขต มีชื่อ แต่ไม่อยู่จริง,0-14 ปี,4
category,DIAGNOSIS_OPD,ควนกาหลง,11403,โรงพยาบาลควนกาหลง,โรควิตกกังวล (F40-F48),ALL,2,2: ในเขต มีชื่อ แต่ไม่อยู่จริง,15-29 ปี,1
category,DIAGNOSIS_OPD,ควนกาหลง,11403,โรงพยาบาลควนกาหลง,โรควิตกกังวล (F40-F48),ALL,2,2: ในเขต มีชื่อ แต่ไม่อยู่จริง,30-44 ปี,1
category,DIAGNOSIS_OPD,ควนกาหลง,11403,โรงพยาบาลควนกาหลง,โรควิตกกังวล (F40-F48),ALL,3,3: อาศัยในเขต ทะเบียนบ้านอยู่นอกเขต,15-29 ปี,4
category,DIAGNOSIS_OPD,ควนกาหลง,11403,โรงพยาบาลควนกาหลง,โรควิตกกังวล (F40-F48),ALL,3,3: อาศัยในเขต ทะเบียนบ้านอยู่นอกเขต,60-74 ปี,1
category,DIAGNOSIS_OPD,ควนกาหลง,11403,โรงพยาบาลควนกาหลง,โรควิตกกังวล (F40-F48),ALL,4,4: นอกเขต มารับบริการ/เคยอยู่ในเขต,0-14 ปี,49
category,DIAGNOSIS_OPD,ควนกาหลง,11403,โรงพยาบาลควนกาหลง,โรควิตกกังวล (F40-F48),ALL,4,4: นอกเขต มารับบริการ/เคยอยู่ในเขต,15-29 ปี,168
category,DIAGNOSIS_OPD,ควนกาหลง,11403,โรงพยาบาลควนกาหลง,โรควิตกกังวล (F40-F48),ALL,4,4: นอกเขต มารับบริการ/เคยอยู่ในเขต,30-44 ปี,130
category,DIAGNOSIS_OPD,ควนกาหลง,11403,โรงพยาบาลควนกาหลง,โรควิตกกังวล (F40-F48),ALL,4,4: นอกเขต มารับบริการ/เคยอยู่ในเขต,45-59 ปี,161
category,DIAGNOSIS_OPD,ควนกาหลง,11403,โรงพยาบาลควนกาหลง,โรควิตกกังวล (F40-F48),ALL,4,4: นอกเขต มารับบริการ/เคยอยู่ในเขต,60-74 ปี,92
category,DIAGNOSIS_OPD,ควนกาหลง,11403,โรงพยาบาลควนกาหลง,โรควิตกกังวล (F40-F48),ALL,4,4: นอกเขต มารับบริการ/เคยอยู่ในเขต,75 ปีขึ้นไป,25
category,DIAGNOSIS_OPD,ควนกาหลง,11403,โรงพยาบาลควนกาหลง,โรคสมองเสื่อม (F00-F03),ALL,4,4: นอกเขต มารับบริการ/เคยอยู่ในเขต,30-44 ปี,1
category,DIAGNOSIS_OPD,ควนกาหลง,11403,โรงพยาบาลควนกาหลง,โรคสมองเสื่อม (F00-F03),ALL,4,4: นอกเขต มารับบริการ/เคยอยู่ในเขต,45-59 ปี,1
category,DIAGNOSIS_OPD,ควนกาหลง,11403,โรงพยาบาลควนกาหลง,โรคสมองเสื่อม (F00-F03),ALL,4,4: นอกเขต มารับบริการ/เคยอยู่ในเขต,60-74 ปี,6
category,DIAGNOSIS_OPD,ควนกาหลง,11403,โรงพยาบาลควนกาหลง,โรคสมองเสื่อม (F00-F03),ALL,4,4: นอกเขต มารับบริการ/เคยอยู่ในเขต,75 ปีขึ้นไป,6
category,DIAGNOSIS_OPD,ควนกาหลง,11403,โรงพยาบาลควนกาหลง,โรคสมาธิสั้น (F90),ALL,"",อื่นๆ/ไม่ทราบ,0-14 ปี,2
category,DIAGNOSIS_OPD,ควนกาหลง,11403,โรงพยาบาลควนกาหลง,โรคสมาธิสั้น (F90),ALL,1,1: ในเขต มีชื่อ+อยู่จริง,0-14 ปี,7
category,DIAGNOSIS_OPD,ควนกาหลง,11403,โรงพยาบาลควนกาหลง,โรคสมาธิสั้น (F90),ALL,2,2: ในเขต มีชื่อ แต่ไม่อยู่จริง,0-14 ปี,7
category,DIAGNOSIS_OPD,ควนกาหลง,11403,โรงพยาบาลควนกาหลง,โรคสมาธิสั้น (F90),ALL,3,3: อาศัยในเขต ทะเบียนบ้านอยู่นอกเขต,0-14 ปี,2
category,DIAGNOSIS_OPD,ควนกาหลง,11403,โรงพยาบาลควนกาหลง,โรคสมาธิสั้น (F90),ALL,4,4: นอกเขต มารับบริการ/เคยอยู่ในเขต,0-14 ปี,73
category,DIAGNOSIS_OPD,ควนกาหลง,11403,โรงพยาบาลควนกาหลง,โรคสมาธิสั้น (F90),ALL,4,4: นอกเขต มารับบริการ/เคยอยู่ในเขต,15-29 ปี,9
category,DIAGNOSIS_OPD,ควนกาหลง,11403,โรงพยาบาลควนกาหลง,โรคออทิสติก (F84),ALL,1,1: ในเขต มีชื่อ+อยู่จริง,0-14 ปี,2
category,DIAGNOSIS_OPD,ควนกาหลง,11403,โรงพยาบาลควนกาหลง,โรคออทิสติก (F84),ALL,1,1: ในเขต มีชื่อ+อยู่จริง,15-29 ปี,1
category,DIAGNOSIS_OPD,ควนกาหลง,11403,โรงพยาบาลควนกาหลง,โรคออทิสติก (F84),ALL,2,2: ในเขต มีชื่อ แต่ไม่อยู่จริง,0-14 ปี,1
category,DIAGNOSIS_OPD,ควนกาหลง,11403,โรงพยาบาลควนกาหลง,โรคออทิสติก (F84),ALL,4,4: นอกเขต มารับบริการ/เคยอยู่ในเขต,0-14 ปี,14
category,DIAGNOSIS_OPD,ควนกาหลง,11403,โรงพยาบาลควนกาหลง,โรคออทิสติก (F84),ALL,4,4: นอกเขต มารับบริการ/เคยอยู่ในเขต,15-29 ปี,3
category,DIAGNOSIS_OPD,ควนกาหลง,11403,โรงพยาบาลควนกาหลง,โรคอารมณ์สองขั้ว (F31),ALL,"",อื่นๆ/ไม่ทราบ,30-44 ปี,1
category,DIAGNOSIS_OPD,ควนกาหลง,11403,โรงพยาบาลควนกาหลง,โรคอารมณ์สองขั้ว (F31),ALL,1,1: ในเขต มีชื่อ+อยู่จริง,15-29 ปี,1
category,DIAGNOSIS_OPD,ควนกาหลง,11403,โรงพยาบาลควนกาหลง,โรคอารมณ์สองขั้ว (F31),ALL,1,1: ในเขต มีชื่อ+อยู่จริง,45-59 ปี,1
category,DIAGNOSIS_OPD,ควนกาหลง,11403,โรงพยาบาลควนกาหลง,โรคอารมณ์สองขั้ว (F31),ALL,4,4: นอกเขต มารับบริการ/เคยอยู่ในเขต,15-29 ปี,2
category,DIAGNOSIS_OPD,ควนกาหลง,11403,โรงพยาบาลควนกาหลง,โรคอารมณ์สองขั้ว (F31),ALL,4,4: นอกเขต มารับบริการ/เคยอยู่ในเขต,30-44 ปี,8
category,DIAGNOSIS_OPD,ควนกาหลง,11403,โรงพยาบาลควนกาหลง,โรคอารมณ์สองขั้ว (F31),ALL,4,4: นอกเขต มารับบริการ/เคยอยู่ในเขต,45-59 ปี,6
category,DIAGNOSIS_OPD,ควนกาหลง,11403,โรงพยาบาลควนกาหลง,โรคอารมณ์สองขั้ว (F31),ALL,4,4: นอกเขต มารับบริการ/เคยอยู่ในเขต,60-74 ปี,2
category,DIAGNOSIS_OPD,ควนกาหลง,09625,โรงพยาบาลส่งเสริมสุขภาพตำบลควนกาหลง,"โรคทางจิตเวชอื่นๆ (F04-F09,F50-F69,F80,F82-F83,F88-F89,F91-F99 ยกเว้น F638,F988)",ALL,1,1: ในเขต มีชื่อ+อยู่จริง,30-44 ปี,3
category,DIAGNOSIS_OPD,ควนกาหลง,09625,โรงพยาบาลส่งเสริมสุขภาพตำบลควนกาหลง,"โรคทางจิตเวชอื่นๆ (F04-F09,F50-F69,F80,F82-F83,F88-F89,F91-F99 ยกเว้น F638,F988)",ALL,4,4: นอกเขต มารับบริการ/เคยอยู่ในเขต,30-44 ปี,1
category,DIAGNOSIS_OPD,ควนกาหลง,09625,โรงพยาบาลส่งเสริมสุขภาพตำบลควนกาหลง,โรควิตกกังวล (F40-F48),ALL,1,1: ในเขต มีชื่อ+อยู่จริง,15-29 ปี,2
category,DIAGNOSIS_OPD,ควนกาหลง,09625,โรงพยาบาลส่งเสริมสุขภาพตำบลควนกาหลง,โรควิตกกังวล (F40-F48),ALL,1,1: ในเขต มีชื่อ+อยู่จริง,30-44 ปี,1
category,DIAGNOSIS_OPD,ควนกาหลง,09625,โรงพยาบาลส่งเสริมสุขภาพตำบลควนกาหลง,โรควิตกกังวล (F40-F48),ALL,1,1: ในเขต มีชื่อ+อยู่จริง,45-59 ปี,4
category,DIAGNOSIS_OPD,ควนกาหลง,09625,โรงพยาบาลส่งเสริมสุขภาพตำบลควนกาหลง,โรควิตกกังวล (F40-F48),ALL,1,1: ในเขต มีชื่อ+อยู่จริง,60-74 ปี,2
category,DIAGNOSIS_OPD,ควนกาหลง,09625,โรงพยาบาลส่งเสริมสุขภาพตำบลควนกาหลง,โรควิตกกังวล (F40-F48),ALL,1,1: ในเขต มีชื่อ+อยู่จริง,75 ปีขึ้นไป,4
category,DIAGNOSIS_OPD,ควนกาหลง,09625,โรงพยาบาลส่งเสริมสุขภาพตำบลควนกาหลง,โรควิตกกังวล (F40-F48),ALL,2,2: ในเขต มีชื่อ แต่ไม่อยู่จริง,60-74 ปี,1
category,DIAGNOSIS_OPD,ควนกาหลง,09625,โรงพยาบาลส่งเสริมสุขภาพตำบลควนกาหลง,โรควิตกกังวล (F40-F48),ALL,3,3: อาศัยในเขต ทะเบียนบ้านอยู่นอกเขต,45-59 ปี,1
category,DIAGNOSIS_OPD,ควนกาหลง,09627,โรงพยาบาลส่งเสริมสุขภาพตำบลทุ่งนุ้ย,โรคจิตอื่นๆ (F21-F29),ALL,1,1: ในเขต มีชื่อ+อยู่จริง,45-59 ปี,1
category,DIAGNOSIS_OPD,ควนกาหลง,09627,โรงพยาบาลส่งเสริมสุขภาพตำบลทุ่งนุ้ย,โรคจิตเภท (F20),ALL,1,1: ในเขต มีชื่อ+อยู่จริง,30-44 ปี,1
category,DIAGNOSIS_OPD,ควนกาหลง,09627,โรงพยาบาลส่งเสริมสุขภาพตำบลทุ่งนุ้ย,โรคจิตเภท (F20),ALL,4,4: นอกเขต มารับบริการ/เคยอยู่ในเขต,30-44 ปี,1
category,DIAGNOSIS_OPD,ควนกาหลง,09627,โรงพยาบาลส่งเสริมสุขภาพตำบลทุ่งนุ้ย,โรคจิตเภท (F20),ALL,4,4: นอกเขต มารับบริการ/เคยอยู่ในเขต,60-74 ปี,1
category,DIAGNOSIS_OPD,ควนกาหลง,09627,โรงพยาบาลส่งเสริมสุขภาพตำบลทุ่งนุ้ย,"โรคซึมเศร้า (F32,F33,F341,F38,F39)",ALL,4,4: นอกเขต มารับบริการ/เคยอยู่ในเขต,15-29 ปี,1
category,DIAGNOSIS_OPD,ควนกาหลง,09627,โรงพยาบาลส่งเสริมสุขภาพตำบลทุ่งนุ้ย,"โรคทางจิตเวชอื่นๆ (F04-F09,F50-F69,F80,F82-F83,F88-F89,F91-F99 ยกเว้น F638,F988)",ALL,1,1: ในเขต มีชื่อ+อยู่จริง,0-14 ปี,1
category,DIAGNOSIS_OPD,ควนกาหลง,09627,โรงพยาบาลส่งเสริมสุขภาพตำบลทุ่งนุ้ย,"โรคทางจิตเวชอื่นๆ (F04-F09,F50-F69,F80,F82-F83,F88-F89,F91-F99 ยกเว้น F638,F988)",ALL,1,1: ในเขต มีชื่อ+อยู่จริง,15-29 ปี,1
category,DIAGNOSIS_OPD,ควนกาหลง,09627,โรงพยาบาลส่งเสริมสุขภาพตำบลทุ่งนุ้ย,"โรคทางจิตเวชอื่นๆ (F04-F09,F50-F69,F80,F82-F83,F88-F89,F91-F99 ยกเว้น F638,F988)",ALL,1,1: ในเขต มีชื่อ+อยู่จริง,60-74 ปี,2
category,DIAGNOSIS_OPD,ควนกาหลง,09627,โรงพยาบาลส่งเสริมสุขภาพตำบลทุ่งนุ้ย,"โรคทางจิตเวชอื่นๆ (F04-F09,F50-F69,F80,F82-F83,F88-F89,F91-F99 ยกเว้น F638,F988)",ALL,1,1: ในเขต มีชื่อ+อยู่จริง,75 ปีขึ้นไป,1
category,DIAGNOSIS_OPD,ควนกาหลง,09627,โรงพยาบาลส่งเสริมสุขภาพตำบลทุ่งนุ้ย,"โรคทางจิตเวชอื่นๆ (F04-F09,F50-F69,F80,F82-F83,F88-F89,F91-F99 ยกเว้น F638,F988)",ALL,4,4: นอกเขต มารับบริการ/เคยอยู่ในเขต,30-44 ปี,1
category,DIAGNOSIS_OPD,ควนกาหลง,09627,โรงพยาบาลส่งเสริมสุขภาพตำบลทุ่งนุ้ย,โรควิตกกังวล (F40-F48),ALL,1,1: ในเขต มีชื่อ+อยู่จริง,15-29 ปี,2
category,DIAGNOSIS_OPD,ควนกาหลง,09627,โรงพยาบาลส่งเสริมสุขภาพตำบลทุ่งนุ้ย,โรควิตกกังวล (F40-F48),ALL,1,1: ในเขต มีชื่อ+อยู่จริง,30-44 ปี,2
category,DIAGNOSIS_OPD,ควนกาหลง,09627,โรงพยาบาลส่งเสริมสุขภาพตำบลทุ่งนุ้ย,โรควิตกกังวล (F40-F48),ALL,1,1: ในเขต มีชื่อ+อยู่จริง,60-74 ปี,1
category,DIAGNOSIS_OPD,ควนกาหลง,09627,โรงพยาบาลส่งเสริมสุขภาพตำบลทุ่งนุ้ย,โรควิตกกังวล (F40-F48),ALL,4,4: นอกเขต มารับบริการ/เคยอยู่ในเขต,15-29 ปี,1
category,DIAGNOSIS_OPD,ควนกาหลง,09627,โรงพยาบาลส่งเสริมสุขภาพตำบลทุ่งนุ้ย,โรควิตกกังวล (F40-F48),ALL,4,4: นอกเขต มารับบริการ/เคยอยู่ในเขต,30-44 ปี,1
category,DIAGNOSIS_OPD,ควนกาหลง,09627,โรงพยาบาลส่งเสริมสุขภาพตำบลทุ่งนุ้ย,โรควิตกกังวล (F40-F48),ALL,4,4: นอกเขต มารับบริการ/เคยอยู่ในเขต,45-59 ปี,1
category,DIAGNOSIS_OPD,ควนกาหลง,09627,โรงพยาบาลส่งเสริมสุขภาพตำบลทุ่งนุ้ย,โรควิตกกังวล (F40-F48),ALL,4,4: นอกเขต มารับบริการ/เคยอยู่ในเขต,60-74 ปี,1
category,DIAGNOSIS_OPD,ควนกาหลง,09627,โรงพยาบาลส่งเสริมสุขภาพตำบลทุ่งนุ้ย,โรคอารมณ์สองขั้ว (F31),ALL,1,1: ในเขต มีชื่อ+อยู่จริง,30-44 ปี,1
category,DIAGNOSIS_OPD,ควนกาหลง,14096,โรงพยาบาลส่งเสริมสุขภาพตำบลบ้านกะทูน-พิปูนล้นเกล้า,พยายามฆ่าตัวตาย/ตั้งใจทำร้ายตนเอง (X60-X84),ALL,1,1: ในเขต มีชื่อ+อยู่จริง,0-14 ปี,2
category,DIAGNOSIS_OPD,ควนกาหลง,14096,โรงพยาบาลส่งเสริมสุขภาพตำบลบ้านกะทูน-พิปูนล้นเกล้า,พยายามฆ่าตัวตาย/ตั้งใจทำร้ายตนเอง (X60-X84),ALL,1,1: ในเขต มีชื่อ+อยู่จริง,30-44 ปี,3
category,DIAGNOSIS_OPD,ควนกาหลง,14096,โรงพยาบาลส่งเสริมสุขภาพตำบลบ้านกะทูน-พิปูนล้นเกล้า,พยายามฆ่าตัวตาย/ตั้งใจทำร้ายตนเอง (X60-X84),ALL,1,1: ในเขต มีชื่อ+อยู่จริง,45-59 ปี,1
category,DIAGNOSIS_OPD,ควนกาหลง,14096,โรงพยาบาลส่งเสริมสุขภาพตำบลบ้านกะทูน-พิปูนล้นเกล้า,พยายามฆ่าตัวตาย/ตั้งใจทำร้ายตนเอง (X60-X84),ALL,1,1: ในเขต มีชื่อ+อยู่จริง,75 ปีขึ้นไป,1
category,DIAGNOSIS_OPD,ควนกาหลง,14096,โรงพยาบาลส่งเสริมสุขภาพตำบลบ้านกะทูน-พิปูนล้นเกล้า,พยายามฆ่าตัวตาย/ตั้งใจทำร้ายตนเอง (X60-X84),ALL,2,2: ในเขต มีชื่อ แต่ไม่อยู่จริง,30-44 ปี,1
category,DIAGNOSIS_OPD,ควนกาหลง,14096,โรงพยาบาลส่งเสริมสุขภาพตำบลบ้านกะทูน-พิปูนล้นเกล้า,พยายามฆ่าตัวตาย/ตั้งใจทำร้ายตนเอง (X60-X84),ALL,4,4: นอกเขต มารับบริการ/เคยอยู่ในเขต,0-14 ปี,1
category,DIAGNOSIS_OPD,ควนกาหลง,14096,โรงพยาบาลส่งเสริมสุขภาพตำบลบ้านกะทูน-พิปูนล้นเกล้า,พยายามฆ่าตัวตาย/ตั้งใจทำร้ายตนเอง (X60-X84),ALL,4,4: นอกเขต มารับบริการ/เคยอยู่ในเขต,45-59 ปี,2
category,DIAGNOSIS_OPD,ควนกาหลง,14096,โรงพยาบาลส่งเสริมสุขภาพตำบลบ้านกะทูน-พิปูนล้นเกล้า,โรคจิตเภท (F20),ALL,1,1: ในเขต มีชื่อ+อยู่จริง,45-59 ปี,2
category,DIAGNOSIS_OPD,ควนกาหลง,14096,โรงพยาบาลส่งเสริมสุขภาพตำบลบ้านกะทูน-พิปูนล้นเกล้า,"โรคทางจิตเวชอื่นๆ (F04-F09,F50-F69,F80,F82-F83,F88-F89,F91-F99 ยกเว้น F638,F988)",ALL,1,1: ในเขต มีชื่อ+อยู่จริง,30-44 ปี,2
category,DIAGNOSIS_OPD,ควนกาหลง,14096,โรงพยาบาลส่งเสริมสุขภาพตำบลบ้านกะทูน-พิปูนล้นเกล้า,"โรคทางจิตเวชอื่นๆ (F04-F09,F50-F69,F80,F82-F83,F88-F89,F91-F99 ยกเว้น F638,F988)",ALL,1,1: ในเขต มีชื่อ+อยู่จริง,45-59 ปี,4
category,DIAGNOSIS_OPD,ควนกาหลง,14096,โรงพยาบาลส่งเสริมสุขภาพตำบลบ้านกะทูน-พิปูนล้นเกล้า,"โรคทางจิตเวชอื่นๆ (F04-F09,F50-F69,F80,F82-F83,F88-F89,F91-F99 ยกเว้น F638,F988)",ALL,1,1: ในเขต มีชื่อ+อยู่จริง,60-74 ปี,2
category,DIAGNOSIS_OPD,ควนกาหลง,14096,โรงพยาบาลส่งเสริมสุขภาพตำบลบ้านกะทูน-พิปูนล้นเกล้า,"โรคทางจิตเวชอื่นๆ (F04-F09,F50-F69,F80,F82-F83,F88-F89,F91-F99 ยกเว้น F638,F988)",ALL,1,1: ในเขต มีชื่อ+อยู่จริง,75 ปีขึ้นไป,2
category,DIAGNOSIS_OPD,ควนกาหลง,14096,โรงพยาบาลส่งเสริมสุขภาพตำบลบ้านกะทูน-พิปูนล้นเกล้า,"โรคทางจิตเวชอื่นๆ (F04-F09,F50-F69,F80,F82-F83,F88-F89,F91-F99 ยกเว้น F638,F988)",ALL,4,4: นอกเขต มารับบริการ/เคยอยู่ในเขต,0-14 ปี,1
category,DIAGNOSIS_OPD,ควนกาหลง,14096,โรงพยาบาลส่งเสริมสุขภาพตำบลบ้านกะทูน-พิปูนล้นเกล้า,"โรคทางจิตเวชอื่นๆ (F04-F09,F50-F69,F80,F82-F83,F88-F89,F91-F99 ยกเว้น F638,F988)",ALL,4,4: นอกเขต มารับบริการ/เคยอยู่ในเขต,30-44 ปี,1
category,DIAGNOSIS_OPD,ควนกาหลง,14096,โรงพยาบาลส่งเสริมสุขภาพตำบลบ้านกะทูน-พิปูนล้นเกล้า,โรควิตกกังวล (F40-F48),ALL,1,1: ในเขต มีชื่อ+อยู่จริง,0-14 ปี,1
category,DIAGNOSIS_OPD,ควนกาหลง,14096,โรงพยาบาลส่งเสริมสุขภาพตำบลบ้านกะทูน-พิปูนล้นเกล้า,โรควิตกกังวล (F40-F48),ALL,1,1: ในเขต มีชื่อ+อยู่จริง,15-29 ปี,2
category,DIAGNOSIS_OPD,ควนกาหลง,14096,โรงพยาบาลส่งเสริมสุขภาพตำบลบ้านกะทูน-พิปูนล้นเกล้า,โรควิตกกังวล (F40-F48),ALL,1,1: ในเขต มีชื่อ+อยู่จริง,45-59 ปี,6
category,DIAGNOSIS_OPD,ควนกาหลง,14096,โรงพยาบาลส่งเสริมสุขภาพตำบลบ้านกะทูน-พิปูนล้นเกล้า,โรควิตกกังวล (F40-F48),ALL,1,1: ในเขต มีชื่อ+อยู่จริง,60-74 ปี,6
category,DIAGNOSIS_OPD,ควนกาหลง,14096,โรงพยาบาลส่งเสริมสุขภาพตำบลบ้านกะทูน-พิปูนล้นเกล้า,โรควิตกกังวล (F40-F48),ALL,1,1: ในเขต มีชื่อ+อยู่จริง,75 ปีขึ้นไป,5
category,DIAGNOSIS_OPD,ควนกาหลง,09626,โรงพยาบาลส่งเสริมสุขภาพตำบลบ้านควนบ่อทอง ตำบลทุ่งนุ้ย,โรคจิตเภท (F20),ALL,1,1: ในเขต มีชื่อ+อยู่จริง,15-29 ปี,1
category,DIAGNOSIS_OPD,ควนกาหลง,09626,โรงพยาบาลส่งเสริมสุขภาพตำบลบ้านควนบ่อทอง ตำบลทุ่งนุ้ย,โรคจิตเภท (F20),ALL,1,1: ในเขต มีชื่อ+อยู่จริง,30-44 ปี,1
category,DIAGNOSIS_OPD,ควนกาหลง,09626,โรงพยาบาลส่งเสริมสุขภาพตำบลบ้านควนบ่อทอง ตำบลทุ่งนุ้ย,โรคจิตเภท (F20),ALL,1,1: ในเขต มีชื่อ+อยู่จริง,60-74 ปี,1
category,DIAGNOSIS_OPD,ควนกาหลง,09626,โรงพยาบาลส่งเสริมสุขภาพตำบลบ้านควนบ่อทอง ตำบลทุ่งนุ้ย,โรคจิตเภท (F20),ALL,2,2: ในเขต มีชื่อ แต่ไม่อยู่จริง,30-44 ปี,2
category,DIAGNOSIS_OPD,ควนกาหลง,09626,โรงพยาบาลส่งเสริมสุขภาพตำบลบ้านควนบ่อทอง ตำบลทุ่งนุ้ย,"โรคทางจิตเวชอื่นๆ (F04-F09,F50-F69,F80,F82-F83,F88-F89,F91-F99 ยกเว้น F638,F988)",ALL,1,1: ในเขต มีชื่อ+อยู่จริง,30-44 ปี,2
category,DIAGNOSIS_OPD,ควนกาหลง,09626,โรงพยาบาลส่งเสริมสุขภาพตำบลบ้านควนบ่อทอง ตำบลทุ่งนุ้ย,"โรคทางจิตเวชอื่นๆ (F04-F09,F50-F69,F80,F82-F83,F88-F89,F91-F99 ยกเว้น F638,F988)",ALL,1,1: ในเขต มีชื่อ+อยู่จริง,45-59 ปี,2
category,DIAGNOSIS_OPD,ควนกาหลง,09626,โรงพยาบาลส่งเสริมสุขภาพตำบลบ้านควนบ่อทอง ตำบลทุ่งนุ้ย,"โรคทางจิตเวชอื่นๆ (F04-F09,F50-F69,F80,F82-F83,F88-F89,F91-F99 ยกเว้น F638,F988)",ALL,1,1: ในเขต มีชื่อ+อยู่จริง,60-74 ปี,7
category,DIAGNOSIS_OPD,ควนกาหลง,09626,โรงพยาบาลส่งเสริมสุขภาพตำบลบ้านควนบ่อทอง ตำบลทุ่งนุ้ย,"โรคทางจิตเวชอื่นๆ (F04-F09,F50-F69,F80,F82-F83,F88-F89,F91-F99 ยกเว้น F638,F988)",ALL,1,1: ในเขต มีชื่อ+อยู่จริง,75 ปีขึ้นไป,2
category,DIAGNOSIS_OPD,ควนกาหลง,09626,โรงพยาบาลส่งเสริมสุขภาพตำบลบ้านควนบ่อทอง ตำบลทุ่งนุ้ย,"โรคทางจิตเวชอื่นๆ (F04-F09,F50-F69,F80,F82-F83,F88-F89,F91-F99 ยกเว้น F638,F988)",ALL,2,2: ในเขต มีชื่อ แต่ไม่อยู่จริง,45-59 ปี,1
category,DIAGNOSIS_OPD,ควนกาหลง,09626,โรงพยาบาลส่งเสริมสุขภาพตำบลบ้านควนบ่อทอง ตำบลทุ่งนุ้ย,โรควิตกกังวล (F40-F48),ALL,1,1: ในเขต มีชื่อ+อยู่จริง,45-59 ปี,1
category,DIAGNOSIS_OPD,ควนกาหลง,09628,โรงพยาบาลส่งเสริมสุขภาพตำบลบ้านผัง 34  ตำบลอุใดเจริญ,ติดยาบ้า Amphetamine (F15),ALL,1,1: ในเขต มีชื่อ+อยู่จริง,30-44 ปี,1
category,DIAGNOSIS_OPD,ควนกาหลง,09628,โรงพยาบาลส่งเสริมสุขภาพตำบลบ้านผัง 34  ตำบลอุใดเจริญ,โรคจิตอื่นๆ (F21-F29),ALL,1,1: ในเขต มีชื่อ+อยู่จริง,15-29 ปี,1
category,DIAGNOSIS_OPD,ควนกาหลง,09628,โรงพยาบาลส่งเสริมสุขภาพตำบลบ้านผัง 34  ตำบลอุใดเจริญ,โรคจิตอื่นๆ (F21-F29),ALL,1,1: ในเขต มีชื่อ+อยู่จริง,30-44 ปี,1
category,DIAGNOSIS_OPD,ควนกาหลง,09628,โรงพยาบาลส่งเสริมสุขภาพตำบลบ้านผัง 34  ตำบลอุใดเจริญ,โรคจิตเภท (F20),ALL,1,1: ในเขต มีชื่อ+อยู่จริง,30-44 ปี,1
category,DIAGNOSIS_OPD,ควนกาหลง,09628,โรงพยาบาลส่งเสริมสุขภาพตำบลบ้านผัง 34  ตำบลอุใดเจริญ,โรคจิตเภท (F20),ALL,4,4: นอกเขต มารับบริการ/เคยอยู่ในเขต,30-44 ปี,1
category,DIAGNOSIS_OPD,ควนกาหลง,09628,โรงพยาบาลส่งเสริมสุขภาพตำบลบ้านผัง 34  ตำบลอุใดเจริญ,"โรคทางจิตเวชอื่นๆ (F04-F09,F50-F69,F80,F82-F83,F88-F89,F91-F99 ยกเว้น F638,F988)",ALL,1,1: ในเขต มีชื่อ+อยู่จริง,30-44 ปี,2
category,DIAGNOSIS_OPD,ควนกาหลง,09628,โรงพยาบาลส่งเสริมสุขภาพตำบลบ้านผัง 34  ตำบลอุใดเจริญ,"โรคทางจิตเวชอื่นๆ (F04-F09,F50-F69,F80,F82-F83,F88-F89,F91-F99 ยกเว้น F638,F988)",ALL,1,1: ในเขต มีชื่อ+อยู่จริง,45-59 ปี,10
category,DIAGNOSIS_OPD,ควนกาหลง,09628,โรงพยาบาลส่งเสริมสุขภาพตำบลบ้านผัง 34  ตำบลอุใดเจริญ,"โรคทางจิตเวชอื่นๆ (F04-F09,F50-F69,F80,F82-F83,F88-F89,F91-F99 ยกเว้น F638,F988)",ALL,1,1: ในเขต มีชื่อ+อยู่จริง,60-74 ปี,10
category,DIAGNOSIS_OPD,ควนกาหลง,09628,โรงพยาบาลส่งเสริมสุขภาพตำบลบ้านผัง 34  ตำบลอุใดเจริญ,"โรคทางจิตเวชอื่นๆ (F04-F09,F50-F69,F80,F82-F83,F88-F89,F91-F99 ยกเว้น F638,F988)",ALL,1,1: ในเขต มีชื่อ+อยู่จริง,75 ปีขึ้นไป,5
category,DIAGNOSIS_OPD,ควนกาหลง,09628,โรงพยาบาลส่งเสริมสุขภาพตำบลบ้านผัง 34  ตำบลอุใดเจริญ,"โรคทางจิตเวชอื่นๆ (F04-F09,F50-F69,F80,F82-F83,F88-F89,F91-F99 ยกเว้น F638,F988)",ALL,2,2: ในเขต มีชื่อ แต่ไม่อยู่จริง,45-59 ปี,2
category,DIAGNOSIS_OPD,ควนกาหลง,09628,โรงพยาบาลส่งเสริมสุขภาพตำบลบ้านผัง 34  ตำบลอุใดเจริญ,"โรคทางจิตเวชอื่นๆ (F04-F09,F50-F69,F80,F82-F83,F88-F89,F91-F99 ยกเว้น F638,F988)",ALL,2,2: ในเขต มีชื่อ แต่ไม่อยู่จริง,60-74 ปี,1
category,DIAGNOSIS_OPD,ควนกาหลง,09628,โรงพยาบาลส่งเสริมสุขภาพตำบลบ้านผัง 34  ตำบลอุใดเจริญ,"โรคทางจิตเวชอื่นๆ (F04-F09,F50-F69,F80,F82-F83,F88-F89,F91-F99 ยกเว้น F638,F988)",ALL,4,4: นอกเขต มารับบริการ/เคยอยู่ในเขต,15-29 ปี,1
category,DIAGNOSIS_OPD,ควนกาหลง,09628,โรงพยาบาลส่งเสริมสุขภาพตำบลบ้านผัง 34  ตำบลอุใดเจริญ,โรควิตกกังวล (F40-F48),ALL,1,1: ในเขต มีชื่อ+อยู่จริง,0-14 ปี,1
category,DIAGNOSIS_OPD,ควนกาหลง,09628,โรงพยาบาลส่งเสริมสุขภาพตำบลบ้านผัง 34  ตำบลอุใดเจริญ,โรควิตกกังวล (F40-F48),ALL,1,1: ในเขต มีชื่อ+อยู่จริง,15-29 ปี,3
category,DIAGNOSIS_OPD,ควนกาหลง,09628,โรงพยาบาลส่งเสริมสุขภาพตำบลบ้านผัง 34  ตำบลอุใดเจริญ,โรควิตกกังวล (F40-F48),ALL,1,1: ในเขต มีชื่อ+อยู่จริง,30-44 ปี,3
category,DIAGNOSIS_OPD,ควนกาหลง,09628,โรงพยาบาลส่งเสริมสุขภาพตำบลบ้านผัง 34  ตำบลอุใดเจริญ,โรควิตกกังวล (F40-F48),ALL,1,1: ในเขต มีชื่อ+อยู่จริง,45-59 ปี,5
category,DIAGNOSIS_OPD,ควนกาหลง,09628,โรงพยาบาลส่งเสริมสุขภาพตำบลบ้านผัง 34  ตำบลอุใดเจริญ,โรควิตกกังวล (F40-F48),ALL,1,1: ในเขต มีชื่อ+อยู่จริง,60-74 ปี,16
category,DIAGNOSIS_OPD,ควนกาหลง,09628,โรงพยาบาลส่งเสริมสุขภาพตำบลบ้านผัง 34  ตำบลอุใดเจริญ,โรควิตกกังวล (F40-F48),ALL,1,1: ในเขต มีชื่อ+อยู่จริง,75 ปีขึ้นไป,15
category,DIAGNOSIS_OPD,ควนกาหลง,09628,โรงพยาบาลส่งเสริมสุขภาพตำบลบ้านผัง 34  ตำบลอุใดเจริญ,โรควิตกกังวล (F40-F48),ALL,2,2: ในเขต มีชื่อ แต่ไม่อยู่จริง,60-74 ปี,1
category,DIAGNOSIS_OPD,ควนกาหลง,09628,โรงพยาบาลส่งเสริมสุขภาพตำบลบ้านผัง 34  ตำบลอุใดเจริญ,โรควิตกกังวล (F40-F48),ALL,4,4: นอกเขต มารับบริการ/เคยอยู่ในเขต,30-44 ปี,1
category,DIAGNOSIS_OPD,ควนกาหลง,09628,โรงพยาบาลส่งเสริมสุขภาพตำบลบ้านผัง 34  ตำบลอุใดเจริญ,โรคออทิสติก (F84),ALL,1,1: ในเขต มีชื่อ+อยู่จริง,0-14 ปี,1
category,DIAGNOSIS_OPD,ควนกาหลง,14097,โรงพยาบาลส่งเสริมสุขภาพตำบลบ้านเหนือคลอง  ตำบลควนกาหลง,โรคจิตเภท (F20),ALL,4,4: นอกเขต มารับบริการ/เคยอยู่ในเขต,30-44 ปี,1
category,DIAGNOSIS_OPD,ควนกาหลง,14097,โรงพยาบาลส่งเสริมสุขภาพตำบลบ้านเหนือคลอง  ตำบลควนกาหลง,"โรคทางจิตเวชอื่นๆ (F04-F09,F50-F69,F80,F82-F83,F88-F89,F91-F99 ยกเว้น F638,F988)",ALL,1,1: ในเขต มีชื่อ+อยู่จริง,45-59 ปี,2
category,DIAGNOSIS_OPD,ควนกาหลง,14097,โรงพยาบาลส่งเสริมสุขภาพตำบลบ้านเหนือคลอง  ตำบลควนกาหลง,โรควิตกกังวล (F40-F48),ALL,1,1: ในเขต มีชื่อ+อยู่จริง,75 ปีขึ้นไป,1
category,DIAGNOSIS_OPD,ควนกาหลง,09629,โรงพยาบาลส่งเสริมสุขภาพตำบลอุใดเจริญ อำเภอควนกาหลง,โรคจิตเภท (F20),ALL,1,1: ในเขต มีชื่อ+อยู่จริง,30-44 ปี,1
category,DIAGNOSIS_OPD,ควนกาหลง,09629,โรงพยาบาลส่งเสริมสุขภาพตำบลอุใดเจริญ อำเภอควนกาหลง,"โรคทางจิตเวชอื่นๆ (F04-F09,F50-F69,F80,F82-F83,F88-F89,F91-F99 ยกเว้น F638,F988)",ALL,1,1: ในเขต มีชื่อ+อยู่จริง,45-59 ปี,2
category,DIAGNOSIS_OPD,ควนกาหลง,09629,โรงพยาบาลส่งเสริมสุขภาพตำบลอุใดเจริญ อำเภอควนกาหลง,"โรคทางจิตเวชอื่นๆ (F04-F09,F50-F69,F80,F82-F83,F88-F89,F91-F99 ยกเว้น F638,F988)",ALL,1,1: ในเขต มีชื่อ+อยู่จริง,60-74 ปี,4
category,DIAGNOSIS_OPD,ควนกาหลง,09629,โรงพยาบาลส่งเสริมสุขภาพตำบลอุใดเจริญ อำเภอควนกาหลง,"โรคทางจิตเวชอื่นๆ (F04-F09,F50-F69,F80,F82-F83,F88-F89,F91-F99 ยกเว้น F638,F988)",ALL,1,1: ในเขต มีชื่อ+อยู่จริง,75 ปีขึ้นไป,1
category,DIAGNOSIS_OPD,ควนกาหลง,09629,โรงพยาบาลส่งเสริมสุขภาพตำบลอุใดเจริญ อำเภอควนกาหลง,"โรคทางจิตเวชอื่นๆ (F04-F09,F50-F69,F80,F82-F83,F88-F89,F91-F99 ยกเว้น F638,F988)",ALL,4,4: นอกเขต มารับบริการ/เคยอยู่ในเขต,15-29 ปี,1
category,DIAGNOSIS_OPD,ควนกาหลง,09629,โรงพยาบาลส่งเสริมสุขภาพตำบลอุใดเจริญ อำเภอควนกาหลง,โรควิตกกังวล (F40-F48),ALL,1,1: ในเขต มีชื่อ+อยู่จริง,0-14 ปี,3
category,DIAGNOSIS_OPD,ควนกาหลง,09629,โรงพยาบาลส่งเสริมสุขภาพตำบลอุใดเจริญ อำเภอควนกาหลง,โรควิตกกังวล (F40-F48),ALL,1,1: ในเขต มีชื่อ+อยู่จริง,15-29 ปี,1
category,DIAGNOSIS_OPD,ควนกาหลง,09629,โรงพยาบาลส่งเสริมสุขภาพตำบลอุใดเจริญ อำเภอควนกาหลง,โรควิตกกังวล (F40-F48),ALL,1,1: ในเขต มีชื่อ+อยู่จริง,30-44 ปี,5
category,DIAGNOSIS_OPD,ควนกาหลง,09629,โรงพยาบาลส่งเสริมสุขภาพตำบลอุใดเจริญ อำเภอควนกาหลง,โรควิตกกังวล (F40-F48),ALL,1,1: ในเขต มีชื่อ+อยู่จริง,45-59 ปี,12
category,DIAGNOSIS_OPD,ควนกาหลง,09629,โรงพยาบาลส่งเสริมสุขภาพตำบลอุใดเจริญ อำเภอควนกาหลง,โรควิตกกังวล (F40-F48),ALL,1,1: ในเขต มีชื่อ+อยู่จริง,60-74 ปี,10
category,DIAGNOSIS_OPD,ควนกาหลง,09629,โรงพยาบาลส่งเสริมสุขภาพตำบลอุใดเจริญ อำเภอควนกาหลง,โรควิตกกังวล (F40-F48),ALL,1,1: ในเขต มีชื่อ+อยู่จริง,75 ปีขึ้นไป,5
category,DIAGNOSIS_OPD,ควนกาหลง,09629,โรงพยาบาลส่งเสริมสุขภาพตำบลอุใดเจริญ อำเภอควนกาหลง,โรควิตกกังวล (F40-F48),ALL,4,4: นอกเขต มารับบริการ/เคยอยู่ในเขต,0-14 ปี,1
category,DIAGNOSIS_OPD,ควนกาหลง,09629,โรงพยาบาลส่งเสริมสุขภาพตำบลอุใดเจริญ อำเภอควนกาหลง,โรควิตกกังวล (F40-F48),ALL,4,4: นอกเขต มารับบริการ/เคยอยู่ในเขต,45-59 ปี,1
category,DIAGNOSIS_OPD,ควนกาหลง,09629,โรงพยาบาลส่งเสริมสุขภาพตำบลอุใดเจริญ อำเภอควนกาหลง,โรควิตกกังวล (F40-F48),ALL,4,4: นอกเขต มารับบริการ/เคยอยู่ในเขต,75 ปีขึ้นไป,1
category,DIAGNOSIS_OPD,ควนโดน,11402,โรงพยาบาลควนโดน,ความบกพร่องทางการเรียนรู้ (F81),ALL,1,1: ในเขต มีชื่อ+อยู่จริง,0-14 ปี,3
category,DIAGNOSIS_OPD,ควนโดน,11402,โรงพยาบาลควนโดน,ความบกพร่องทางการเรียนรู้ (F81),ALL,1,1: ในเขต มีชื่อ+อยู่จริง,15-29 ปี,1
category,DIAGNOSIS_OPD,ควนโดน,11402,โรงพยาบาลควนโดน,ความบกพร่องทางการเรียนรู้ (F81),ALL,4,4: นอกเขต มารับบริการ/เคยอยู่ในเขต,0-14 ปี,24
category,DIAGNOSIS_OPD,ควนโดน,11402,โรงพยาบาลควนโดน,ความบกพร่องทางการเรียนรู้ (F81),ALL,4,4: นอกเขต มารับบริการ/เคยอยู่ในเขต,15-29 ปี,2
category,DIAGNOSIS_OPD,ควนโดน,11402,โรงพยาบาลควนโดน,ความบกพร่องทางสติปัญญา (F70-F79),ALL,1,1: ในเขต มีชื่อ+อยู่จริง,0-14 ปี,1
category,DIAGNOSIS_OPD,ควนโดน,11402,โรงพยาบาลควนโดน,ความบกพร่องทางสติปัญญา (F70-F79),ALL,4,4: นอกเขต มารับบริการ/เคยอยู่ในเขต,0-14 ปี,4
category,DIAGNOSIS_OPD,ควนโดน,11402,โรงพยาบาลควนโดน,ความบกพร่องทางสติปัญญา (F70-F79),ALL,4,4: นอกเขต มารับบริการ/เคยอยู่ในเขต,15-29 ปี,3
category,DIAGNOSIS_OPD,ควนโดน,11402,โรงพยาบาลควนโดน,ความบกพร่องทางสติปัญญา (F70-F79),ALL,4,4: นอกเขต มารับบริการ/เคยอยู่ในเขต,30-44 ปี,2
category,DIAGNOSIS_OPD,ควนโดน,11402,โรงพยาบาลควนโดน,ความบกพร่องทางสติปัญญา (F70-F79),ALL,4,4: นอกเขต มารับบริการ/เคยอยู่ในเขต,45-59 ปี,2
category,DIAGNOSIS_OPD,ควนโดน,11402,โรงพยาบาลควนโดน,ติดยาบ้า Amphetamine (F15),ALL,1,1: ในเขต มีชื่อ+อยู่จริง,15-29 ปี,7
category,DIAGNOSIS_OPD,ควนโดน,11402,โรงพยาบาลควนโดน,ติดยาบ้า Amphetamine (F15),ALL,1,1: ในเขต มีชื่อ+อยู่จริง,30-44 ปี,11
category,DIAGNOSIS_OPD,ควนโดน,11402,โรงพยาบาลควนโดน,ติดยาบ้า Amphetamine (F15),ALL,2,2: ในเขต มีชื่อ แต่ไม่อยู่จริง,15-29 ปี,3
category,DIAGNOSIS_OPD,ควนโดน,11402,โรงพยาบาลควนโดน,ติดยาบ้า Amphetamine (F15),ALL,2,2: ในเขต มีชื่อ แต่ไม่อยู่จริง,30-44 ปี,4
category,DIAGNOSIS_OPD,ควนโดน,11402,โรงพยาบาลควนโดน,ติดยาบ้า Amphetamine (F15),ALL,4,4: นอกเขต มารับบริการ/เคยอยู่ในเขต,15-29 ปี,51
category,DIAGNOSIS_OPD,ควนโดน,11402,โรงพยาบาลควนโดน,ติดยาบ้า Amphetamine (F15),ALL,4,4: นอกเขต มารับบริการ/เคยอยู่ในเขต,30-44 ปี,70
category,DIAGNOSIS_OPD,ควนโดน,11402,โรงพยาบาลควนโดน,ติดยาบ้า Amphetamine (F15),ALL,4,4: นอกเขต มารับบริการ/เคยอยู่ในเขต,45-59 ปี,17
category,DIAGNOSIS_OPD,ควนโดน,11402,โรงพยาบาลควนโดน,ติดยาบ้า Amphetamine (F15),ALL,4,4: นอกเขต มารับบริการ/เคยอยู่ในเขต,60-74 ปี,1
category,DIAGNOSIS_OPD,ควนโดน,11402,โรงพยาบาลควนโดน,"ติดสารเสพติดอื่นๆ (F11,F12,F13,F14,F16,F17,F18,F19)",ALL,"",อื่นๆ/ไม่ทราบ,45-59 ปี,1
category,DIAGNOSIS_OPD,ควนโดน,11402,โรงพยาบาลควนโดน,"ติดสารเสพติดอื่นๆ (F11,F12,F13,F14,F16,F17,F18,F19)",ALL,1,1: ในเขต มีชื่อ+อยู่จริง,0-14 ปี,1
category,DIAGNOSIS_OPD,ควนโดน,11402,โรงพยาบาลควนโดน,"ติดสารเสพติดอื่นๆ (F11,F12,F13,F14,F16,F17,F18,F19)",ALL,1,1: ในเขต มีชื่อ+อยู่จริง,15-29 ปี,17
category,DIAGNOSIS_OPD,ควนโดน,11402,โรงพยาบาลควนโดน,"ติดสารเสพติดอื่นๆ (F11,F12,F13,F14,F16,F17,F18,F19)",ALL,1,1: ในเขต มีชื่อ+อยู่จริง,30-44 ปี,24
category,DIAGNOSIS_OPD,ควนโดน,11402,โรงพยาบาลควนโดน,"ติดสารเสพติดอื่นๆ (F11,F12,F13,F14,F16,F17,F18,F19)",ALL,1,1: ในเขต มีชื่อ+อยู่จริง,45-59 ปี,3
category,DIAGNOSIS_OPD,ควนโดน,11402,โรงพยาบาลควนโดน,"ติดสารเสพติดอื่นๆ (F11,F12,F13,F14,F16,F17,F18,F19)",ALL,2,2: ในเขต มีชื่อ แต่ไม่อยู่จริง,30-44 ปี,2
category,DIAGNOSIS_OPD,ควนโดน,11402,โรงพยาบาลควนโดน,"ติดสารเสพติดอื่นๆ (F11,F12,F13,F14,F16,F17,F18,F19)",ALL,3,3: อาศัยในเขต ทะเบียนบ้านอยู่นอกเขต,30-44 ปี,1
category,DIAGNOSIS_OPD,ควนโดน,11402,โรงพยาบาลควนโดน,"ติดสารเสพติดอื่นๆ (F11,F12,F13,F14,F16,F17,F18,F19)",ALL,4,4: นอกเขต มารับบริการ/เคยอยู่ในเขต,0-14 ปี,3
category,DIAGNOSIS_OPD,ควนโดน,11402,โรงพยาบาลควนโดน,"ติดสารเสพติดอื่นๆ (F11,F12,F13,F14,F16,F17,F18,F19)",ALL,4,4: นอกเขต มารับบริการ/เคยอยู่ในเขต,15-29 ปี,71
category,DIAGNOSIS_OPD,ควนโดน,11402,โรงพยาบาลควนโดน,"ติดสารเสพติดอื่นๆ (F11,F12,F13,F14,F16,F17,F18,F19)",ALL,4,4: นอกเขต มารับบริการ/เคยอยู่ในเขต,30-44 ปี,129
category,DIAGNOSIS_OPD,ควนโดน,11402,โรงพยาบาลควนโดน,"ติดสารเสพติดอื่นๆ (F11,F12,F13,F14,F16,F17,F18,F19)",ALL,4,4: นอกเขต มารับบริการ/เคยอยู่ในเขต,45-59 ปี,27
category,DIAGNOSIS_OPD,ควนโดน,11402,โรงพยาบาลควนโดน,"ติดสารเสพติดอื่นๆ (F11,F12,F13,F14,F16,F17,F18,F19)",ALL,4,4: นอกเขต มารับบริการ/เคยอยู่ในเขต,60-74 ปี,7
category,DIAGNOSIS_OPD,ควนโดน,11402,โรงพยาบาลควนโดน,ติดแอลกอฮอล์ (F10),ALL,1,1: ในเขต มีชื่อ+อยู่จริง,45-59 ปี,1
category,DIAGNOSIS_OPD,ควนโดน,11402,โรงพยาบาลควนโดน,ติดแอลกอฮอล์ (F10),ALL,2,2: ในเขต มีชื่อ แต่ไม่อยู่จริง,30-44 ปี,1
category,DIAGNOSIS_OPD,ควนโดน,11402,โรงพยาบาลควนโดน,ติดแอลกอฮอล์ (F10),ALL,4,4: นอกเขต มารับบริการ/เคยอยู่ในเขต,15-29 ปี,3
category,DIAGNOSIS_OPD,ควนโดน,11402,โรงพยาบาลควนโดน,ติดแอลกอฮอล์ (F10),ALL,4,4: นอกเขต มารับบริการ/เคยอยู่ในเขต,30-44 ปี,2
category,DIAGNOSIS_OPD,ควนโดน,11402,โรงพยาบาลควนโดน,ติดแอลกอฮอล์ (F10),ALL,4,4: นอกเขต มารับบริการ/เคยอยู่ในเขต,45-59 ปี,5
category,DIAGNOSIS_OPD,ควนโดน,11402,โรงพยาบาลควนโดน,ติดแอลกอฮอล์ (F10),ALL,4,4: นอกเขต มารับบริการ/เคยอยู่ในเขต,60-74 ปี,2
category,DIAGNOSIS_OPD,ควนโดน,11402,โรงพยาบาลควนโดน,พยายามฆ่าตัวตาย/ตั้งใจทำร้ายตนเอง (X60-X84),ALL,4,4: นอกเขต มารับบริการ/เคยอยู่ในเขต,15-29 ปี,10
category,DIAGNOSIS_OPD,ควนโดน,11402,โรงพยาบาลควนโดน,พยายามฆ่าตัวตาย/ตั้งใจทำร้ายตนเอง (X60-X84),ALL,4,4: นอกเขต มารับบริการ/เคยอยู่ในเขต,30-44 ปี,2
category,DIAGNOSIS_OPD,ควนโดน,11402,โรงพยาบาลควนโดน,โรคจิตอื่นๆ (F21-F29),ALL,"",อื่นๆ/ไม่ทราบ,30-44 ปี,1
category,DIAGNOSIS_OPD,ควนโดน,11402,โรงพยาบาลควนโดน,โรคจิตอื่นๆ (F21-F29),ALL,1,1: ในเขต มีชื่อ+อยู่จริง,15-29 ปี,4
category,DIAGNOSIS_OPD,ควนโดน,11402,โรงพยาบาลควนโดน,โรคจิตอื่นๆ (F21-F29),ALL,1,1: ในเขต มีชื่อ+อยู่จริง,30-44 ปี,6
category,DIAGNOSIS_OPD,ควนโดน,11402,โรงพยาบาลควนโดน,โรคจิตอื่นๆ (F21-F29),ALL,1,1: ในเขต มีชื่อ+อยู่จริง,45-59 ปี,2
category,DIAGNOSIS_OPD,ควนโดน,11402,โรงพยาบาลควนโดน,โรคจิตอื่นๆ (F21-F29),ALL,1,1: ในเขต มีชื่อ+อยู่จริง,60-74 ปี,4
category,DIAGNOSIS_OPD,ควนโดน,11402,โรงพยาบาลควนโดน,โรคจิตอื่นๆ (F21-F29),ALL,3,3: อาศัยในเขต ทะเบียนบ้านอยู่นอกเขต,30-44 ปี,1
category,DIAGNOSIS_OPD,ควนโดน,11402,โรงพยาบาลควนโดน,โรคจิตอื่นๆ (F21-F29),ALL,4,4: นอกเขต มารับบริการ/เคยอยู่ในเขต,0-14 ปี,2
category,DIAGNOSIS_OPD,ควนโดน,11402,โรงพยาบาลควนโดน,โรคจิตอื่นๆ (F21-F29),ALL,4,4: นอกเขต มารับบริการ/เคยอยู่ในเขต,15-29 ปี,10
category,DIAGNOSIS_OPD,ควนโดน,11402,โรงพยาบาลควนโดน,โรคจิตอื่นๆ (F21-F29),ALL,4,4: นอกเขต มารับบริการ/เคยอยู่ในเขต,30-44 ปี,33
category,DIAGNOSIS_OPD,ควนโดน,11402,โรงพยาบาลควนโดน,โรคจิตอื่นๆ (F21-F29),ALL,4,4: นอกเขต มารับบริการ/เคยอยู่ในเขต,45-59 ปี,15
category,DIAGNOSIS_OPD,ควนโดน,11402,โรงพยาบาลควนโดน,โรคจิตอื่นๆ (F21-F29),ALL,4,4: นอกเขต มารับบริการ/เคยอยู่ในเขต,60-74 ปี,6
category,DIAGNOSIS_OPD,ควนโดน,11402,โรงพยาบาลควนโดน,โรคจิตอื่นๆ (F21-F29),ALL,4,4: นอกเขต มารับบริการ/เคยอยู่ในเขต,75 ปีขึ้นไป,4
category,DIAGNOSIS_OPD,ควนโดน,11402,โรงพยาบาลควนโดน,โรคจิตเภท (F20),ALL,1,1: ในเขต มีชื่อ+อยู่จริง,15-29 ปี,3
category,DIAGNOSIS_OPD,ควนโดน,11402,โรงพยาบาลควนโดน,โรคจิตเภท (F20),ALL,1,1: ในเขต มีชื่อ+อยู่จริง,30-44 ปี,8
category,DIAGNOSIS_OPD,ควนโดน,11402,โรงพยาบาลควนโดน,โรคจิตเภท (F20),ALL,1,1: ในเขต มีชื่อ+อยู่จริง,45-59 ปี,6
category,DIAGNOSIS_OPD,ควนโดน,11402,โรงพยาบาลควนโดน,โรคจิตเภท (F20),ALL,1,1: ในเขต มีชื่อ+อยู่จริง,60-74 ปี,2
category,DIAGNOSIS_OPD,ควนโดน,11402,โรงพยาบาลควนโดน,โรคจิตเภท (F20),ALL,2,2: ในเขต มีชื่อ แต่ไม่อยู่จริง,45-59 ปี,1
category,DIAGNOSIS_OPD,ควนโดน,11402,โรงพยาบาลควนโดน,โรคจิตเภท (F20),ALL,3,3: อาศัยในเขต ทะเบียนบ้านอยู่นอกเขต,30-44 ปี,1
category,DIAGNOSIS_OPD,ควนโดน,11402,โรงพยาบาลควนโดน,โรคจิตเภท (F20),ALL,4,4: นอกเขต มารับบริการ/เคยอยู่ในเขต,0-14 ปี,1
category,DIAGNOSIS_OPD,ควนโดน,11402,โรงพยาบาลควนโดน,โรคจิตเภท (F20),ALL,4,4: นอกเขต มารับบริการ/เคยอยู่ในเขต,15-29 ปี,8
category,DIAGNOSIS_OPD,ควนโดน,11402,โรงพยาบาลควนโดน,โรคจิตเภท (F20),ALL,4,4: นอกเขต มารับบริการ/เคยอยู่ในเขต,30-44 ปี,35
category,DIAGNOSIS_OPD,ควนโดน,11402,โรงพยาบาลควนโดน,โรคจิตเภท (F20),ALL,4,4: นอกเขต มารับบริการ/เคยอยู่ในเขต,45-59 ปี,21
category,DIAGNOSIS_OPD,ควนโดน,11402,โรงพยาบาลควนโดน,โรคจิตเภท (F20),ALL,4,4: นอกเขต มารับบริการ/เคยอยู่ในเขต,60-74 ปี,9
category,DIAGNOSIS_OPD,ควนโดน,11402,โรงพยาบาลควนโดน,โรคจิตเภท (F20),ALL,4,4: นอกเขต มารับบริการ/เคยอยู่ในเขต,75 ปีขึ้นไป,4
category,DIAGNOSIS_OPD,ควนโดน,11402,โรงพยาบาลควนโดน,"โรคซึมเศร้า (F32,F33,F341,F38,F39)",ALL,1,1: ในเขต มีชื่อ+อยู่จริง,0-14 ปี,3
category,DIAGNOSIS_OPD,ควนโดน,11402,โรงพยาบาลควนโดน,"โรคซึมเศร้า (F32,F33,F341,F38,F39)",ALL,1,1: ในเขต มีชื่อ+อยู่จริง,15-29 ปี,18
category,DIAGNOSIS_OPD,ควนโดน,11402,โรงพยาบาลควนโดน,"โรคซึมเศร้า (F32,F33,F341,F38,F39)",ALL,1,1: ในเขต มีชื่อ+อยู่จริง,30-44 ปี,14
category,DIAGNOSIS_OPD,ควนโดน,11402,โรงพยาบาลควนโดน,"โรคซึมเศร้า (F32,F33,F341,F38,F39)",ALL,1,1: ในเขต มีชื่อ+อยู่จริง,45-59 ปี,8
category,DIAGNOSIS_OPD,ควนโดน,11402,โรงพยาบาลควนโดน,"โรคซึมเศร้า (F32,F33,F341,F38,F39)",ALL,1,1: ในเขต มีชื่อ+อยู่จริง,60-74 ปี,15
category,DIAGNOSIS_OPD,ควนโดน,11402,โรงพยาบาลควนโดน,"โรคซึมเศร้า (F32,F33,F341,F38,F39)",ALL,1,1: ในเขต มีชื่อ+อยู่จริง,75 ปีขึ้นไป,2
category,DIAGNOSIS_OPD,ควนโดน,11402,โรงพยาบาลควนโดน,"โรคซึมเศร้า (F32,F33,F341,F38,F39)",ALL,3,3: อาศัยในเขต ทะเบียนบ้านอยู่นอกเขต,15-29 ปี,2
category,DIAGNOSIS_OPD,ควนโดน,11402,โรงพยาบาลควนโดน,"โรคซึมเศร้า (F32,F33,F341,F38,F39)",ALL,3,3: อาศัยในเขต ทะเบียนบ้านอยู่นอกเขต,45-59 ปี,1
category,DIAGNOSIS_OPD,ควนโดน,11402,โรงพยาบาลควนโดน,"โรคซึมเศร้า (F32,F33,F341,F38,F39)",ALL,4,4: นอกเขต มารับบริการ/เคยอยู่ในเขต,0-14 ปี,22
category,DIAGNOSIS_OPD,ควนโดน,11402,โรงพยาบาลควนโดน,"โรคซึมเศร้า (F32,F33,F341,F38,F39)",ALL,4,4: นอกเขต มารับบริการ/เคยอยู่ในเขต,15-29 ปี,109
category,DIAGNOSIS_OPD,ควนโดน,11402,โรงพยาบาลควนโดน,"โรคซึมเศร้า (F32,F33,F341,F38,F39)",ALL,4,4: นอกเขต มารับบริการ/เคยอยู่ในเขต,30-44 ปี,62
category,DIAGNOSIS_OPD,ควนโดน,11402,โรงพยาบาลควนโดน,"โรคซึมเศร้า (F32,F33,F341,F38,F39)",ALL,4,4: นอกเขต มารับบริการ/เคยอยู่ในเขต,45-59 ปี,46
category,DIAGNOSIS_OPD,ควนโดน,11402,โรงพยาบาลควนโดน,"โรคซึมเศร้า (F32,F33,F341,F38,F39)",ALL,4,4: นอกเขต มารับบริการ/เคยอยู่ในเขต,60-74 ปี,38
category,DIAGNOSIS_OPD,ควนโดน,11402,โรงพยาบาลควนโดน,"โรคซึมเศร้า (F32,F33,F341,F38,F39)",ALL,4,4: นอกเขต มารับบริการ/เคยอยู่ในเขต,75 ปีขึ้นไป,8
category,DIAGNOSIS_OPD,ควนโดน,11402,โรงพยาบาลควนโดน,"โรคทางจิตเวชอื่นๆ (F04-F09,F50-F69,F80,F82-F83,F88-F89,F91-F99 ยกเว้น F638,F988)",ALL,1,1: ในเขต มีชื่อ+อยู่จริง,0-14 ปี,2
category,DIAGNOSIS_OPD,ควนโดน,11402,โรงพยาบาลควนโดน,"โรคทางจิตเวชอื่นๆ (F04-F09,F50-F69,F80,F82-F83,F88-F89,F91-F99 ยกเว้น F638,F988)",ALL,1,1: ในเขต มีชื่อ+อยู่จริง,15-29 ปี,1
category,DIAGNOSIS_OPD,ควนโดน,11402,โรงพยาบาลควนโดน,"โรคทางจิตเวชอื่นๆ (F04-F09,F50-F69,F80,F82-F83,F88-F89,F91-F99 ยกเว้น F638,F988)",ALL,1,1: ในเขต มีชื่อ+อยู่จริง,30-44 ปี,2
category,DIAGNOSIS_OPD,ควนโดน,11402,โรงพยาบาลควนโดน,"โรคทางจิตเวชอื่นๆ (F04-F09,F50-F69,F80,F82-F83,F88-F89,F91-F99 ยกเว้น F638,F988)",ALL,1,1: ในเขต มีชื่อ+อยู่จริง,45-59 ปี,3
category,DIAGNOSIS_OPD,ควนโดน,11402,โรงพยาบาลควนโดน,"โรคทางจิตเวชอื่นๆ (F04-F09,F50-F69,F80,F82-F83,F88-F89,F91-F99 ยกเว้น F638,F988)",ALL,1,1: ในเขต มีชื่อ+อยู่จริง,60-74 ปี,1
category,DIAGNOSIS_OPD,ควนโดน,11402,โรงพยาบาลควนโดน,"โรคทางจิตเวชอื่นๆ (F04-F09,F50-F69,F80,F82-F83,F88-F89,F91-F99 ยกเว้น F638,F988)",ALL,1,1: ในเขต มีชื่อ+อยู่จริง,75 ปีขึ้นไป,3
category,DIAGNOSIS_OPD,ควนโดน,11402,โรงพยาบาลควนโดน,"โรคทางจิตเวชอื่นๆ (F04-F09,F50-F69,F80,F82-F83,F88-F89,F91-F99 ยกเว้น F638,F988)",ALL,2,2: ในเขต มีชื่อ แต่ไม่อยู่จริง,30-44 ปี,1
category,DIAGNOSIS_OPD,ควนโดน,11402,โรงพยาบาลควนโดน,"โรคทางจิตเวชอื่นๆ (F04-F09,F50-F69,F80,F82-F83,F88-F89,F91-F99 ยกเว้น F638,F988)",ALL,2,2: ในเขต มีชื่อ แต่ไม่อยู่จริง,75 ปีขึ้นไป,1
category,DIAGNOSIS_OPD,ควนโดน,11402,โรงพยาบาลควนโดน,"โรคทางจิตเวชอื่นๆ (F04-F09,F50-F69,F80,F82-F83,F88-F89,F91-F99 ยกเว้น F638,F988)",ALL,3,3: อาศัยในเขต ทะเบียนบ้านอยู่นอกเขต,15-29 ปี,1
category,DIAGNOSIS_OPD,ควนโดน,11402,โรงพยาบาลควนโดน,"โรคทางจิตเวชอื่นๆ (F04-F09,F50-F69,F80,F82-F83,F88-F89,F91-F99 ยกเว้น F638,F988)",ALL,3,3: อาศัยในเขต ทะเบียนบ้านอยู่นอกเขต,45-59 ปี,1
category,DIAGNOSIS_OPD,ควนโดน,11402,โรงพยาบาลควนโดน,"โรคทางจิตเวชอื่นๆ (F04-F09,F50-F69,F80,F82-F83,F88-F89,F91-F99 ยกเว้น F638,F988)",ALL,4,4: นอกเขต มารับบริการ/เคยอยู่ในเขต,0-14 ปี,13
category,DIAGNOSIS_OPD,ควนโดน,11402,โรงพยาบาลควนโดน,"โรคทางจิตเวชอื่นๆ (F04-F09,F50-F69,F80,F82-F83,F88-F89,F91-F99 ยกเว้น F638,F988)",ALL,4,4: นอกเขต มารับบริการ/เคยอยู่ในเขต,15-29 ปี,6
category,DIAGNOSIS_OPD,ควนโดน,11402,โรงพยาบาลควนโดน,"โรคทางจิตเวชอื่นๆ (F04-F09,F50-F69,F80,F82-F83,F88-F89,F91-F99 ยกเว้น F638,F988)",ALL,4,4: นอกเขต มารับบริการ/เคยอยู่ในเขต,30-44 ปี,7
category,DIAGNOSIS_OPD,ควนโดน,11402,โรงพยาบาลควนโดน,"โรคทางจิตเวชอื่นๆ (F04-F09,F50-F69,F80,F82-F83,F88-F89,F91-F99 ยกเว้น F638,F988)",ALL,4,4: นอกเขต มารับบริการ/เคยอยู่ในเขต,45-59 ปี,9
category,DIAGNOSIS_OPD,ควนโดน,11402,โรงพยาบาลควนโดน,"โรคทางจิตเวชอื่นๆ (F04-F09,F50-F69,F80,F82-F83,F88-F89,F91-F99 ยกเว้น F638,F988)",ALL,4,4: นอกเขต มารับบริการ/เคยอยู่ในเขต,60-74 ปี,6
category,DIAGNOSIS_OPD,ควนโดน,11402,โรงพยาบาลควนโดน,"โรคทางจิตเวชอื่นๆ (F04-F09,F50-F69,F80,F82-F83,F88-F89,F91-F99 ยกเว้น F638,F988)",ALL,4,4: นอกเขต มารับบริการ/เคยอยู่ในเขต,75 ปีขึ้นไป,8
category,DIAGNOSIS_OPD,ควนโดน,11402,โรงพยาบาลควนโดน,โรคลมชัก (G40-G41),ALL,1,1: ในเขต มีชื่อ+อยู่จริง,0-14 ปี,1
category,DIAGNOSIS_OPD,ควนโดน,11402,โรงพยาบาลควนโดน,โรคลมชัก (G40-G41),ALL,1,1: ในเขต มีชื่อ+อยู่จริง,15-29 ปี,3
category,DIAGNOSIS_OPD,ควนโดน,11402,โรงพยาบาลควนโดน,โรคลมชัก (G40-G41),ALL,1,1: ในเขต มีชื่อ+อยู่จริง,30-44 ปี,1
category,DIAGNOSIS_OPD,ควนโดน,11402,โรงพยาบาลควนโดน,โรคลมชัก (G40-G41),ALL,1,1: ในเขต มีชื่อ+อยู่จริง,45-59 ปี,3
category,DIAGNOSIS_OPD,ควนโดน,11402,โรงพยาบาลควนโดน,โรคลมชัก (G40-G41),ALL,1,1: ในเขต มีชื่อ+อยู่จริง,60-74 ปี,4
category,DIAGNOSIS_OPD,ควนโดน,11402,โรงพยาบาลควนโดน,โรคลมชัก (G40-G41),ALL,1,1: ในเขต มีชื่อ+อยู่จริง,75 ปีขึ้นไป,1
category,DIAGNOSIS_OPD,ควนโดน,11402,โรงพยาบาลควนโดน,โรคลมชัก (G40-G41),ALL,3,3: อาศัยในเขต ทะเบียนบ้านอยู่นอกเขต,45-59 ปี,1
category,DIAGNOSIS_OPD,ควนโดน,11402,โรงพยาบาลควนโดน,โรคลมชัก (G40-G41),ALL,4,4: นอกเขต มารับบริการ/เคยอยู่ในเขต,0-14 ปี,15
category,DIAGNOSIS_OPD,ควนโดน,11402,โรงพยาบาลควนโดน,โรคลมชัก (G40-G41),ALL,4,4: นอกเขต มารับบริการ/เคยอยู่ในเขต,15-29 ปี,22
category,DIAGNOSIS_OPD,ควนโดน,11402,โรงพยาบาลควนโดน,โรคลมชัก (G40-G41),ALL,4,4: นอกเขต มารับบริการ/เคยอยู่ในเขต,30-44 ปี,14
category,DIAGNOSIS_OPD,ควนโดน,11402,โรงพยาบาลควนโดน,โรคลมชัก (G40-G41),ALL,4,4: นอกเขต มารับบริการ/เคยอยู่ในเขต,45-59 ปี,15
category,DIAGNOSIS_OPD,ควนโดน,11402,โรงพยาบาลควนโดน,โรคลมชัก (G40-G41),ALL,4,4: นอกเขต มารับบริการ/เคยอยู่ในเขต,60-74 ปี,13
category,DIAGNOSIS_OPD,ควนโดน,11402,โรงพยาบาลควนโดน,โรคลมชัก (G40-G41),ALL,4,4: นอกเขต มารับบริการ/เคยอยู่ในเขต,75 ปีขึ้นไป,6
category,DIAGNOSIS_OPD,ควนโดน,11402,โรงพยาบาลควนโดน,โรควิตกกังวล (F40-F48),ALL,1,1: ในเขต มีชื่อ+อยู่จริง,0-14 ปี,3
category,DIAGNOSIS_OPD,ควนโดน,11402,โรงพยาบาลควนโดน,โรควิตกกังวล (F40-F48),ALL,1,1: ในเขต มีชื่อ+อยู่จริง,15-29 ปี,9
category,DIAGNOSIS_OPD,ควนโดน,11402,โรงพยาบาลควนโดน,โรควิตกกังวล (F40-F48),ALL,1,1: ในเขต มีชื่อ+อยู่จริง,30-44 ปี,13
category,DIAGNOSIS_OPD,ควนโดน,11402,โรงพยาบาลควนโดน,โรควิตกกังวล (F40-F48),ALL,1,1: ในเขต มีชื่อ+อยู่จริง,45-59 ปี,13
category,DIAGNOSIS_OPD,ควนโดน,11402,โรงพยาบาลควนโดน,โรควิตกกังวล (F40-F48),ALL,1,1: ในเขต มีชื่อ+อยู่จริง,60-74 ปี,8
category,DIAGNOSIS_OPD,ควนโดน,11402,โรงพยาบาลควนโดน,โรควิตกกังวล (F40-F48),ALL,1,1: ในเขต มีชื่อ+อยู่จริง,75 ปีขึ้นไป,3
category,DIAGNOSIS_OPD,ควนโดน,11402,โรงพยาบาลควนโดน,โรควิตกกังวล (F40-F48),ALL,2,2: ในเขต มีชื่อ แต่ไม่อยู่จริง,15-29 ปี,2
category,DIAGNOSIS_OPD,ควนโดน,11402,โรงพยาบาลควนโดน,โรควิตกกังวล (F40-F48),ALL,2,2: ในเขต มีชื่อ แต่ไม่อยู่จริง,30-44 ปี,2
category,DIAGNOSIS_OPD,ควนโดน,11402,โรงพยาบาลควนโดน,โรควิตกกังวล (F40-F48),ALL,3,3: อาศัยในเขต ทะเบียนบ้านอยู่นอกเขต,15-29 ปี,1
category,DIAGNOSIS_OPD,ควนโดน,11402,โรงพยาบาลควนโดน,โรควิตกกังวล (F40-F48),ALL,4,4: นอกเขต มารับบริการ/เคยอยู่ในเขต,0-14 ปี,10
category,DIAGNOSIS_OPD,ควนโดน,11402,โรงพยาบาลควนโดน,โรควิตกกังวล (F40-F48),ALL,4,4: นอกเขต มารับบริการ/เคยอยู่ในเขต,15-29 ปี,57
category,DIAGNOSIS_OPD,ควนโดน,11402,โรงพยาบาลควนโดน,โรควิตกกังวล (F40-F48),ALL,4,4: นอกเขต มารับบริการ/เคยอยู่ในเขต,30-44 ปี,67
category,DIAGNOSIS_OPD,ควนโดน,11402,โรงพยาบาลควนโดน,โรควิตกกังวล (F40-F48),ALL,4,4: นอกเขต มารับบริการ/เคยอยู่ในเขต,45-59 ปี,66
category,DIAGNOSIS_OPD,ควนโดน,11402,โรงพยาบาลควนโดน,โรควิตกกังวล (F40-F48),ALL,4,4: นอกเขต มารับบริการ/เคยอยู่ในเขต,60-74 ปี,48
category,DIAGNOSIS_OPD,ควนโดน,11402,โรงพยาบาลควนโดน,โรควิตกกังวล (F40-F48),ALL,4,4: นอกเขต มารับบริการ/เคยอยู่ในเขต,75 ปีขึ้นไป,12
category,DIAGNOSIS_OPD,ควนโดน,11402,โรงพยาบาลควนโดน,โรคสมองเสื่อม (F00-F03),ALL,1,1: ในเขต มีชื่อ+อยู่จริง,60-74 ปี,3
category,DIAGNOSIS_OPD,ควนโดน,11402,โรงพยาบาลควนโดน,โรคสมองเสื่อม (F00-F03),ALL,1,1: ในเขต มีชื่อ+อยู่จริง,75 ปีขึ้นไป,4
category,DIAGNOSIS_OPD,ควนโดน,11402,โรงพยาบาลควนโดน,โรคสมองเสื่อม (F00-F03),ALL,4,4: นอกเขต มารับบริการ/เคยอยู่ในเขต,30-44 ปี,1
category,DIAGNOSIS_OPD,ควนโดน,11402,โรงพยาบาลควนโดน,โรคสมองเสื่อม (F00-F03),ALL,4,4: นอกเขต มารับบริการ/เคยอยู่ในเขต,45-59 ปี,1
category,DIAGNOSIS_OPD,ควนโดน,11402,โรงพยาบาลควนโดน,โรคสมองเสื่อม (F00-F03),ALL,4,4: นอกเขต มารับบริการ/เคยอยู่ในเขต,60-74 ปี,1
category,DIAGNOSIS_OPD,ควนโดน,11402,โรงพยาบาลควนโดน,โรคสมองเสื่อม (F00-F03),ALL,4,4: นอกเขต มารับบริการ/เคยอยู่ในเขต,75 ปีขึ้นไป,14
category,DIAGNOSIS_OPD,ควนโดน,11402,โรงพยาบาลควนโดน,โรคสมาธิสั้น (F90),ALL,1,1: ในเขต มีชื่อ+อยู่จริง,0-14 ปี,21
category,DIAGNOSIS_OPD,ควนโดน,11402,โรงพยาบาลควนโดน,โรคสมาธิสั้น (F90),ALL,1,1: ในเขต มีชื่อ+อยู่จริง,15-29 ปี,2
category,DIAGNOSIS_OPD,ควนโดน,11402,โรงพยาบาลควนโดน,โรคสมาธิสั้น (F90),ALL,2,2: ในเขต มีชื่อ แต่ไม่อยู่จริง,0-14 ปี,1
category,DIAGNOSIS_OPD,ควนโดน,11402,โรงพยาบาลควนโดน,โรคสมาธิสั้น (F90),ALL,3,3: อาศัยในเขต ทะเบียนบ้านอยู่นอกเขต,0-14 ปี,1
category,DIAGNOSIS_OPD,ควนโดน,11402,โรงพยาบาลควนโดน,โรคสมาธิสั้น (F90),ALL,4,4: นอกเขต มารับบริการ/เคยอยู่ในเขต,0-14 ปี,46
category,DIAGNOSIS_OPD,ควนโดน,11402,โรงพยาบาลควนโดน,โรคสมาธิสั้น (F90),ALL,4,4: นอกเขต มารับบริการ/เคยอยู่ในเขต,15-29 ปี,6
category,DIAGNOSIS_OPD,ควนโดน,11402,โรงพยาบาลควนโดน,โรคออทิสติก (F84),ALL,1,1: ในเขต มีชื่อ+อยู่จริง,0-14 ปี,8
category,DIAGNOSIS_OPD,ควนโดน,11402,โรงพยาบาลควนโดน,โรคออทิสติก (F84),ALL,1,1: ในเขต มีชื่อ+อยู่จริง,15-29 ปี,1
category,DIAGNOSIS_OPD,ควนโดน,11402,โรงพยาบาลควนโดน,โรคออทิสติก (F84),ALL,4,4: นอกเขต มารับบริการ/เคยอยู่ในเขต,0-14 ปี,31
category,DIAGNOSIS_OPD,ควนโดน,11402,โรงพยาบาลควนโดน,โรคออทิสติก (F84),ALL,4,4: นอกเขต มารับบริการ/เคยอยู่ในเขต,15-29 ปี,3
category,DIAGNOSIS_OPD,ควนโดน,11402,โรงพยาบาลควนโดน,โรคอารมณ์สองขั้ว (F31),ALL,1,1: ในเขต มีชื่อ+อยู่จริง,30-44 ปี,3
category,DIAGNOSIS_OPD,ควนโดน,11402,โรงพยาบาลควนโดน,โรคอารมณ์สองขั้ว (F31),ALL,1,1: ในเขต มีชื่อ+อยู่จริง,60-74 ปี,3
category,DIAGNOSIS_OPD,ควนโดน,11402,โรงพยาบาลควนโดน,โรคอารมณ์สองขั้ว (F31),ALL,2,2: ในเขต มีชื่อ แต่ไม่อยู่จริง,15-29 ปี,1
category,DIAGNOSIS_OPD,ควนโดน,11402,โรงพยาบาลควนโดน,โรคอารมณ์สองขั้ว (F31),ALL,4,4: นอกเขต มารับบริการ/เคยอยู่ในเขต,15-29 ปี,5
category,DIAGNOSIS_OPD,ควนโดน,11402,โรงพยาบาลควนโดน,โรคอารมณ์สองขั้ว (F31),ALL,4,4: นอกเขต มารับบริการ/เคยอยู่ในเขต,30-44 ปี,5
category,DIAGNOSIS_OPD,ควนโดน,11402,โรงพยาบาลควนโดน,โรคอารมณ์สองขั้ว (F31),ALL,4,4: นอกเขต มารับบริการ/เคยอยู่ในเขต,45-59 ปี,2
category,DIAGNOSIS_OPD,ควนโดน,11402,โรงพยาบาลควนโดน,โรคอารมณ์สองขั้ว (F31),ALL,4,4: นอกเขต มารับบริการ/เคยอยู่ในเขต,60-74 ปี,3
category,DIAGNOSIS_OPD,ควนโดน,11402,โรงพยาบาลควนโดน,โรคอารมณ์สองขั้ว (F31),ALL,4,4: นอกเขต มารับบริการ/เคยอยู่ในเขต,75 ปีขึ้นไป,1
category,DIAGNOSIS_OPD,ควนโดน,09621,โรงพยาบาลส่งเสริมสุขภาพตำบลควนโดน,ติดยาบ้า Amphetamine (F15),ALL,1,1: ในเขต มีชื่อ+อยู่จริง,45-59 ปี,1
category,DIAGNOSIS_OPD,ควนโดน,09621,โรงพยาบาลส่งเสริมสุขภาพตำบลควนโดน,โรคจิตเภท (F20),ALL,1,1: ในเขต มีชื่อ+อยู่จริง,0-14 ปี,1
category,DIAGNOSIS_OPD,ควนโดน,09621,โรงพยาบาลส่งเสริมสุขภาพตำบลควนโดน,โรคจิตเภท (F20),ALL,1,1: ในเขต มีชื่อ+อยู่จริง,15-29 ปี,3
category,DIAGNOSIS_OPD,ควนโดน,09621,โรงพยาบาลส่งเสริมสุขภาพตำบลควนโดน,โรคจิตเภท (F20),ALL,1,1: ในเขต มีชื่อ+อยู่จริง,30-44 ปี,7
category,DIAGNOSIS_OPD,ควนโดน,09621,โรงพยาบาลส่งเสริมสุขภาพตำบลควนโดน,โรคจิตเภท (F20),ALL,1,1: ในเขต มีชื่อ+อยู่จริง,45-59 ปี,7
category,DIAGNOSIS_OPD,ควนโดน,09621,โรงพยาบาลส่งเสริมสุขภาพตำบลควนโดน,โรคจิตเภท (F20),ALL,1,1: ในเขต มีชื่อ+อยู่จริง,60-74 ปี,1
category,DIAGNOSIS_OPD,ควนโดน,09621,โรงพยาบาลส่งเสริมสุขภาพตำบลควนโดน,โรคจิตเภท (F20),ALL,2,2: ในเขต มีชื่อ แต่ไม่อยู่จริง,15-29 ปี,1
category,DIAGNOSIS_OPD,ควนโดน,09621,โรงพยาบาลส่งเสริมสุขภาพตำบลควนโดน,โรคจิตเภท (F20),ALL,2,2: ในเขต มีชื่อ แต่ไม่อยู่จริง,30-44 ปี,4
category,DIAGNOSIS_OPD,ควนโดน,09621,โรงพยาบาลส่งเสริมสุขภาพตำบลควนโดน,โรคจิตเภท (F20),ALL,4,4: นอกเขต มารับบริการ/เคยอยู่ในเขต,15-29 ปี,1
category,DIAGNOSIS_OPD,ควนโดน,09621,โรงพยาบาลส่งเสริมสุขภาพตำบลควนโดน,โรคจิตเภท (F20),ALL,4,4: นอกเขต มารับบริการ/เคยอยู่ในเขต,45-59 ปี,1
category,DIAGNOSIS_OPD,ควนโดน,09622,โรงพยาบาลส่งเสริมสุขภาพตำบลบ้านกุบังปะโหลด,โรคจิตอื่นๆ (F21-F29),ALL,1,1: ในเขต มีชื่อ+อยู่จริง,30-44 ปี,1
category,DIAGNOSIS_OPD,ควนโดน,09622,โรงพยาบาลส่งเสริมสุขภาพตำบลบ้านกุบังปะโหลด,โรคจิตอื่นๆ (F21-F29),ALL,3,3: อาศัยในเขต ทะเบียนบ้านอยู่นอกเขต,30-44 ปี,1
category,DIAGNOSIS_OPD,ควนโดน,09622,โรงพยาบาลส่งเสริมสุขภาพตำบลบ้านกุบังปะโหลด,โรคจิตเภท (F20),ALL,1,1: ในเขต มีชื่อ+อยู่จริง,30-44 ปี,2
category,DIAGNOSIS_OPD,ควนโดน,09622,โรงพยาบาลส่งเสริมสุขภาพตำบลบ้านกุบังปะโหลด,โรคจิตเภท (F20),ALL,2,2: ในเขต มีชื่อ แต่ไม่อยู่จริง,30-44 ปี,1
category,DIAGNOSIS_OPD,ควนโดน,09622,โรงพยาบาลส่งเสริมสุขภาพตำบลบ้านกุบังปะโหลด,โรคจิตเภท (F20),ALL,3,3: อาศัยในเขต ทะเบียนบ้านอยู่นอกเขต,30-44 ปี,1
category,DIAGNOSIS_OPD,ควนโดน,09622,โรงพยาบาลส่งเสริมสุขภาพตำบลบ้านกุบังปะโหลด,โรคจิตเภท (F20),ALL,4,4: นอกเขต มารับบริการ/เคยอยู่ในเขต,30-44 ปี,1
category,DIAGNOSIS_OPD,ควนโดน,09622,โรงพยาบาลส่งเสริมสุขภาพตำบลบ้านกุบังปะโหลด,"โรคทางจิตเวชอื่นๆ (F04-F09,F50-F69,F80,F82-F83,F88-F89,F91-F99 ยกเว้น F638,F988)",ALL,1,1: ในเขต มีชื่อ+อยู่จริง,30-44 ปี,1
category,DIAGNOSIS_OPD,ควนโดน,09622,โรงพยาบาลส่งเสริมสุขภาพตำบลบ้านกุบังปะโหลด,"โรคทางจิตเวชอื่นๆ (F04-F09,F50-F69,F80,F82-F83,F88-F89,F91-F99 ยกเว้น F638,F988)",ALL,1,1: ในเขต มีชื่อ+อยู่จริง,60-74 ปี,1
category,DIAGNOSIS_OPD,ควนโดน,09622,โรงพยาบาลส่งเสริมสุขภาพตำบลบ้านกุบังปะโหลด,"โรคทางจิตเวชอื่นๆ (F04-F09,F50-F69,F80,F82-F83,F88-F89,F91-F99 ยกเว้น F638,F988)",ALL,2,2: ในเขต มีชื่อ แต่ไม่อยู่จริง,30-44 ปี,1
category,DIAGNOSIS_OPD,ควนโดน,09622,โรงพยาบาลส่งเสริมสุขภาพตำบลบ้านกุบังปะโหลด,"โรคทางจิตเวชอื่นๆ (F04-F09,F50-F69,F80,F82-F83,F88-F89,F91-F99 ยกเว้น F638,F988)",ALL,4,4: นอกเขต มารับบริการ/เคยอยู่ในเขต,15-29 ปี,1
category,DIAGNOSIS_OPD,ควนโดน,09622,โรงพยาบาลส่งเสริมสุขภาพตำบลบ้านกุบังปะโหลด,โรควิตกกังวล (F40-F48),ALL,1,1: ในเขต มีชื่อ+อยู่จริง,60-74 ปี,1
category,DIAGNOSIS_OPD,ควนโดน,09624,โรงพยาบาลส่งเสริมสุขภาพตำบลบ้านวังประจัน ตำบลวังประจัน,ติดยาบ้า Amphetamine (F15),ALL,1,1: ในเขต มีชื่อ+อยู่จริง,30-44 ปี,1
category,DIAGNOSIS_OPD,ควนโดน,09624,โรงพยาบาลส่งเสริมสุขภาพตำบลบ้านวังประจัน ตำบลวังประจัน,"ติดสารเสพติดอื่นๆ (F11,F12,F13,F14,F16,F17,F18,F19)",ALL,1,1: ในเขต มีชื่อ+อยู่จริง,30-44 ปี,2
category,DIAGNOSIS_OPD,ควนโดน,09624,โรงพยาบาลส่งเสริมสุขภาพตำบลบ้านวังประจัน ตำบลวังประจัน,"ติดสารเสพติดอื่นๆ (F11,F12,F13,F14,F16,F17,F18,F19)",ALL,1,1: ในเขต มีชื่อ+อยู่จริง,45-59 ปี,1
category,DIAGNOSIS_OPD,ควนโดน,09624,โรงพยาบาลส่งเสริมสุขภาพตำบลบ้านวังประจัน ตำบลวังประจัน,"ติดสารเสพติดอื่นๆ (F11,F12,F13,F14,F16,F17,F18,F19)",ALL,4,4: นอกเขต มารับบริการ/เคยอยู่ในเขต,15-29 ปี,2
category,DIAGNOSIS_OPD,ควนโดน,09624,โรงพยาบาลส่งเสริมสุขภาพตำบลบ้านวังประจัน ตำบลวังประจัน,พยายามฆ่าตัวตาย/ตั้งใจทำร้ายตนเอง (X60-X84),ALL,4,4: นอกเขต มารับบริการ/เคยอยู่ในเขต,60-74 ปี,1
category,DIAGNOSIS_OPD,ควนโดน,09624,โรงพยาบาลส่งเสริมสุขภาพตำบลบ้านวังประจัน ตำบลวังประจัน,โรคจิตอื่นๆ (F21-F29),ALL,1,1: ในเขต มีชื่อ+อยู่จริง,30-44 ปี,2
category,DIAGNOSIS_OPD,ควนโดน,09624,โรงพยาบาลส่งเสริมสุขภาพตำบลบ้านวังประจัน ตำบลวังประจัน,โรคจิตอื่นๆ (F21-F29),ALL,1,1: ในเขต มีชื่อ+อยู่จริง,45-59 ปี,1
category,DIAGNOSIS_OPD,ควนโดน,09624,โรงพยาบาลส่งเสริมสุขภาพตำบลบ้านวังประจัน ตำบลวังประจัน,โรคจิตอื่นๆ (F21-F29),ALL,1,1: ในเขต มีชื่อ+อยู่จริง,60-74 ปี,1
category,DIAGNOSIS_OPD,ควนโดน,09624,โรงพยาบาลส่งเสริมสุขภาพตำบลบ้านวังประจัน ตำบลวังประจัน,โรคจิตอื่นๆ (F21-F29),ALL,2,2: ในเขต มีชื่อ แต่ไม่อยู่จริง,30-44 ปี,1
category,DIAGNOSIS_OPD,ควนโดน,09624,โรงพยาบาลส่งเสริมสุขภาพตำบลบ้านวังประจัน ตำบลวังประจัน,โรคจิตอื่นๆ (F21-F29),ALL,4,4: นอกเขต มารับบริการ/เคยอยู่ในเขต,30-44 ปี,1
category,DIAGNOSIS_OPD,ควนโดน,09624,โรงพยาบาลส่งเสริมสุขภาพตำบลบ้านวังประจัน ตำบลวังประจัน,โรคจิตเภท (F20),ALL,1,1: ในเขต มีชื่อ+อยู่จริง,45-59 ปี,2
category,DIAGNOSIS_OPD,ควนโดน,09624,โรงพยาบาลส่งเสริมสุขภาพตำบลบ้านวังประจัน ตำบลวังประจัน,โรคจิตเภท (F20),ALL,4,4: นอกเขต มารับบริการ/เคยอยู่ในเขต,30-44 ปี,1
category,DIAGNOSIS_OPD,ควนโดน,09624,โรงพยาบาลส่งเสริมสุขภาพตำบลบ้านวังประจัน ตำบลวังประจัน,"โรคซึมเศร้า (F32,F33,F341,F38,F39)",ALL,1,1: ในเขต มีชื่อ+อยู่จริง,15-29 ปี,1
category,DIAGNOSIS_OPD,ควนโดน,09624,โรงพยาบาลส่งเสริมสุขภาพตำบลบ้านวังประจัน ตำบลวังประจัน,"โรคทางจิตเวชอื่นๆ (F04-F09,F50-F69,F80,F82-F83,F88-F89,F91-F99 ยกเว้น F638,F988)",ALL,1,1: ในเขต มีชื่อ+อยู่จริง,30-44 ปี,1
category,DIAGNOSIS_OPD,ควนโดน,09624,โรงพยาบาลส่งเสริมสุขภาพตำบลบ้านวังประจัน ตำบลวังประจัน,โรควิตกกังวล (F40-F48),ALL,1,1: ในเขต มีชื่อ+อยู่จริง,0-14 ปี,1
category,DIAGNOSIS_OPD,ควนโดน,09624,โรงพยาบาลส่งเสริมสุขภาพตำบลบ้านวังประจัน ตำบลวังประจัน,โรควิตกกังวล (F40-F48),ALL,1,1: ในเขต มีชื่อ+อยู่จริง,30-44 ปี,1
category,DIAGNOSIS_OPD,ควนโดน,09624,โรงพยาบาลส่งเสริมสุขภาพตำบลบ้านวังประจัน ตำบลวังประจัน,โรควิตกกังวล (F40-F48),ALL,3,3: อาศัยในเขต ทะเบียนบ้านอยู่นอกเขต,30-44 ปี,1
category,DIAGNOSIS_OPD,ควนโดน,09624,โรงพยาบาลส่งเสริมสุขภาพตำบลบ้านวังประจัน ตำบลวังประจัน,โรคสมองเสื่อม (F00-F03),ALL,1,1: ในเขต มีชื่อ+อยู่จริง,45-59 ปี,1
category,DIAGNOSIS_OPD,ควนโดน,09624,โรงพยาบาลส่งเสริมสุขภาพตำบลบ้านวังประจัน ตำบลวังประจัน,โรคอารมณ์สองขั้ว (F31),ALL,1,1: ในเขต มีชื่อ+อยู่จริง,60-74 ปี,1
category,DIAGNOSIS_OPD,ควนโดน,09623,โรงพยาบาลส่งเสริมสุขภาพตำบลย่านซื่อ,"ติดสารเสพติดอื่นๆ (F11,F12,F13,F14,F16,F17,F18,F19)",ALL,1,1: ในเขต มีชื่อ+อยู่จริง,30-44 ปี,4
category,DIAGNOSIS_OPD,ควนโดน,09623,โรงพยาบาลส่งเสริมสุขภาพตำบลย่านซื่อ,"ติดสารเสพติดอื่นๆ (F11,F12,F13,F14,F16,F17,F18,F19)",ALL,1,1: ในเขต มีชื่อ+อยู่จริง,45-59 ปี,1
category,DIAGNOSIS_OPD,ควนโดน,09623,โรงพยาบาลส่งเสริมสุขภาพตำบลย่านซื่อ,"ติดสารเสพติดอื่นๆ (F11,F12,F13,F14,F16,F17,F18,F19)",ALL,2,2: ในเขต มีชื่อ แต่ไม่อยู่จริง,30-44 ปี,1
category,DIAGNOSIS_OPD,ควนโดน,09623,โรงพยาบาลส่งเสริมสุขภาพตำบลย่านซื่อ,โรคจิตเภท (F20),ALL,1,1: ในเขต มีชื่อ+อยู่จริง,15-29 ปี,1
category,DIAGNOSIS_OPD,ควนโดน,09623,โรงพยาบาลส่งเสริมสุขภาพตำบลย่านซื่อ,โรคจิตเภท (F20),ALL,1,1: ในเขต มีชื่อ+อยู่จริง,30-44 ปี,5
category,DIAGNOSIS_OPD,ควนโดน,09623,โรงพยาบาลส่งเสริมสุขภาพตำบลย่านซื่อ,โรคจิตเภท (F20),ALL,1,1: ในเขต มีชื่อ+อยู่จริง,45-59 ปี,2
category,DIAGNOSIS_OPD,ควนโดน,09623,โรงพยาบาลส่งเสริมสุขภาพตำบลย่านซื่อ,"โรคซึมเศร้า (F32,F33,F341,F38,F39)",ALL,1,1: ในเขต มีชื่อ+อยู่จริง,45-59 ปี,1
category,DIAGNOSIS_OPD,ควนโดน,09623,โรงพยาบาลส่งเสริมสุขภาพตำบลย่านซื่อ,"โรคซึมเศร้า (F32,F33,F341,F38,F39)",ALL,1,1: ในเขต มีชื่อ+อยู่จริง,60-74 ปี,1
category,DIAGNOSIS_OPD,ควนโดน,09623,โรงพยาบาลส่งเสริมสุขภาพตำบลย่านซื่อ,โรควิตกกังวล (F40-F48),ALL,1,1: ในเขต มีชื่อ+อยู่จริง,75 ปีขึ้นไป,2
category,DIAGNOSIS_OPD,ทุ่งหว้า,11406,โรงพยาบาลทุ่งหว้า,ความบกพร่องทางการเรียนรู้ (F81),ALL,1,1: ในเขต มีชื่อ+อยู่จริง,0-14 ปี,13
category,DIAGNOSIS_OPD,ทุ่งหว้า,11406,โรงพยาบาลทุ่งหว้า,ความบกพร่องทางการเรียนรู้ (F81),ALL,1,1: ในเขต มีชื่อ+อยู่จริง,15-29 ปี,1
category,DIAGNOSIS_OPD,ทุ่งหว้า,11406,โรงพยาบาลทุ่งหว้า,ความบกพร่องทางการเรียนรู้ (F81),ALL,2,2: ในเขต มีชื่อ แต่ไม่อยู่จริง,0-14 ปี,4
category,DIAGNOSIS_OPD,ทุ่งหว้า,11406,โรงพยาบาลทุ่งหว้า,ความบกพร่องทางการเรียนรู้ (F81),ALL,4,4: นอกเขต มารับบริการ/เคยอยู่ในเขต,0-14 ปี,32
category,DIAGNOSIS_OPD,ทุ่งหว้า,11406,โรงพยาบาลทุ่งหว้า,ความบกพร่องทางการเรียนรู้ (F81),ALL,4,4: นอกเขต มารับบริการ/เคยอยู่ในเขต,15-29 ปี,3
category,DIAGNOSIS_OPD,ทุ่งหว้า,11406,โรงพยาบาลทุ่งหว้า,ความบกพร่องทางสติปัญญา (F70-F79),ALL,1,1: ในเขต มีชื่อ+อยู่จริง,0-14 ปี,1
category,DIAGNOSIS_OPD,ทุ่งหว้า,11406,โรงพยาบาลทุ่งหว้า,ความบกพร่องทางสติปัญญา (F70-F79),ALL,1,1: ในเขต มีชื่อ+อยู่จริง,15-29 ปี,1
category,DIAGNOSIS_OPD,ทุ่งหว้า,11406,โรงพยาบาลทุ่งหว้า,ความบกพร่องทางสติปัญญา (F70-F79),ALL,2,2: ในเขต มีชื่อ แต่ไม่อยู่จริง,15-29 ปี,1
category,DIAGNOSIS_OPD,ทุ่งหว้า,11406,โรงพยาบาลทุ่งหว้า,ความบกพร่องทางสติปัญญา (F70-F79),ALL,4,4: นอกเขต มารับบริการ/เคยอยู่ในเขต,0-14 ปี,5
category,DIAGNOSIS_OPD,ทุ่งหว้า,11406,โรงพยาบาลทุ่งหว้า,ความบกพร่องทางสติปัญญา (F70-F79),ALL,4,4: นอกเขต มารับบริการ/เคยอยู่ในเขต,15-29 ปี,5
category,DIAGNOSIS_OPD,ทุ่งหว้า,11406,โรงพยาบาลทุ่งหว้า,ความบกพร่องทางสติปัญญา (F70-F79),ALL,4,4: นอกเขต มารับบริการ/เคยอยู่ในเขต,30-44 ปี,2
category,DIAGNOSIS_OPD,ทุ่งหว้า,11406,โรงพยาบาลทุ่งหว้า,ความบกพร่องทางสติปัญญา (F70-F79),ALL,4,4: นอกเขต มารับบริการ/เคยอยู่ในเขต,45-59 ปี,2
category,DIAGNOSIS_OPD,ทุ่งหว้า,11406,โรงพยาบาลทุ่งหว้า,ติดยาบ้า Amphetamine (F15),ALL,"",อื่นๆ/ไม่ทราบ,30-44 ปี,1
category,DIAGNOSIS_OPD,ทุ่งหว้า,11406,โรงพยาบาลทุ่งหว้า,ติดยาบ้า Amphetamine (F15),ALL,1,1: ในเขต มีชื่อ+อยู่จริง,15-29 ปี,10
category,DIAGNOSIS_OPD,ทุ่งหว้า,11406,โรงพยาบาลทุ่งหว้า,ติดยาบ้า Amphetamine (F15),ALL,1,1: ในเขต มีชื่อ+อยู่จริง,30-44 ปี,5
category,DIAGNOSIS_OPD,ทุ่งหว้า,11406,โรงพยาบาลทุ่งหว้า,ติดยาบ้า Amphetamine (F15),ALL,1,1: ในเขต มีชื่อ+อยู่จริง,45-59 ปี,1
category,DIAGNOSIS_OPD,ทุ่งหว้า,11406,โรงพยาบาลทุ่งหว้า,ติดยาบ้า Amphetamine (F15),ALL,2,2: ในเขต มีชื่อ แต่ไม่อยู่จริง,15-29 ปี,1
category,DIAGNOSIS_OPD,ทุ่งหว้า,11406,โรงพยาบาลทุ่งหว้า,ติดยาบ้า Amphetamine (F15),ALL,2,2: ในเขต มีชื่อ แต่ไม่อยู่จริง,30-44 ปี,5
category,DIAGNOSIS_OPD,ทุ่งหว้า,11406,โรงพยาบาลทุ่งหว้า,ติดยาบ้า Amphetamine (F15),ALL,2,2: ในเขต มีชื่อ แต่ไม่อยู่จริง,45-59 ปี,1
category,DIAGNOSIS_OPD,ทุ่งหว้า,11406,โรงพยาบาลทุ่งหว้า,ติดยาบ้า Amphetamine (F15),ALL,3,3: อาศัยในเขต ทะเบียนบ้านอยู่นอกเขต,15-29 ปี,1
category,DIAGNOSIS_OPD,ทุ่งหว้า,11406,โรงพยาบาลทุ่งหว้า,ติดยาบ้า Amphetamine (F15),ALL,3,3: อาศัยในเขต ทะเบียนบ้านอยู่นอกเขต,30-44 ปี,1
category,DIAGNOSIS_OPD,ทุ่งหว้า,11406,โรงพยาบาลทุ่งหว้า,ติดยาบ้า Amphetamine (F15),ALL,4,4: นอกเขต มารับบริการ/เคยอยู่ในเขต,0-14 ปี,2
category,DIAGNOSIS_OPD,ทุ่งหว้า,11406,โรงพยาบาลทุ่งหว้า,ติดยาบ้า Amphetamine (F15),ALL,4,4: นอกเขต มารับบริการ/เคยอยู่ในเขต,15-29 ปี,35
category,DIAGNOSIS_OPD,ทุ่งหว้า,11406,โรงพยาบาลทุ่งหว้า,ติดยาบ้า Amphetamine (F15),ALL,4,4: นอกเขต มารับบริการ/เคยอยู่ในเขต,30-44 ปี,36
category,DIAGNOSIS_OPD,ทุ่งหว้า,11406,โรงพยาบาลทุ่งหว้า,ติดยาบ้า Amphetamine (F15),ALL,4,4: นอกเขต มารับบริการ/เคยอยู่ในเขต,45-59 ปี,5
category,DIAGNOSIS_OPD,ทุ่งหว้า,11406,โรงพยาบาลทุ่งหว้า,ติดยาบ้า Amphetamine (F15),ALL,4,4: นอกเขต มารับบริการ/เคยอยู่ในเขต,60-74 ปี,1
category,DIAGNOSIS_OPD,ทุ่งหว้า,11406,โรงพยาบาลทุ่งหว้า,"ติดสารเสพติดอื่นๆ (F11,F12,F13,F14,F16,F17,F18,F19)",ALL,1,1: ในเขต มีชื่อ+อยู่จริง,0-14 ปี,1
category,DIAGNOSIS_OPD,ทุ่งหว้า,11406,โรงพยาบาลทุ่งหว้า,"ติดสารเสพติดอื่นๆ (F11,F12,F13,F14,F16,F17,F18,F19)",ALL,1,1: ในเขต มีชื่อ+อยู่จริง,15-29 ปี,1
category,DIAGNOSIS_OPD,ทุ่งหว้า,11406,โรงพยาบาลทุ่งหว้า,"ติดสารเสพติดอื่นๆ (F11,F12,F13,F14,F16,F17,F18,F19)",ALL,1,1: ในเขต มีชื่อ+อยู่จริง,30-44 ปี,2
category,DIAGNOSIS_OPD,ทุ่งหว้า,11406,โรงพยาบาลทุ่งหว้า,"ติดสารเสพติดอื่นๆ (F11,F12,F13,F14,F16,F17,F18,F19)",ALL,2,2: ในเขต มีชื่อ แต่ไม่อยู่จริง,15-29 ปี,3
category,DIAGNOSIS_OPD,ทุ่งหว้า,11406,โรงพยาบาลทุ่งหว้า,"ติดสารเสพติดอื่นๆ (F11,F12,F13,F14,F16,F17,F18,F19)",ALL,2,2: ในเขต มีชื่อ แต่ไม่อยู่จริง,30-44 ปี,1
category,DIAGNOSIS_OPD,ทุ่งหว้า,11406,โรงพยาบาลทุ่งหว้า,"ติดสารเสพติดอื่นๆ (F11,F12,F13,F14,F16,F17,F18,F19)",ALL,4,4: นอกเขต มารับบริการ/เคยอยู่ในเขต,0-14 ปี,3
category,DIAGNOSIS_OPD,ทุ่งหว้า,11406,โรงพยาบาลทุ่งหว้า,"ติดสารเสพติดอื่นๆ (F11,F12,F13,F14,F16,F17,F18,F19)",ALL,4,4: นอกเขต มารับบริการ/เคยอยู่ในเขต,15-29 ปี,10
category,DIAGNOSIS_OPD,ทุ่งหว้า,11406,โรงพยาบาลทุ่งหว้า,"ติดสารเสพติดอื่นๆ (F11,F12,F13,F14,F16,F17,F18,F19)",ALL,4,4: นอกเขต มารับบริการ/เคยอยู่ในเขต,30-44 ปี,21
category,DIAGNOSIS_OPD,ทุ่งหว้า,11406,โรงพยาบาลทุ่งหว้า,"ติดสารเสพติดอื่นๆ (F11,F12,F13,F14,F16,F17,F18,F19)",ALL,4,4: นอกเขต มารับบริการ/เคยอยู่ในเขต,45-59 ปี,12
category,DIAGNOSIS_OPD,ทุ่งหว้า,11406,โรงพยาบาลทุ่งหว้า,"ติดสารเสพติดอื่นๆ (F11,F12,F13,F14,F16,F17,F18,F19)",ALL,4,4: นอกเขต มารับบริการ/เคยอยู่ในเขต,60-74 ปี,4
category,DIAGNOSIS_OPD,ทุ่งหว้า,11406,โรงพยาบาลทุ่งหว้า,"ติดสารเสพติดอื่นๆ (F11,F12,F13,F14,F16,F17,F18,F19)",ALL,4,4: นอกเขต มารับบริการ/เคยอยู่ในเขต,75 ปีขึ้นไป,3
category,DIAGNOSIS_OPD,ทุ่งหว้า,11406,โรงพยาบาลทุ่งหว้า,ติดแอลกอฮอล์ (F10),ALL,1,1: ในเขต มีชื่อ+อยู่จริง,30-44 ปี,1
category,DIAGNOSIS_OPD,ทุ่งหว้า,11406,โรงพยาบาลทุ่งหว้า,ติดแอลกอฮอล์ (F10),ALL,4,4: นอกเขต มารับบริการ/เคยอยู่ในเขต,15-29 ปี,1
category,DIAGNOSIS_OPD,ทุ่งหว้า,11406,โรงพยาบาลทุ่งหว้า,ติดแอลกอฮอล์ (F10),ALL,4,4: นอกเขต มารับบริการ/เคยอยู่ในเขต,30-44 ปี,8
category,DIAGNOSIS_OPD,ทุ่งหว้า,11406,โรงพยาบาลทุ่งหว้า,ติดแอลกอฮอล์ (F10),ALL,4,4: นอกเขต มารับบริการ/เคยอยู่ในเขต,45-59 ปี,5
category,DIAGNOSIS_OPD,ทุ่งหว้า,11406,โรงพยาบาลทุ่งหว้า,ติดแอลกอฮอล์ (F10),ALL,4,4: นอกเขต มารับบริการ/เคยอยู่ในเขต,60-74 ปี,5
category,DIAGNOSIS_OPD,ทุ่งหว้า,11406,โรงพยาบาลทุ่งหว้า,พยายามฆ่าตัวตาย/ตั้งใจทำร้ายตนเอง (X60-X84),ALL,"",อื่นๆ/ไม่ทราบ,15-29 ปี,1
category,DIAGNOSIS_OPD,ทุ่งหว้า,11406,โรงพยาบาลทุ่งหว้า,พยายามฆ่าตัวตาย/ตั้งใจทำร้ายตนเอง (X60-X84),ALL,"",อื่นๆ/ไม่ทราบ,30-44 ปี,2
category,DIAGNOSIS_OPD,ทุ่งหว้า,11406,โรงพยาบาลทุ่งหว้า,พยายามฆ่าตัวตาย/ตั้งใจทำร้ายตนเอง (X60-X84),ALL,1,1: ในเขต มีชื่อ+อยู่จริง,0-14 ปี,1
category,DIAGNOSIS_OPD,ทุ่งหว้า,11406,โรงพยาบาลทุ่งหว้า,พยายามฆ่าตัวตาย/ตั้งใจทำร้ายตนเอง (X60-X84),ALL,1,1: ในเขต มีชื่อ+อยู่จริง,15-29 ปี,7
category,DIAGNOSIS_OPD,ทุ่งหว้า,11406,โรงพยาบาลทุ่งหว้า,พยายามฆ่าตัวตาย/ตั้งใจทำร้ายตนเอง (X60-X84),ALL,1,1: ในเขต มีชื่อ+อยู่จริง,30-44 ปี,2
category,DIAGNOSIS_OPD,ทุ่งหว้า,11406,โรงพยาบาลทุ่งหว้า,พยายามฆ่าตัวตาย/ตั้งใจทำร้ายตนเอง (X60-X84),ALL,2,2: ในเขต มีชื่อ แต่ไม่อยู่จริง,0-14 ปี,1
category,DIAGNOSIS_OPD,ทุ่งหว้า,11406,โรงพยาบาลทุ่งหว้า,พยายามฆ่าตัวตาย/ตั้งใจทำร้ายตนเอง (X60-X84),ALL,2,2: ในเขต มีชื่อ แต่ไม่อยู่จริง,15-29 ปี,1
category,DIAGNOSIS_OPD,ทุ่งหว้า,11406,โรงพยาบาลทุ่งหว้า,พยายามฆ่าตัวตาย/ตั้งใจทำร้ายตนเอง (X60-X84),ALL,2,2: ในเขต มีชื่อ แต่ไม่อยู่จริง,30-44 ปี,1
category,DIAGNOSIS_OPD,ทุ่งหว้า,11406,โรงพยาบาลทุ่งหว้า,พยายามฆ่าตัวตาย/ตั้งใจทำร้ายตนเอง (X60-X84),ALL,3,3: อาศัยในเขต ทะเบียนบ้านอยู่นอกเขต,60-74 ปี,1
category,DIAGNOSIS_OPD,ทุ่งหว้า,11406,โรงพยาบาลทุ่งหว้า,พยายามฆ่าตัวตาย/ตั้งใจทำร้ายตนเอง (X60-X84),ALL,4,4: นอกเขต มารับบริการ/เคยอยู่ในเขต,0-14 ปี,4
category,DIAGNOSIS_OPD,ทุ่งหว้า,11406,โรงพยาบาลทุ่งหว้า,พยายามฆ่าตัวตาย/ตั้งใจทำร้ายตนเอง (X60-X84),ALL,4,4: นอกเขต มารับบริการ/เคยอยู่ในเขต,15-29 ปี,28
category,DIAGNOSIS_OPD,ทุ่งหว้า,11406,โรงพยาบาลทุ่งหว้า,พยายามฆ่าตัวตาย/ตั้งใจทำร้ายตนเอง (X60-X84),ALL,4,4: นอกเขต มารับบริการ/เคยอยู่ในเขต,30-44 ปี,11
category,DIAGNOSIS_OPD,ทุ่งหว้า,11406,โรงพยาบาลทุ่งหว้า,พยายามฆ่าตัวตาย/ตั้งใจทำร้ายตนเอง (X60-X84),ALL,4,4: นอกเขต มารับบริการ/เคยอยู่ในเขต,45-59 ปี,6
category,DIAGNOSIS_OPD,ทุ่งหว้า,11406,โรงพยาบาลทุ่งหว้า,พยายามฆ่าตัวตาย/ตั้งใจทำร้ายตนเอง (X60-X84),ALL,4,4: นอกเขต มารับบริการ/เคยอยู่ในเขต,60-74 ปี,3
category,DIAGNOSIS_OPD,ทุ่งหว้า,11406,โรงพยาบาลทุ่งหว้า,พยายามฆ่าตัวตาย/ตั้งใจทำร้ายตนเอง (X60-X84),ALL,4,4: นอกเขต มารับบริการ/เคยอยู่ในเขต,75 ปีขึ้นไป,1
category,DIAGNOSIS_OPD,ทุ่งหว้า,11406,โรงพยาบาลทุ่งหว้า,โรคจิตอื่นๆ (F21-F29),ALL,"",อื่นๆ/ไม่ทราบ,30-44 ปี,1
category,DIAGNOSIS_OPD,ทุ่งหว้า,11406,โรงพยาบาลทุ่งหว้า,โรคจิตอื่นๆ (F21-F29),ALL,1,1: ในเขต มีชื่อ+อยู่จริง,15-29 ปี,5
category,DIAGNOSIS_OPD,ทุ่งหว้า,11406,โรงพยาบาลทุ่งหว้า,โรคจิตอื่นๆ (F21-F29),ALL,1,1: ในเขต มีชื่อ+อยู่จริง,30-44 ปี,8
category,DIAGNOSIS_OPD,ทุ่งหว้า,11406,โรงพยาบาลทุ่งหว้า,โรคจิตอื่นๆ (F21-F29),ALL,1,1: ในเขต มีชื่อ+อยู่จริง,45-59 ปี,10
category,DIAGNOSIS_OPD,ทุ่งหว้า,11406,โรงพยาบาลทุ่งหว้า,โรคจิตอื่นๆ (F21-F29),ALL,1,1: ในเขต มีชื่อ+อยู่จริง,60-74 ปี,1
category,DIAGNOSIS_OPD,ทุ่งหว้า,11406,โรงพยาบาลทุ่งหว้า,โรคจิตอื่นๆ (F21-F29),ALL,1,1: ในเขต มีชื่อ+อยู่จริง,75 ปีขึ้นไป,2
category,DIAGNOSIS_OPD,ทุ่งหว้า,11406,โรงพยาบาลทุ่งหว้า,โรคจิตอื่นๆ (F21-F29),ALL,2,2: ในเขต มีชื่อ แต่ไม่อยู่จริง,15-29 ปี,1
category,DIAGNOSIS_OPD,ทุ่งหว้า,11406,โรงพยาบาลทุ่งหว้า,โรคจิตอื่นๆ (F21-F29),ALL,2,2: ในเขต มีชื่อ แต่ไม่อยู่จริง,30-44 ปี,2
category,DIAGNOSIS_OPD,ทุ่งหว้า,11406,โรงพยาบาลทุ่งหว้า,โรคจิตอื่นๆ (F21-F29),ALL,2,2: ในเขต มีชื่อ แต่ไม่อยู่จริง,45-59 ปี,2
category,DIAGNOSIS_OPD,ทุ่งหว้า,11406,โรงพยาบาลทุ่งหว้า,โรคจิตอื่นๆ (F21-F29),ALL,3,3: อาศัยในเขต ทะเบียนบ้านอยู่นอกเขต,15-29 ปี,1
category,DIAGNOSIS_OPD,ทุ่งหว้า,11406,โรงพยาบาลทุ่งหว้า,โรคจิตอื่นๆ (F21-F29),ALL,4,4: นอกเขต มารับบริการ/เคยอยู่ในเขต,15-29 ปี,26
category,DIAGNOSIS_OPD,ทุ่งหว้า,11406,โรงพยาบาลทุ่งหว้า,โรคจิตอื่นๆ (F21-F29),ALL,4,4: นอกเขต มารับบริการ/เคยอยู่ในเขต,30-44 ปี,46
category,DIAGNOSIS_OPD,ทุ่งหว้า,11406,โรงพยาบาลทุ่งหว้า,โรคจิตอื่นๆ (F21-F29),ALL,4,4: นอกเขต มารับบริการ/เคยอยู่ในเขต,45-59 ปี,16
category,DIAGNOSIS_OPD,ทุ่งหว้า,11406,โรงพยาบาลทุ่งหว้า,โรคจิตอื่นๆ (F21-F29),ALL,4,4: นอกเขต มารับบริการ/เคยอยู่ในเขต,60-74 ปี,2
category,DIAGNOSIS_OPD,ทุ่งหว้า,11406,โรงพยาบาลทุ่งหว้า,โรคจิตอื่นๆ (F21-F29),ALL,4,4: นอกเขต มารับบริการ/เคยอยู่ในเขต,75 ปีขึ้นไป,3
category,DIAGNOSIS_OPD,ทุ่งหว้า,11406,โรงพยาบาลทุ่งหว้า,โรคจิตเภท (F20),ALL,"",อื่นๆ/ไม่ทราบ,30-44 ปี,1
category,DIAGNOSIS_OPD,ทุ่งหว้า,11406,โรงพยาบาลทุ่งหว้า,โรคจิตเภท (F20),ALL,1,1: ในเขต มีชื่อ+อยู่จริง,15-29 ปี,1
category,DIAGNOSIS_OPD,ทุ่งหว้า,11406,โรงพยาบาลทุ่งหว้า,โรคจิตเภท (F20),ALL,1,1: ในเขต มีชื่อ+อยู่จริง,30-44 ปี,11
category,DIAGNOSIS_OPD,ทุ่งหว้า,11406,โรงพยาบาลทุ่งหว้า,โรคจิตเภท (F20),ALL,1,1: ในเขต มีชื่อ+อยู่จริง,45-59 ปี,22
category,DIAGNOSIS_OPD,ทุ่งหว้า,11406,โรงพยาบาลทุ่งหว้า,โรคจิตเภท (F20),ALL,1,1: ในเขต มีชื่อ+อยู่จริง,60-74 ปี,8
category,DIAGNOSIS_OPD,ทุ่งหว้า,11406,โรงพยาบาลทุ่งหว้า,โรคจิตเภท (F20),ALL,2,2: ในเขต มีชื่อ แต่ไม่อยู่จริง,15-29 ปี,2
category,DIAGNOSIS_OPD,ทุ่งหว้า,11406,โรงพยาบาลทุ่งหว้า,โรคจิตเภท (F20),ALL,2,2: ในเขต มีชื่อ แต่ไม่อยู่จริง,30-44 ปี,3
category,DIAGNOSIS_OPD,ทุ่งหว้า,11406,โรงพยาบาลทุ่งหว้า,โรคจิตเภท (F20),ALL,2,2: ในเขต มีชื่อ แต่ไม่อยู่จริง,45-59 ปี,5
category,DIAGNOSIS_OPD,ทุ่งหว้า,11406,โรงพยาบาลทุ่งหว้า,โรคจิตเภท (F20),ALL,2,2: ในเขต มีชื่อ แต่ไม่อยู่จริง,60-74 ปี,2
category,DIAGNOSIS_OPD,ทุ่งหว้า,11406,โรงพยาบาลทุ่งหว้า,โรคจิตเภท (F20),ALL,4,4: นอกเขต มารับบริการ/เคยอยู่ในเขต,0-14 ปี,1
category,DIAGNOSIS_OPD,ทุ่งหว้า,11406,โรงพยาบาลทุ่งหว้า,โรคจิตเภท (F20),ALL,4,4: นอกเขต มารับบริการ/เคยอยู่ในเขต,15-29 ปี,16
category,DIAGNOSIS_OPD,ทุ่งหว้า,11406,โรงพยาบาลทุ่งหว้า,โรคจิตเภท (F20),ALL,4,4: นอกเขต มารับบริการ/เคยอยู่ในเขต,30-44 ปี,54
category,DIAGNOSIS_OPD,ทุ่งหว้า,11406,โรงพยาบาลทุ่งหว้า,โรคจิตเภท (F20),ALL,4,4: นอกเขต มารับบริการ/เคยอยู่ในเขต,45-59 ปี,39
category,DIAGNOSIS_OPD,ทุ่งหว้า,11406,โรงพยาบาลทุ่งหว้า,โรคจิตเภท (F20),ALL,4,4: นอกเขต มารับบริการ/เคยอยู่ในเขต,60-74 ปี,11
category,DIAGNOSIS_OPD,ทุ่งหว้า,11406,โรงพยาบาลทุ่งหว้า,โรคจิตเภท (F20),ALL,4,4: นอกเขต มารับบริการ/เคยอยู่ในเขต,75 ปีขึ้นไป,5
category,DIAGNOSIS_OPD,ทุ่งหว้า,11406,โรงพยาบาลทุ่งหว้า,"โรคซึมเศร้า (F32,F33,F341,F38,F39)",ALL,"",อื่นๆ/ไม่ทราบ,15-29 ปี,1
category,DIAGNOSIS_OPD,ทุ่งหว้า,11406,โรงพยาบาลทุ่งหว้า,"โรคซึมเศร้า (F32,F33,F341,F38,F39)",ALL,1,1: ในเขต มีชื่อ+อยู่จริง,0-14 ปี,4
category,DIAGNOSIS_OPD,ทุ่งหว้า,11406,โรงพยาบาลทุ่งหว้า,"โรคซึมเศร้า (F32,F33,F341,F38,F39)",ALL,1,1: ในเขต มีชื่อ+อยู่จริง,15-29 ปี,15
category,DIAGNOSIS_OPD,ทุ่งหว้า,11406,โรงพยาบาลทุ่งหว้า,"โรคซึมเศร้า (F32,F33,F341,F38,F39)",ALL,1,1: ในเขต มีชื่อ+อยู่จริง,30-44 ปี,7
category,DIAGNOSIS_OPD,ทุ่งหว้า,11406,โรงพยาบาลทุ่งหว้า,"โรคซึมเศร้า (F32,F33,F341,F38,F39)",ALL,1,1: ในเขต มีชื่อ+อยู่จริง,45-59 ปี,34
category,DIAGNOSIS_OPD,ทุ่งหว้า,11406,โรงพยาบาลทุ่งหว้า,"โรคซึมเศร้า (F32,F33,F341,F38,F39)",ALL,1,1: ในเขต มีชื่อ+อยู่จริง,60-74 ปี,24
category,DIAGNOSIS_OPD,ทุ่งหว้า,11406,โรงพยาบาลทุ่งหว้า,"โรคซึมเศร้า (F32,F33,F341,F38,F39)",ALL,1,1: ในเขต มีชื่อ+อยู่จริง,75 ปีขึ้นไป,11
category,DIAGNOSIS_OPD,ทุ่งหว้า,11406,โรงพยาบาลทุ่งหว้า,"โรคซึมเศร้า (F32,F33,F341,F38,F39)",ALL,2,2: ในเขต มีชื่อ แต่ไม่อยู่จริง,0-14 ปี,2
category,DIAGNOSIS_OPD,ทุ่งหว้า,11406,โรงพยาบาลทุ่งหว้า,"โรคซึมเศร้า (F32,F33,F341,F38,F39)",ALL,2,2: ในเขต มีชื่อ แต่ไม่อยู่จริง,15-29 ปี,5
category,DIAGNOSIS_OPD,ทุ่งหว้า,11406,โรงพยาบาลทุ่งหว้า,"โรคซึมเศร้า (F32,F33,F341,F38,F39)",ALL,2,2: ในเขต มีชื่อ แต่ไม่อยู่จริง,30-44 ปี,7
category,DIAGNOSIS_OPD,ทุ่งหว้า,11406,โรงพยาบาลทุ่งหว้า,"โรคซึมเศร้า (F32,F33,F341,F38,F39)",ALL,2,2: ในเขต มีชื่อ แต่ไม่อยู่จริง,45-59 ปี,4
category,DIAGNOSIS_OPD,ทุ่งหว้า,11406,โรงพยาบาลทุ่งหว้า,"โรคซึมเศร้า (F32,F33,F341,F38,F39)",ALL,2,2: ในเขต มีชื่อ แต่ไม่อยู่จริง,60-74 ปี,2
category,DIAGNOSIS_OPD,ทุ่งหว้า,11406,โรงพยาบาลทุ่งหว้า,"โรคซึมเศร้า (F32,F33,F341,F38,F39)",ALL,4,4: นอกเขต มารับบริการ/เคยอยู่ในเขต,0-14 ปี,9
category,DIAGNOSIS_OPD,ทุ่งหว้า,11406,โรงพยาบาลทุ่งหว้า,"โรคซึมเศร้า (F32,F33,F341,F38,F39)",ALL,4,4: นอกเขต มารับบริการ/เคยอยู่ในเขต,15-29 ปี,93
category,DIAGNOSIS_OPD,ทุ่งหว้า,11406,โรงพยาบาลทุ่งหว้า,"โรคซึมเศร้า (F32,F33,F341,F38,F39)",ALL,4,4: นอกเขต มารับบริการ/เคยอยู่ในเขต,30-44 ปี,101
category,DIAGNOSIS_OPD,ทุ่งหว้า,11406,โรงพยาบาลทุ่งหว้า,"โรคซึมเศร้า (F32,F33,F341,F38,F39)",ALL,4,4: นอกเขต มารับบริการ/เคยอยู่ในเขต,45-59 ปี,113
category,DIAGNOSIS_OPD,ทุ่งหว้า,11406,โรงพยาบาลทุ่งหว้า,"โรคซึมเศร้า (F32,F33,F341,F38,F39)",ALL,4,4: นอกเขต มารับบริการ/เคยอยู่ในเขต,60-74 ปี,76
category,DIAGNOSIS_OPD,ทุ่งหว้า,11406,โรงพยาบาลทุ่งหว้า,"โรคซึมเศร้า (F32,F33,F341,F38,F39)",ALL,4,4: นอกเขต มารับบริการ/เคยอยู่ในเขต,75 ปีขึ้นไป,30
category,DIAGNOSIS_OPD,ทุ่งหว้า,11406,โรงพยาบาลทุ่งหว้า,"โรคทางจิตเวชอื่นๆ (F04-F09,F50-F69,F80,F82-F83,F88-F89,F91-F99 ยกเว้น F638,F988)",ALL,"",อื่นๆ/ไม่ทราบ,0-14 ปี,1
category,DIAGNOSIS_OPD,ทุ่งหว้า,11406,โรงพยาบาลทุ่งหว้า,"โรคทางจิตเวชอื่นๆ (F04-F09,F50-F69,F80,F82-F83,F88-F89,F91-F99 ยกเว้น F638,F988)",ALL,"",อื่นๆ/ไม่ทราบ,15-29 ปี,1
category,DIAGNOSIS_OPD,ทุ่งหว้า,11406,โรงพยาบาลทุ่งหว้า,"โรคทางจิตเวชอื่นๆ (F04-F09,F50-F69,F80,F82-F83,F88-F89,F91-F99 ยกเว้น F638,F988)",ALL,1,1: ในเขต มีชื่อ+อยู่จริง,0-14 ปี,6
category,DIAGNOSIS_OPD,ทุ่งหว้า,11406,โรงพยาบาลทุ่งหว้า,"โรคทางจิตเวชอื่นๆ (F04-F09,F50-F69,F80,F82-F83,F88-F89,F91-F99 ยกเว้น F638,F988)",ALL,1,1: ในเขต มีชื่อ+อยู่จริง,15-29 ปี,6
category,DIAGNOSIS_OPD,ทุ่งหว้า,11406,โรงพยาบาลทุ่งหว้า,"โรคทางจิตเวชอื่นๆ (F04-F09,F50-F69,F80,F82-F83,F88-F89,F91-F99 ยกเว้น F638,F988)",ALL,1,1: ในเขต มีชื่อ+อยู่จริง,30-44 ปี,17
category,DIAGNOSIS_OPD,ทุ่งหว้า,11406,โรงพยาบาลทุ่งหว้า,"โรคทางจิตเวชอื่นๆ (F04-F09,F50-F69,F80,F82-F83,F88-F89,F91-F99 ยกเว้น F638,F988)",ALL,1,1: ในเขต มีชื่อ+อยู่จริง,45-59 ปี,19
category,DIAGNOSIS_OPD,ทุ่งหว้า,11406,โรงพยาบาลทุ่งหว้า,"โรคทางจิตเวชอื่นๆ (F04-F09,F50-F69,F80,F82-F83,F88-F89,F91-F99 ยกเว้น F638,F988)",ALL,1,1: ในเขต มีชื่อ+อยู่จริง,60-74 ปี,28
category,DIAGNOSIS_OPD,ทุ่งหว้า,11406,โรงพยาบาลทุ่งหว้า,"โรคทางจิตเวชอื่นๆ (F04-F09,F50-F69,F80,F82-F83,F88-F89,F91-F99 ยกเว้น F638,F988)",ALL,1,1: ในเขต มีชื่อ+อยู่จริง,75 ปีขึ้นไป,33
category,DIAGNOSIS_OPD,ทุ่งหว้า,11406,โรงพยาบาลทุ่งหว้า,"โรคทางจิตเวชอื่นๆ (F04-F09,F50-F69,F80,F82-F83,F88-F89,F91-F99 ยกเว้น F638,F988)",ALL,2,2: ในเขต มีชื่อ แต่ไม่อยู่จริง,0-14 ปี,1
category,DIAGNOSIS_OPD,ทุ่งหว้า,11406,โรงพยาบาลทุ่งหว้า,"โรคทางจิตเวชอื่นๆ (F04-F09,F50-F69,F80,F82-F83,F88-F89,F91-F99 ยกเว้น F638,F988)",ALL,2,2: ในเขต มีชื่อ แต่ไม่อยู่จริง,15-29 ปี,4
category,DIAGNOSIS_OPD,ทุ่งหว้า,11406,โรงพยาบาลทุ่งหว้า,"โรคทางจิตเวชอื่นๆ (F04-F09,F50-F69,F80,F82-F83,F88-F89,F91-F99 ยกเว้น F638,F988)",ALL,2,2: ในเขต มีชื่อ แต่ไม่อยู่จริง,30-44 ปี,2
category,DIAGNOSIS_OPD,ทุ่งหว้า,11406,โรงพยาบาลทุ่งหว้า,"โรคทางจิตเวชอื่นๆ (F04-F09,F50-F69,F80,F82-F83,F88-F89,F91-F99 ยกเว้น F638,F988)",ALL,2,2: ในเขต มีชื่อ แต่ไม่อยู่จริง,45-59 ปี,5
category,DIAGNOSIS_OPD,ทุ่งหว้า,11406,โรงพยาบาลทุ่งหว้า,"โรคทางจิตเวชอื่นๆ (F04-F09,F50-F69,F80,F82-F83,F88-F89,F91-F99 ยกเว้น F638,F988)",ALL,2,2: ในเขต มีชื่อ แต่ไม่อยู่จริง,60-74 ปี,3
category,DIAGNOSIS_OPD,ทุ่งหว้า,11406,โรงพยาบาลทุ่งหว้า,"โรคทางจิตเวชอื่นๆ (F04-F09,F50-F69,F80,F82-F83,F88-F89,F91-F99 ยกเว้น F638,F988)",ALL,2,2: ในเขต มีชื่อ แต่ไม่อยู่จริง,75 ปีขึ้นไป,4
category,DIAGNOSIS_OPD,ทุ่งหว้า,11406,โรงพยาบาลทุ่งหว้า,"โรคทางจิตเวชอื่นๆ (F04-F09,F50-F69,F80,F82-F83,F88-F89,F91-F99 ยกเว้น F638,F988)",ALL,3,3: อาศัยในเขต ทะเบียนบ้านอยู่นอกเขต,0-14 ปี,2
category,DIAGNOSIS_OPD,ทุ่งหว้า,11406,โรงพยาบาลทุ่งหว้า,"โรคทางจิตเวชอื่นๆ (F04-F09,F50-F69,F80,F82-F83,F88-F89,F91-F99 ยกเว้น F638,F988)",ALL,3,3: อาศัยในเขต ทะเบียนบ้านอยู่นอกเขต,30-44 ปี,1
category,DIAGNOSIS_OPD,ทุ่งหว้า,11406,โรงพยาบาลทุ่งหว้า,"โรคทางจิตเวชอื่นๆ (F04-F09,F50-F69,F80,F82-F83,F88-F89,F91-F99 ยกเว้น F638,F988)",ALL,3,3: อาศัยในเขต ทะเบียนบ้านอยู่นอกเขต,75 ปีขึ้นไป,1
category,DIAGNOSIS_OPD,ทุ่งหว้า,11406,โรงพยาบาลทุ่งหว้า,"โรคทางจิตเวชอื่นๆ (F04-F09,F50-F69,F80,F82-F83,F88-F89,F91-F99 ยกเว้น F638,F988)",ALL,4,4: นอกเขต มารับบริการ/เคยอยู่ในเขต,0-14 ปี,51
category,DIAGNOSIS_OPD,ทุ่งหว้า,11406,โรงพยาบาลทุ่งหว้า,"โรคทางจิตเวชอื่นๆ (F04-F09,F50-F69,F80,F82-F83,F88-F89,F91-F99 ยกเว้น F638,F988)",ALL,4,4: นอกเขต มารับบริการ/เคยอยู่ในเขต,15-29 ปี,46
category,DIAGNOSIS_OPD,ทุ่งหว้า,11406,โรงพยาบาลทุ่งหว้า,"โรคทางจิตเวชอื่นๆ (F04-F09,F50-F69,F80,F82-F83,F88-F89,F91-F99 ยกเว้น F638,F988)",ALL,4,4: นอกเขต มารับบริการ/เคยอยู่ในเขต,30-44 ปี,76
category,DIAGNOSIS_OPD,ทุ่งหว้า,11406,โรงพยาบาลทุ่งหว้า,"โรคทางจิตเวชอื่นๆ (F04-F09,F50-F69,F80,F82-F83,F88-F89,F91-F99 ยกเว้น F638,F988)",ALL,4,4: นอกเขต มารับบริการ/เคยอยู่ในเขต,45-59 ปี,92
category,DIAGNOSIS_OPD,ทุ่งหว้า,11406,โรงพยาบาลทุ่งหว้า,"โรคทางจิตเวชอื่นๆ (F04-F09,F50-F69,F80,F82-F83,F88-F89,F91-F99 ยกเว้น F638,F988)",ALL,4,4: นอกเขต มารับบริการ/เคยอยู่ในเขต,60-74 ปี,93
category,DIAGNOSIS_OPD,ทุ่งหว้า,11406,โรงพยาบาลทุ่งหว้า,"โรคทางจิตเวชอื่นๆ (F04-F09,F50-F69,F80,F82-F83,F88-F89,F91-F99 ยกเว้น F638,F988)",ALL,4,4: นอกเขต มารับบริการ/เคยอยู่ในเขต,75 ปีขึ้นไป,57
category,DIAGNOSIS_OPD,ทุ่งหว้า,11406,โรงพยาบาลทุ่งหว้า,"โรคทางจิตเวชอื่นๆ (F04-F09,F50-F69,F80,F82-F83,F88-F89,F91-F99 ยกเว้น F638,F988)",ALL,5,อื่นๆ/ไม่ทราบ,45-59 ปี,1
category,DIAGNOSIS_OPD,ทุ่งหว้า,11406,โรงพยาบาลทุ่งหว้า,โรคลมชัก (G40-G41),ALL,"",อื่นๆ/ไม่ทราบ,60-74 ปี,1
category,DIAGNOSIS_OPD,ทุ่งหว้า,11406,โรงพยาบาลทุ่งหว้า,โรคลมชัก (G40-G41),ALL,"",อื่นๆ/ไม่ทราบ,75 ปีขึ้นไป,1
category,DIAGNOSIS_OPD,ทุ่งหว้า,11406,โรงพยาบาลทุ่งหว้า,โรคลมชัก (G40-G41),ALL,1,1: ในเขต มีชื่อ+อยู่จริง,0-14 ปี,4
category,DIAGNOSIS_OPD,ทุ่งหว้า,11406,โรงพยาบาลทุ่งหว้า,โรคลมชัก (G40-G41),ALL,1,1: ในเขต มีชื่อ+อยู่จริง,15-29 ปี,5
category,DIAGNOSIS_OPD,ทุ่งหว้า,11406,โรงพยาบาลทุ่งหว้า,โรคลมชัก (G40-G41),ALL,1,1: ในเขต มีชื่อ+อยู่จริง,30-44 ปี,9
category,DIAGNOSIS_OPD,ทุ่งหว้า,11406,โรงพยาบาลทุ่งหว้า,โรคลมชัก (G40-G41),ALL,1,1: ในเขต มีชื่อ+อยู่จริง,45-59 ปี,1
category,DIAGNOSIS_OPD,ทุ่งหว้า,11406,โรงพยาบาลทุ่งหว้า,โรคลมชัก (G40-G41),ALL,1,1: ในเขต มีชื่อ+อยู่จริง,60-74 ปี,2
category,DIAGNOSIS_OPD,ทุ่งหว้า,11406,โรงพยาบาลทุ่งหว้า,โรคลมชัก (G40-G41),ALL,1,1: ในเขต มีชื่อ+อยู่จริง,75 ปีขึ้นไป,2
category,DIAGNOSIS_OPD,ทุ่งหว้า,11406,โรงพยาบาลทุ่งหว้า,โรคลมชัก (G40-G41),ALL,2,2: ในเขต มีชื่อ แต่ไม่อยู่จริง,30-44 ปี,2
category,DIAGNOSIS_OPD,ทุ่งหว้า,11406,โรงพยาบาลทุ่งหว้า,โรคลมชัก (G40-G41),ALL,2,2: ในเขต มีชื่อ แต่ไม่อยู่จริง,45-59 ปี,1
category,DIAGNOSIS_OPD,ทุ่งหว้า,11406,โรงพยาบาลทุ่งหว้า,โรคลมชัก (G40-G41),ALL,2,2: ในเขต มีชื่อ แต่ไม่อยู่จริง,60-74 ปี,1
category,DIAGNOSIS_OPD,ทุ่งหว้า,11406,โรงพยาบาลทุ่งหว้า,โรคลมชัก (G40-G41),ALL,2,2: ในเขต มีชื่อ แต่ไม่อยู่จริง,75 ปีขึ้นไป,1
category,DIAGNOSIS_OPD,ทุ่งหว้า,11406,โรงพยาบาลทุ่งหว้า,โรคลมชัก (G40-G41),ALL,4,4: นอกเขต มารับบริการ/เคยอยู่ในเขต,0-14 ปี,11
category,DIAGNOSIS_OPD,ทุ่งหว้า,11406,โรงพยาบาลทุ่งหว้า,โรคลมชัก (G40-G41),ALL,4,4: นอกเขต มารับบริการ/เคยอยู่ในเขต,15-29 ปี,25
category,DIAGNOSIS_OPD,ทุ่งหว้า,11406,โรงพยาบาลทุ่งหว้า,โรคลมชัก (G40-G41),ALL,4,4: นอกเขต มารับบริการ/เคยอยู่ในเขต,30-44 ปี,42
category,DIAGNOSIS_OPD,ทุ่งหว้า,11406,โรงพยาบาลทุ่งหว้า,โรคลมชัก (G40-G41),ALL,4,4: นอกเขต มารับบริการ/เคยอยู่ในเขต,45-59 ปี,31
category,DIAGNOSIS_OPD,ทุ่งหว้า,11406,โรงพยาบาลทุ่งหว้า,โรคลมชัก (G40-G41),ALL,4,4: นอกเขต มารับบริการ/เคยอยู่ในเขต,60-74 ปี,17
category,DIAGNOSIS_OPD,ทุ่งหว้า,11406,โรงพยาบาลทุ่งหว้า,โรคลมชัก (G40-G41),ALL,4,4: นอกเขต มารับบริการ/เคยอยู่ในเขต,75 ปีขึ้นไป,5
category,DIAGNOSIS_OPD,ทุ่งหว้า,11406,โรงพยาบาลทุ่งหว้า,โรควิตกกังวล (F40-F48),ALL,"",อื่นๆ/ไม่ทราบ,15-29 ปี,4
category,DIAGNOSIS_OPD,ทุ่งหว้า,11406,โรงพยาบาลทุ่งหว้า,โรควิตกกังวล (F40-F48),ALL,"",อื่นๆ/ไม่ทราบ,30-44 ปี,2
category,DIAGNOSIS_OPD,ทุ่งหว้า,11406,โรงพยาบาลทุ่งหว้า,โรควิตกกังวล (F40-F48),ALL,"",อื่นๆ/ไม่ทราบ,45-59 ปี,3
category,DIAGNOSIS_OPD,ทุ่งหว้า,11406,โรงพยาบาลทุ่งหว้า,โรควิตกกังวล (F40-F48),ALL,1,1: ในเขต มีชื่อ+อยู่จริง,0-14 ปี,2
category,DIAGNOSIS_OPD,ทุ่งหว้า,11406,โรงพยาบาลทุ่งหว้า,โรควิตกกังวล (F40-F48),ALL,1,1: ในเขต มีชื่อ+อยู่จริง,15-29 ปี,15
category,DIAGNOSIS_OPD,ทุ่งหว้า,11406,โรงพยาบาลทุ่งหว้า,โรควิตกกังวล (F40-F48),ALL,1,1: ในเขต มีชื่อ+อยู่จริง,30-44 ปี,22
category,DIAGNOSIS_OPD,ทุ่งหว้า,11406,โรงพยาบาลทุ่งหว้า,โรควิตกกังวล (F40-F48),ALL,1,1: ในเขต มีชื่อ+อยู่จริง,45-59 ปี,42
category,DIAGNOSIS_OPD,ทุ่งหว้า,11406,โรงพยาบาลทุ่งหว้า,โรควิตกกังวล (F40-F48),ALL,1,1: ในเขต มีชื่อ+อยู่จริง,60-74 ปี,31
category,DIAGNOSIS_OPD,ทุ่งหว้า,11406,โรงพยาบาลทุ่งหว้า,โรควิตกกังวล (F40-F48),ALL,1,1: ในเขต มีชื่อ+อยู่จริง,75 ปีขึ้นไป,12
category,DIAGNOSIS_OPD,ทุ่งหว้า,11406,โรงพยาบาลทุ่งหว้า,โรควิตกกังวล (F40-F48),ALL,2,2: ในเขต มีชื่อ แต่ไม่อยู่จริง,0-14 ปี,2
category,DIAGNOSIS_OPD,ทุ่งหว้า,11406,โรงพยาบาลทุ่งหว้า,โรควิตกกังวล (F40-F48),ALL,2,2: ในเขต มีชื่อ แต่ไม่อยู่จริง,15-29 ปี,7
category,DIAGNOSIS_OPD,ทุ่งหว้า,11406,โรงพยาบาลทุ่งหว้า,โรควิตกกังวล (F40-F48),ALL,2,2: ในเขต มีชื่อ แต่ไม่อยู่จริง,30-44 ปี,11
category,DIAGNOSIS_OPD,ทุ่งหว้า,11406,โรงพยาบาลทุ่งหว้า,โรควิตกกังวล (F40-F48),ALL,2,2: ในเขต มีชื่อ แต่ไม่อยู่จริง,45-59 ปี,7
category,DIAGNOSIS_OPD,ทุ่งหว้า,11406,โรงพยาบาลทุ่งหว้า,โรควิตกกังวล (F40-F48),ALL,2,2: ในเขต มีชื่อ แต่ไม่อยู่จริง,60-74 ปี,5
category,DIAGNOSIS_OPD,ทุ่งหว้า,11406,โรงพยาบาลทุ่งหว้า,โรควิตกกังวล (F40-F48),ALL,2,2: ในเขต มีชื่อ แต่ไม่อยู่จริง,75 ปีขึ้นไป,1
category,DIAGNOSIS_OPD,ทุ่งหว้า,11406,โรงพยาบาลทุ่งหว้า,โรควิตกกังวล (F40-F48),ALL,4,4: นอกเขต มารับบริการ/เคยอยู่ในเขต,0-14 ปี,31
category,DIAGNOSIS_OPD,ทุ่งหว้า,11406,โรงพยาบาลทุ่งหว้า,โรควิตกกังวล (F40-F48),ALL,4,4: นอกเขต มารับบริการ/เคยอยู่ในเขต,15-29 ปี,93
category,DIAGNOSIS_OPD,ทุ่งหว้า,11406,โรงพยาบาลทุ่งหว้า,โรควิตกกังวล (F40-F48),ALL,4,4: นอกเขต มารับบริการ/เคยอยู่ในเขต,30-44 ปี,111
category,DIAGNOSIS_OPD,ทุ่งหว้า,11406,โรงพยาบาลทุ่งหว้า,โรควิตกกังวล (F40-F48),ALL,4,4: นอกเขต มารับบริการ/เคยอยู่ในเขต,45-59 ปี,162
category,DIAGNOSIS_OPD,ทุ่งหว้า,11406,โรงพยาบาลทุ่งหว้า,โรควิตกกังวล (F40-F48),ALL,4,4: นอกเขต มารับบริการ/เคยอยู่ในเขต,60-74 ปี,102
category,DIAGNOSIS_OPD,ทุ่งหว้า,11406,โรงพยาบาลทุ่งหว้า,โรควิตกกังวล (F40-F48),ALL,4,4: นอกเขต มารับบริการ/เคยอยู่ในเขต,75 ปีขึ้นไป,44
category,DIAGNOSIS_OPD,ทุ่งหว้า,11406,โรงพยาบาลทุ่งหว้า,โรคสมองเสื่อม (F00-F03),ALL,1,1: ในเขต มีชื่อ+อยู่จริง,60-74 ปี,3
category,DIAGNOSIS_OPD,ทุ่งหว้า,11406,โรงพยาบาลทุ่งหว้า,โรคสมองเสื่อม (F00-F03),ALL,1,1: ในเขต มีชื่อ+อยู่จริง,75 ปีขึ้นไป,1
category,DIAGNOSIS_OPD,ทุ่งหว้า,11406,โรงพยาบาลทุ่งหว้า,โรคสมองเสื่อม (F00-F03),ALL,4,4: นอกเขต มารับบริการ/เคยอยู่ในเขต,45-59 ปี,1
category,DIAGNOSIS_OPD,ทุ่งหว้า,11406,โรงพยาบาลทุ่งหว้า,โรคสมองเสื่อม (F00-F03),ALL,4,4: นอกเขต มารับบริการ/เคยอยู่ในเขต,60-74 ปี,3
category,DIAGNOSIS_OPD,ทุ่งหว้า,11406,โรงพยาบาลทุ่งหว้า,โรคสมองเสื่อม (F00-F03),ALL,4,4: นอกเขต มารับบริการ/เคยอยู่ในเขต,75 ปีขึ้นไป,18
category,DIAGNOSIS_OPD,ทุ่งหว้า,11406,โรงพยาบาลทุ่งหว้า,โรคสมาธิสั้น (F90),ALL,"",อื่นๆ/ไม่ทราบ,0-14 ปี,1
category,DIAGNOSIS_OPD,ทุ่งหว้า,11406,โรงพยาบาลทุ่งหว้า,โรคสมาธิสั้น (F90),ALL,1,1: ในเขต มีชื่อ+อยู่จริง,0-14 ปี,5
category,DIAGNOSIS_OPD,ทุ่งหว้า,11406,โรงพยาบาลทุ่งหว้า,โรคสมาธิสั้น (F90),ALL,2,2: ในเขต มีชื่อ แต่ไม่อยู่จริง,0-14 ปี,4
category,DIAGNOSIS_OPD,ทุ่งหว้า,11406,โรงพยาบาลทุ่งหว้า,โรคสมาธิสั้น (F90),ALL,4,4: นอกเขต มารับบริการ/เคยอยู่ในเขต,0-14 ปี,26
category,DIAGNOSIS_OPD,ทุ่งหว้า,11406,โรงพยาบาลทุ่งหว้า,โรคสมาธิสั้น (F90),ALL,4,4: นอกเขต มารับบริการ/เคยอยู่ในเขต,15-29 ปี,2
category,DIAGNOSIS_OPD,ทุ่งหว้า,11406,โรงพยาบาลทุ่งหว้า,โรคสมาธิสั้น (F90),ALL,4,4: นอกเขต มารับบริการ/เคยอยู่ในเขต,45-59 ปี,1
category,DIAGNOSIS_OPD,ทุ่งหว้า,11406,โรงพยาบาลทุ่งหว้า,โรคออทิสติก (F84),ALL,4,4: นอกเขต มารับบริการ/เคยอยู่ในเขต,0-14 ปี,2
category,DIAGNOSIS_OPD,ทุ่งหว้า,11406,โรงพยาบาลทุ่งหว้า,โรคออทิสติก (F84),ALL,4,4: นอกเขต มารับบริการ/เคยอยู่ในเขต,15-29 ปี,1
category,DIAGNOSIS_OPD,ทุ่งหว้า,11406,โรงพยาบาลทุ่งหว้า,โรคอารมณ์สองขั้ว (F31),ALL,"",อื่นๆ/ไม่ทราบ,30-44 ปี,1
category,DIAGNOSIS_OPD,ทุ่งหว้า,11406,โรงพยาบาลทุ่งหว้า,โรคอารมณ์สองขั้ว (F31),ALL,1,1: ในเขต มีชื่อ+อยู่จริง,15-29 ปี,1
category,DIAGNOSIS_OPD,ทุ่งหว้า,11406,โรงพยาบาลทุ่งหว้า,โรคอารมณ์สองขั้ว (F31),ALL,1,1: ในเขต มีชื่อ+อยู่จริง,45-59 ปี,4
category,DIAGNOSIS_OPD,ทุ่งหว้า,11406,โรงพยาบาลทุ่งหว้า,โรคอารมณ์สองขั้ว (F31),ALL,1,1: ในเขต มีชื่อ+อยู่จริง,60-74 ปี,2
category,DIAGNOSIS_OPD,ทุ่งหว้า,11406,โรงพยาบาลทุ่งหว้า,โรคอารมณ์สองขั้ว (F31),ALL,4,4: นอกเขต มารับบริการ/เคยอยู่ในเขต,15-29 ปี,2
category,DIAGNOSIS_OPD,ทุ่งหว้า,11406,โรงพยาบาลทุ่งหว้า,โรคอารมณ์สองขั้ว (F31),ALL,4,4: นอกเขต มารับบริการ/เคยอยู่ในเขต,30-44 ปี,7
category,DIAGNOSIS_OPD,ทุ่งหว้า,11406,โรงพยาบาลทุ่งหว้า,โรคอารมณ์สองขั้ว (F31),ALL,4,4: นอกเขต มารับบริการ/เคยอยู่ในเขต,45-59 ปี,5
category,DIAGNOSIS_OPD,ทุ่งหว้า,11406,โรงพยาบาลทุ่งหว้า,โรคอารมณ์สองขั้ว (F31),ALL,4,4: นอกเขต มารับบริการ/เคยอยู่ในเขต,60-74 ปี,3
category,DIAGNOSIS_OPD,ทุ่งหว้า,11406,โรงพยาบาลทุ่งหว้า,โรคอารมณ์สองขั้ว (F31),ALL,4,4: นอกเขต มารับบริการ/เคยอยู่ในเขต,75 ปีขึ้นไป,1
category,DIAGNOSIS_OPD,ทุ่งหว้า,09645,โรงพยาบาลส่งเสริมสุขภาพตำบลขอนคลาน,ความบกพร่องทางสติปัญญา (F70-F79),ALL,1,1: ในเขต มีชื่อ+อยู่จริง,45-59 ปี,1
category,DIAGNOSIS_OPD,ทุ่งหว้า,09645,โรงพยาบาลส่งเสริมสุขภาพตำบลขอนคลาน,โรคจิตเภท (F20),ALL,1,1: ในเขต มีชื่อ+อยู่จริง,30-44 ปี,1
category,DIAGNOSIS_OPD,ทุ่งหว้า,09645,โรงพยาบาลส่งเสริมสุขภาพตำบลขอนคลาน,"โรคซึมเศร้า (F32,F33,F341,F38,F39)",ALL,1,1: ในเขต มีชื่อ+อยู่จริง,60-74 ปี,1
category,DIAGNOSIS_OPD,ทุ่งหว้า,09645,โรงพยาบาลส่งเสริมสุขภาพตำบลขอนคลาน,"โรคทางจิตเวชอื่นๆ (F04-F09,F50-F69,F80,F82-F83,F88-F89,F91-F99 ยกเว้น F638,F988)",ALL,1,1: ในเขต มีชื่อ+อยู่จริง,30-44 ปี,1
category,DIAGNOSIS_OPD,ทุ่งหว้า,09645,โรงพยาบาลส่งเสริมสุขภาพตำบลขอนคลาน,"โรคทางจิตเวชอื่นๆ (F04-F09,F50-F69,F80,F82-F83,F88-F89,F91-F99 ยกเว้น F638,F988)",ALL,1,1: ในเขต มีชื่อ+อยู่จริง,75 ปีขึ้นไป,1
category,DIAGNOSIS_OPD,ทุ่งหว้า,09645,โรงพยาบาลส่งเสริมสุขภาพตำบลขอนคลาน,"โรคทางจิตเวชอื่นๆ (F04-F09,F50-F69,F80,F82-F83,F88-F89,F91-F99 ยกเว้น F638,F988)",ALL,3,3: อาศัยในเขต ทะเบียนบ้านอยู่นอกเขต,30-44 ปี,1
category,DIAGNOSIS_OPD,ทุ่งหว้า,09645,โรงพยาบาลส่งเสริมสุขภาพตำบลขอนคลาน,โรควิตกกังวล (F40-F48),ALL,1,1: ในเขต มีชื่อ+อยู่จริง,45-59 ปี,1
category,DIAGNOSIS_OPD,ทุ่งหว้า,09645,โรงพยาบาลส่งเสริมสุขภาพตำบลขอนคลาน,โรควิตกกังวล (F40-F48),ALL,1,1: ในเขต มีชื่อ+อยู่จริง,60-74 ปี,4
category,DIAGNOSIS_OPD,ทุ่งหว้า,09645,โรงพยาบาลส่งเสริมสุขภาพตำบลขอนคลาน,โรควิตกกังวล (F40-F48),ALL,1,1: ในเขต มีชื่อ+อยู่จริง,75 ปีขึ้นไป,3
category,DIAGNOSIS_OPD,ทุ่งหว้า,09645,โรงพยาบาลส่งเสริมสุขภาพตำบลขอนคลาน,โรควิตกกังวล (F40-F48),ALL,2,2: ในเขต มีชื่อ แต่ไม่อยู่จริง,60-74 ปี,1
category,DIAGNOSIS_OPD,ทุ่งหว้า,09645,โรงพยาบาลส่งเสริมสุขภาพตำบลขอนคลาน,โรคออทิสติก (F84),ALL,1,1: ในเขต มีชื่อ+อยู่จริง,30-44 ปี,1
category,DIAGNOSIS_OPD,ทุ่งหว้า,09646,โรงพยาบาลส่งเสริมสุขภาพตำบลทุ่งบุหลัง,โรคจิตเภท (F20),ALL,2,2: ในเขต มีชื่อ แต่ไม่อยู่จริง,30-44 ปี,1
category,DIAGNOSIS_OPD,ทุ่งหว้า,09646,โรงพยาบาลส่งเสริมสุขภาพตำบลทุ่งบุหลัง,โรคจิตเภท (F20),ALL,4,4: นอกเขต มารับบริการ/เคยอยู่ในเขต,30-44 ปี,1
category,DIAGNOSIS_OPD,ทุ่งหว้า,09646,โรงพยาบาลส่งเสริมสุขภาพตำบลทุ่งบุหลัง,"โรคทางจิตเวชอื่นๆ (F04-F09,F50-F69,F80,F82-F83,F88-F89,F91-F99 ยกเว้น F638,F988)",ALL,1,1: ในเขต มีชื่อ+อยู่จริง,45-59 ปี,1
category,DIAGNOSIS_OPD,ทุ่งหว้า,09646,โรงพยาบาลส่งเสริมสุขภาพตำบลทุ่งบุหลัง,โรควิตกกังวล (F40-F48),ALL,1,1: ในเขต มีชื่อ+อยู่จริง,45-59 ปี,4
category,DIAGNOSIS_OPD,ทุ่งหว้า,09646,โรงพยาบาลส่งเสริมสุขภาพตำบลทุ่งบุหลัง,โรควิตกกังวล (F40-F48),ALL,1,1: ในเขต มีชื่อ+อยู่จริง,60-74 ปี,1
category,DIAGNOSIS_OPD,ทุ่งหว้า,09646,โรงพยาบาลส่งเสริมสุขภาพตำบลทุ่งบุหลัง,โรควิตกกังวล (F40-F48),ALL,1,1: ในเขต มีชื่อ+อยู่จริง,75 ปีขึ้นไป,2
category,DIAGNOSIS_OPD,ทุ่งหว้า,09646,โรงพยาบาลส่งเสริมสุขภาพตำบลทุ่งบุหลัง,โรควิตกกังวล (F40-F48),ALL,4,4: นอกเขต มารับบริการ/เคยอยู่ในเขต,30-44 ปี,1
category,DIAGNOSIS_OPD,ทุ่งหว้า,09646,โรงพยาบาลส่งเสริมสุขภาพตำบลทุ่งบุหลัง,โรควิตกกังวล (F40-F48),ALL,4,4: นอกเขต มารับบริการ/เคยอยู่ในเขต,45-59 ปี,1
category,DIAGNOSIS_OPD,ทุ่งหว้า,14715,โรงพยาบาลส่งเสริมสุขภาพตำบลบ้านคีรีวง ตำบลทุ่งหว้า,โรคจิตอื่นๆ (F21-F29),ALL,1,1: ในเขต มีชื่อ+อยู่จริง,45-59 ปี,1
category,DIAGNOSIS_OPD,ทุ่งหว้า,14715,โรงพยาบาลส่งเสริมสุขภาพตำบลบ้านคีรีวง ตำบลทุ่งหว้า,โรคจิตเภท (F20),ALL,1,1: ในเขต มีชื่อ+อยู่จริง,45-59 ปี,2
category,DIAGNOSIS_OPD,ทุ่งหว้า,14715,โรงพยาบาลส่งเสริมสุขภาพตำบลบ้านคีรีวง ตำบลทุ่งหว้า,โรคจิตเภท (F20),ALL,2,2: ในเขต มีชื่อ แต่ไม่อยู่จริง,30-44 ปี,1
category,DIAGNOSIS_OPD,ทุ่งหว้า,14715,โรงพยาบาลส่งเสริมสุขภาพตำบลบ้านคีรีวง ตำบลทุ่งหว้า,"โรคซึมเศร้า (F32,F33,F341,F38,F39)",ALL,1,1: ในเขต มีชื่อ+อยู่จริง,45-59 ปี,1
category,DIAGNOSIS_OPD,ทุ่งหว้า,14715,โรงพยาบาลส่งเสริมสุขภาพตำบลบ้านคีรีวง ตำบลทุ่งหว้า,"โรคทางจิตเวชอื่นๆ (F04-F09,F50-F69,F80,F82-F83,F88-F89,F91-F99 ยกเว้น F638,F988)",ALL,1,1: ในเขต มีชื่อ+อยู่จริง,0-14 ปี,1
category,DIAGNOSIS_OPD,ทุ่งหว้า,14715,โรงพยาบาลส่งเสริมสุขภาพตำบลบ้านคีรีวง ตำบลทุ่งหว้า,"โรคทางจิตเวชอื่นๆ (F04-F09,F50-F69,F80,F82-F83,F88-F89,F91-F99 ยกเว้น F638,F988)",ALL,1,1: ในเขต มีชื่อ+อยู่จริง,30-44 ปี,1
category,DIAGNOSIS_OPD,ทุ่งหว้า,14715,โรงพยาบาลส่งเสริมสุขภาพตำบลบ้านคีรีวง ตำบลทุ่งหว้า,"โรคทางจิตเวชอื่นๆ (F04-F09,F50-F69,F80,F82-F83,F88-F89,F91-F99 ยกเว้น F638,F988)",ALL,1,1: ในเขต มีชื่อ+อยู่จริง,45-59 ปี,10
category,DIAGNOSIS_OPD,ทุ่งหว้า,14715,โรงพยาบาลส่งเสริมสุขภาพตำบลบ้านคีรีวง ตำบลทุ่งหว้า,"โรคทางจิตเวชอื่นๆ (F04-F09,F50-F69,F80,F82-F83,F88-F89,F91-F99 ยกเว้น F638,F988)",ALL,1,1: ในเขต มีชื่อ+อยู่จริง,60-74 ปี,3
category,DIAGNOSIS_OPD,ทุ่งหว้า,14715,โรงพยาบาลส่งเสริมสุขภาพตำบลบ้านคีรีวง ตำบลทุ่งหว้า,"โรคทางจิตเวชอื่นๆ (F04-F09,F50-F69,F80,F82-F83,F88-F89,F91-F99 ยกเว้น F638,F988)",ALL,1,1: ในเขต มีชื่อ+อยู่จริง,75 ปีขึ้นไป,4
category,DIAGNOSIS_OPD,ทุ่งหว้า,14715,โรงพยาบาลส่งเสริมสุขภาพตำบลบ้านคีรีวง ตำบลทุ่งหว้า,"โรคทางจิตเวชอื่นๆ (F04-F09,F50-F69,F80,F82-F83,F88-F89,F91-F99 ยกเว้น F638,F988)",ALL,3,3: อาศัยในเขต ทะเบียนบ้านอยู่นอกเขต,15-29 ปี,1
category,DIAGNOSIS_OPD,ทุ่งหว้า,14715,โรงพยาบาลส่งเสริมสุขภาพตำบลบ้านคีรีวง ตำบลทุ่งหว้า,"โรคทางจิตเวชอื่นๆ (F04-F09,F50-F69,F80,F82-F83,F88-F89,F91-F99 ยกเว้น F638,F988)",ALL,3,3: อาศัยในเขต ทะเบียนบ้านอยู่นอกเขต,60-74 ปี,1
category,DIAGNOSIS_OPD,ทุ่งหว้า,14715,โรงพยาบาลส่งเสริมสุขภาพตำบลบ้านคีรีวง ตำบลทุ่งหว้า,"โรคทางจิตเวชอื่นๆ (F04-F09,F50-F69,F80,F82-F83,F88-F89,F91-F99 ยกเว้น F638,F988)",ALL,4,4: นอกเขต มารับบริการ/เคยอยู่ในเขต,45-59 ปี,2
category,DIAGNOSIS_OPD,ทุ่งหว้า,14715,โรงพยาบาลส่งเสริมสุขภาพตำบลบ้านคีรีวง ตำบลทุ่งหว้า,โรควิตกกังวล (F40-F48),ALL,1,1: ในเขต มีชื่อ+อยู่จริง,15-29 ปี,1
category,DIAGNOSIS_OPD,ทุ่งหว้า,14715,โรงพยาบาลส่งเสริมสุขภาพตำบลบ้านคีรีวง ตำบลทุ่งหว้า,โรควิตกกังวล (F40-F48),ALL,3,3: อาศัยในเขต ทะเบียนบ้านอยู่นอกเขต,45-59 ปี,1
category,DIAGNOSIS_OPD,ทุ่งหว้า,14715,โรงพยาบาลส่งเสริมสุขภาพตำบลบ้านคีรีวง ตำบลทุ่งหว้า,โรควิตกกังวล (F40-F48),ALL,4,4: นอกเขต มารับบริการ/เคยอยู่ในเขต,30-44 ปี,1
category,DIAGNOSIS_OPD,ทุ่งหว้า,09647,โรงพยาบาลส่งเสริมสุขภาพตำบลบ้านทุ่งดินลุ่ม ตำบลป่าแก่บ่อหิน,โรคจิตอื่นๆ (F21-F29),ALL,2,2: ในเขต มีชื่อ แต่ไม่อยู่จริง,30-44 ปี,1
category,DIAGNOSIS_OPD,ทุ่งหว้า,09647,โรงพยาบาลส่งเสริมสุขภาพตำบลบ้านทุ่งดินลุ่ม ตำบลป่าแก่บ่อหิน,โรคจิตเภท (F20),ALL,1,1: ในเขต มีชื่อ+อยู่จริง,30-44 ปี,1
category,DIAGNOSIS_OPD,ทุ่งหว้า,09647,โรงพยาบาลส่งเสริมสุขภาพตำบลบ้านทุ่งดินลุ่ม ตำบลป่าแก่บ่อหิน,โรคจิตเภท (F20),ALL,1,1: ในเขต มีชื่อ+อยู่จริง,45-59 ปี,1
category,DIAGNOSIS_OPD,ทุ่งหว้า,09647,โรงพยาบาลส่งเสริมสุขภาพตำบลบ้านทุ่งดินลุ่ม ตำบลป่าแก่บ่อหิน,โรคจิตเภท (F20),ALL,2,2: ในเขต มีชื่อ แต่ไม่อยู่จริง,30-44 ปี,1
category,DIAGNOSIS_OPD,ทุ่งหว้า,09647,โรงพยาบาลส่งเสริมสุขภาพตำบลบ้านทุ่งดินลุ่ม ตำบลป่าแก่บ่อหิน,"โรคซึมเศร้า (F32,F33,F341,F38,F39)",ALL,2,2: ในเขต มีชื่อ แต่ไม่อยู่จริง,15-29 ปี,1
category,DIAGNOSIS_OPD,ทุ่งหว้า,09647,โรงพยาบาลส่งเสริมสุขภาพตำบลบ้านทุ่งดินลุ่ม ตำบลป่าแก่บ่อหิน,"โรคทางจิตเวชอื่นๆ (F04-F09,F50-F69,F80,F82-F83,F88-F89,F91-F99 ยกเว้น F638,F988)",ALL,1,1: ในเขต มีชื่อ+อยู่จริง,15-29 ปี,1
category,DIAGNOSIS_OPD,ทุ่งหว้า,09643,โรงพยาบาลส่งเสริมสุขภาพตำบลบ้านนาทอน ตำบลนาทอน,"โรคทางจิตเวชอื่นๆ (F04-F09,F50-F69,F80,F82-F83,F88-F89,F91-F99 ยกเว้น F638,F988)",ALL,1,1: ในเขต มีชื่อ+อยู่จริง,45-59 ปี,6
category,DIAGNOSIS_OPD,ทุ่งหว้า,09643,โรงพยาบาลส่งเสริมสุขภาพตำบลบ้านนาทอน ตำบลนาทอน,"โรคทางจิตเวชอื่นๆ (F04-F09,F50-F69,F80,F82-F83,F88-F89,F91-F99 ยกเว้น F638,F988)",ALL,1,1: ในเขต มีชื่อ+อยู่จริง,60-74 ปี,1
category,DIAGNOSIS_OPD,ทุ่งหว้า,09643,โรงพยาบาลส่งเสริมสุขภาพตำบลบ้านนาทอน ตำบลนาทอน,"โรคทางจิตเวชอื่นๆ (F04-F09,F50-F69,F80,F82-F83,F88-F89,F91-F99 ยกเว้น F638,F988)",ALL,1,1: ในเขต มีชื่อ+อยู่จริง,75 ปีขึ้นไป,1
category,DIAGNOSIS_OPD,ทุ่งหว้า,09643,โรงพยาบาลส่งเสริมสุขภาพตำบลบ้านนาทอน ตำบลนาทอน,โรควิตกกังวล (F40-F48),ALL,1,1: ในเขต มีชื่อ+อยู่จริง,30-44 ปี,1
category,DIAGNOSIS_OPD,ทุ่งหว้า,09644,โรงพยาบาลส่งเสริมสุขภาพตำบลบ้านวังตง ตำบลนาทอน,"ติดสารเสพติดอื่นๆ (F11,F12,F13,F14,F16,F17,F18,F19)",ALL,1,1: ในเขต มีชื่อ+อยู่จริง,15-29 ปี,1
category,DIAGNOSIS_OPD,ทุ่งหว้า,09644,โรงพยาบาลส่งเสริมสุขภาพตำบลบ้านวังตง ตำบลนาทอน,"ติดสารเสพติดอื่นๆ (F11,F12,F13,F14,F16,F17,F18,F19)",ALL,1,1: ในเขต มีชื่อ+อยู่จริง,30-44 ปี,1
category,DIAGNOSIS_OPD,ทุ่งหว้า,09644,โรงพยาบาลส่งเสริมสุขภาพตำบลบ้านวังตง ตำบลนาทอน,ติดแอลกอฮอล์ (F10),ALL,4,4: นอกเขต มารับบริการ/เคยอยู่ในเขต,30-44 ปี,1
category,DIAGNOSIS_OPD,ทุ่งหว้า,09644,โรงพยาบาลส่งเสริมสุขภาพตำบลบ้านวังตง ตำบลนาทอน,โรคจิตเภท (F20),ALL,4,4: นอกเขต มารับบริการ/เคยอยู่ในเขต,60-74 ปี,1
category,DIAGNOSIS_OPD,ทุ่งหว้า,09644,โรงพยาบาลส่งเสริมสุขภาพตำบลบ้านวังตง ตำบลนาทอน,"โรคซึมเศร้า (F32,F33,F341,F38,F39)",ALL,1,1: ในเขต มีชื่อ+อยู่จริง,45-59 ปี,1
category,DIAGNOSIS_OPD,ทุ่งหว้า,09644,โรงพยาบาลส่งเสริมสุขภาพตำบลบ้านวังตง ตำบลนาทอน,"โรคทางจิตเวชอื่นๆ (F04-F09,F50-F69,F80,F82-F83,F88-F89,F91-F99 ยกเว้น F638,F988)",ALL,1,1: ในเขต มีชื่อ+อยู่จริง,15-29 ปี,1
category,DIAGNOSIS_OPD,ทุ่งหว้า,09644,โรงพยาบาลส่งเสริมสุขภาพตำบลบ้านวังตง ตำบลนาทอน,"โรคทางจิตเวชอื่นๆ (F04-F09,F50-F69,F80,F82-F83,F88-F89,F91-F99 ยกเว้น F638,F988)",ALL,4,4: นอกเขต มารับบริการ/เคยอยู่ในเขต,60-74 ปี,1
category,DIAGNOSIS_OPD,ทุ่งหว้า,09648,โรงพยาบาลส่งเสริมสุขภาพตำบลบ้านเขาแดง ตำบลป่าแก่บ่อหิน,โรคจิตเภท (F20),ALL,1,1: ในเขต มีชื่อ+อยู่จริง,75 ปีขึ้นไป,1
category,DIAGNOSIS_OPD,ทุ่งหว้า,09648,โรงพยาบาลส่งเสริมสุขภาพตำบลบ้านเขาแดง ตำบลป่าแก่บ่อหิน,"โรคทางจิตเวชอื่นๆ (F04-F09,F50-F69,F80,F82-F83,F88-F89,F91-F99 ยกเว้น F638,F988)",ALL,1,1: ในเขต มีชื่อ+อยู่จริง,0-14 ปี,16
category,DIAGNOSIS_OPD,ทุ่งหว้า,09648,โรงพยาบาลส่งเสริมสุขภาพตำบลบ้านเขาแดง ตำบลป่าแก่บ่อหิน,"โรคทางจิตเวชอื่นๆ (F04-F09,F50-F69,F80,F82-F83,F88-F89,F91-F99 ยกเว้น F638,F988)",ALL,1,1: ในเขต มีชื่อ+อยู่จริง,15-29 ปี,9
category,DIAGNOSIS_OPD,ทุ่งหว้า,09648,โรงพยาบาลส่งเสริมสุขภาพตำบลบ้านเขาแดง ตำบลป่าแก่บ่อหิน,"โรคทางจิตเวชอื่นๆ (F04-F09,F50-F69,F80,F82-F83,F88-F89,F91-F99 ยกเว้น F638,F988)",ALL,1,1: ในเขต มีชื่อ+อยู่จริง,30-44 ปี,16
category,DIAGNOSIS_OPD,ทุ่งหว้า,09648,โรงพยาบาลส่งเสริมสุขภาพตำบลบ้านเขาแดง ตำบลป่าแก่บ่อหิน,"โรคทางจิตเวชอื่นๆ (F04-F09,F50-F69,F80,F82-F83,F88-F89,F91-F99 ยกเว้น F638,F988)",ALL,1,1: ในเขต มีชื่อ+อยู่จริง,45-59 ปี,33
category,DIAGNOSIS_OPD,ทุ่งหว้า,09648,โรงพยาบาลส่งเสริมสุขภาพตำบลบ้านเขาแดง ตำบลป่าแก่บ่อหิน,"โรคทางจิตเวชอื่นๆ (F04-F09,F50-F69,F80,F82-F83,F88-F89,F91-F99 ยกเว้น F638,F988)",ALL,1,1: ในเขต มีชื่อ+อยู่จริง,60-74 ปี,18
category,DIAGNOSIS_OPD,ทุ่งหว้า,09648,โรงพยาบาลส่งเสริมสุขภาพตำบลบ้านเขาแดง ตำบลป่าแก่บ่อหิน,"โรคทางจิตเวชอื่นๆ (F04-F09,F50-F69,F80,F82-F83,F88-F89,F91-F99 ยกเว้น F638,F988)",ALL,1,1: ในเขต มีชื่อ+อยู่จริง,75 ปีขึ้นไป,3
category,DIAGNOSIS_OPD,ทุ่งหว้า,09648,โรงพยาบาลส่งเสริมสุขภาพตำบลบ้านเขาแดง ตำบลป่าแก่บ่อหิน,"โรคทางจิตเวชอื่นๆ (F04-F09,F50-F69,F80,F82-F83,F88-F89,F91-F99 ยกเว้น F638,F988)",ALL,2,2: ในเขต มีชื่อ แต่ไม่อยู่จริง,0-14 ปี,1
category,DIAGNOSIS_OPD,ทุ่งหว้า,09648,โรงพยาบาลส่งเสริมสุขภาพตำบลบ้านเขาแดง ตำบลป่าแก่บ่อหิน,"โรคทางจิตเวชอื่นๆ (F04-F09,F50-F69,F80,F82-F83,F88-F89,F91-F99 ยกเว้น F638,F988)",ALL,2,2: ในเขต มีชื่อ แต่ไม่อยู่จริง,30-44 ปี,2
category,DIAGNOSIS_OPD,ทุ่งหว้า,09648,โรงพยาบาลส่งเสริมสุขภาพตำบลบ้านเขาแดง ตำบลป่าแก่บ่อหิน,"โรคทางจิตเวชอื่นๆ (F04-F09,F50-F69,F80,F82-F83,F88-F89,F91-F99 ยกเว้น F638,F988)",ALL,2,2: ในเขต มีชื่อ แต่ไม่อยู่จริง,45-59 ปี,2
category,DIAGNOSIS_OPD,ทุ่งหว้า,09648,โรงพยาบาลส่งเสริมสุขภาพตำบลบ้านเขาแดง ตำบลป่าแก่บ่อหิน,"โรคทางจิตเวชอื่นๆ (F04-F09,F50-F69,F80,F82-F83,F88-F89,F91-F99 ยกเว้น F638,F988)",ALL,2,2: ในเขต มีชื่อ แต่ไม่อยู่จริง,60-74 ปี,2
category,DIAGNOSIS_OPD,ทุ่งหว้า,09648,โรงพยาบาลส่งเสริมสุขภาพตำบลบ้านเขาแดง ตำบลป่าแก่บ่อหิน,"โรคทางจิตเวชอื่นๆ (F04-F09,F50-F69,F80,F82-F83,F88-F89,F91-F99 ยกเว้น F638,F988)",ALL,3,3: อาศัยในเขต ทะเบียนบ้านอยู่นอกเขต,0-14 ปี,2
category,DIAGNOSIS_OPD,ทุ่งหว้า,09648,โรงพยาบาลส่งเสริมสุขภาพตำบลบ้านเขาแดง ตำบลป่าแก่บ่อหิน,"โรคทางจิตเวชอื่นๆ (F04-F09,F50-F69,F80,F82-F83,F88-F89,F91-F99 ยกเว้น F638,F988)",ALL,3,3: อาศัยในเขต ทะเบียนบ้านอยู่นอกเขต,45-59 ปี,1
category,DIAGNOSIS_OPD,ทุ่งหว้า,09648,โรงพยาบาลส่งเสริมสุขภาพตำบลบ้านเขาแดง ตำบลป่าแก่บ่อหิน,"โรคทางจิตเวชอื่นๆ (F04-F09,F50-F69,F80,F82-F83,F88-F89,F91-F99 ยกเว้น F638,F988)",ALL,4,4: นอกเขต มารับบริการ/เคยอยู่ในเขต,15-29 ปี,1
category,DIAGNOSIS_OPD,ทุ่งหว้า,09648,โรงพยาบาลส่งเสริมสุขภาพตำบลบ้านเขาแดง ตำบลป่าแก่บ่อหิน,"โรคทางจิตเวชอื่นๆ (F04-F09,F50-F69,F80,F82-F83,F88-F89,F91-F99 ยกเว้น F638,F988)",ALL,4,4: นอกเขต มารับบริการ/เคยอยู่ในเขต,30-44 ปี,2
category,DIAGNOSIS_OPD,ทุ่งหว้า,09648,โรงพยาบาลส่งเสริมสุขภาพตำบลบ้านเขาแดง ตำบลป่าแก่บ่อหิน,"โรคทางจิตเวชอื่นๆ (F04-F09,F50-F69,F80,F82-F83,F88-F89,F91-F99 ยกเว้น F638,F988)",ALL,4,4: นอกเขต มารับบริการ/เคยอยู่ในเขต,60-74 ปี,4
category,DIAGNOSIS_OPD,ทุ่งหว้า,09648,โรงพยาบาลส่งเสริมสุขภาพตำบลบ้านเขาแดง ตำบลป่าแก่บ่อหิน,"โรคทางจิตเวชอื่นๆ (F04-F09,F50-F69,F80,F82-F83,F88-F89,F91-F99 ยกเว้น F638,F988)",ALL,4,4: นอกเขต มารับบริการ/เคยอยู่ในเขต,75 ปีขึ้นไป,2
category,DIAGNOSIS_OPD,ทุ่งหว้า,09648,โรงพยาบาลส่งเสริมสุขภาพตำบลบ้านเขาแดง ตำบลป่าแก่บ่อหิน,โรควิตกกังวล (F40-F48),ALL,1,1: ในเขต มีชื่อ+อยู่จริง,45-59 ปี,2
category,DIAGNOSIS_OPD,ท่าแพ,24058,ศูนย์สุขภาพชุมชนตำบลท่าแพ,"ติดสารเสพติดอื่นๆ (F11,F12,F13,F14,F16,F17,F18,F19)",ALL,1,1: ในเขต มีชื่อ+อยู่จริง,0-14 ปี,5
category,DIAGNOSIS_OPD,ท่าแพ,24058,ศูนย์สุขภาพชุมชนตำบลท่าแพ,"ติดสารเสพติดอื่นๆ (F11,F12,F13,F14,F16,F17,F18,F19)",ALL,1,1: ในเขต มีชื่อ+อยู่จริง,15-29 ปี,549
category,DIAGNOSIS_OPD,ท่าแพ,24058,ศูนย์สุขภาพชุมชนตำบลท่าแพ,"ติดสารเสพติดอื่นๆ (F11,F12,F13,F14,F16,F17,F18,F19)",ALL,1,1: ในเขต มีชื่อ+อยู่จริง,30-44 ปี,480
category,DIAGNOSIS_OPD,ท่าแพ,24058,ศูนย์สุขภาพชุมชนตำบลท่าแพ,"ติดสารเสพติดอื่นๆ (F11,F12,F13,F14,F16,F17,F18,F19)",ALL,1,1: ในเขต มีชื่อ+อยู่จริง,45-59 ปี,553
category,DIAGNOSIS_OPD,ท่าแพ,24058,ศูนย์สุขภาพชุมชนตำบลท่าแพ,"ติดสารเสพติดอื่นๆ (F11,F12,F13,F14,F16,F17,F18,F19)",ALL,1,1: ในเขต มีชื่อ+อยู่จริง,60-74 ปี,438
category,DIAGNOSIS_OPD,ท่าแพ,24058,ศูนย์สุขภาพชุมชนตำบลท่าแพ,"ติดสารเสพติดอื่นๆ (F11,F12,F13,F14,F16,F17,F18,F19)",ALL,1,1: ในเขต มีชื่อ+อยู่จริง,75 ปีขึ้นไป,122
category,DIAGNOSIS_OPD,ท่าแพ,24058,ศูนย์สุขภาพชุมชนตำบลท่าแพ,"ติดสารเสพติดอื่นๆ (F11,F12,F13,F14,F16,F17,F18,F19)",ALL,2,2: ในเขต มีชื่อ แต่ไม่อยู่จริง,15-29 ปี,47
category,DIAGNOSIS_OPD,ท่าแพ,24058,ศูนย์สุขภาพชุมชนตำบลท่าแพ,"ติดสารเสพติดอื่นๆ (F11,F12,F13,F14,F16,F17,F18,F19)",ALL,2,2: ในเขต มีชื่อ แต่ไม่อยู่จริง,30-44 ปี,123
category,DIAGNOSIS_OPD,ท่าแพ,24058,ศูนย์สุขภาพชุมชนตำบลท่าแพ,"ติดสารเสพติดอื่นๆ (F11,F12,F13,F14,F16,F17,F18,F19)",ALL,2,2: ในเขต มีชื่อ แต่ไม่อยู่จริง,45-59 ปี,42
category,DIAGNOSIS_OPD,ท่าแพ,24058,ศูนย์สุขภาพชุมชนตำบลท่าแพ,"ติดสารเสพติดอื่นๆ (F11,F12,F13,F14,F16,F17,F18,F19)",ALL,2,2: ในเขต มีชื่อ แต่ไม่อยู่จริง,60-74 ปี,17
category,DIAGNOSIS_OPD,ท่าแพ,24058,ศูนย์สุขภาพชุมชนตำบลท่าแพ,"ติดสารเสพติดอื่นๆ (F11,F12,F13,F14,F16,F17,F18,F19)",ALL,2,2: ในเขต มีชื่อ แต่ไม่อยู่จริง,75 ปีขึ้นไป,3
category,DIAGNOSIS_OPD,ท่าแพ,24058,ศูนย์สุขภาพชุมชนตำบลท่าแพ,"ติดสารเสพติดอื่นๆ (F11,F12,F13,F14,F16,F17,F18,F19)",ALL,3,3: อาศัยในเขต ทะเบียนบ้านอยู่นอกเขต,15-29 ปี,3
category,DIAGNOSIS_OPD,ท่าแพ,24058,ศูนย์สุขภาพชุมชนตำบลท่าแพ,"ติดสารเสพติดอื่นๆ (F11,F12,F13,F14,F16,F17,F18,F19)",ALL,3,3: อาศัยในเขต ทะเบียนบ้านอยู่นอกเขต,30-44 ปี,6
category,DIAGNOSIS_OPD,ท่าแพ,24058,ศูนย์สุขภาพชุมชนตำบลท่าแพ,"ติดสารเสพติดอื่นๆ (F11,F12,F13,F14,F16,F17,F18,F19)",ALL,3,3: อาศัยในเขต ทะเบียนบ้านอยู่นอกเขต,45-59 ปี,5
category,DIAGNOSIS_OPD,ท่าแพ,24058,ศูนย์สุขภาพชุมชนตำบลท่าแพ,"ติดสารเสพติดอื่นๆ (F11,F12,F13,F14,F16,F17,F18,F19)",ALL,3,3: อาศัยในเขต ทะเบียนบ้านอยู่นอกเขต,60-74 ปี,1
category,DIAGNOSIS_OPD,ท่าแพ,24058,ศูนย์สุขภาพชุมชนตำบลท่าแพ,"ติดสารเสพติดอื่นๆ (F11,F12,F13,F14,F16,F17,F18,F19)",ALL,3,3: อาศัยในเขต ทะเบียนบ้านอยู่นอกเขต,75 ปีขึ้นไป,1
category,DIAGNOSIS_OPD,ท่าแพ,24058,ศูนย์สุขภาพชุมชนตำบลท่าแพ,"ติดสารเสพติดอื่นๆ (F11,F12,F13,F14,F16,F17,F18,F19)",ALL,4,4: นอกเขต มารับบริการ/เคยอยู่ในเขต,15-29 ปี,53
category,DIAGNOSIS_OPD,ท่าแพ,24058,ศูนย์สุขภาพชุมชนตำบลท่าแพ,"ติดสารเสพติดอื่นๆ (F11,F12,F13,F14,F16,F17,F18,F19)",ALL,4,4: นอกเขต มารับบริการ/เคยอยู่ในเขต,30-44 ปี,67
category,DIAGNOSIS_OPD,ท่าแพ,24058,ศูนย์สุขภาพชุมชนตำบลท่าแพ,"ติดสารเสพติดอื่นๆ (F11,F12,F13,F14,F16,F17,F18,F19)",ALL,4,4: นอกเขต มารับบริการ/เคยอยู่ในเขต,45-59 ปี,53
category,DIAGNOSIS_OPD,ท่าแพ,24058,ศูนย์สุขภาพชุมชนตำบลท่าแพ,"ติดสารเสพติดอื่นๆ (F11,F12,F13,F14,F16,F17,F18,F19)",ALL,4,4: นอกเขต มารับบริการ/เคยอยู่ในเขต,60-74 ปี,9
category,DIAGNOSIS_OPD,ท่าแพ,24058,ศูนย์สุขภาพชุมชนตำบลท่าแพ,"ติดสารเสพติดอื่นๆ (F11,F12,F13,F14,F16,F17,F18,F19)",ALL,4,4: นอกเขต มารับบริการ/เคยอยู่ในเขต,75 ปีขึ้นไป,2
category,DIAGNOSIS_OPD,ท่าแพ,24058,ศูนย์สุขภาพชุมชนตำบลท่าแพ,โรคจิตเภท (F20),ALL,1,1: ในเขต มีชื่อ+อยู่จริง,75 ปีขึ้นไป,1
category,DIAGNOSIS_OPD,ท่าแพ,24058,ศูนย์สุขภาพชุมชนตำบลท่าแพ,"โรคซึมเศร้า (F32,F33,F341,F38,F39)",ALL,1,1: ในเขต มีชื่อ+อยู่จริง,75 ปีขึ้นไป,1
category,DIAGNOSIS_OPD,ท่าแพ,24058,ศูนย์สุขภาพชุมชนตำบลท่าแพ,"โรคทางจิตเวชอื่นๆ (F04-F09,F50-F69,F80,F82-F83,F88-F89,F91-F99 ยกเว้น F638,F988)",ALL,1,1: ในเขต มีชื่อ+อยู่จริง,30-44 ปี,1
category,DIAGNOSIS_OPD,ท่าแพ,24058,ศูนย์สุขภาพชุมชนตำบลท่าแพ,"โรคทางจิตเวชอื่นๆ (F04-F09,F50-F69,F80,F82-F83,F88-F89,F91-F99 ยกเว้น F638,F988)",ALL,1,1: ในเขต มีชื่อ+อยู่จริง,45-59 ปี,4
category,DIAGNOSIS_OPD,ท่าแพ,24058,ศูนย์สุขภาพชุมชนตำบลท่าแพ,"โรคทางจิตเวชอื่นๆ (F04-F09,F50-F69,F80,F82-F83,F88-F89,F91-F99 ยกเว้น F638,F988)",ALL,1,1: ในเขต มีชื่อ+อยู่จริง,60-74 ปี,8
category,DIAGNOSIS_OPD,ท่าแพ,24058,ศูนย์สุขภาพชุมชนตำบลท่าแพ,"โรคทางจิตเวชอื่นๆ (F04-F09,F50-F69,F80,F82-F83,F88-F89,F91-F99 ยกเว้น F638,F988)",ALL,1,1: ในเขต มีชื่อ+อยู่จริง,75 ปีขึ้นไป,7
category,DIAGNOSIS_OPD,ท่าแพ,11404,โรงพยาบาลท่าแพ,ความบกพร่องทางการเรียนรู้ (F81),ALL,4,4: นอกเขต มารับบริการ/เคยอยู่ในเขต,0-14 ปี,26
category,DIAGNOSIS_OPD,ท่าแพ,11404,โรงพยาบาลท่าแพ,ความบกพร่องทางการเรียนรู้ (F81),ALL,4,4: นอกเขต มารับบริการ/เคยอยู่ในเขต,15-29 ปี,1
category,DIAGNOSIS_OPD,ท่าแพ,11404,โรงพยาบาลท่าแพ,ความบกพร่องทางการเรียนรู้ (F81),ALL,4,4: นอกเขต มารับบริการ/เคยอยู่ในเขต,30-44 ปี,4
category,DIAGNOSIS_OPD,ท่าแพ,11404,โรงพยาบาลท่าแพ,ความบกพร่องทางการเรียนรู้ (F81),ALL,4,4: นอกเขต มารับบริการ/เคยอยู่ในเขต,45-59 ปี,2
category,DIAGNOSIS_OPD,ท่าแพ,11404,โรงพยาบาลท่าแพ,ความบกพร่องทางการเรียนรู้ (F81),ALL,4,4: นอกเขต มารับบริการ/เคยอยู่ในเขต,60-74 ปี,2
category,DIAGNOSIS_OPD,ท่าแพ,11404,โรงพยาบาลท่าแพ,ความบกพร่องทางสติปัญญา (F70-F79),ALL,4,4: นอกเขต มารับบริการ/เคยอยู่ในเขต,0-14 ปี,2
category,DIAGNOSIS_OPD,ท่าแพ,11404,โรงพยาบาลท่าแพ,ความบกพร่องทางสติปัญญา (F70-F79),ALL,4,4: นอกเขต มารับบริการ/เคยอยู่ในเขต,15-29 ปี,1
category,DIAGNOSIS_OPD,ท่าแพ,11404,โรงพยาบาลท่าแพ,ความบกพร่องทางสติปัญญา (F70-F79),ALL,4,4: นอกเขต มารับบริการ/เคยอยู่ในเขต,45-59 ปี,2
category,DIAGNOSIS_OPD,ท่าแพ,11404,โรงพยาบาลท่าแพ,ความบกพร่องทางสติปัญญา (F70-F79),ALL,4,4: นอกเขต มารับบริการ/เคยอยู่ในเขต,60-74 ปี,1
category,DIAGNOSIS_OPD,ท่าแพ,11404,โรงพยาบาลท่าแพ,ติดยาบ้า Amphetamine (F15),ALL,"",อื่นๆ/ไม่ทราบ,15-29 ปี,11
category,DIAGNOSIS_OPD,ท่าแพ,11404,โรงพยาบาลท่าแพ,ติดยาบ้า Amphetamine (F15),ALL,"",อื่นๆ/ไม่ทราบ,30-44 ปี,15
category,DIAGNOSIS_OPD,ท่าแพ,11404,โรงพยาบาลท่าแพ,ติดยาบ้า Amphetamine (F15),ALL,"",อื่นๆ/ไม่ทราบ,45-59 ปี,4
category,DIAGNOSIS_OPD,ท่าแพ,11404,โรงพยาบาลท่าแพ,ติดยาบ้า Amphetamine (F15),ALL,"",อื่นๆ/ไม่ทราบ,60-74 ปี,1
category,DIAGNOSIS_OPD,ท่าแพ,11404,โรงพยาบาลท่าแพ,ติดยาบ้า Amphetamine (F15),ALL,1,1: ในเขต มีชื่อ+อยู่จริง,15-29 ปี,1
category,DIAGNOSIS_OPD,ท่าแพ,11404,โรงพยาบาลท่าแพ,ติดยาบ้า Amphetamine (F15),ALL,4,4: นอกเขต มารับบริการ/เคยอยู่ในเขต,0-14 ปี,5
category,DIAGNOSIS_OPD,ท่าแพ,11404,โรงพยาบาลท่าแพ,ติดยาบ้า Amphetamine (F15),ALL,4,4: นอกเขต มารับบริการ/เคยอยู่ในเขต,15-29 ปี,103
category,DIAGNOSIS_OPD,ท่าแพ,11404,โรงพยาบาลท่าแพ,ติดยาบ้า Amphetamine (F15),ALL,4,4: นอกเขต มารับบริการ/เคยอยู่ในเขต,30-44 ปี,184
category,DIAGNOSIS_OPD,ท่าแพ,11404,โรงพยาบาลท่าแพ,ติดยาบ้า Amphetamine (F15),ALL,4,4: นอกเขต มารับบริการ/เคยอยู่ในเขต,45-59 ปี,63
category,DIAGNOSIS_OPD,ท่าแพ,11404,โรงพยาบาลท่าแพ,ติดยาบ้า Amphetamine (F15),ALL,4,4: นอกเขต มารับบริการ/เคยอยู่ในเขต,60-74 ปี,9
category,DIAGNOSIS_OPD,ท่าแพ,11404,โรงพยาบาลท่าแพ,ติดยาบ้า Amphetamine (F15),ALL,4,4: นอกเขต มารับบริการ/เคยอยู่ในเขต,75 ปีขึ้นไป,8
category,DIAGNOSIS_OPD,ท่าแพ,11404,โรงพยาบาลท่าแพ,"ติดสารเสพติดอื่นๆ (F11,F12,F13,F14,F16,F17,F18,F19)",ALL,"",อื่นๆ/ไม่ทราบ,15-29 ปี,2
category,DIAGNOSIS_OPD,ท่าแพ,11404,โรงพยาบาลท่าแพ,"ติดสารเสพติดอื่นๆ (F11,F12,F13,F14,F16,F17,F18,F19)",ALL,"",อื่นๆ/ไม่ทราบ,30-44 ปี,3
category,DIAGNOSIS_OPD,ท่าแพ,11404,โรงพยาบาลท่าแพ,"ติดสารเสพติดอื่นๆ (F11,F12,F13,F14,F16,F17,F18,F19)",ALL,"",อื่นๆ/ไม่ทราบ,45-59 ปี,1
category,DIAGNOSIS_OPD,ท่าแพ,11404,โรงพยาบาลท่าแพ,"ติดสารเสพติดอื่นๆ (F11,F12,F13,F14,F16,F17,F18,F19)",ALL,4,4: นอกเขต มารับบริการ/เคยอยู่ในเขต,0-14 ปี,22
category,DIAGNOSIS_OPD,ท่าแพ,11404,โรงพยาบาลท่าแพ,"ติดสารเสพติดอื่นๆ (F11,F12,F13,F14,F16,F17,F18,F19)",ALL,4,4: นอกเขต มารับบริการ/เคยอยู่ในเขต,15-29 ปี,128
category,DIAGNOSIS_OPD,ท่าแพ,11404,โรงพยาบาลท่าแพ,"ติดสารเสพติดอื่นๆ (F11,F12,F13,F14,F16,F17,F18,F19)",ALL,4,4: นอกเขต มารับบริการ/เคยอยู่ในเขต,30-44 ปี,199
category,DIAGNOSIS_OPD,ท่าแพ,11404,โรงพยาบาลท่าแพ,"ติดสารเสพติดอื่นๆ (F11,F12,F13,F14,F16,F17,F18,F19)",ALL,4,4: นอกเขต มารับบริการ/เคยอยู่ในเขต,45-59 ปี,79
category,DIAGNOSIS_OPD,ท่าแพ,11404,โรงพยาบาลท่าแพ,"ติดสารเสพติดอื่นๆ (F11,F12,F13,F14,F16,F17,F18,F19)",ALL,4,4: นอกเขต มารับบริการ/เคยอยู่ในเขต,60-74 ปี,31
category,DIAGNOSIS_OPD,ท่าแพ,11404,โรงพยาบาลท่าแพ,"ติดสารเสพติดอื่นๆ (F11,F12,F13,F14,F16,F17,F18,F19)",ALL,4,4: นอกเขต มารับบริการ/เคยอยู่ในเขต,75 ปีขึ้นไป,18
category,DIAGNOSIS_OPD,ท่าแพ,11404,โรงพยาบาลท่าแพ,ติดแอลกอฮอล์ (F10),ALL,4,4: นอกเขต มารับบริการ/เคยอยู่ในเขต,15-29 ปี,3
category,DIAGNOSIS_OPD,ท่าแพ,11404,โรงพยาบาลท่าแพ,ติดแอลกอฮอล์ (F10),ALL,4,4: นอกเขต มารับบริการ/เคยอยู่ในเขต,30-44 ปี,5
category,DIAGNOSIS_OPD,ท่าแพ,11404,โรงพยาบาลท่าแพ,ติดแอลกอฮอล์ (F10),ALL,4,4: นอกเขต มารับบริการ/เคยอยู่ในเขต,45-59 ปี,3
category,DIAGNOSIS_OPD,ท่าแพ,11404,โรงพยาบาลท่าแพ,ติดแอลกอฮอล์ (F10),ALL,4,4: นอกเขต มารับบริการ/เคยอยู่ในเขต,60-74 ปี,4
category,DIAGNOSIS_OPD,ท่าแพ,11404,โรงพยาบาลท่าแพ,ติดแอลกอฮอล์ (F10),ALL,4,4: นอกเขต มารับบริการ/เคยอยู่ในเขต,75 ปีขึ้นไป,1
category,DIAGNOSIS_OPD,ท่าแพ,11404,โรงพยาบาลท่าแพ,พยายามฆ่าตัวตาย/ตั้งใจทำร้ายตนเอง (X60-X84),ALL,4,4: นอกเขต มารับบริการ/เคยอยู่ในเขต,0-14 ปี,6
category,DIAGNOSIS_OPD,ท่าแพ,11404,โรงพยาบาลท่าแพ,พยายามฆ่าตัวตาย/ตั้งใจทำร้ายตนเอง (X60-X84),ALL,4,4: นอกเขต มารับบริการ/เคยอยู่ในเขต,15-29 ปี,5
category,DIAGNOSIS_OPD,ท่าแพ,11404,โรงพยาบาลท่าแพ,พยายามฆ่าตัวตาย/ตั้งใจทำร้ายตนเอง (X60-X84),ALL,4,4: นอกเขต มารับบริการ/เคยอยู่ในเขต,30-44 ปี,7
category,DIAGNOSIS_OPD,ท่าแพ,11404,โรงพยาบาลท่าแพ,พยายามฆ่าตัวตาย/ตั้งใจทำร้ายตนเอง (X60-X84),ALL,4,4: นอกเขต มารับบริการ/เคยอยู่ในเขต,45-59 ปี,1
category,DIAGNOSIS_OPD,ท่าแพ,11404,โรงพยาบาลท่าแพ,พยายามฆ่าตัวตาย/ตั้งใจทำร้ายตนเอง (X60-X84),ALL,4,4: นอกเขต มารับบริการ/เคยอยู่ในเขต,60-74 ปี,1
category,DIAGNOSIS_OPD,ท่าแพ,11404,โรงพยาบาลท่าแพ,พยายามฆ่าตัวตาย/ตั้งใจทำร้ายตนเอง (X60-X84),ALL,4,4: นอกเขต มารับบริการ/เคยอยู่ในเขต,75 ปีขึ้นไป,1
category,DIAGNOSIS_OPD,ท่าแพ,11404,โรงพยาบาลท่าแพ,โรคจิตอื่นๆ (F21-F29),ALL,4,4: นอกเขต มารับบริการ/เคยอยู่ในเขต,0-14 ปี,7
category,DIAGNOSIS_OPD,ท่าแพ,11404,โรงพยาบาลท่าแพ,โรคจิตอื่นๆ (F21-F29),ALL,4,4: นอกเขต มารับบริการ/เคยอยู่ในเขต,15-29 ปี,18
category,DIAGNOSIS_OPD,ท่าแพ,11404,โรงพยาบาลท่าแพ,โรคจิตอื่นๆ (F21-F29),ALL,4,4: นอกเขต มารับบริการ/เคยอยู่ในเขต,30-44 ปี,26
category,DIAGNOSIS_OPD,ท่าแพ,11404,โรงพยาบาลท่าแพ,โรคจิตอื่นๆ (F21-F29),ALL,4,4: นอกเขต มารับบริการ/เคยอยู่ในเขต,45-59 ปี,18
category,DIAGNOSIS_OPD,ท่าแพ,11404,โรงพยาบาลท่าแพ,โรคจิตอื่นๆ (F21-F29),ALL,4,4: นอกเขต มารับบริการ/เคยอยู่ในเขต,60-74 ปี,12
category,DIAGNOSIS_OPD,ท่าแพ,11404,โรงพยาบาลท่าแพ,โรคจิตอื่นๆ (F21-F29),ALL,4,4: นอกเขต มารับบริการ/เคยอยู่ในเขต,75 ปีขึ้นไป,3
category,DIAGNOSIS_OPD,ท่าแพ,11404,โรงพยาบาลท่าแพ,โรคจิตเภท (F20),ALL,"",อื่นๆ/ไม่ทราบ,15-29 ปี,5
category,DIAGNOSIS_OPD,ท่าแพ,11404,โรงพยาบาลท่าแพ,โรคจิตเภท (F20),ALL,"",อื่นๆ/ไม่ทราบ,30-44 ปี,7
category,DIAGNOSIS_OPD,ท่าแพ,11404,โรงพยาบาลท่าแพ,โรคจิตเภท (F20),ALL,"",อื่นๆ/ไม่ทราบ,45-59 ปี,2
category,DIAGNOSIS_OPD,ท่าแพ,11404,โรงพยาบาลท่าแพ,โรคจิตเภท (F20),ALL,4,4: นอกเขต มารับบริการ/เคยอยู่ในเขต,0-14 ปี,12
category,DIAGNOSIS_OPD,ท่าแพ,11404,โรงพยาบาลท่าแพ,โรคจิตเภท (F20),ALL,4,4: นอกเขต มารับบริการ/เคยอยู่ในเขต,15-29 ปี,65
category,DIAGNOSIS_OPD,ท่าแพ,11404,โรงพยาบาลท่าแพ,โรคจิตเภท (F20),ALL,4,4: นอกเขต มารับบริการ/เคยอยู่ในเขต,30-44 ปี,162
category,DIAGNOSIS_OPD,ท่าแพ,11404,โรงพยาบาลท่าแพ,โรคจิตเภท (F20),ALL,4,4: นอกเขต มารับบริการ/เคยอยู่ในเขต,45-59 ปี,84
category,DIAGNOSIS_OPD,ท่าแพ,11404,โรงพยาบาลท่าแพ,โรคจิตเภท (F20),ALL,4,4: นอกเขต มารับบริการ/เคยอยู่ในเขต,60-74 ปี,30
category,DIAGNOSIS_OPD,ท่าแพ,11404,โรงพยาบาลท่าแพ,โรคจิตเภท (F20),ALL,4,4: นอกเขต มารับบริการ/เคยอยู่ในเขต,75 ปีขึ้นไป,11
category,DIAGNOSIS_OPD,ท่าแพ,11404,โรงพยาบาลท่าแพ,"โรคซึมเศร้า (F32,F33,F341,F38,F39)",ALL,"",อื่นๆ/ไม่ทราบ,0-14 ปี,1
category,DIAGNOSIS_OPD,ท่าแพ,11404,โรงพยาบาลท่าแพ,"โรคซึมเศร้า (F32,F33,F341,F38,F39)",ALL,4,4: นอกเขต มารับบริการ/เคยอยู่ในเขต,0-14 ปี,53
category,DIAGNOSIS_OPD,ท่าแพ,11404,โรงพยาบาลท่าแพ,"โรคซึมเศร้า (F32,F33,F341,F38,F39)",ALL,4,4: นอกเขต มารับบริการ/เคยอยู่ในเขต,15-29 ปี,142
category,DIAGNOSIS_OPD,ท่าแพ,11404,โรงพยาบาลท่าแพ,"โรคซึมเศร้า (F32,F33,F341,F38,F39)",ALL,4,4: นอกเขต มารับบริการ/เคยอยู่ในเขต,30-44 ปี,123
category,DIAGNOSIS_OPD,ท่าแพ,11404,โรงพยาบาลท่าแพ,"โรคซึมเศร้า (F32,F33,F341,F38,F39)",ALL,4,4: นอกเขต มารับบริการ/เคยอยู่ในเขต,45-59 ปี,95
category,DIAGNOSIS_OPD,ท่าแพ,11404,โรงพยาบาลท่าแพ,"โรคซึมเศร้า (F32,F33,F341,F38,F39)",ALL,4,4: นอกเขต มารับบริการ/เคยอยู่ในเขต,60-74 ปี,79
category,DIAGNOSIS_OPD,ท่าแพ,11404,โรงพยาบาลท่าแพ,"โรคซึมเศร้า (F32,F33,F341,F38,F39)",ALL,4,4: นอกเขต มารับบริการ/เคยอยู่ในเขต,75 ปีขึ้นไป,30
category,DIAGNOSIS_OPD,ท่าแพ,11404,โรงพยาบาลท่าแพ,"โรคทางจิตเวชอื่นๆ (F04-F09,F50-F69,F80,F82-F83,F88-F89,F91-F99 ยกเว้น F638,F988)",ALL,"",อื่นๆ/ไม่ทราบ,0-14 ปี,1
category,DIAGNOSIS_OPD,ท่าแพ,11404,โรงพยาบาลท่าแพ,"โรคทางจิตเวชอื่นๆ (F04-F09,F50-F69,F80,F82-F83,F88-F89,F91-F99 ยกเว้น F638,F988)",ALL,1,1: ในเขต มีชื่อ+อยู่จริง,60-74 ปี,2
category,DIAGNOSIS_OPD,ท่าแพ,11404,โรงพยาบาลท่าแพ,"โรคทางจิตเวชอื่นๆ (F04-F09,F50-F69,F80,F82-F83,F88-F89,F91-F99 ยกเว้น F638,F988)",ALL,4,4: นอกเขต มารับบริการ/เคยอยู่ในเขต,0-14 ปี,48
category,DIAGNOSIS_OPD,ท่าแพ,11404,โรงพยาบาลท่าแพ,"โรคทางจิตเวชอื่นๆ (F04-F09,F50-F69,F80,F82-F83,F88-F89,F91-F99 ยกเว้น F638,F988)",ALL,4,4: นอกเขต มารับบริการ/เคยอยู่ในเขต,15-29 ปี,70
category,DIAGNOSIS_OPD,ท่าแพ,11404,โรงพยาบาลท่าแพ,"โรคทางจิตเวชอื่นๆ (F04-F09,F50-F69,F80,F82-F83,F88-F89,F91-F99 ยกเว้น F638,F988)",ALL,4,4: นอกเขต มารับบริการ/เคยอยู่ในเขต,30-44 ปี,120
category,DIAGNOSIS_OPD,ท่าแพ,11404,โรงพยาบาลท่าแพ,"โรคทางจิตเวชอื่นๆ (F04-F09,F50-F69,F80,F82-F83,F88-F89,F91-F99 ยกเว้น F638,F988)",ALL,4,4: นอกเขต มารับบริการ/เคยอยู่ในเขต,45-59 ปี,115
category,DIAGNOSIS_OPD,ท่าแพ,11404,โรงพยาบาลท่าแพ,"โรคทางจิตเวชอื่นๆ (F04-F09,F50-F69,F80,F82-F83,F88-F89,F91-F99 ยกเว้น F638,F988)",ALL,4,4: นอกเขต มารับบริการ/เคยอยู่ในเขต,60-74 ปี,98
category,DIAGNOSIS_OPD,ท่าแพ,11404,โรงพยาบาลท่าแพ,"โรคทางจิตเวชอื่นๆ (F04-F09,F50-F69,F80,F82-F83,F88-F89,F91-F99 ยกเว้น F638,F988)",ALL,4,4: นอกเขต มารับบริการ/เคยอยู่ในเขต,75 ปีขึ้นไป,45
category,DIAGNOSIS_OPD,ท่าแพ,11404,โรงพยาบาลท่าแพ,โรคลมชัก (G40-G41),ALL,4,4: นอกเขต มารับบริการ/เคยอยู่ในเขต,0-14 ปี,17
category,DIAGNOSIS_OPD,ท่าแพ,11404,โรงพยาบาลท่าแพ,โรคลมชัก (G40-G41),ALL,4,4: นอกเขต มารับบริการ/เคยอยู่ในเขต,15-29 ปี,26
category,DIAGNOSIS_OPD,ท่าแพ,11404,โรงพยาบาลท่าแพ,โรคลมชัก (G40-G41),ALL,4,4: นอกเขต มารับบริการ/เคยอยู่ในเขต,30-44 ปี,45
category,DIAGNOSIS_OPD,ท่าแพ,11404,โรงพยาบาลท่าแพ,โรคลมชัก (G40-G41),ALL,4,4: นอกเขต มารับบริการ/เคยอยู่ในเขต,45-59 ปี,20
category,DIAGNOSIS_OPD,ท่าแพ,11404,โรงพยาบาลท่าแพ,โรคลมชัก (G40-G41),ALL,4,4: นอกเขต มารับบริการ/เคยอยู่ในเขต,60-74 ปี,22
category,DIAGNOSIS_OPD,ท่าแพ,11404,โรงพยาบาลท่าแพ,โรคลมชัก (G40-G41),ALL,4,4: นอกเขต มารับบริการ/เคยอยู่ในเขต,75 ปีขึ้นไป,7
category,DIAGNOSIS_OPD,ท่าแพ,11404,โรงพยาบาลท่าแพ,โรควิตกกังวล (F40-F48),ALL,"",อื่นๆ/ไม่ทราบ,30-44 ปี,1
category,DIAGNOSIS_OPD,ท่าแพ,11404,โรงพยาบาลท่าแพ,โรควิตกกังวล (F40-F48),ALL,1,1: ในเขต มีชื่อ+อยู่จริง,60-74 ปี,1
category,DIAGNOSIS_OPD,ท่าแพ,11404,โรงพยาบาลท่าแพ,โรควิตกกังวล (F40-F48),ALL,4,4: นอกเขต มารับบริการ/เคยอยู่ในเขต,0-14 ปี,52
category,DIAGNOSIS_OPD,ท่าแพ,11404,โรงพยาบาลท่าแพ,โรควิตกกังวล (F40-F48),ALL,4,4: นอกเขต มารับบริการ/เคยอยู่ในเขต,15-29 ปี,103
category,DIAGNOSIS_OPD,ท่าแพ,11404,โรงพยาบาลท่าแพ,โรควิตกกังวล (F40-F48),ALL,4,4: นอกเขต มารับบริการ/เคยอยู่ในเขต,30-44 ปี,134
category,DIAGNOSIS_OPD,ท่าแพ,11404,โรงพยาบาลท่าแพ,โรควิตกกังวล (F40-F48),ALL,4,4: นอกเขต มารับบริการ/เคยอยู่ในเขต,45-59 ปี,121
category,DIAGNOSIS_OPD,ท่าแพ,11404,โรงพยาบาลท่าแพ,โรควิตกกังวล (F40-F48),ALL,4,4: นอกเขต มารับบริการ/เคยอยู่ในเขต,60-74 ปี,76
category,DIAGNOSIS_OPD,ท่าแพ,11404,โรงพยาบาลท่าแพ,โรควิตกกังวล (F40-F48),ALL,4,4: นอกเขต มารับบริการ/เคยอยู่ในเขต,75 ปีขึ้นไป,31
category,DIAGNOSIS_OPD,ท่าแพ,11404,โรงพยาบาลท่าแพ,โรคสมองเสื่อม (F00-F03),ALL,4,4: นอกเขต มารับบริการ/เคยอยู่ในเขต,0-14 ปี,2
category,DIAGNOSIS_OPD,ท่าแพ,11404,โรงพยาบาลท่าแพ,โรคสมองเสื่อม (F00-F03),ALL,4,4: นอกเขต มารับบริการ/เคยอยู่ในเขต,15-29 ปี,7
category,DIAGNOSIS_OPD,ท่าแพ,11404,โรงพยาบาลท่าแพ,โรคสมองเสื่อม (F00-F03),ALL,4,4: นอกเขต มารับบริการ/เคยอยู่ในเขต,30-44 ปี,6
category,DIAGNOSIS_OPD,ท่าแพ,11404,โรงพยาบาลท่าแพ,โรคสมองเสื่อม (F00-F03),ALL,4,4: นอกเขต มารับบริการ/เคยอยู่ในเขต,45-59 ปี,5
category,DIAGNOSIS_OPD,ท่าแพ,11404,โรงพยาบาลท่าแพ,โรคสมองเสื่อม (F00-F03),ALL,4,4: นอกเขต มารับบริการ/เคยอยู่ในเขต,60-74 ปี,12
category,DIAGNOSIS_OPD,ท่าแพ,11404,โรงพยาบาลท่าแพ,โรคสมองเสื่อม (F00-F03),ALL,4,4: นอกเขต มารับบริการ/เคยอยู่ในเขต,75 ปีขึ้นไป,10
category,DIAGNOSIS_OPD,ท่าแพ,11404,โรงพยาบาลท่าแพ,โรคสมาธิสั้น (F90),ALL,"",อื่นๆ/ไม่ทราบ,0-14 ปี,1
category,DIAGNOSIS_OPD,ท่าแพ,11404,โรงพยาบาลท่าแพ,โรคสมาธิสั้น (F90),ALL,4,4: นอกเขต มารับบริการ/เคยอยู่ในเขต,0-14 ปี,35
category,DIAGNOSIS_OPD,ท่าแพ,11404,โรงพยาบาลท่าแพ,โรคสมาธิสั้น (F90),ALL,4,4: นอกเขต มารับบริการ/เคยอยู่ในเขต,15-29 ปี,13
category,DIAGNOSIS_OPD,ท่าแพ,11404,โรงพยาบาลท่าแพ,โรคสมาธิสั้น (F90),ALL,4,4: นอกเขต มารับบริการ/เคยอยู่ในเขต,30-44 ปี,15
category,DIAGNOSIS_OPD,ท่าแพ,11404,โรงพยาบาลท่าแพ,โรคสมาธิสั้น (F90),ALL,4,4: นอกเขต มารับบริการ/เคยอยู่ในเขต,45-59 ปี,12
category,DIAGNOSIS_OPD,ท่าแพ,11404,โรงพยาบาลท่าแพ,โรคสมาธิสั้น (F90),ALL,4,4: นอกเขต มารับบริการ/เคยอยู่ในเขต,60-74 ปี,4
category,DIAGNOSIS_OPD,ท่าแพ,11404,โรงพยาบาลท่าแพ,โรคสมาธิสั้น (F90),ALL,4,4: นอกเขต มารับบริการ/เคยอยู่ในเขต,75 ปีขึ้นไป,2
category,DIAGNOSIS_OPD,ท่าแพ,11404,โรงพยาบาลท่าแพ,โรคออทิสติก (F84),ALL,4,4: นอกเขต มารับบริการ/เคยอยู่ในเขต,0-14 ปี,19
category,DIAGNOSIS_OPD,ท่าแพ,11404,โรงพยาบาลท่าแพ,โรคออทิสติก (F84),ALL,4,4: นอกเขต มารับบริการ/เคยอยู่ในเขต,15-29 ปี,6
category,DIAGNOSIS_OPD,ท่าแพ,11404,โรงพยาบาลท่าแพ,โรคออทิสติก (F84),ALL,4,4: นอกเขต มารับบริการ/เคยอยู่ในเขต,30-44 ปี,7
category,DIAGNOSIS_OPD,ท่าแพ,11404,โรงพยาบาลท่าแพ,โรคออทิสติก (F84),ALL,4,4: นอกเขต มารับบริการ/เคยอยู่ในเขต,45-59 ปี,2
category,DIAGNOSIS_OPD,ท่าแพ,11404,โรงพยาบาลท่าแพ,โรคออทิสติก (F84),ALL,4,4: นอกเขต มารับบริการ/เคยอยู่ในเขต,60-74 ปี,1
category,DIAGNOSIS_OPD,ท่าแพ,11404,โรงพยาบาลท่าแพ,โรคอารมณ์สองขั้ว (F31),ALL,4,4: นอกเขต มารับบริการ/เคยอยู่ในเขต,0-14 ปี,2
category,DIAGNOSIS_OPD,ท่าแพ,11404,โรงพยาบาลท่าแพ,โรคอารมณ์สองขั้ว (F31),ALL,4,4: นอกเขต มารับบริการ/เคยอยู่ในเขต,15-29 ปี,10
category,DIAGNOSIS_OPD,ท่าแพ,11404,โรงพยาบาลท่าแพ,โรคอารมณ์สองขั้ว (F31),ALL,4,4: นอกเขต มารับบริการ/เคยอยู่ในเขต,30-44 ปี,12
category,DIAGNOSIS_OPD,ท่าแพ,11404,โรงพยาบาลท่าแพ,โรคอารมณ์สองขั้ว (F31),ALL,4,4: นอกเขต มารับบริการ/เคยอยู่ในเขต,45-59 ปี,12
category,DIAGNOSIS_OPD,ท่าแพ,11404,โรงพยาบาลท่าแพ,โรคอารมณ์สองขั้ว (F31),ALL,4,4: นอกเขต มารับบริการ/เคยอยู่ในเขต,60-74 ปี,6
category,DIAGNOSIS_OPD,ท่าแพ,11404,โรงพยาบาลท่าแพ,โรคอารมณ์สองขั้ว (F31),ALL,4,4: นอกเขต มารับบริการ/เคยอยู่ในเขต,75 ปีขึ้นไป,2
category,DIAGNOSIS_OPD,ท่าแพ,14098,โรงพยาบาลส่งเสริมสุขภาพตำบลท่าเรือ,โรคจิตเภท (F20),ALL,1,1: ในเขต มีชื่อ+อยู่จริง,15-29 ปี,1
category,DIAGNOSIS_OPD,ท่าแพ,14098,โรงพยาบาลส่งเสริมสุขภาพตำบลท่าเรือ,โรคจิตเภท (F20),ALL,1,1: ในเขต มีชื่อ+อยู่จริง,30-44 ปี,3
category,DIAGNOSIS_OPD,ท่าแพ,14098,โรงพยาบาลส่งเสริมสุขภาพตำบลท่าเรือ,โรคจิตเภท (F20),ALL,1,1: ในเขต มีชื่อ+อยู่จริง,45-59 ปี,1
category,DIAGNOSIS_OPD,ท่าแพ,14098,โรงพยาบาลส่งเสริมสุขภาพตำบลท่าเรือ,"โรคทางจิตเวชอื่นๆ (F04-F09,F50-F69,F80,F82-F83,F88-F89,F91-F99 ยกเว้น F638,F988)",ALL,1,1: ในเขต มีชื่อ+อยู่จริง,15-29 ปี,1
category,DIAGNOSIS_OPD,ท่าแพ,14098,โรงพยาบาลส่งเสริมสุขภาพตำบลท่าเรือ,"โรคทางจิตเวชอื่นๆ (F04-F09,F50-F69,F80,F82-F83,F88-F89,F91-F99 ยกเว้น F638,F988)",ALL,1,1: ในเขต มีชื่อ+อยู่จริง,30-44 ปี,1
category,DIAGNOSIS_OPD,ท่าแพ,14098,โรงพยาบาลส่งเสริมสุขภาพตำบลท่าเรือ,"โรคทางจิตเวชอื่นๆ (F04-F09,F50-F69,F80,F82-F83,F88-F89,F91-F99 ยกเว้น F638,F988)",ALL,2,2: ในเขต มีชื่อ แต่ไม่อยู่จริง,0-14 ปี,1
category,DIAGNOSIS_OPD,ท่าแพ,14098,โรงพยาบาลส่งเสริมสุขภาพตำบลท่าเรือ,โรควิตกกังวล (F40-F48),ALL,1,1: ในเขต มีชื่อ+อยู่จริง,30-44 ปี,2
category,DIAGNOSIS_OPD,ท่าแพ,14098,โรงพยาบาลส่งเสริมสุขภาพตำบลท่าเรือ,โรควิตกกังวล (F40-F48),ALL,4,4: นอกเขต มารับบริการ/เคยอยู่ในเขต,60-74 ปี,1
category,DIAGNOSIS_OPD,ท่าแพ,09632,โรงพยาบาลส่งเสริมสุขภาพตำบลบ้านทางยาง ตำบลสาคร,โรคจิตเภท (F20),ALL,1,1: ในเขต มีชื่อ+อยู่จริง,30-44 ปี,3
category,DIAGNOSIS_OPD,ท่าแพ,09632,โรงพยาบาลส่งเสริมสุขภาพตำบลบ้านทางยาง ตำบลสาคร,"โรคซึมเศร้า (F32,F33,F341,F38,F39)",ALL,1,1: ในเขต มีชื่อ+อยู่จริง,45-59 ปี,1
category,DIAGNOSIS_OPD,ท่าแพ,09632,โรงพยาบาลส่งเสริมสุขภาพตำบลบ้านทางยาง ตำบลสาคร,"โรคทางจิตเวชอื่นๆ (F04-F09,F50-F69,F80,F82-F83,F88-F89,F91-F99 ยกเว้น F638,F988)",ALL,1,1: ในเขต มีชื่อ+อยู่จริง,15-29 ปี,2
category,DIAGNOSIS_OPD,ท่าแพ,09632,โรงพยาบาลส่งเสริมสุขภาพตำบลบ้านทางยาง ตำบลสาคร,"โรคทางจิตเวชอื่นๆ (F04-F09,F50-F69,F80,F82-F83,F88-F89,F91-F99 ยกเว้น F638,F988)",ALL,1,1: ในเขต มีชื่อ+อยู่จริง,30-44 ปี,2
category,DIAGNOSIS_OPD,ท่าแพ,09632,โรงพยาบาลส่งเสริมสุขภาพตำบลบ้านทางยาง ตำบลสาคร,"โรคทางจิตเวชอื่นๆ (F04-F09,F50-F69,F80,F82-F83,F88-F89,F91-F99 ยกเว้น F638,F988)",ALL,1,1: ในเขต มีชื่อ+อยู่จริง,45-59 ปี,1
category,DIAGNOSIS_OPD,ท่าแพ,09632,โรงพยาบาลส่งเสริมสุขภาพตำบลบ้านทางยาง ตำบลสาคร,"โรคทางจิตเวชอื่นๆ (F04-F09,F50-F69,F80,F82-F83,F88-F89,F91-F99 ยกเว้น F638,F988)",ALL,1,1: ในเขต มีชื่อ+อยู่จริง,60-74 ปี,2
category,DIAGNOSIS_OPD,ท่าแพ,09632,โรงพยาบาลส่งเสริมสุขภาพตำบลบ้านทางยาง ตำบลสาคร,"โรคทางจิตเวชอื่นๆ (F04-F09,F50-F69,F80,F82-F83,F88-F89,F91-F99 ยกเว้น F638,F988)",ALL,4,4: นอกเขต มารับบริการ/เคยอยู่ในเขต,30-44 ปี,1
category,DIAGNOSIS_OPD,ท่าแพ,09632,โรงพยาบาลส่งเสริมสุขภาพตำบลบ้านทางยาง ตำบลสาคร,โรควิตกกังวล (F40-F48),ALL,1,1: ในเขต มีชื่อ+อยู่จริง,45-59 ปี,2
category,DIAGNOSIS_OPD,ท่าแพ,09632,โรงพยาบาลส่งเสริมสุขภาพตำบลบ้านทางยาง ตำบลสาคร,โรควิตกกังวล (F40-F48),ALL,1,1: ในเขต มีชื่อ+อยู่จริง,60-74 ปี,3
category,DIAGNOSIS_OPD,ท่าแพ,09633,โรงพยาบาลส่งเสริมสุขภาพตำบลบ้านแป-ระใต้,"ติดสารเสพติดอื่นๆ (F11,F12,F13,F14,F16,F17,F18,F19)",ALL,1,1: ในเขต มีชื่อ+อยู่จริง,30-44 ปี,1
category,DIAGNOSIS_OPD,ท่าแพ,09633,โรงพยาบาลส่งเสริมสุขภาพตำบลบ้านแป-ระใต้,โรควิตกกังวล (F40-F48),ALL,1,1: ในเขต มีชื่อ+อยู่จริง,15-29 ปี,1
category,DIAGNOSIS_OPD,ท่าแพ,09633,โรงพยาบาลส่งเสริมสุขภาพตำบลบ้านแป-ระใต้,โรควิตกกังวล (F40-F48),ALL,1,1: ในเขต มีชื่อ+อยู่จริง,30-44 ปี,2
category,DIAGNOSIS_OPD,ท่าแพ,09633,โรงพยาบาลส่งเสริมสุขภาพตำบลบ้านแป-ระใต้,โรควิตกกังวล (F40-F48),ALL,1,1: ในเขต มีชื่อ+อยู่จริง,45-59 ปี,2
category,DIAGNOSIS_OPD,ท่าแพ,09631,โรงพยาบาลส่งเสริมสุขภาพตำบลสาคร,"ติดสารเสพติดอื่นๆ (F11,F12,F13,F14,F16,F17,F18,F19)",ALL,1,1: ในเขต มีชื่อ+อยู่จริง,15-29 ปี,1
category,DIAGNOSIS_OPD,ท่าแพ,09631,โรงพยาบาลส่งเสริมสุขภาพตำบลสาคร,"ติดสารเสพติดอื่นๆ (F11,F12,F13,F14,F16,F17,F18,F19)",ALL,1,1: ในเขต มีชื่อ+อยู่จริง,30-44 ปี,1
category,DIAGNOSIS_OPD,ท่าแพ,09631,โรงพยาบาลส่งเสริมสุขภาพตำบลสาคร,"ติดสารเสพติดอื่นๆ (F11,F12,F13,F14,F16,F17,F18,F19)",ALL,2,2: ในเขต มีชื่อ แต่ไม่อยู่จริง,30-44 ปี,1
category,DIAGNOSIS_OPD,ท่าแพ,09631,โรงพยาบาลส่งเสริมสุขภาพตำบลสาคร,โรคจิตเภท (F20),ALL,1,1: ในเขต มีชื่อ+อยู่จริง,30-44 ปี,1
category,DIAGNOSIS_OPD,ท่าแพ,09631,โรงพยาบาลส่งเสริมสุขภาพตำบลสาคร,โรคจิตเภท (F20),ALL,3,3: อาศัยในเขต ทะเบียนบ้านอยู่นอกเขต,15-29 ปี,1
category,DIAGNOSIS_OPD,ท่าแพ,09631,โรงพยาบาลส่งเสริมสุขภาพตำบลสาคร,โรคจิตเภท (F20),ALL,3,3: อาศัยในเขต ทะเบียนบ้านอยู่นอกเขต,30-44 ปี,1
category,DIAGNOSIS_OPD,ท่าแพ,09631,โรงพยาบาลส่งเสริมสุขภาพตำบลสาคร,"โรคซึมเศร้า (F32,F33,F341,F38,F39)",ALL,1,1: ในเขต มีชื่อ+อยู่จริง,60-74 ปี,1
category,DIAGNOSIS_OPD,ท่าแพ,09631,โรงพยาบาลส่งเสริมสุขภาพตำบลสาคร,"โรคทางจิตเวชอื่นๆ (F04-F09,F50-F69,F80,F82-F83,F88-F89,F91-F99 ยกเว้น F638,F988)",ALL,1,1: ในเขต มีชื่อ+อยู่จริง,15-29 ปี,1
category,DIAGNOSIS_OPD,ท่าแพ,09631,โรงพยาบาลส่งเสริมสุขภาพตำบลสาคร,"โรคทางจิตเวชอื่นๆ (F04-F09,F50-F69,F80,F82-F83,F88-F89,F91-F99 ยกเว้น F638,F988)",ALL,1,1: ในเขต มีชื่อ+อยู่จริง,30-44 ปี,1
category,DIAGNOSIS_OPD,ท่าแพ,09631,โรงพยาบาลส่งเสริมสุขภาพตำบลสาคร,"โรคทางจิตเวชอื่นๆ (F04-F09,F50-F69,F80,F82-F83,F88-F89,F91-F99 ยกเว้น F638,F988)",ALL,1,1: ในเขต มีชื่อ+อยู่จริง,75 ปีขึ้นไป,1
category,DIAGNOSIS_OPD,ท่าแพ,09631,โรงพยาบาลส่งเสริมสุขภาพตำบลสาคร,"โรคทางจิตเวชอื่นๆ (F04-F09,F50-F69,F80,F82-F83,F88-F89,F91-F99 ยกเว้น F638,F988)",ALL,3,3: อาศัยในเขต ทะเบียนบ้านอยู่นอกเขต,30-44 ปี,1
category,DIAGNOSIS_OPD,ท่าแพ,09631,โรงพยาบาลส่งเสริมสุขภาพตำบลสาคร,โรควิตกกังวล (F40-F48),ALL,1,1: ในเขต มีชื่อ+อยู่จริง,30-44 ปี,3
category,DIAGNOSIS_OPD,ท่าแพ,09631,โรงพยาบาลส่งเสริมสุขภาพตำบลสาคร,โรควิตกกังวล (F40-F48),ALL,1,1: ในเขต มีชื่อ+อยู่จริง,45-59 ปี,2
category,DIAGNOSIS_OPD,ท่าแพ,09631,โรงพยาบาลส่งเสริมสุขภาพตำบลสาคร,โรควิตกกังวล (F40-F48),ALL,4,4: นอกเขต มารับบริการ/เคยอยู่ในเขต,45-59 ปี,1
category,DIAGNOSIS_OPD,ท่าแพ,09631,โรงพยาบาลส่งเสริมสุขภาพตำบลสาคร,โรคอารมณ์สองขั้ว (F31),ALL,1,1: ในเขต มีชื่อ+อยู่จริง,30-44 ปี,1
category,DIAGNOSIS_OPD,ท่าแพ,09630,โรงพยาบาลส่งเสริมสุขภาพตำบลแป-ระ,ติดยาบ้า Amphetamine (F15),ALL,1,1: ในเขต มีชื่อ+อยู่จริง,15-29 ปี,1
category,DIAGNOSIS_OPD,ท่าแพ,09630,โรงพยาบาลส่งเสริมสุขภาพตำบลแป-ระ,"ติดสารเสพติดอื่นๆ (F11,F12,F13,F14,F16,F17,F18,F19)",ALL,1,1: ในเขต มีชื่อ+อยู่จริง,15-29 ปี,2
category,DIAGNOSIS_OPD,ท่าแพ,09630,โรงพยาบาลส่งเสริมสุขภาพตำบลแป-ระ,"ติดสารเสพติดอื่นๆ (F11,F12,F13,F14,F16,F17,F18,F19)",ALL,4,4: นอกเขต มารับบริการ/เคยอยู่ในเขต,30-44 ปี,1
category,DIAGNOSIS_OPD,ท่าแพ,09630,โรงพยาบาลส่งเสริมสุขภาพตำบลแป-ระ,โรคจิตอื่นๆ (F21-F29),ALL,1,1: ในเขต มีชื่อ+อยู่จริง,30-44 ปี,4
category,DIAGNOSIS_OPD,ท่าแพ,09630,โรงพยาบาลส่งเสริมสุขภาพตำบลแป-ระ,โรคจิตอื่นๆ (F21-F29),ALL,3,3: อาศัยในเขต ทะเบียนบ้านอยู่นอกเขต,30-44 ปี,1
category,DIAGNOSIS_OPD,ท่าแพ,09630,โรงพยาบาลส่งเสริมสุขภาพตำบลแป-ระ,โรคจิตเภท (F20),ALL,1,1: ในเขต มีชื่อ+อยู่จริง,15-29 ปี,2
category,DIAGNOSIS_OPD,ท่าแพ,09630,โรงพยาบาลส่งเสริมสุขภาพตำบลแป-ระ,โรคจิตเภท (F20),ALL,1,1: ในเขต มีชื่อ+อยู่จริง,30-44 ปี,4
category,DIAGNOSIS_OPD,ท่าแพ,09630,โรงพยาบาลส่งเสริมสุขภาพตำบลแป-ระ,โรคจิตเภท (F20),ALL,2,2: ในเขต มีชื่อ แต่ไม่อยู่จริง,30-44 ปี,1
category,DIAGNOSIS_OPD,ท่าแพ,09630,โรงพยาบาลส่งเสริมสุขภาพตำบลแป-ระ,โรคจิตเภท (F20),ALL,4,4: นอกเขต มารับบริการ/เคยอยู่ในเขต,30-44 ปี,3
category,DIAGNOSIS_OPD,ท่าแพ,09630,โรงพยาบาลส่งเสริมสุขภาพตำบลแป-ระ,"โรคซึมเศร้า (F32,F33,F341,F38,F39)",ALL,1,1: ในเขต มีชื่อ+อยู่จริง,30-44 ปี,1
category,DIAGNOSIS_OPD,ท่าแพ,09630,โรงพยาบาลส่งเสริมสุขภาพตำบลแป-ระ,"โรคทางจิตเวชอื่นๆ (F04-F09,F50-F69,F80,F82-F83,F88-F89,F91-F99 ยกเว้น F638,F988)",ALL,1,1: ในเขต มีชื่อ+อยู่จริง,15-29 ปี,1
category,DIAGNOSIS_OPD,ท่าแพ,09630,โรงพยาบาลส่งเสริมสุขภาพตำบลแป-ระ,"โรคทางจิตเวชอื่นๆ (F04-F09,F50-F69,F80,F82-F83,F88-F89,F91-F99 ยกเว้น F638,F988)",ALL,1,1: ในเขต มีชื่อ+อยู่จริง,30-44 ปี,1
category,DIAGNOSIS_OPD,ท่าแพ,09630,โรงพยาบาลส่งเสริมสุขภาพตำบลแป-ระ,"โรคทางจิตเวชอื่นๆ (F04-F09,F50-F69,F80,F82-F83,F88-F89,F91-F99 ยกเว้น F638,F988)",ALL,1,1: ในเขต มีชื่อ+อยู่จริง,45-59 ปี,1
category,DIAGNOSIS_OPD,ท่าแพ,09630,โรงพยาบาลส่งเสริมสุขภาพตำบลแป-ระ,"โรคทางจิตเวชอื่นๆ (F04-F09,F50-F69,F80,F82-F83,F88-F89,F91-F99 ยกเว้น F638,F988)",ALL,1,1: ในเขต มีชื่อ+อยู่จริง,60-74 ปี,1
category,DIAGNOSIS_OPD,ท่าแพ,09630,โรงพยาบาลส่งเสริมสุขภาพตำบลแป-ระ,โรควิตกกังวล (F40-F48),ALL,1,1: ในเขต มีชื่อ+อยู่จริง,30-44 ปี,2
category,DIAGNOSIS_OPD,ท่าแพ,09630,โรงพยาบาลส่งเสริมสุขภาพตำบลแป-ระ,โรควิตกกังวล (F40-F48),ALL,1,1: ในเขต มีชื่อ+อยู่จริง,45-59 ปี,1
category,DIAGNOSIS_OPD,ท่าแพ,09630,โรงพยาบาลส่งเสริมสุขภาพตำบลแป-ระ,โรควิตกกังวล (F40-F48),ALL,4,4: นอกเขต มารับบริการ/เคยอยู่ในเขต,60-74 ปี,1
category,DIAGNOSIS_OPD,มะนัง,09652,สถานีอนามัยเฉลิมพระเกียรติ 60 พรรษา นวมินทราชินี ,"โรคทางจิตเวชอื่นๆ (F04-F09,F50-F69,F80,F82-F83,F88-F89,F91-F99 ยกเว้น F638,F988)",ALL,1,1: ในเขต มีชื่อ+อยู่จริง,15-29 ปี,1
category,DIAGNOSIS_OPD,มะนัง,09652,สถานีอนามัยเฉลิมพระเกียรติ 60 พรรษา นวมินทราชินี ,"โรคทางจิตเวชอื่นๆ (F04-F09,F50-F69,F80,F82-F83,F88-F89,F91-F99 ยกเว้น F638,F988)",ALL,1,1: ในเขต มีชื่อ+อยู่จริง,45-59 ปี,2
category,DIAGNOSIS_OPD,มะนัง,09652,สถานีอนามัยเฉลิมพระเกียรติ 60 พรรษา นวมินทราชินี ,"โรคทางจิตเวชอื่นๆ (F04-F09,F50-F69,F80,F82-F83,F88-F89,F91-F99 ยกเว้น F638,F988)",ALL,1,1: ในเขต มีชื่อ+อยู่จริง,60-74 ปี,3
category,DIAGNOSIS_OPD,มะนัง,09652,สถานีอนามัยเฉลิมพระเกียรติ 60 พรรษา นวมินทราชินี ,"โรคทางจิตเวชอื่นๆ (F04-F09,F50-F69,F80,F82-F83,F88-F89,F91-F99 ยกเว้น F638,F988)",ALL,1,1: ในเขต มีชื่อ+อยู่จริง,75 ปีขึ้นไป,3
category,DIAGNOSIS_OPD,มะนัง,09652,สถานีอนามัยเฉลิมพระเกียรติ 60 พรรษา นวมินทราชินี ,"โรคทางจิตเวชอื่นๆ (F04-F09,F50-F69,F80,F82-F83,F88-F89,F91-F99 ยกเว้น F638,F988)",ALL,2,2: ในเขต มีชื่อ แต่ไม่อยู่จริง,45-59 ปี,1
category,DIAGNOSIS_OPD,มะนัง,09652,สถานีอนามัยเฉลิมพระเกียรติ 60 พรรษา นวมินทราชินี ,"โรคทางจิตเวชอื่นๆ (F04-F09,F50-F69,F80,F82-F83,F88-F89,F91-F99 ยกเว้น F638,F988)",ALL,4,4: นอกเขต มารับบริการ/เคยอยู่ในเขต,30-44 ปี,1
category,DIAGNOSIS_OPD,มะนัง,09652,สถานีอนามัยเฉลิมพระเกียรติ 60 พรรษา นวมินทราชินี ,โรควิตกกังวล (F40-F48),ALL,1,1: ในเขต มีชื่อ+อยู่จริง,15-29 ปี,2
category,DIAGNOSIS_OPD,มะนัง,09652,สถานีอนามัยเฉลิมพระเกียรติ 60 พรรษา นวมินทราชินี ,โรควิตกกังวล (F40-F48),ALL,1,1: ในเขต มีชื่อ+อยู่จริง,60-74 ปี,3
category,DIAGNOSIS_OPD,มะนัง,09652,สถานีอนามัยเฉลิมพระเกียรติ 60 พรรษา นวมินทราชินี ,โรควิตกกังวล (F40-F48),ALL,1,1: ในเขต มีชื่อ+อยู่จริง,75 ปีขึ้นไป,1
category,DIAGNOSIS_OPD,มะนัง,09652,สถานีอนามัยเฉลิมพระเกียรติ 60 พรรษา นวมินทราชินี ,โรควิตกกังวล (F40-F48),ALL,3,3: อาศัยในเขต ทะเบียนบ้านอยู่นอกเขต,60-74 ปี,1
category,DIAGNOSIS_OPD,มะนัง,28786,โรงพยาบาลมะนัง,ความบกพร่องทางการเรียนรู้ (F81),ALL,1,1: ในเขต มีชื่อ+อยู่จริง,0-14 ปี,4
category,DIAGNOSIS_OPD,มะนัง,28786,โรงพยาบาลมะนัง,ความบกพร่องทางการเรียนรู้ (F81),ALL,2,2: ในเขต มีชื่อ แต่ไม่อยู่จริง,0-14 ปี,1
category,DIAGNOSIS_OPD,มะนัง,28786,โรงพยาบาลมะนัง,ความบกพร่องทางการเรียนรู้ (F81),ALL,3,3: อาศัยในเขต ทะเบียนบ้านอยู่นอกเขต,0-14 ปี,1
category,DIAGNOSIS_OPD,มะนัง,28786,โรงพยาบาลมะนัง,ความบกพร่องทางการเรียนรู้ (F81),ALL,4,4: นอกเขต มารับบริการ/เคยอยู่ในเขต,0-14 ปี,31
category,DIAGNOSIS_OPD,มะนัง,28786,โรงพยาบาลมะนัง,ความบกพร่องทางการเรียนรู้ (F81),ALL,4,4: นอกเขต มารับบริการ/เคยอยู่ในเขต,15-29 ปี,5
category,DIAGNOSIS_OPD,มะนัง,28786,โรงพยาบาลมะนัง,ความบกพร่องทางสติปัญญา (F70-F79),ALL,1,1: ในเขต มีชื่อ+อยู่จริง,45-59 ปี,1
category,DIAGNOSIS_OPD,มะนัง,28786,โรงพยาบาลมะนัง,ความบกพร่องทางสติปัญญา (F70-F79),ALL,4,4: นอกเขต มารับบริการ/เคยอยู่ในเขต,0-14 ปี,2
category,DIAGNOSIS_OPD,มะนัง,28786,โรงพยาบาลมะนัง,ความบกพร่องทางสติปัญญา (F70-F79),ALL,4,4: นอกเขต มารับบริการ/เคยอยู่ในเขต,15-29 ปี,4
category,DIAGNOSIS_OPD,มะนัง,28786,โรงพยาบาลมะนัง,ความบกพร่องทางสติปัญญา (F70-F79),ALL,4,4: นอกเขต มารับบริการ/เคยอยู่ในเขต,30-44 ปี,2
category,DIAGNOSIS_OPD,มะนัง,28786,โรงพยาบาลมะนัง,ติดยาบ้า Amphetamine (F15),ALL,"",อื่นๆ/ไม่ทราบ,30-44 ปี,1
category,DIAGNOSIS_OPD,มะนัง,28786,โรงพยาบาลมะนัง,ติดยาบ้า Amphetamine (F15),ALL,1,1: ในเขต มีชื่อ+อยู่จริง,15-29 ปี,10
category,DIAGNOSIS_OPD,มะนัง,28786,โรงพยาบาลมะนัง,ติดยาบ้า Amphetamine (F15),ALL,1,1: ในเขต มีชื่อ+อยู่จริง,30-44 ปี,6
category,DIAGNOSIS_OPD,มะนัง,28786,โรงพยาบาลมะนัง,ติดยาบ้า Amphetamine (F15),ALL,1,1: ในเขต มีชื่อ+อยู่จริง,45-59 ปี,1
category,DIAGNOSIS_OPD,มะนัง,28786,โรงพยาบาลมะนัง,ติดยาบ้า Amphetamine (F15),ALL,2,2: ในเขต มีชื่อ แต่ไม่อยู่จริง,15-29 ปี,5
category,DIAGNOSIS_OPD,มะนัง,28786,โรงพยาบาลมะนัง,ติดยาบ้า Amphetamine (F15),ALL,4,4: นอกเขต มารับบริการ/เคยอยู่ในเขต,0-14 ปี,2
category,DIAGNOSIS_OPD,มะนัง,28786,โรงพยาบาลมะนัง,ติดยาบ้า Amphetamine (F15),ALL,4,4: นอกเขต มารับบริการ/เคยอยู่ในเขต,15-29 ปี,51
category,DIAGNOSIS_OPD,มะนัง,28786,โรงพยาบาลมะนัง,ติดยาบ้า Amphetamine (F15),ALL,4,4: นอกเขต มารับบริการ/เคยอยู่ในเขต,30-44 ปี,44
category,DIAGNOSIS_OPD,มะนัง,28786,โรงพยาบาลมะนัง,ติดยาบ้า Amphetamine (F15),ALL,4,4: นอกเขต มารับบริการ/เคยอยู่ในเขต,45-59 ปี,12
category,DIAGNOSIS_OPD,มะนัง,28786,โรงพยาบาลมะนัง,ติดยาบ้า Amphetamine (F15),ALL,4,4: นอกเขต มารับบริการ/เคยอยู่ในเขต,60-74 ปี,2
category,DIAGNOSIS_OPD,มะนัง,28786,โรงพยาบาลมะนัง,ติดยาบ้า Amphetamine (F15),ALL,4,4: นอกเขต มารับบริการ/เคยอยู่ในเขต,75 ปีขึ้นไป,1
category,DIAGNOSIS_OPD,มะนัง,28786,โรงพยาบาลมะนัง,"ติดสารเสพติดอื่นๆ (F11,F12,F13,F14,F16,F17,F18,F19)",ALL,"",อื่นๆ/ไม่ทราบ,30-44 ปี,1
category,DIAGNOSIS_OPD,มะนัง,28786,โรงพยาบาลมะนัง,"ติดสารเสพติดอื่นๆ (F11,F12,F13,F14,F16,F17,F18,F19)",ALL,1,1: ในเขต มีชื่อ+อยู่จริง,15-29 ปี,2
category,DIAGNOSIS_OPD,มะนัง,28786,โรงพยาบาลมะนัง,"ติดสารเสพติดอื่นๆ (F11,F12,F13,F14,F16,F17,F18,F19)",ALL,1,1: ในเขต มีชื่อ+อยู่จริง,30-44 ปี,10
category,DIAGNOSIS_OPD,มะนัง,28786,โรงพยาบาลมะนัง,"ติดสารเสพติดอื่นๆ (F11,F12,F13,F14,F16,F17,F18,F19)",ALL,1,1: ในเขต มีชื่อ+อยู่จริง,45-59 ปี,4
category,DIAGNOSIS_OPD,มะนัง,28786,โรงพยาบาลมะนัง,"ติดสารเสพติดอื่นๆ (F11,F12,F13,F14,F16,F17,F18,F19)",ALL,1,1: ในเขต มีชื่อ+อยู่จริง,60-74 ปี,1
category,DIAGNOSIS_OPD,มะนัง,28786,โรงพยาบาลมะนัง,"ติดสารเสพติดอื่นๆ (F11,F12,F13,F14,F16,F17,F18,F19)",ALL,1,1: ในเขต มีชื่อ+อยู่จริง,75 ปีขึ้นไป,1
category,DIAGNOSIS_OPD,มะนัง,28786,โรงพยาบาลมะนัง,"ติดสารเสพติดอื่นๆ (F11,F12,F13,F14,F16,F17,F18,F19)",ALL,2,2: ในเขต มีชื่อ แต่ไม่อยู่จริง,30-44 ปี,2
category,DIAGNOSIS_OPD,มะนัง,28786,โรงพยาบาลมะนัง,"ติดสารเสพติดอื่นๆ (F11,F12,F13,F14,F16,F17,F18,F19)",ALL,2,2: ในเขต มีชื่อ แต่ไม่อยู่จริง,45-59 ปี,2
category,DIAGNOSIS_OPD,มะนัง,28786,โรงพยาบาลมะนัง,"ติดสารเสพติดอื่นๆ (F11,F12,F13,F14,F16,F17,F18,F19)",ALL,2,2: ในเขต มีชื่อ แต่ไม่อยู่จริง,75 ปีขึ้นไป,1
category,DIAGNOSIS_OPD,มะนัง,28786,โรงพยาบาลมะนัง,"ติดสารเสพติดอื่นๆ (F11,F12,F13,F14,F16,F17,F18,F19)",ALL,3,3: อาศัยในเขต ทะเบียนบ้านอยู่นอกเขต,15-29 ปี,1
category,DIAGNOSIS_OPD,มะนัง,28786,โรงพยาบาลมะนัง,"ติดสารเสพติดอื่นๆ (F11,F12,F13,F14,F16,F17,F18,F19)",ALL,4,4: นอกเขต มารับบริการ/เคยอยู่ในเขต,0-14 ปี,2
category,DIAGNOSIS_OPD,มะนัง,28786,โรงพยาบาลมะนัง,"ติดสารเสพติดอื่นๆ (F11,F12,F13,F14,F16,F17,F18,F19)",ALL,4,4: นอกเขต มารับบริการ/เคยอยู่ในเขต,15-29 ปี,23
category,DIAGNOSIS_OPD,มะนัง,28786,โรงพยาบาลมะนัง,"ติดสารเสพติดอื่นๆ (F11,F12,F13,F14,F16,F17,F18,F19)",ALL,4,4: นอกเขต มารับบริการ/เคยอยู่ในเขต,30-44 ปี,41
category,DIAGNOSIS_OPD,มะนัง,28786,โรงพยาบาลมะนัง,"ติดสารเสพติดอื่นๆ (F11,F12,F13,F14,F16,F17,F18,F19)",ALL,4,4: นอกเขต มารับบริการ/เคยอยู่ในเขต,45-59 ปี,12
category,DIAGNOSIS_OPD,มะนัง,28786,โรงพยาบาลมะนัง,"ติดสารเสพติดอื่นๆ (F11,F12,F13,F14,F16,F17,F18,F19)",ALL,4,4: นอกเขต มารับบริการ/เคยอยู่ในเขต,60-74 ปี,13
category,DIAGNOSIS_OPD,มะนัง,28786,โรงพยาบาลมะนัง,"ติดสารเสพติดอื่นๆ (F11,F12,F13,F14,F16,F17,F18,F19)",ALL,4,4: นอกเขต มารับบริการ/เคยอยู่ในเขต,75 ปีขึ้นไป,1
category,DIAGNOSIS_OPD,มะนัง,28786,โรงพยาบาลมะนัง,ติดแอลกอฮอล์ (F10),ALL,1,1: ในเขต มีชื่อ+อยู่จริง,45-59 ปี,4
category,DIAGNOSIS_OPD,มะนัง,28786,โรงพยาบาลมะนัง,ติดแอลกอฮอล์ (F10),ALL,1,1: ในเขต มีชื่อ+อยู่จริง,60-74 ปี,2
category,DIAGNOSIS_OPD,มะนัง,28786,โรงพยาบาลมะนัง,ติดแอลกอฮอล์ (F10),ALL,4,4: นอกเขต มารับบริการ/เคยอยู่ในเขต,30-44 ปี,5
category,DIAGNOSIS_OPD,มะนัง,28786,โรงพยาบาลมะนัง,ติดแอลกอฮอล์ (F10),ALL,4,4: นอกเขต มารับบริการ/เคยอยู่ในเขต,45-59 ปี,10
category,DIAGNOSIS_OPD,มะนัง,28786,โรงพยาบาลมะนัง,ติดแอลกอฮอล์ (F10),ALL,4,4: นอกเขต มารับบริการ/เคยอยู่ในเขต,60-74 ปี,13
category,DIAGNOSIS_OPD,มะนัง,28786,โรงพยาบาลมะนัง,ติดแอลกอฮอล์ (F10),ALL,4,4: นอกเขต มารับบริการ/เคยอยู่ในเขต,75 ปีขึ้นไป,3
category,DIAGNOSIS_OPD,มะนัง,28786,โรงพยาบาลมะนัง,พยายามฆ่าตัวตาย/ตั้งใจทำร้ายตนเอง (X60-X84),ALL,1,1: ในเขต มีชื่อ+อยู่จริง,0-14 ปี,1
category,DIAGNOSIS_OPD,มะนัง,28786,โรงพยาบาลมะนัง,พยายามฆ่าตัวตาย/ตั้งใจทำร้ายตนเอง (X60-X84),ALL,1,1: ในเขต มีชื่อ+อยู่จริง,15-29 ปี,1
category,DIAGNOSIS_OPD,มะนัง,28786,โรงพยาบาลมะนัง,พยายามฆ่าตัวตาย/ตั้งใจทำร้ายตนเอง (X60-X84),ALL,1,1: ในเขต มีชื่อ+อยู่จริง,30-44 ปี,1
category,DIAGNOSIS_OPD,มะนัง,28786,โรงพยาบาลมะนัง,พยายามฆ่าตัวตาย/ตั้งใจทำร้ายตนเอง (X60-X84),ALL,1,1: ในเขต มีชื่อ+อยู่จริง,45-59 ปี,1
category,DIAGNOSIS_OPD,มะนัง,28786,โรงพยาบาลมะนัง,พยายามฆ่าตัวตาย/ตั้งใจทำร้ายตนเอง (X60-X84),ALL,2,2: ในเขต มีชื่อ แต่ไม่อยู่จริง,0-14 ปี,1
category,DIAGNOSIS_OPD,มะนัง,28786,โรงพยาบาลมะนัง,พยายามฆ่าตัวตาย/ตั้งใจทำร้ายตนเอง (X60-X84),ALL,2,2: ในเขต มีชื่อ แต่ไม่อยู่จริง,15-29 ปี,1
category,DIAGNOSIS_OPD,มะนัง,28786,โรงพยาบาลมะนัง,พยายามฆ่าตัวตาย/ตั้งใจทำร้ายตนเอง (X60-X84),ALL,2,2: ในเขต มีชื่อ แต่ไม่อยู่จริง,30-44 ปี,1
category,DIAGNOSIS_OPD,มะนัง,28786,โรงพยาบาลมะนัง,พยายามฆ่าตัวตาย/ตั้งใจทำร้ายตนเอง (X60-X84),ALL,3,3: อาศัยในเขต ทะเบียนบ้านอยู่นอกเขต,15-29 ปี,2
category,DIAGNOSIS_OPD,มะนัง,28786,โรงพยาบาลมะนัง,พยายามฆ่าตัวตาย/ตั้งใจทำร้ายตนเอง (X60-X84),ALL,4,4: นอกเขต มารับบริการ/เคยอยู่ในเขต,0-14 ปี,4
category,DIAGNOSIS_OPD,มะนัง,28786,โรงพยาบาลมะนัง,พยายามฆ่าตัวตาย/ตั้งใจทำร้ายตนเอง (X60-X84),ALL,4,4: นอกเขต มารับบริการ/เคยอยู่ในเขต,15-29 ปี,21
category,DIAGNOSIS_OPD,มะนัง,28786,โรงพยาบาลมะนัง,พยายามฆ่าตัวตาย/ตั้งใจทำร้ายตนเอง (X60-X84),ALL,4,4: นอกเขต มารับบริการ/เคยอยู่ในเขต,30-44 ปี,8
category,DIAGNOSIS_OPD,มะนัง,28786,โรงพยาบาลมะนัง,พยายามฆ่าตัวตาย/ตั้งใจทำร้ายตนเอง (X60-X84),ALL,4,4: นอกเขต มารับบริการ/เคยอยู่ในเขต,45-59 ปี,6
category,DIAGNOSIS_OPD,มะนัง,28786,โรงพยาบาลมะนัง,พยายามฆ่าตัวตาย/ตั้งใจทำร้ายตนเอง (X60-X84),ALL,4,4: นอกเขต มารับบริการ/เคยอยู่ในเขต,60-74 ปี,1
category,DIAGNOSIS_OPD,มะนัง,28786,โรงพยาบาลมะนัง,โรคจิตอื่นๆ (F21-F29),ALL,1,1: ในเขต มีชื่อ+อยู่จริง,15-29 ปี,1
category,DIAGNOSIS_OPD,มะนัง,28786,โรงพยาบาลมะนัง,โรคจิตอื่นๆ (F21-F29),ALL,1,1: ในเขต มีชื่อ+อยู่จริง,30-44 ปี,5
category,DIAGNOSIS_OPD,มะนัง,28786,โรงพยาบาลมะนัง,โรคจิตอื่นๆ (F21-F29),ALL,1,1: ในเขต มีชื่อ+อยู่จริง,45-59 ปี,1
category,DIAGNOSIS_OPD,มะนัง,28786,โรงพยาบาลมะนัง,โรคจิตอื่นๆ (F21-F29),ALL,2,2: ในเขต มีชื่อ แต่ไม่อยู่จริง,30-44 ปี,1
category,DIAGNOSIS_OPD,มะนัง,28786,โรงพยาบาลมะนัง,โรคจิตอื่นๆ (F21-F29),ALL,4,4: นอกเขต มารับบริการ/เคยอยู่ในเขต,0-14 ปี,3
category,DIAGNOSIS_OPD,มะนัง,28786,โรงพยาบาลมะนัง,โรคจิตอื่นๆ (F21-F29),ALL,4,4: นอกเขต มารับบริการ/เคยอยู่ในเขต,15-29 ปี,14
category,DIAGNOSIS_OPD,มะนัง,28786,โรงพยาบาลมะนัง,โรคจิตอื่นๆ (F21-F29),ALL,4,4: นอกเขต มารับบริการ/เคยอยู่ในเขต,30-44 ปี,33
category,DIAGNOSIS_OPD,มะนัง,28786,โรงพยาบาลมะนัง,โรคจิตอื่นๆ (F21-F29),ALL,4,4: นอกเขต มารับบริการ/เคยอยู่ในเขต,45-59 ปี,16
category,DIAGNOSIS_OPD,มะนัง,28786,โรงพยาบาลมะนัง,โรคจิตอื่นๆ (F21-F29),ALL,4,4: นอกเขต มารับบริการ/เคยอยู่ในเขต,60-74 ปี,8
category,DIAGNOSIS_OPD,มะนัง,28786,โรงพยาบาลมะนัง,โรคจิตอื่นๆ (F21-F29),ALL,4,4: นอกเขต มารับบริการ/เคยอยู่ในเขต,75 ปีขึ้นไป,3
category,DIAGNOSIS_OPD,มะนัง,28786,โรงพยาบาลมะนัง,โรคจิตเภท (F20),ALL,1,1: ในเขต มีชื่อ+อยู่จริง,15-29 ปี,4
category,DIAGNOSIS_OPD,มะนัง,28786,โรงพยาบาลมะนัง,โรคจิตเภท (F20),ALL,1,1: ในเขต มีชื่อ+อยู่จริง,30-44 ปี,8
category,DIAGNOSIS_OPD,มะนัง,28786,โรงพยาบาลมะนัง,โรคจิตเภท (F20),ALL,1,1: ในเขต มีชื่อ+อยู่จริง,45-59 ปี,6
category,DIAGNOSIS_OPD,มะนัง,28786,โรงพยาบาลมะนัง,โรคจิตเภท (F20),ALL,2,2: ในเขต มีชื่อ แต่ไม่อยู่จริง,30-44 ปี,1
category,DIAGNOSIS_OPD,มะนัง,28786,โรงพยาบาลมะนัง,โรคจิตเภท (F20),ALL,2,2: ในเขต มีชื่อ แต่ไม่อยู่จริง,45-59 ปี,1
category,DIAGNOSIS_OPD,มะนัง,28786,โรงพยาบาลมะนัง,โรคจิตเภท (F20),ALL,4,4: นอกเขต มารับบริการ/เคยอยู่ในเขต,0-14 ปี,1
category,DIAGNOSIS_OPD,มะนัง,28786,โรงพยาบาลมะนัง,โรคจิตเภท (F20),ALL,4,4: นอกเขต มารับบริการ/เคยอยู่ในเขต,15-29 ปี,12
category,DIAGNOSIS_OPD,มะนัง,28786,โรงพยาบาลมะนัง,โรคจิตเภท (F20),ALL,4,4: นอกเขต มารับบริการ/เคยอยู่ในเขต,30-44 ปี,54
category,DIAGNOSIS_OPD,มะนัง,28786,โรงพยาบาลมะนัง,โรคจิตเภท (F20),ALL,4,4: นอกเขต มารับบริการ/เคยอยู่ในเขต,45-59 ปี,31
category,DIAGNOSIS_OPD,มะนัง,28786,โรงพยาบาลมะนัง,โรคจิตเภท (F20),ALL,4,4: นอกเขต มารับบริการ/เคยอยู่ในเขต,60-74 ปี,14
category,DIAGNOSIS_OPD,มะนัง,28786,โรงพยาบาลมะนัง,โรคจิตเภท (F20),ALL,4,4: นอกเขต มารับบริการ/เคยอยู่ในเขต,75 ปีขึ้นไป,1
category,DIAGNOSIS_OPD,มะนัง,28786,โรงพยาบาลมะนัง,"โรคซึมเศร้า (F32,F33,F341,F38,F39)",ALL,"",อื่นๆ/ไม่ทราบ,30-44 ปี,2
category,DIAGNOSIS_OPD,มะนัง,28786,โรงพยาบาลมะนัง,"โรคซึมเศร้า (F32,F33,F341,F38,F39)",ALL,"",อื่นๆ/ไม่ทราบ,45-59 ปี,1
category,DIAGNOSIS_OPD,มะนัง,28786,โรงพยาบาลมะนัง,"โรคซึมเศร้า (F32,F33,F341,F38,F39)",ALL,1,1: ในเขต มีชื่อ+อยู่จริง,0-14 ปี,4
category,DIAGNOSIS_OPD,มะนัง,28786,โรงพยาบาลมะนัง,"โรคซึมเศร้า (F32,F33,F341,F38,F39)",ALL,1,1: ในเขต มีชื่อ+อยู่จริง,15-29 ปี,6
category,DIAGNOSIS_OPD,มะนัง,28786,โรงพยาบาลมะนัง,"โรคซึมเศร้า (F32,F33,F341,F38,F39)",ALL,1,1: ในเขต มีชื่อ+อยู่จริง,30-44 ปี,7
category,DIAGNOSIS_OPD,มะนัง,28786,โรงพยาบาลมะนัง,"โรคซึมเศร้า (F32,F33,F341,F38,F39)",ALL,1,1: ในเขต มีชื่อ+อยู่จริง,45-59 ปี,6
category,DIAGNOSIS_OPD,มะนัง,28786,โรงพยาบาลมะนัง,"โรคซึมเศร้า (F32,F33,F341,F38,F39)",ALL,1,1: ในเขต มีชื่อ+อยู่จริง,60-74 ปี,8
category,DIAGNOSIS_OPD,มะนัง,28786,โรงพยาบาลมะนัง,"โรคซึมเศร้า (F32,F33,F341,F38,F39)",ALL,1,1: ในเขต มีชื่อ+อยู่จริง,75 ปีขึ้นไป,1
category,DIAGNOSIS_OPD,มะนัง,28786,โรงพยาบาลมะนัง,"โรคซึมเศร้า (F32,F33,F341,F38,F39)",ALL,2,2: ในเขต มีชื่อ แต่ไม่อยู่จริง,0-14 ปี,1
category,DIAGNOSIS_OPD,มะนัง,28786,โรงพยาบาลมะนัง,"โรคซึมเศร้า (F32,F33,F341,F38,F39)",ALL,2,2: ในเขต มีชื่อ แต่ไม่อยู่จริง,15-29 ปี,2
category,DIAGNOSIS_OPD,มะนัง,28786,โรงพยาบาลมะนัง,"โรคซึมเศร้า (F32,F33,F341,F38,F39)",ALL,2,2: ในเขต มีชื่อ แต่ไม่อยู่จริง,30-44 ปี,1
category,DIAGNOSIS_OPD,มะนัง,28786,โรงพยาบาลมะนัง,"โรคซึมเศร้า (F32,F33,F341,F38,F39)",ALL,2,2: ในเขต มีชื่อ แต่ไม่อยู่จริง,45-59 ปี,2
category,DIAGNOSIS_OPD,มะนัง,28786,โรงพยาบาลมะนัง,"โรคซึมเศร้า (F32,F33,F341,F38,F39)",ALL,3,3: อาศัยในเขต ทะเบียนบ้านอยู่นอกเขต,0-14 ปี,1
category,DIAGNOSIS_OPD,มะนัง,28786,โรงพยาบาลมะนัง,"โรคซึมเศร้า (F32,F33,F341,F38,F39)",ALL,3,3: อาศัยในเขต ทะเบียนบ้านอยู่นอกเขต,15-29 ปี,2
category,DIAGNOSIS_OPD,มะนัง,28786,โรงพยาบาลมะนัง,"โรคซึมเศร้า (F32,F33,F341,F38,F39)",ALL,3,3: อาศัยในเขต ทะเบียนบ้านอยู่นอกเขต,60-74 ปี,1
category,DIAGNOSIS_OPD,มะนัง,28786,โรงพยาบาลมะนัง,"โรคซึมเศร้า (F32,F33,F341,F38,F39)",ALL,4,4: นอกเขต มารับบริการ/เคยอยู่ในเขต,0-14 ปี,28
category,DIAGNOSIS_OPD,มะนัง,28786,โรงพยาบาลมะนัง,"โรคซึมเศร้า (F32,F33,F341,F38,F39)",ALL,4,4: นอกเขต มารับบริการ/เคยอยู่ในเขต,15-29 ปี,84
category,DIAGNOSIS_OPD,มะนัง,28786,โรงพยาบาลมะนัง,"โรคซึมเศร้า (F32,F33,F341,F38,F39)",ALL,4,4: นอกเขต มารับบริการ/เคยอยู่ในเขต,30-44 ปี,70
category,DIAGNOSIS_OPD,มะนัง,28786,โรงพยาบาลมะนัง,"โรคซึมเศร้า (F32,F33,F341,F38,F39)",ALL,4,4: นอกเขต มารับบริการ/เคยอยู่ในเขต,45-59 ปี,72
category,DIAGNOSIS_OPD,มะนัง,28786,โรงพยาบาลมะนัง,"โรคซึมเศร้า (F32,F33,F341,F38,F39)",ALL,4,4: นอกเขต มารับบริการ/เคยอยู่ในเขต,60-74 ปี,39
category,DIAGNOSIS_OPD,มะนัง,28786,โรงพยาบาลมะนัง,"โรคซึมเศร้า (F32,F33,F341,F38,F39)",ALL,4,4: นอกเขต มารับบริการ/เคยอยู่ในเขต,75 ปีขึ้นไป,16
category,DIAGNOSIS_OPD,มะนัง,28786,โรงพยาบาลมะนัง,"โรคทางจิตเวชอื่นๆ (F04-F09,F50-F69,F80,F82-F83,F88-F89,F91-F99 ยกเว้น F638,F988)",ALL,"",อื่นๆ/ไม่ทราบ,0-14 ปี,1
category,DIAGNOSIS_OPD,มะนัง,28786,โรงพยาบาลมะนัง,"โรคทางจิตเวชอื่นๆ (F04-F09,F50-F69,F80,F82-F83,F88-F89,F91-F99 ยกเว้น F638,F988)",ALL,1,1: ในเขต มีชื่อ+อยู่จริง,0-14 ปี,20
category,DIAGNOSIS_OPD,มะนัง,28786,โรงพยาบาลมะนัง,"โรคทางจิตเวชอื่นๆ (F04-F09,F50-F69,F80,F82-F83,F88-F89,F91-F99 ยกเว้น F638,F988)",ALL,1,1: ในเขต มีชื่อ+อยู่จริง,15-29 ปี,9
category,DIAGNOSIS_OPD,มะนัง,28786,โรงพยาบาลมะนัง,"โรคทางจิตเวชอื่นๆ (F04-F09,F50-F69,F80,F82-F83,F88-F89,F91-F99 ยกเว้น F638,F988)",ALL,1,1: ในเขต มีชื่อ+อยู่จริง,30-44 ปี,11
category,DIAGNOSIS_OPD,มะนัง,28786,โรงพยาบาลมะนัง,"โรคทางจิตเวชอื่นๆ (F04-F09,F50-F69,F80,F82-F83,F88-F89,F91-F99 ยกเว้น F638,F988)",ALL,1,1: ในเขต มีชื่อ+อยู่จริง,45-59 ปี,37
category,DIAGNOSIS_OPD,มะนัง,28786,โรงพยาบาลมะนัง,"โรคทางจิตเวชอื่นๆ (F04-F09,F50-F69,F80,F82-F83,F88-F89,F91-F99 ยกเว้น F638,F988)",ALL,1,1: ในเขต มีชื่อ+อยู่จริง,60-74 ปี,30
category,DIAGNOSIS_OPD,มะนัง,28786,โรงพยาบาลมะนัง,"โรคทางจิตเวชอื่นๆ (F04-F09,F50-F69,F80,F82-F83,F88-F89,F91-F99 ยกเว้น F638,F988)",ALL,1,1: ในเขต มีชื่อ+อยู่จริง,75 ปีขึ้นไป,15
category,DIAGNOSIS_OPD,มะนัง,28786,โรงพยาบาลมะนัง,"โรคทางจิตเวชอื่นๆ (F04-F09,F50-F69,F80,F82-F83,F88-F89,F91-F99 ยกเว้น F638,F988)",ALL,2,2: ในเขต มีชื่อ แต่ไม่อยู่จริง,0-14 ปี,1
category,DIAGNOSIS_OPD,มะนัง,28786,โรงพยาบาลมะนัง,"โรคทางจิตเวชอื่นๆ (F04-F09,F50-F69,F80,F82-F83,F88-F89,F91-F99 ยกเว้น F638,F988)",ALL,2,2: ในเขต มีชื่อ แต่ไม่อยู่จริง,30-44 ปี,6
category,DIAGNOSIS_OPD,มะนัง,28786,โรงพยาบาลมะนัง,"โรคทางจิตเวชอื่นๆ (F04-F09,F50-F69,F80,F82-F83,F88-F89,F91-F99 ยกเว้น F638,F988)",ALL,2,2: ในเขต มีชื่อ แต่ไม่อยู่จริง,45-59 ปี,5
category,DIAGNOSIS_OPD,มะนัง,28786,โรงพยาบาลมะนัง,"โรคทางจิตเวชอื่นๆ (F04-F09,F50-F69,F80,F82-F83,F88-F89,F91-F99 ยกเว้น F638,F988)",ALL,2,2: ในเขต มีชื่อ แต่ไม่อยู่จริง,60-74 ปี,4
category,DIAGNOSIS_OPD,มะนัง,28786,โรงพยาบาลมะนัง,"โรคทางจิตเวชอื่นๆ (F04-F09,F50-F69,F80,F82-F83,F88-F89,F91-F99 ยกเว้น F638,F988)",ALL,2,2: ในเขต มีชื่อ แต่ไม่อยู่จริง,75 ปีขึ้นไป,4
category,DIAGNOSIS_OPD,มะนัง,28786,โรงพยาบาลมะนัง,"โรคทางจิตเวชอื่นๆ (F04-F09,F50-F69,F80,F82-F83,F88-F89,F91-F99 ยกเว้น F638,F988)",ALL,3,3: อาศัยในเขต ทะเบียนบ้านอยู่นอกเขต,15-29 ปี,1
category,DIAGNOSIS_OPD,มะนัง,28786,โรงพยาบาลมะนัง,"โรคทางจิตเวชอื่นๆ (F04-F09,F50-F69,F80,F82-F83,F88-F89,F91-F99 ยกเว้น F638,F988)",ALL,3,3: อาศัยในเขต ทะเบียนบ้านอยู่นอกเขต,30-44 ปี,2
category,DIAGNOSIS_OPD,มะนัง,28786,โรงพยาบาลมะนัง,"โรคทางจิตเวชอื่นๆ (F04-F09,F50-F69,F80,F82-F83,F88-F89,F91-F99 ยกเว้น F638,F988)",ALL,3,3: อาศัยในเขต ทะเบียนบ้านอยู่นอกเขต,45-59 ปี,2
category,DIAGNOSIS_OPD,มะนัง,28786,โรงพยาบาลมะนัง,"โรคทางจิตเวชอื่นๆ (F04-F09,F50-F69,F80,F82-F83,F88-F89,F91-F99 ยกเว้น F638,F988)",ALL,3,3: อาศัยในเขต ทะเบียนบ้านอยู่นอกเขต,60-74 ปี,1
category,DIAGNOSIS_OPD,มะนัง,28786,โรงพยาบาลมะนัง,"โรคทางจิตเวชอื่นๆ (F04-F09,F50-F69,F80,F82-F83,F88-F89,F91-F99 ยกเว้น F638,F988)",ALL,4,4: นอกเขต มารับบริการ/เคยอยู่ในเขต,0-14 ปี,41
category,DIAGNOSIS_OPD,มะนัง,28786,โรงพยาบาลมะนัง,"โรคทางจิตเวชอื่นๆ (F04-F09,F50-F69,F80,F82-F83,F88-F89,F91-F99 ยกเว้น F638,F988)",ALL,4,4: นอกเขต มารับบริการ/เคยอยู่ในเขต,15-29 ปี,48
category,DIAGNOSIS_OPD,มะนัง,28786,โรงพยาบาลมะนัง,"โรคทางจิตเวชอื่นๆ (F04-F09,F50-F69,F80,F82-F83,F88-F89,F91-F99 ยกเว้น F638,F988)",ALL,4,4: นอกเขต มารับบริการ/เคยอยู่ในเขต,30-44 ปี,104
category,DIAGNOSIS_OPD,มะนัง,28786,โรงพยาบาลมะนัง,"โรคทางจิตเวชอื่นๆ (F04-F09,F50-F69,F80,F82-F83,F88-F89,F91-F99 ยกเว้น F638,F988)",ALL,4,4: นอกเขต มารับบริการ/เคยอยู่ในเขต,45-59 ปี,161
category,DIAGNOSIS_OPD,มะนัง,28786,โรงพยาบาลมะนัง,"โรคทางจิตเวชอื่นๆ (F04-F09,F50-F69,F80,F82-F83,F88-F89,F91-F99 ยกเว้น F638,F988)",ALL,4,4: นอกเขต มารับบริการ/เคยอยู่ในเขต,60-74 ปี,190
category,DIAGNOSIS_OPD,มะนัง,28786,โรงพยาบาลมะนัง,"โรคทางจิตเวชอื่นๆ (F04-F09,F50-F69,F80,F82-F83,F88-F89,F91-F99 ยกเว้น F638,F988)",ALL,4,4: นอกเขต มารับบริการ/เคยอยู่ในเขต,75 ปีขึ้นไป,108
category,DIAGNOSIS_OPD,มะนัง,28786,โรงพยาบาลมะนัง,โรคลมชัก (G40-G41),ALL,1,1: ในเขต มีชื่อ+อยู่จริง,0-14 ปี,4
category,DIAGNOSIS_OPD,มะนัง,28786,โรงพยาบาลมะนัง,โรคลมชัก (G40-G41),ALL,1,1: ในเขต มีชื่อ+อยู่จริง,15-29 ปี,2
category,DIAGNOSIS_OPD,มะนัง,28786,โรงพยาบาลมะนัง,โรคลมชัก (G40-G41),ALL,1,1: ในเขต มีชื่อ+อยู่จริง,30-44 ปี,3
category,DIAGNOSIS_OPD,มะนัง,28786,โรงพยาบาลมะนัง,โรคลมชัก (G40-G41),ALL,1,1: ในเขต มีชื่อ+อยู่จริง,45-59 ปี,1
category,DIAGNOSIS_OPD,มะนัง,28786,โรงพยาบาลมะนัง,โรคลมชัก (G40-G41),ALL,1,1: ในเขต มีชื่อ+อยู่จริง,60-74 ปี,1
category,DIAGNOSIS_OPD,มะนัง,28786,โรงพยาบาลมะนัง,โรคลมชัก (G40-G41),ALL,2,2: ในเขต มีชื่อ แต่ไม่อยู่จริง,15-29 ปี,2
category,DIAGNOSIS_OPD,มะนัง,28786,โรงพยาบาลมะนัง,โรคลมชัก (G40-G41),ALL,4,4: นอกเขต มารับบริการ/เคยอยู่ในเขต,0-14 ปี,17
category,DIAGNOSIS_OPD,มะนัง,28786,โรงพยาบาลมะนัง,โรคลมชัก (G40-G41),ALL,4,4: นอกเขต มารับบริการ/เคยอยู่ในเขต,15-29 ปี,18
category,DIAGNOSIS_OPD,มะนัง,28786,โรงพยาบาลมะนัง,โรคลมชัก (G40-G41),ALL,4,4: นอกเขต มารับบริการ/เคยอยู่ในเขต,30-44 ปี,20
category,DIAGNOSIS_OPD,มะนัง,28786,โรงพยาบาลมะนัง,โรคลมชัก (G40-G41),ALL,4,4: นอกเขต มารับบริการ/เคยอยู่ในเขต,45-59 ปี,11
category,DIAGNOSIS_OPD,มะนัง,28786,โรงพยาบาลมะนัง,โรคลมชัก (G40-G41),ALL,4,4: นอกเขต มารับบริการ/เคยอยู่ในเขต,60-74 ปี,7
category,DIAGNOSIS_OPD,มะนัง,28786,โรงพยาบาลมะนัง,โรคลมชัก (G40-G41),ALL,4,4: นอกเขต มารับบริการ/เคยอยู่ในเขต,75 ปีขึ้นไป,3
category,DIAGNOSIS_OPD,มะนัง,28786,โรงพยาบาลมะนัง,โรควิตกกังวล (F40-F48),ALL,"",อื่นๆ/ไม่ทราบ,15-29 ปี,7
category,DIAGNOSIS_OPD,มะนัง,28786,โรงพยาบาลมะนัง,โรควิตกกังวล (F40-F48),ALL,1,1: ในเขต มีชื่อ+อยู่จริง,0-14 ปี,9
category,DIAGNOSIS_OPD,มะนัง,28786,โรงพยาบาลมะนัง,โรควิตกกังวล (F40-F48),ALL,1,1: ในเขต มีชื่อ+อยู่จริง,15-29 ปี,12
category,DIAGNOSIS_OPD,มะนัง,28786,โรงพยาบาลมะนัง,โรควิตกกังวล (F40-F48),ALL,1,1: ในเขต มีชื่อ+อยู่จริง,30-44 ปี,20
category,DIAGNOSIS_OPD,มะนัง,28786,โรงพยาบาลมะนัง,โรควิตกกังวล (F40-F48),ALL,1,1: ในเขต มีชื่อ+อยู่จริง,45-59 ปี,46
category,DIAGNOSIS_OPD,มะนัง,28786,โรงพยาบาลมะนัง,โรควิตกกังวล (F40-F48),ALL,1,1: ในเขต มีชื่อ+อยู่จริง,60-74 ปี,41
category,DIAGNOSIS_OPD,มะนัง,28786,โรงพยาบาลมะนัง,โรควิตกกังวล (F40-F48),ALL,1,1: ในเขต มีชื่อ+อยู่จริง,75 ปีขึ้นไป,13
category,DIAGNOSIS_OPD,มะนัง,28786,โรงพยาบาลมะนัง,โรควิตกกังวล (F40-F48),ALL,2,2: ในเขต มีชื่อ แต่ไม่อยู่จริง,0-14 ปี,2
category,DIAGNOSIS_OPD,มะนัง,28786,โรงพยาบาลมะนัง,โรควิตกกังวล (F40-F48),ALL,2,2: ในเขต มีชื่อ แต่ไม่อยู่จริง,15-29 ปี,6
category,DIAGNOSIS_OPD,มะนัง,28786,โรงพยาบาลมะนัง,โรควิตกกังวล (F40-F48),ALL,2,2: ในเขต มีชื่อ แต่ไม่อยู่จริง,30-44 ปี,2
category,DIAGNOSIS_OPD,มะนัง,28786,โรงพยาบาลมะนัง,โรควิตกกังวล (F40-F48),ALL,2,2: ในเขต มีชื่อ แต่ไม่อยู่จริง,45-59 ปี,2
category,DIAGNOSIS_OPD,มะนัง,28786,โรงพยาบาลมะนัง,โรควิตกกังวล (F40-F48),ALL,2,2: ในเขต มีชื่อ แต่ไม่อยู่จริง,60-74 ปี,4
category,DIAGNOSIS_OPD,มะนัง,28786,โรงพยาบาลมะนัง,โรควิตกกังวล (F40-F48),ALL,2,2: ในเขต มีชื่อ แต่ไม่อยู่จริง,75 ปีขึ้นไป,1
category,DIAGNOSIS_OPD,มะนัง,28786,โรงพยาบาลมะนัง,โรควิตกกังวล (F40-F48),ALL,3,3: อาศัยในเขต ทะเบียนบ้านอยู่นอกเขต,0-14 ปี,1
category,DIAGNOSIS_OPD,มะนัง,28786,โรงพยาบาลมะนัง,โรควิตกกังวล (F40-F48),ALL,3,3: อาศัยในเขต ทะเบียนบ้านอยู่นอกเขต,15-29 ปี,2
category,DIAGNOSIS_OPD,มะนัง,28786,โรงพยาบาลมะนัง,โรควิตกกังวล (F40-F48),ALL,3,3: อาศัยในเขต ทะเบียนบ้านอยู่นอกเขต,30-44 ปี,1
category,DIAGNOSIS_OPD,มะนัง,28786,โรงพยาบาลมะนัง,โรควิตกกังวล (F40-F48),ALL,3,3: อาศัยในเขต ทะเบียนบ้านอยู่นอกเขต,45-59 ปี,2
category,DIAGNOSIS_OPD,มะนัง,28786,โรงพยาบาลมะนัง,โรควิตกกังวล (F40-F48),ALL,3,3: อาศัยในเขต ทะเบียนบ้านอยู่นอกเขต,60-74 ปี,1
category,DIAGNOSIS_OPD,มะนัง,28786,โรงพยาบาลมะนัง,โรควิตกกังวล (F40-F48),ALL,4,4: นอกเขต มารับบริการ/เคยอยู่ในเขต,0-14 ปี,56
category,DIAGNOSIS_OPD,มะนัง,28786,โรงพยาบาลมะนัง,โรควิตกกังวล (F40-F48),ALL,4,4: นอกเขต มารับบริการ/เคยอยู่ในเขต,15-29 ปี,122
category,DIAGNOSIS_OPD,มะนัง,28786,โรงพยาบาลมะนัง,โรควิตกกังวล (F40-F48),ALL,4,4: นอกเขต มารับบริการ/เคยอยู่ในเขต,30-44 ปี,149
category,DIAGNOSIS_OPD,มะนัง,28786,โรงพยาบาลมะนัง,โรควิตกกังวล (F40-F48),ALL,4,4: นอกเขต มารับบริการ/เคยอยู่ในเขต,45-59 ปี,158
category,DIAGNOSIS_OPD,มะนัง,28786,โรงพยาบาลมะนัง,โรควิตกกังวล (F40-F48),ALL,4,4: นอกเขต มารับบริการ/เคยอยู่ในเขต,60-74 ปี,160
category,DIAGNOSIS_OPD,มะนัง,28786,โรงพยาบาลมะนัง,โรควิตกกังวล (F40-F48),ALL,4,4: นอกเขต มารับบริการ/เคยอยู่ในเขต,75 ปีขึ้นไป,61
category,DIAGNOSIS_OPD,มะนัง,28786,โรงพยาบาลมะนัง,โรคสมองเสื่อม (F00-F03),ALL,1,1: ในเขต มีชื่อ+อยู่จริง,60-74 ปี,1
category,DIAGNOSIS_OPD,มะนัง,28786,โรงพยาบาลมะนัง,โรคสมองเสื่อม (F00-F03),ALL,4,4: นอกเขต มารับบริการ/เคยอยู่ในเขต,60-74 ปี,6
category,DIAGNOSIS_OPD,มะนัง,28786,โรงพยาบาลมะนัง,โรคสมองเสื่อม (F00-F03),ALL,4,4: นอกเขต มารับบริการ/เคยอยู่ในเขต,75 ปีขึ้นไป,15
category,DIAGNOSIS_OPD,มะนัง,28786,โรงพยาบาลมะนัง,โรคสมาธิสั้น (F90),ALL,1,1: ในเขต มีชื่อ+อยู่จริง,0-14 ปี,12
category,DIAGNOSIS_OPD,มะนัง,28786,โรงพยาบาลมะนัง,โรคสมาธิสั้น (F90),ALL,1,1: ในเขต มีชื่อ+อยู่จริง,15-29 ปี,1
category,DIAGNOSIS_OPD,มะนัง,28786,โรงพยาบาลมะนัง,โรคสมาธิสั้น (F90),ALL,2,2: ในเขต มีชื่อ แต่ไม่อยู่จริง,0-14 ปี,2
category,DIAGNOSIS_OPD,มะนัง,28786,โรงพยาบาลมะนัง,โรคสมาธิสั้น (F90),ALL,3,3: อาศัยในเขต ทะเบียนบ้านอยู่นอกเขต,0-14 ปี,4
category,DIAGNOSIS_OPD,มะนัง,28786,โรงพยาบาลมะนัง,โรคสมาธิสั้น (F90),ALL,4,4: นอกเขต มารับบริการ/เคยอยู่ในเขต,0-14 ปี,100
category,DIAGNOSIS_OPD,มะนัง,28786,โรงพยาบาลมะนัง,โรคสมาธิสั้น (F90),ALL,4,4: นอกเขต มารับบริการ/เคยอยู่ในเขต,15-29 ปี,7
category,DIAGNOSIS_OPD,มะนัง,28786,โรงพยาบาลมะนัง,โรคออทิสติก (F84),ALL,1,1: ในเขต มีชื่อ+อยู่จริง,0-14 ปี,3
category,DIAGNOSIS_OPD,มะนัง,28786,โรงพยาบาลมะนัง,โรคออทิสติก (F84),ALL,2,2: ในเขต มีชื่อ แต่ไม่อยู่จริง,0-14 ปี,1
category,DIAGNOSIS_OPD,มะนัง,28786,โรงพยาบาลมะนัง,โรคออทิสติก (F84),ALL,4,4: นอกเขต มารับบริการ/เคยอยู่ในเขต,0-14 ปี,14
category,DIAGNOSIS_OPD,มะนัง,28786,โรงพยาบาลมะนัง,โรคอารมณ์สองขั้ว (F31),ALL,4,4: นอกเขต มารับบริการ/เคยอยู่ในเขต,30-44 ปี,10
category,DIAGNOSIS_OPD,มะนัง,28786,โรงพยาบาลมะนัง,โรคอารมณ์สองขั้ว (F31),ALL,4,4: นอกเขต มารับบริการ/เคยอยู่ในเขต,45-59 ปี,4
category,DIAGNOSIS_OPD,มะนัง,28786,โรงพยาบาลมะนัง,โรคอารมณ์สองขั้ว (F31),ALL,4,4: นอกเขต มารับบริการ/เคยอยู่ในเขต,60-74 ปี,1
category,DIAGNOSIS_OPD,มะนัง,28786,โรงพยาบาลมะนัง,โรคอารมณ์สองขั้ว (F31),ALL,4,4: นอกเขต มารับบริการ/เคยอยู่ในเขต,75 ปีขึ้นไป,2
category,DIAGNOSIS_OPD,มะนัง,09651,โรงพยาบาลส่งเสริมสุขภาพตำบลบ้านผัง 50 ตำบลนิคมพัฒนา,โรคจิตอื่นๆ (F21-F29),ALL,3,3: อาศัยในเขต ทะเบียนบ้านอยู่นอกเขต,30-44 ปี,1
category,DIAGNOSIS_OPD,มะนัง,09651,โรงพยาบาลส่งเสริมสุขภาพตำบลบ้านผัง 50 ตำบลนิคมพัฒนา,โรคจิตเภท (F20),ALL,1,1: ในเขต มีชื่อ+อยู่จริง,30-44 ปี,2
category,DIAGNOSIS_OPD,มะนัง,09651,โรงพยาบาลส่งเสริมสุขภาพตำบลบ้านผัง 50 ตำบลนิคมพัฒนา,โรคจิตเภท (F20),ALL,1,1: ในเขต มีชื่อ+อยู่จริง,45-59 ปี,2
category,DIAGNOSIS_OPD,มะนัง,09651,โรงพยาบาลส่งเสริมสุขภาพตำบลบ้านผัง 50 ตำบลนิคมพัฒนา,"โรคทางจิตเวชอื่นๆ (F04-F09,F50-F69,F80,F82-F83,F88-F89,F91-F99 ยกเว้น F638,F988)",ALL,1,1: ในเขต มีชื่อ+อยู่จริง,15-29 ปี,1
category,DIAGNOSIS_OPD,มะนัง,09651,โรงพยาบาลส่งเสริมสุขภาพตำบลบ้านผัง 50 ตำบลนิคมพัฒนา,"โรคทางจิตเวชอื่นๆ (F04-F09,F50-F69,F80,F82-F83,F88-F89,F91-F99 ยกเว้น F638,F988)",ALL,1,1: ในเขต มีชื่อ+อยู่จริง,30-44 ปี,5
category,DIAGNOSIS_OPD,มะนัง,09651,โรงพยาบาลส่งเสริมสุขภาพตำบลบ้านผัง 50 ตำบลนิคมพัฒนา,"โรคทางจิตเวชอื่นๆ (F04-F09,F50-F69,F80,F82-F83,F88-F89,F91-F99 ยกเว้น F638,F988)",ALL,1,1: ในเขต มีชื่อ+อยู่จริง,45-59 ปี,6
category,DIAGNOSIS_OPD,มะนัง,09651,โรงพยาบาลส่งเสริมสุขภาพตำบลบ้านผัง 50 ตำบลนิคมพัฒนา,"โรคทางจิตเวชอื่นๆ (F04-F09,F50-F69,F80,F82-F83,F88-F89,F91-F99 ยกเว้น F638,F988)",ALL,1,1: ในเขต มีชื่อ+อยู่จริง,60-74 ปี,13
category,DIAGNOSIS_OPD,มะนัง,09651,โรงพยาบาลส่งเสริมสุขภาพตำบลบ้านผัง 50 ตำบลนิคมพัฒนา,"โรคทางจิตเวชอื่นๆ (F04-F09,F50-F69,F80,F82-F83,F88-F89,F91-F99 ยกเว้น F638,F988)",ALL,1,1: ในเขต มีชื่อ+อยู่จริง,75 ปีขึ้นไป,2
category,DIAGNOSIS_OPD,มะนัง,09651,โรงพยาบาลส่งเสริมสุขภาพตำบลบ้านผัง 50 ตำบลนิคมพัฒนา,"โรคทางจิตเวชอื่นๆ (F04-F09,F50-F69,F80,F82-F83,F88-F89,F91-F99 ยกเว้น F638,F988)",ALL,2,2: ในเขต มีชื่อ แต่ไม่อยู่จริง,15-29 ปี,1
category,DIAGNOSIS_OPD,มะนัง,09651,โรงพยาบาลส่งเสริมสุขภาพตำบลบ้านผัง 50 ตำบลนิคมพัฒนา,"โรคทางจิตเวชอื่นๆ (F04-F09,F50-F69,F80,F82-F83,F88-F89,F91-F99 ยกเว้น F638,F988)",ALL,2,2: ในเขต มีชื่อ แต่ไม่อยู่จริง,30-44 ปี,1
category,DIAGNOSIS_OPD,มะนัง,09651,โรงพยาบาลส่งเสริมสุขภาพตำบลบ้านผัง 50 ตำบลนิคมพัฒนา,โรควิตกกังวล (F40-F48),ALL,1,1: ในเขต มีชื่อ+อยู่จริง,15-29 ปี,1
category,DIAGNOSIS_OPD,มะนัง,09651,โรงพยาบาลส่งเสริมสุขภาพตำบลบ้านผัง 50 ตำบลนิคมพัฒนา,โรควิตกกังวล (F40-F48),ALL,1,1: ในเขต มีชื่อ+อยู่จริง,30-44 ปี,3
category,DIAGNOSIS_OPD,มะนัง,09651,โรงพยาบาลส่งเสริมสุขภาพตำบลบ้านผัง 50 ตำบลนิคมพัฒนา,โรควิตกกังวล (F40-F48),ALL,1,1: ในเขต มีชื่อ+อยู่จริง,45-59 ปี,1
category,DIAGNOSIS_OPD,มะนัง,09651,โรงพยาบาลส่งเสริมสุขภาพตำบลบ้านผัง 50 ตำบลนิคมพัฒนา,โรควิตกกังวล (F40-F48),ALL,1,1: ในเขต มีชื่อ+อยู่จริง,60-74 ปี,2
category,DIAGNOSIS_OPD,มะนัง,09651,โรงพยาบาลส่งเสริมสุขภาพตำบลบ้านผัง 50 ตำบลนิคมพัฒนา,โรควิตกกังวล (F40-F48),ALL,2,2: ในเขต มีชื่อ แต่ไม่อยู่จริง,60-74 ปี,1
category,DIAGNOSIS_OPD,มะนัง,09651,โรงพยาบาลส่งเสริมสุขภาพตำบลบ้านผัง 50 ตำบลนิคมพัฒนา,โรควิตกกังวล (F40-F48),ALL,3,3: อาศัยในเขต ทะเบียนบ้านอยู่นอกเขต,0-14 ปี,1
category,DIAGNOSIS_OPD,มะนัง,09650,โรงพยาบาลส่งเสริมสุขภาพตำบลบ้านมะนัง ตำบลปาล์มพัฒนา,โรคจิตอื่นๆ (F21-F29),ALL,1,1: ในเขต มีชื่อ+อยู่จริง,30-44 ปี,1
category,DIAGNOSIS_OPD,มะนัง,09650,โรงพยาบาลส่งเสริมสุขภาพตำบลบ้านมะนัง ตำบลปาล์มพัฒนา,"โรคซึมเศร้า (F32,F33,F341,F38,F39)",ALL,1,1: ในเขต มีชื่อ+อยู่จริง,45-59 ปี,1
category,DIAGNOSIS_OPD,มะนัง,09650,โรงพยาบาลส่งเสริมสุขภาพตำบลบ้านมะนัง ตำบลปาล์มพัฒนา,"โรคทางจิตเวชอื่นๆ (F04-F09,F50-F69,F80,F82-F83,F88-F89,F91-F99 ยกเว้น F638,F988)",ALL,1,1: ในเขต มีชื่อ+อยู่จริง,15-29 ปี,2
category,DIAGNOSIS_OPD,มะนัง,09650,โรงพยาบาลส่งเสริมสุขภาพตำบลบ้านมะนัง ตำบลปาล์มพัฒนา,"โรคทางจิตเวชอื่นๆ (F04-F09,F50-F69,F80,F82-F83,F88-F89,F91-F99 ยกเว้น F638,F988)",ALL,1,1: ในเขต มีชื่อ+อยู่จริง,30-44 ปี,2
category,DIAGNOSIS_OPD,มะนัง,09650,โรงพยาบาลส่งเสริมสุขภาพตำบลบ้านมะนัง ตำบลปาล์มพัฒนา,"โรคทางจิตเวชอื่นๆ (F04-F09,F50-F69,F80,F82-F83,F88-F89,F91-F99 ยกเว้น F638,F988)",ALL,1,1: ในเขต มีชื่อ+อยู่จริง,45-59 ปี,9
category,DIAGNOSIS_OPD,มะนัง,09650,โรงพยาบาลส่งเสริมสุขภาพตำบลบ้านมะนัง ตำบลปาล์มพัฒนา,"โรคทางจิตเวชอื่นๆ (F04-F09,F50-F69,F80,F82-F83,F88-F89,F91-F99 ยกเว้น F638,F988)",ALL,1,1: ในเขต มีชื่อ+อยู่จริง,60-74 ปี,4
category,DIAGNOSIS_OPD,มะนัง,09650,โรงพยาบาลส่งเสริมสุขภาพตำบลบ้านมะนัง ตำบลปาล์มพัฒนา,"โรคทางจิตเวชอื่นๆ (F04-F09,F50-F69,F80,F82-F83,F88-F89,F91-F99 ยกเว้น F638,F988)",ALL,1,1: ในเขต มีชื่อ+อยู่จริง,75 ปีขึ้นไป,4
category,DIAGNOSIS_OPD,มะนัง,09650,โรงพยาบาลส่งเสริมสุขภาพตำบลบ้านมะนัง ตำบลปาล์มพัฒนา,"โรคทางจิตเวชอื่นๆ (F04-F09,F50-F69,F80,F82-F83,F88-F89,F91-F99 ยกเว้น F638,F988)",ALL,3,3: อาศัยในเขต ทะเบียนบ้านอยู่นอกเขต,0-14 ปี,1
category,DIAGNOSIS_OPD,มะนัง,09650,โรงพยาบาลส่งเสริมสุขภาพตำบลบ้านมะนัง ตำบลปาล์มพัฒนา,"โรคทางจิตเวชอื่นๆ (F04-F09,F50-F69,F80,F82-F83,F88-F89,F91-F99 ยกเว้น F638,F988)",ALL,3,3: อาศัยในเขต ทะเบียนบ้านอยู่นอกเขต,30-44 ปี,1
category,DIAGNOSIS_OPD,มะนัง,09650,โรงพยาบาลส่งเสริมสุขภาพตำบลบ้านมะนัง ตำบลปาล์มพัฒนา,"โรคทางจิตเวชอื่นๆ (F04-F09,F50-F69,F80,F82-F83,F88-F89,F91-F99 ยกเว้น F638,F988)",ALL,4,4: นอกเขต มารับบริการ/เคยอยู่ในเขต,15-29 ปี,1
category,DIAGNOSIS_OPD,มะนัง,09650,โรงพยาบาลส่งเสริมสุขภาพตำบลบ้านมะนัง ตำบลปาล์มพัฒนา,"โรคทางจิตเวชอื่นๆ (F04-F09,F50-F69,F80,F82-F83,F88-F89,F91-F99 ยกเว้น F638,F988)",ALL,4,4: นอกเขต มารับบริการ/เคยอยู่ในเขต,45-59 ปี,1
category,DIAGNOSIS_OPD,มะนัง,09650,โรงพยาบาลส่งเสริมสุขภาพตำบลบ้านมะนัง ตำบลปาล์มพัฒนา,โรควิตกกังวล (F40-F48),ALL,1,1: ในเขต มีชื่อ+อยู่จริง,15-29 ปี,1
category,DIAGNOSIS_OPD,มะนัง,09650,โรงพยาบาลส่งเสริมสุขภาพตำบลบ้านมะนัง ตำบลปาล์มพัฒนา,โรควิตกกังวล (F40-F48),ALL,1,1: ในเขต มีชื่อ+อยู่จริง,30-44 ปี,1
category,DIAGNOSIS_OPD,มะนัง,09650,โรงพยาบาลส่งเสริมสุขภาพตำบลบ้านมะนัง ตำบลปาล์มพัฒนา,โรควิตกกังวล (F40-F48),ALL,1,1: ในเขต มีชื่อ+อยู่จริง,45-59 ปี,4
category,DIAGNOSIS_OPD,มะนัง,09650,โรงพยาบาลส่งเสริมสุขภาพตำบลบ้านมะนัง ตำบลปาล์มพัฒนา,โรควิตกกังวล (F40-F48),ALL,1,1: ในเขต มีชื่อ+อยู่จริง,60-74 ปี,3
category,DIAGNOSIS_OPD,มะนัง,09650,โรงพยาบาลส่งเสริมสุขภาพตำบลบ้านมะนัง ตำบลปาล์มพัฒนา,โรควิตกกังวล (F40-F48),ALL,1,1: ในเขต มีชื่อ+อยู่จริง,75 ปีขึ้นไป,3
category,DIAGNOSIS_OPD,มะนัง,09650,โรงพยาบาลส่งเสริมสุขภาพตำบลบ้านมะนัง ตำบลปาล์มพัฒนา,โรควิตกกังวล (F40-F48),ALL,2,2: ในเขต มีชื่อ แต่ไม่อยู่จริง,45-59 ปี,1
category,DIAGNOSIS_OPD,มะนัง,09650,โรงพยาบาลส่งเสริมสุขภาพตำบลบ้านมะนัง ตำบลปาล์มพัฒนา,โรควิตกกังวล (F40-F48),ALL,2,2: ในเขต มีชื่อ แต่ไม่อยู่จริง,60-74 ปี,1
category,DIAGNOSIS_OPD,มะนัง,09650,โรงพยาบาลส่งเสริมสุขภาพตำบลบ้านมะนัง ตำบลปาล์มพัฒนา,โรควิตกกังวล (F40-F48),ALL,3,3: อาศัยในเขต ทะเบียนบ้านอยู่นอกเขต,30-44 ปี,1
category,DIAGNOSIS_OPD,มะนัง,09650,โรงพยาบาลส่งเสริมสุขภาพตำบลบ้านมะนัง ตำบลปาล์มพัฒนา,โรควิตกกังวล (F40-F48),ALL,4,4: นอกเขต มารับบริการ/เคยอยู่ในเขต,75 ปีขึ้นไป,1
category,DIAGNOSIS_OPD,มะนัง,09649,โรงพยาบาลส่งเสริมสุขภาพตำบลปาล์มพัฒนา ,โรคจิตเภท (F20),ALL,1,1: ในเขต มีชื่อ+อยู่จริง,15-29 ปี,1
category,DIAGNOSIS_OPD,มะนัง,09649,โรงพยาบาลส่งเสริมสุขภาพตำบลปาล์มพัฒนา ,โรคจิตเภท (F20),ALL,4,4: นอกเขต มารับบริการ/เคยอยู่ในเขต,30-44 ปี,1
category,DIAGNOSIS_OPD,มะนัง,09649,โรงพยาบาลส่งเสริมสุขภาพตำบลปาล์มพัฒนา ,"โรคทางจิตเวชอื่นๆ (F04-F09,F50-F69,F80,F82-F83,F88-F89,F91-F99 ยกเว้น F638,F988)",ALL,1,1: ในเขต มีชื่อ+อยู่จริง,30-44 ปี,2
category,DIAGNOSIS_OPD,ละงู,77707,ศูนย์สุขภาพชุมชนกำแพง,โรคจิตเภท (F20),ALL,1,1: ในเขต มีชื่อ+อยู่จริง,15-29 ปี,1
category,DIAGNOSIS_OPD,ละงู,77707,ศูนย์สุขภาพชุมชนกำแพง,โรคจิตเภท (F20),ALL,1,1: ในเขต มีชื่อ+อยู่จริง,30-44 ปี,3
category,DIAGNOSIS_OPD,ละงู,77707,ศูนย์สุขภาพชุมชนกำแพง,โรคจิตเภท (F20),ALL,1,1: ในเขต มีชื่อ+อยู่จริง,45-59 ปี,2
category,DIAGNOSIS_OPD,ละงู,77707,ศูนย์สุขภาพชุมชนกำแพง,"โรคซึมเศร้า (F32,F33,F341,F38,F39)",ALL,1,1: ในเขต มีชื่อ+อยู่จริง,30-44 ปี,1
category,DIAGNOSIS_OPD,ละงู,77707,ศูนย์สุขภาพชุมชนกำแพง,"โรคซึมเศร้า (F32,F33,F341,F38,F39)",ALL,1,1: ในเขต มีชื่อ+อยู่จริง,45-59 ปี,2
category,DIAGNOSIS_OPD,ละงู,77707,ศูนย์สุขภาพชุมชนกำแพง,"โรคซึมเศร้า (F32,F33,F341,F38,F39)",ALL,1,1: ในเขต มีชื่อ+อยู่จริง,60-74 ปี,1
category,DIAGNOSIS_OPD,ละงู,77707,ศูนย์สุขภาพชุมชนกำแพง,"โรคซึมเศร้า (F32,F33,F341,F38,F39)",ALL,1,1: ในเขต มีชื่อ+อยู่จริง,75 ปีขึ้นไป,2
category,DIAGNOSIS_OPD,ละงู,77707,ศูนย์สุขภาพชุมชนกำแพง,"โรคทางจิตเวชอื่นๆ (F04-F09,F50-F69,F80,F82-F83,F88-F89,F91-F99 ยกเว้น F638,F988)",ALL,1,1: ในเขต มีชื่อ+อยู่จริง,30-44 ปี,3
category,DIAGNOSIS_OPD,ละงู,77707,ศูนย์สุขภาพชุมชนกำแพง,"โรคทางจิตเวชอื่นๆ (F04-F09,F50-F69,F80,F82-F83,F88-F89,F91-F99 ยกเว้น F638,F988)",ALL,1,1: ในเขต มีชื่อ+อยู่จริง,45-59 ปี,6
category,DIAGNOSIS_OPD,ละงู,77707,ศูนย์สุขภาพชุมชนกำแพง,"โรคทางจิตเวชอื่นๆ (F04-F09,F50-F69,F80,F82-F83,F88-F89,F91-F99 ยกเว้น F638,F988)",ALL,1,1: ในเขต มีชื่อ+อยู่จริง,60-74 ปี,6
category,DIAGNOSIS_OPD,ละงู,77707,ศูนย์สุขภาพชุมชนกำแพง,"โรคทางจิตเวชอื่นๆ (F04-F09,F50-F69,F80,F82-F83,F88-F89,F91-F99 ยกเว้น F638,F988)",ALL,1,1: ในเขต มีชื่อ+อยู่จริง,75 ปีขึ้นไป,3
category,DIAGNOSIS_OPD,ละงู,77707,ศูนย์สุขภาพชุมชนกำแพง,โรคลมชัก (G40-G41),ALL,1,1: ในเขต มีชื่อ+อยู่จริง,30-44 ปี,1
category,DIAGNOSIS_OPD,ละงู,77707,ศูนย์สุขภาพชุมชนกำแพง,โรควิตกกังวล (F40-F48),ALL,1,1: ในเขต มีชื่อ+อยู่จริง,0-14 ปี,1
category,DIAGNOSIS_OPD,ละงู,77707,ศูนย์สุขภาพชุมชนกำแพง,โรควิตกกังวล (F40-F48),ALL,1,1: ในเขต มีชื่อ+อยู่จริง,15-29 ปี,1
category,DIAGNOSIS_OPD,ละงู,77707,ศูนย์สุขภาพชุมชนกำแพง,โรควิตกกังวล (F40-F48),ALL,1,1: ในเขต มีชื่อ+อยู่จริง,30-44 ปี,1
category,DIAGNOSIS_OPD,ละงู,77707,ศูนย์สุขภาพชุมชนกำแพง,โรควิตกกังวล (F40-F48),ALL,1,1: ในเขต มีชื่อ+อยู่จริง,45-59 ปี,7
category,DIAGNOSIS_OPD,ละงู,77707,ศูนย์สุขภาพชุมชนกำแพง,โรควิตกกังวล (F40-F48),ALL,1,1: ในเขต มีชื่อ+อยู่จริง,60-74 ปี,2
category,DIAGNOSIS_OPD,ละงู,77707,ศูนย์สุขภาพชุมชนกำแพง,โรควิตกกังวล (F40-F48),ALL,2,2: ในเขต มีชื่อ แต่ไม่อยู่จริง,30-44 ปี,1
category,DIAGNOSIS_OPD,ละงู,77707,ศูนย์สุขภาพชุมชนกำแพง,โรคสมองเสื่อม (F00-F03),ALL,1,1: ในเขต มีชื่อ+อยู่จริง,60-74 ปี,1
category,DIAGNOSIS_OPD,ละงู,77707,ศูนย์สุขภาพชุมชนกำแพง,โรคสมองเสื่อม (F00-F03),ALL,1,1: ในเขต มีชื่อ+อยู่จริง,75 ปีขึ้นไป,1
category,DIAGNOSIS_OPD,ละงู,77707,ศูนย์สุขภาพชุมชนกำแพง,โรคสมองเสื่อม (F00-F03),ALL,2,2: ในเขต มีชื่อ แต่ไม่อยู่จริง,75 ปีขึ้นไป,1
category,DIAGNOSIS_OPD,ละงู,11405,โรงพยาบาลละงู,ความบกพร่องทางการเรียนรู้ (F81),ALL,4,4: นอกเขต มารับบริการ/เคยอยู่ในเขต,0-14 ปี,216
category,DIAGNOSIS_OPD,ละงู,11405,โรงพยาบาลละงู,ความบกพร่องทางการเรียนรู้ (F81),ALL,4,4: นอกเขต มารับบริการ/เคยอยู่ในเขต,15-29 ปี,6
category,DIAGNOSIS_OPD,ละงู,11405,โรงพยาบาลละงู,ความบกพร่องทางการเรียนรู้ (F81),ALL,4,4: นอกเขต มารับบริการ/เคยอยู่ในเขต,30-44 ปี,1
category,DIAGNOSIS_OPD,ละงู,11405,โรงพยาบาลละงู,ความบกพร่องทางการเรียนรู้ (F81),ALL,4,4: นอกเขต มารับบริการ/เคยอยู่ในเขต,45-59 ปี,1
category,DIAGNOSIS_OPD,ละงู,11405,โรงพยาบาลละงู,ความบกพร่องทางสติปัญญา (F70-F79),ALL,4,4: นอกเขต มารับบริการ/เคยอยู่ในเขต,0-14 ปี,128
category,DIAGNOSIS_OPD,ละงู,11405,โรงพยาบาลละงู,ความบกพร่องทางสติปัญญา (F70-F79),ALL,4,4: นอกเขต มารับบริการ/เคยอยู่ในเขต,15-29 ปี,17
category,DIAGNOSIS_OPD,ละงู,11405,โรงพยาบาลละงู,ความบกพร่องทางสติปัญญา (F70-F79),ALL,4,4: นอกเขต มารับบริการ/เคยอยู่ในเขต,30-44 ปี,5
category,DIAGNOSIS_OPD,ละงู,11405,โรงพยาบาลละงู,ความบกพร่องทางสติปัญญา (F70-F79),ALL,4,4: นอกเขต มารับบริการ/เคยอยู่ในเขต,45-59 ปี,2
category,DIAGNOSIS_OPD,ละงู,11405,โรงพยาบาลละงู,ความบกพร่องทางสติปัญญา (F70-F79),ALL,4,4: นอกเขต มารับบริการ/เคยอยู่ในเขต,75 ปีขึ้นไป,1
category,DIAGNOSIS_OPD,ละงู,11405,โรงพยาบาลละงู,ติดยาบ้า Amphetamine (F15),ALL,4,4: นอกเขต มารับบริการ/เคยอยู่ในเขต,0-14 ปี,1
category,DIAGNOSIS_OPD,ละงู,11405,โรงพยาบาลละงู,ติดยาบ้า Amphetamine (F15),ALL,4,4: นอกเขต มารับบริการ/เคยอยู่ในเขต,15-29 ปี,87
category,DIAGNOSIS_OPD,ละงู,11405,โรงพยาบาลละงู,ติดยาบ้า Amphetamine (F15),ALL,4,4: นอกเขต มารับบริการ/เคยอยู่ในเขต,30-44 ปี,95
category,DIAGNOSIS_OPD,ละงู,11405,โรงพยาบาลละงู,ติดยาบ้า Amphetamine (F15),ALL,4,4: นอกเขต มารับบริการ/เคยอยู่ในเขต,45-59 ปี,16
category,DIAGNOSIS_OPD,ละงู,11405,โรงพยาบาลละงู,ติดยาบ้า Amphetamine (F15),ALL,4,4: นอกเขต มารับบริการ/เคยอยู่ในเขต,60-74 ปี,1
category,DIAGNOSIS_OPD,ละงู,11405,โรงพยาบาลละงู,"ติดสารเสพติดอื่นๆ (F11,F12,F13,F14,F16,F17,F18,F19)",ALL,4,4: นอกเขต มารับบริการ/เคยอยู่ในเขต,15-29 ปี,128
category,DIAGNOSIS_OPD,ละงู,11405,โรงพยาบาลละงู,"ติดสารเสพติดอื่นๆ (F11,F12,F13,F14,F16,F17,F18,F19)",ALL,4,4: นอกเขต มารับบริการ/เคยอยู่ในเขต,30-44 ปี,146
category,DIAGNOSIS_OPD,ละงู,11405,โรงพยาบาลละงู,"ติดสารเสพติดอื่นๆ (F11,F12,F13,F14,F16,F17,F18,F19)",ALL,4,4: นอกเขต มารับบริการ/เคยอยู่ในเขต,45-59 ปี,37
category,DIAGNOSIS_OPD,ละงู,11405,โรงพยาบาลละงู,"ติดสารเสพติดอื่นๆ (F11,F12,F13,F14,F16,F17,F18,F19)",ALL,4,4: นอกเขต มารับบริการ/เคยอยู่ในเขต,60-74 ปี,8
category,DIAGNOSIS_OPD,ละงู,11405,โรงพยาบาลละงู,ติดแอลกอฮอล์ (F10),ALL,4,4: นอกเขต มารับบริการ/เคยอยู่ในเขต,15-29 ปี,5
category,DIAGNOSIS_OPD,ละงู,11405,โรงพยาบาลละงู,ติดแอลกอฮอล์ (F10),ALL,4,4: นอกเขต มารับบริการ/เคยอยู่ในเขต,30-44 ปี,12
category,DIAGNOSIS_OPD,ละงู,11405,โรงพยาบาลละงู,ติดแอลกอฮอล์ (F10),ALL,4,4: นอกเขต มารับบริการ/เคยอยู่ในเขต,45-59 ปี,9
category,DIAGNOSIS_OPD,ละงู,11405,โรงพยาบาลละงู,ติดแอลกอฮอล์ (F10),ALL,4,4: นอกเขต มารับบริการ/เคยอยู่ในเขต,60-74 ปี,6
category,DIAGNOSIS_OPD,ละงู,11405,โรงพยาบาลละงู,พยายามฆ่าตัวตาย/ตั้งใจทำร้ายตนเอง (X60-X84),ALL,4,4: นอกเขต มารับบริการ/เคยอยู่ในเขต,0-14 ปี,11
category,DIAGNOSIS_OPD,ละงู,11405,โรงพยาบาลละงู,พยายามฆ่าตัวตาย/ตั้งใจทำร้ายตนเอง (X60-X84),ALL,4,4: นอกเขต มารับบริการ/เคยอยู่ในเขต,15-29 ปี,88
category,DIAGNOSIS_OPD,ละงู,11405,โรงพยาบาลละงู,พยายามฆ่าตัวตาย/ตั้งใจทำร้ายตนเอง (X60-X84),ALL,4,4: นอกเขต มารับบริการ/เคยอยู่ในเขต,30-44 ปี,27
category,DIAGNOSIS_OPD,ละงู,11405,โรงพยาบาลละงู,พยายามฆ่าตัวตาย/ตั้งใจทำร้ายตนเอง (X60-X84),ALL,4,4: นอกเขต มารับบริการ/เคยอยู่ในเขต,45-59 ปี,5
category,DIAGNOSIS_OPD,ละงู,11405,โรงพยาบาลละงู,พยายามฆ่าตัวตาย/ตั้งใจทำร้ายตนเอง (X60-X84),ALL,4,4: นอกเขต มารับบริการ/เคยอยู่ในเขต,60-74 ปี,2
category,DIAGNOSIS_OPD,ละงู,11405,โรงพยาบาลละงู,พยายามฆ่าตัวตาย/ตั้งใจทำร้ายตนเอง (X60-X84),ALL,4,4: นอกเขต มารับบริการ/เคยอยู่ในเขต,75 ปีขึ้นไป,1
category,DIAGNOSIS_OPD,ละงู,11405,โรงพยาบาลละงู,โรคจิตอื่นๆ (F21-F29),ALL,4,4: นอกเขต มารับบริการ/เคยอยู่ในเขต,0-14 ปี,2
category,DIAGNOSIS_OPD,ละงู,11405,โรงพยาบาลละงู,โรคจิตอื่นๆ (F21-F29),ALL,4,4: นอกเขต มารับบริการ/เคยอยู่ในเขต,15-29 ปี,97
category,DIAGNOSIS_OPD,ละงู,11405,โรงพยาบาลละงู,โรคจิตอื่นๆ (F21-F29),ALL,4,4: นอกเขต มารับบริการ/เคยอยู่ในเขต,30-44 ปี,99
category,DIAGNOSIS_OPD,ละงู,11405,โรงพยาบาลละงู,โรคจิตอื่นๆ (F21-F29),ALL,4,4: นอกเขต มารับบริการ/เคยอยู่ในเขต,45-59 ปี,41
category,DIAGNOSIS_OPD,ละงู,11405,โรงพยาบาลละงู,โรคจิตอื่นๆ (F21-F29),ALL,4,4: นอกเขต มารับบริการ/เคยอยู่ในเขต,60-74 ปี,13
category,DIAGNOSIS_OPD,ละงู,11405,โรงพยาบาลละงู,โรคจิตอื่นๆ (F21-F29),ALL,4,4: นอกเขต มารับบริการ/เคยอยู่ในเขต,75 ปีขึ้นไป,2
category,DIAGNOSIS_OPD,ละงู,11405,โรงพยาบาลละงู,โรคจิตเภท (F20),ALL,4,4: นอกเขต มารับบริการ/เคยอยู่ในเขต,15-29 ปี,136
category,DIAGNOSIS_OPD,ละงู,11405,โรงพยาบาลละงู,โรคจิตเภท (F20),ALL,4,4: นอกเขต มารับบริการ/เคยอยู่ในเขต,30-44 ปี,295
category,DIAGNOSIS_OPD,ละงู,11405,โรงพยาบาลละงู,โรคจิตเภท (F20),ALL,4,4: นอกเขต มารับบริการ/เคยอยู่ในเขต,45-59 ปี,163
category,DIAGNOSIS_OPD,ละงู,11405,โรงพยาบาลละงู,โรคจิตเภท (F20),ALL,4,4: นอกเขต มารับบริการ/เคยอยู่ในเขต,60-74 ปี,69
category,DIAGNOSIS_OPD,ละงู,11405,โรงพยาบาลละงู,โรคจิตเภท (F20),ALL,4,4: นอกเขต มารับบริการ/เคยอยู่ในเขต,75 ปีขึ้นไป,13
category,DIAGNOSIS_OPD,ละงู,11405,โรงพยาบาลละงู,"โรคซึมเศร้า (F32,F33,F341,F38,F39)",ALL,4,4: นอกเขต มารับบริการ/เคยอยู่ในเขต,0-14 ปี,51
category,DIAGNOSIS_OPD,ละงู,11405,โรงพยาบาลละงู,"โรคซึมเศร้า (F32,F33,F341,F38,F39)",ALL,4,4: นอกเขต มารับบริการ/เคยอยู่ในเขต,15-29 ปี,346
category,DIAGNOSIS_OPD,ละงู,11405,โรงพยาบาลละงู,"โรคซึมเศร้า (F32,F33,F341,F38,F39)",ALL,4,4: นอกเขต มารับบริการ/เคยอยู่ในเขต,30-44 ปี,269
category,DIAGNOSIS_OPD,ละงู,11405,โรงพยาบาลละงู,"โรคซึมเศร้า (F32,F33,F341,F38,F39)",ALL,4,4: นอกเขต มารับบริการ/เคยอยู่ในเขต,45-59 ปี,275
category,DIAGNOSIS_OPD,ละงู,11405,โรงพยาบาลละงู,"โรคซึมเศร้า (F32,F33,F341,F38,F39)",ALL,4,4: นอกเขต มารับบริการ/เคยอยู่ในเขต,60-74 ปี,197
category,DIAGNOSIS_OPD,ละงู,11405,โรงพยาบาลละงู,"โรคซึมเศร้า (F32,F33,F341,F38,F39)",ALL,4,4: นอกเขต มารับบริการ/เคยอยู่ในเขต,75 ปีขึ้นไป,61
category,DIAGNOSIS_OPD,ละงู,11405,โรงพยาบาลละงู,"โรคทางจิตเวชอื่นๆ (F04-F09,F50-F69,F80,F82-F83,F88-F89,F91-F99 ยกเว้น F638,F988)",ALL,4,4: นอกเขต มารับบริการ/เคยอยู่ในเขต,0-14 ปี,84
category,DIAGNOSIS_OPD,ละงู,11405,โรงพยาบาลละงู,"โรคทางจิตเวชอื่นๆ (F04-F09,F50-F69,F80,F82-F83,F88-F89,F91-F99 ยกเว้น F638,F988)",ALL,4,4: นอกเขต มารับบริการ/เคยอยู่ในเขต,15-29 ปี,73
category,DIAGNOSIS_OPD,ละงู,11405,โรงพยาบาลละงู,"โรคทางจิตเวชอื่นๆ (F04-F09,F50-F69,F80,F82-F83,F88-F89,F91-F99 ยกเว้น F638,F988)",ALL,4,4: นอกเขต มารับบริการ/เคยอยู่ในเขต,30-44 ปี,97
category,DIAGNOSIS_OPD,ละงู,11405,โรงพยาบาลละงู,"โรคทางจิตเวชอื่นๆ (F04-F09,F50-F69,F80,F82-F83,F88-F89,F91-F99 ยกเว้น F638,F988)",ALL,4,4: นอกเขต มารับบริการ/เคยอยู่ในเขต,45-59 ปี,138
category,DIAGNOSIS_OPD,ละงู,11405,โรงพยาบาลละงู,"โรคทางจิตเวชอื่นๆ (F04-F09,F50-F69,F80,F82-F83,F88-F89,F91-F99 ยกเว้น F638,F988)",ALL,4,4: นอกเขต มารับบริการ/เคยอยู่ในเขต,60-74 ปี,158
category,DIAGNOSIS_OPD,ละงู,11405,โรงพยาบาลละงู,"โรคทางจิตเวชอื่นๆ (F04-F09,F50-F69,F80,F82-F83,F88-F89,F91-F99 ยกเว้น F638,F988)",ALL,4,4: นอกเขต มารับบริการ/เคยอยู่ในเขต,75 ปีขึ้นไป,70
category,DIAGNOSIS_OPD,ละงู,11405,โรงพยาบาลละงู,โรคลมชัก (G40-G41),ALL,4,4: นอกเขต มารับบริการ/เคยอยู่ในเขต,0-14 ปี,77
category,DIAGNOSIS_OPD,ละงู,11405,โรงพยาบาลละงู,โรคลมชัก (G40-G41),ALL,4,4: นอกเขต มารับบริการ/เคยอยู่ในเขต,15-29 ปี,85
category,DIAGNOSIS_OPD,ละงู,11405,โรงพยาบาลละงู,โรคลมชัก (G40-G41),ALL,4,4: นอกเขต มารับบริการ/เคยอยู่ในเขต,30-44 ปี,89
category,DIAGNOSIS_OPD,ละงู,11405,โรงพยาบาลละงู,โรคลมชัก (G40-G41),ALL,4,4: นอกเขต มารับบริการ/เคยอยู่ในเขต,45-59 ปี,52
category,DIAGNOSIS_OPD,ละงู,11405,โรงพยาบาลละงู,โรคลมชัก (G40-G41),ALL,4,4: นอกเขต มารับบริการ/เคยอยู่ในเขต,60-74 ปี,38
category,DIAGNOSIS_OPD,ละงู,11405,โรงพยาบาลละงู,โรคลมชัก (G40-G41),ALL,4,4: นอกเขต มารับบริการ/เคยอยู่ในเขต,75 ปีขึ้นไป,20
category,DIAGNOSIS_OPD,ละงู,11405,โรงพยาบาลละงู,โรควิตกกังวล (F40-F48),ALL,4,4: นอกเขต มารับบริการ/เคยอยู่ในเขต,0-14 ปี,83
category,DIAGNOSIS_OPD,ละงู,11405,โรงพยาบาลละงู,โรควิตกกังวล (F40-F48),ALL,4,4: นอกเขต มารับบริการ/เคยอยู่ในเขต,15-29 ปี,319
category,DIAGNOSIS_OPD,ละงู,11405,โรงพยาบาลละงู,โรควิตกกังวล (F40-F48),ALL,4,4: นอกเขต มารับบริการ/เคยอยู่ในเขต,30-44 ปี,304
category,DIAGNOSIS_OPD,ละงู,11405,โรงพยาบาลละงู,โรควิตกกังวล (F40-F48),ALL,4,4: นอกเขต มารับบริการ/เคยอยู่ในเขต,45-59 ปี,327
category,DIAGNOSIS_OPD,ละงู,11405,โรงพยาบาลละงู,โรควิตกกังวล (F40-F48),ALL,4,4: นอกเขต มารับบริการ/เคยอยู่ในเขต,60-74 ปี,219
category,DIAGNOSIS_OPD,ละงู,11405,โรงพยาบาลละงู,โรควิตกกังวล (F40-F48),ALL,4,4: นอกเขต มารับบริการ/เคยอยู่ในเขต,75 ปีขึ้นไป,55
category,DIAGNOSIS_OPD,ละงู,11405,โรงพยาบาลละงู,โรคสมองเสื่อม (F00-F03),ALL,4,4: นอกเขต มารับบริการ/เคยอยู่ในเขต,45-59 ปี,2
category,DIAGNOSIS_OPD,ละงู,11405,โรงพยาบาลละงู,โรคสมองเสื่อม (F00-F03),ALL,4,4: นอกเขต มารับบริการ/เคยอยู่ในเขต,60-74 ปี,39
category,DIAGNOSIS_OPD,ละงู,11405,โรงพยาบาลละงู,โรคสมองเสื่อม (F00-F03),ALL,4,4: นอกเขต มารับบริการ/เคยอยู่ในเขต,75 ปีขึ้นไป,64
category,DIAGNOSIS_OPD,ละงู,11405,โรงพยาบาลละงู,โรคสมาธิสั้น (F90),ALL,4,4: นอกเขต มารับบริการ/เคยอยู่ในเขต,0-14 ปี,77
category,DIAGNOSIS_OPD,ละงู,11405,โรงพยาบาลละงู,โรคสมาธิสั้น (F90),ALL,4,4: นอกเขต มารับบริการ/เคยอยู่ในเขต,15-29 ปี,18
category,DIAGNOSIS_OPD,ละงู,11405,โรงพยาบาลละงู,โรคสมาธิสั้น (F90),ALL,4,4: นอกเขต มารับบริการ/เคยอยู่ในเขต,30-44 ปี,1
category,DIAGNOSIS_OPD,ละงู,11405,โรงพยาบาลละงู,โรคสมาธิสั้น (F90),ALL,4,4: นอกเขต มารับบริการ/เคยอยู่ในเขต,60-74 ปี,1
category,DIAGNOSIS_OPD,ละงู,11405,โรงพยาบาลละงู,โรคสมาธิสั้น (F90),ALL,4,4: นอกเขต มารับบริการ/เคยอยู่ในเขต,75 ปีขึ้นไป,2
category,DIAGNOSIS_OPD,ละงู,11405,โรงพยาบาลละงู,โรคออทิสติก (F84),ALL,4,4: นอกเขต มารับบริการ/เคยอยู่ในเขต,0-14 ปี,33
category,DIAGNOSIS_OPD,ละงู,11405,โรงพยาบาลละงู,โรคออทิสติก (F84),ALL,4,4: นอกเขต มารับบริการ/เคยอยู่ในเขต,15-29 ปี,3
category,DIAGNOSIS_OPD,ละงู,11405,โรงพยาบาลละงู,โรคออทิสติก (F84),ALL,4,4: นอกเขต มารับบริการ/เคยอยู่ในเขต,30-44 ปี,1
category,DIAGNOSIS_OPD,ละงู,11405,โรงพยาบาลละงู,โรคอารมณ์สองขั้ว (F31),ALL,4,4: นอกเขต มารับบริการ/เคยอยู่ในเขต,0-14 ปี,2
category,DIAGNOSIS_OPD,ละงู,11405,โรงพยาบาลละงู,โรคอารมณ์สองขั้ว (F31),ALL,4,4: นอกเขต มารับบริการ/เคยอยู่ในเขต,15-29 ปี,22
category,DIAGNOSIS_OPD,ละงู,11405,โรงพยาบาลละงู,โรคอารมณ์สองขั้ว (F31),ALL,4,4: นอกเขต มารับบริการ/เคยอยู่ในเขต,30-44 ปี,24
category,DIAGNOSIS_OPD,ละงู,11405,โรงพยาบาลละงู,โรคอารมณ์สองขั้ว (F31),ALL,4,4: นอกเขต มารับบริการ/เคยอยู่ในเขต,45-59 ปี,20
category,DIAGNOSIS_OPD,ละงู,11405,โรงพยาบาลละงู,โรคอารมณ์สองขั้ว (F31),ALL,4,4: นอกเขต มารับบริการ/เคยอยู่ในเขต,60-74 ปี,3
category,DIAGNOSIS_OPD,ละงู,11405,โรงพยาบาลละงู,โรคอารมณ์สองขั้ว (F31),ALL,4,4: นอกเขต มารับบริการ/เคยอยู่ในเขต,75 ปีขึ้นไป,4
category,DIAGNOSIS_OPD,ละงู,09641,โรงพยาบาลส่งเสริมสุขภาพตำบลน้ำผุด,โรคจิตเภท (F20),ALL,1,1: ในเขต มีชื่อ+อยู่จริง,30-44 ปี,4
category,DIAGNOSIS_OPD,ละงู,09641,โรงพยาบาลส่งเสริมสุขภาพตำบลน้ำผุด,โรคจิตเภท (F20),ALL,4,4: นอกเขต มารับบริการ/เคยอยู่ในเขต,45-59 ปี,1
category,DIAGNOSIS_OPD,ละงู,09641,โรงพยาบาลส่งเสริมสุขภาพตำบลน้ำผุด,"โรคทางจิตเวชอื่นๆ (F04-F09,F50-F69,F80,F82-F83,F88-F89,F91-F99 ยกเว้น F638,F988)",ALL,1,1: ในเขต มีชื่อ+อยู่จริง,45-59 ปี,1
category,DIAGNOSIS_OPD,ละงู,09641,โรงพยาบาลส่งเสริมสุขภาพตำบลน้ำผุด,"โรคทางจิตเวชอื่นๆ (F04-F09,F50-F69,F80,F82-F83,F88-F89,F91-F99 ยกเว้น F638,F988)",ALL,1,1: ในเขต มีชื่อ+อยู่จริง,75 ปีขึ้นไป,1
category,DIAGNOSIS_OPD,ละงู,22015,โรงพยาบาลส่งเสริมสุขภาพตำบลบ้านตันหยงละไน้ ตำบลแหลมสน,โรคจิตเภท (F20),ALL,1,1: ในเขต มีชื่อ+อยู่จริง,30-44 ปี,1
category,DIAGNOSIS_OPD,ละงู,22015,โรงพยาบาลส่งเสริมสุขภาพตำบลบ้านตันหยงละไน้ ตำบลแหลมสน,"โรคทางจิตเวชอื่นๆ (F04-F09,F50-F69,F80,F82-F83,F88-F89,F91-F99 ยกเว้น F638,F988)",ALL,1,1: ในเขต มีชื่อ+อยู่จริง,45-59 ปี,1
category,DIAGNOSIS_OPD,ละงู,22015,โรงพยาบาลส่งเสริมสุขภาพตำบลบ้านตันหยงละไน้ ตำบลแหลมสน,โรคลมชัก (G40-G41),ALL,1,1: ในเขต มีชื่อ+อยู่จริง,60-74 ปี,1
category,DIAGNOSIS_OPD,ละงู,22015,โรงพยาบาลส่งเสริมสุขภาพตำบลบ้านตันหยงละไน้ ตำบลแหลมสน,โรคลมชัก (G40-G41),ALL,1,1: ในเขต มีชื่อ+อยู่จริง,75 ปีขึ้นไป,1
category,DIAGNOSIS_OPD,ละงู,22015,โรงพยาบาลส่งเสริมสุขภาพตำบลบ้านตันหยงละไน้ ตำบลแหลมสน,โรควิตกกังวล (F40-F48),ALL,1,1: ในเขต มีชื่อ+อยู่จริง,60-74 ปี,1
category,DIAGNOSIS_OPD,ละงู,09638,โรงพยาบาลส่งเสริมสุขภาพตำบลบ้านบ่อเจ็ดลูก,โรคจิตอื่นๆ (F21-F29),ALL,1,1: ในเขต มีชื่อ+อยู่จริง,30-44 ปี,1
category,DIAGNOSIS_OPD,ละงู,09638,โรงพยาบาลส่งเสริมสุขภาพตำบลบ้านบ่อเจ็ดลูก,โรคจิตเภท (F20),ALL,1,1: ในเขต มีชื่อ+อยู่จริง,30-44 ปี,1
category,DIAGNOSIS_OPD,ละงู,09638,โรงพยาบาลส่งเสริมสุขภาพตำบลบ้านบ่อเจ็ดลูก,โรคจิตเภท (F20),ALL,2,2: ในเขต มีชื่อ แต่ไม่อยู่จริง,30-44 ปี,2
category,DIAGNOSIS_OPD,ละงู,09638,โรงพยาบาลส่งเสริมสุขภาพตำบลบ้านบ่อเจ็ดลูก,โรคจิตเภท (F20),ALL,4,4: นอกเขต มารับบริการ/เคยอยู่ในเขต,15-29 ปี,1
category,DIAGNOSIS_OPD,ละงู,09635,โรงพยาบาลส่งเสริมสุขภาพตำบลบ้านห้วยไทร ตำบลละงู,โรคจิตเภท (F20),ALL,1,1: ในเขต มีชื่อ+อยู่จริง,30-44 ปี,1
category,DIAGNOSIS_OPD,ละงู,09635,โรงพยาบาลส่งเสริมสุขภาพตำบลบ้านห้วยไทร ตำบลละงู,"โรคทางจิตเวชอื่นๆ (F04-F09,F50-F69,F80,F82-F83,F88-F89,F91-F99 ยกเว้น F638,F988)",ALL,1,1: ในเขต มีชื่อ+อยู่จริง,30-44 ปี,1
category,DIAGNOSIS_OPD,ละงู,09635,โรงพยาบาลส่งเสริมสุขภาพตำบลบ้านห้วยไทร ตำบลละงู,"โรคทางจิตเวชอื่นๆ (F04-F09,F50-F69,F80,F82-F83,F88-F89,F91-F99 ยกเว้น F638,F988)",ALL,1,1: ในเขต มีชื่อ+อยู่จริง,60-74 ปี,1
category,DIAGNOSIS_OPD,ละงู,09635,โรงพยาบาลส่งเสริมสุขภาพตำบลบ้านห้วยไทร ตำบลละงู,"โรคทางจิตเวชอื่นๆ (F04-F09,F50-F69,F80,F82-F83,F88-F89,F91-F99 ยกเว้น F638,F988)",ALL,2,2: ในเขต มีชื่อ แต่ไม่อยู่จริง,0-14 ปี,1
category,DIAGNOSIS_OPD,ละงู,09635,โรงพยาบาลส่งเสริมสุขภาพตำบลบ้านห้วยไทร ตำบลละงู,โรควิตกกังวล (F40-F48),ALL,1,1: ในเขต มีชื่อ+อยู่จริง,45-59 ปี,1
category,DIAGNOSIS_OPD,ละงู,09636,โรงพยาบาลส่งเสริมสุขภาพตำบลบ้านในเมือง ตำบลละงู,"โรคทางจิตเวชอื่นๆ (F04-F09,F50-F69,F80,F82-F83,F88-F89,F91-F99 ยกเว้น F638,F988)",ALL,1,1: ในเขต มีชื่อ+อยู่จริง,15-29 ปี,1
category,DIAGNOSIS_OPD,ละงู,09636,โรงพยาบาลส่งเสริมสุขภาพตำบลบ้านในเมือง ตำบลละงู,"โรคทางจิตเวชอื่นๆ (F04-F09,F50-F69,F80,F82-F83,F88-F89,F91-F99 ยกเว้น F638,F988)",ALL,1,1: ในเขต มีชื่อ+อยู่จริง,30-44 ปี,3
category,DIAGNOSIS_OPD,ละงู,09636,โรงพยาบาลส่งเสริมสุขภาพตำบลบ้านในเมือง ตำบลละงู,"โรคทางจิตเวชอื่นๆ (F04-F09,F50-F69,F80,F82-F83,F88-F89,F91-F99 ยกเว้น F638,F988)",ALL,1,1: ในเขต มีชื่อ+อยู่จริง,45-59 ปี,5
category,DIAGNOSIS_OPD,ละงู,09636,โรงพยาบาลส่งเสริมสุขภาพตำบลบ้านในเมือง ตำบลละงู,"โรคทางจิตเวชอื่นๆ (F04-F09,F50-F69,F80,F82-F83,F88-F89,F91-F99 ยกเว้น F638,F988)",ALL,1,1: ในเขต มีชื่อ+อยู่จริง,60-74 ปี,11
category,DIAGNOSIS_OPD,ละงู,09636,โรงพยาบาลส่งเสริมสุขภาพตำบลบ้านในเมือง ตำบลละงู,"โรคทางจิตเวชอื่นๆ (F04-F09,F50-F69,F80,F82-F83,F88-F89,F91-F99 ยกเว้น F638,F988)",ALL,1,1: ในเขต มีชื่อ+อยู่จริง,75 ปีขึ้นไป,3
category,DIAGNOSIS_OPD,ละงู,09636,โรงพยาบาลส่งเสริมสุขภาพตำบลบ้านในเมือง ตำบลละงู,"โรคทางจิตเวชอื่นๆ (F04-F09,F50-F69,F80,F82-F83,F88-F89,F91-F99 ยกเว้น F638,F988)",ALL,2,2: ในเขต มีชื่อ แต่ไม่อยู่จริง,30-44 ปี,2
category,DIAGNOSIS_OPD,ละงู,09636,โรงพยาบาลส่งเสริมสุขภาพตำบลบ้านในเมือง ตำบลละงู,"โรคทางจิตเวชอื่นๆ (F04-F09,F50-F69,F80,F82-F83,F88-F89,F91-F99 ยกเว้น F638,F988)",ALL,2,2: ในเขต มีชื่อ แต่ไม่อยู่จริง,60-74 ปี,3
category,DIAGNOSIS_OPD,ละงู,09639,โรงพยาบาลส่งเสริมสุขภาพตำบลปากน้ำ,โรคจิตเภท (F20),ALL,1,1: ในเขต มีชื่อ+อยู่จริง,30-44 ปี,1
category,DIAGNOSIS_OPD,ละงู,09639,โรงพยาบาลส่งเสริมสุขภาพตำบลปากน้ำ,โรคจิตเภท (F20),ALL,1,1: ในเขต มีชื่อ+อยู่จริง,45-59 ปี,2
category,DIAGNOSIS_OPD,ละงู,09639,โรงพยาบาลส่งเสริมสุขภาพตำบลปากน้ำ,โรคจิตเภท (F20),ALL,1,1: ในเขต มีชื่อ+อยู่จริง,60-74 ปี,1
category,DIAGNOSIS_OPD,ละงู,09639,โรงพยาบาลส่งเสริมสุขภาพตำบลปากน้ำ,โรคจิตเภท (F20),ALL,2,2: ในเขต มีชื่อ แต่ไม่อยู่จริง,15-29 ปี,1
category,DIAGNOSIS_OPD,ละงู,09639,โรงพยาบาลส่งเสริมสุขภาพตำบลปากน้ำ,โรคจิตเภท (F20),ALL,2,2: ในเขต มีชื่อ แต่ไม่อยู่จริง,30-44 ปี,3
category,DIAGNOSIS_OPD,ละงู,09639,โรงพยาบาลส่งเสริมสุขภาพตำบลปากน้ำ,โรคจิตเภท (F20),ALL,4,4: นอกเขต มารับบริการ/เคยอยู่ในเขต,15-29 ปี,1
category,DIAGNOSIS_OPD,ละงู,09639,โรงพยาบาลส่งเสริมสุขภาพตำบลปากน้ำ,"โรคซึมเศร้า (F32,F33,F341,F38,F39)",ALL,1,1: ในเขต มีชื่อ+อยู่จริง,15-29 ปี,1
category,DIAGNOSIS_OPD,ละงู,09639,โรงพยาบาลส่งเสริมสุขภาพตำบลปากน้ำ,"โรคทางจิตเวชอื่นๆ (F04-F09,F50-F69,F80,F82-F83,F88-F89,F91-F99 ยกเว้น F638,F988)",ALL,1,1: ในเขต มีชื่อ+อยู่จริง,15-29 ปี,1
category,DIAGNOSIS_OPD,ละงู,09639,โรงพยาบาลส่งเสริมสุขภาพตำบลปากน้ำ,"โรคทางจิตเวชอื่นๆ (F04-F09,F50-F69,F80,F82-F83,F88-F89,F91-F99 ยกเว้น F638,F988)",ALL,1,1: ในเขต มีชื่อ+อยู่จริง,30-44 ปี,3
category,DIAGNOSIS_OPD,ละงู,09639,โรงพยาบาลส่งเสริมสุขภาพตำบลปากน้ำ,"โรคทางจิตเวชอื่นๆ (F04-F09,F50-F69,F80,F82-F83,F88-F89,F91-F99 ยกเว้น F638,F988)",ALL,1,1: ในเขต มีชื่อ+อยู่จริง,45-59 ปี,5
category,DIAGNOSIS_OPD,ละงู,09639,โรงพยาบาลส่งเสริมสุขภาพตำบลปากน้ำ,"โรคทางจิตเวชอื่นๆ (F04-F09,F50-F69,F80,F82-F83,F88-F89,F91-F99 ยกเว้น F638,F988)",ALL,1,1: ในเขต มีชื่อ+อยู่จริง,60-74 ปี,1
category,DIAGNOSIS_OPD,ละงู,09639,โรงพยาบาลส่งเสริมสุขภาพตำบลปากน้ำ,"โรคทางจิตเวชอื่นๆ (F04-F09,F50-F69,F80,F82-F83,F88-F89,F91-F99 ยกเว้น F638,F988)",ALL,2,2: ในเขต มีชื่อ แต่ไม่อยู่จริง,15-29 ปี,1
category,DIAGNOSIS_OPD,ละงู,09639,โรงพยาบาลส่งเสริมสุขภาพตำบลปากน้ำ,"โรคทางจิตเวชอื่นๆ (F04-F09,F50-F69,F80,F82-F83,F88-F89,F91-F99 ยกเว้น F638,F988)",ALL,2,2: ในเขต มีชื่อ แต่ไม่อยู่จริง,30-44 ปี,3
category,DIAGNOSIS_OPD,ละงู,09639,โรงพยาบาลส่งเสริมสุขภาพตำบลปากน้ำ,"โรคทางจิตเวชอื่นๆ (F04-F09,F50-F69,F80,F82-F83,F88-F89,F91-F99 ยกเว้น F638,F988)",ALL,2,2: ในเขต มีชื่อ แต่ไม่อยู่จริง,45-59 ปี,2
category,DIAGNOSIS_OPD,ละงู,09639,โรงพยาบาลส่งเสริมสุขภาพตำบลปากน้ำ,"โรคทางจิตเวชอื่นๆ (F04-F09,F50-F69,F80,F82-F83,F88-F89,F91-F99 ยกเว้น F638,F988)",ALL,4,4: นอกเขต มารับบริการ/เคยอยู่ในเขต,30-44 ปี,1
category,DIAGNOSIS_OPD,ละงู,09639,โรงพยาบาลส่งเสริมสุขภาพตำบลปากน้ำ,โรควิตกกังวล (F40-F48),ALL,1,1: ในเขต มีชื่อ+อยู่จริง,30-44 ปี,1
category,DIAGNOSIS_OPD,ละงู,09639,โรงพยาบาลส่งเสริมสุขภาพตำบลปากน้ำ,โรควิตกกังวล (F40-F48),ALL,1,1: ในเขต มีชื่อ+อยู่จริง,45-59 ปี,3
category,DIAGNOSIS_OPD,ละงู,09639,โรงพยาบาลส่งเสริมสุขภาพตำบลปากน้ำ,โรควิตกกังวล (F40-F48),ALL,1,1: ในเขต มีชื่อ+อยู่จริง,60-74 ปี,1
category,DIAGNOSIS_OPD,ละงู,09639,โรงพยาบาลส่งเสริมสุขภาพตำบลปากน้ำ,โรควิตกกังวล (F40-F48),ALL,1,1: ในเขต มีชื่อ+อยู่จริง,75 ปีขึ้นไป,1
category,DIAGNOSIS_OPD,ละงู,09639,โรงพยาบาลส่งเสริมสุขภาพตำบลปากน้ำ,โรควิตกกังวล (F40-F48),ALL,2,2: ในเขต มีชื่อ แต่ไม่อยู่จริง,45-59 ปี,1
category,DIAGNOSIS_OPD,ละงู,09639,โรงพยาบาลส่งเสริมสุขภาพตำบลปากน้ำ,โรควิตกกังวล (F40-F48),ALL,4,4: นอกเขต มารับบริการ/เคยอยู่ในเขต,30-44 ปี,1
category,DIAGNOSIS_OPD,ละงู,09639,โรงพยาบาลส่งเสริมสุขภาพตำบลปากน้ำ,โรคอารมณ์สองขั้ว (F31),ALL,1,1: ในเขต มีชื่อ+อยู่จริง,45-59 ปี,1
category,DIAGNOSIS_OPD,ละงู,09634,โรงพยาบาลส่งเสริมสุขภาพตำบลละงู,โรควิตกกังวล (F40-F48),ALL,1,1: ในเขต มีชื่อ+อยู่จริง,15-29 ปี,7
category,DIAGNOSIS_OPD,ละงู,09634,โรงพยาบาลส่งเสริมสุขภาพตำบลละงู,โรควิตกกังวล (F40-F48),ALL,1,1: ในเขต มีชื่อ+อยู่จริง,30-44 ปี,15
category,DIAGNOSIS_OPD,ละงู,09634,โรงพยาบาลส่งเสริมสุขภาพตำบลละงู,โรควิตกกังวล (F40-F48),ALL,1,1: ในเขต มีชื่อ+อยู่จริง,45-59 ปี,56
category,DIAGNOSIS_OPD,ละงู,09634,โรงพยาบาลส่งเสริมสุขภาพตำบลละงู,โรควิตกกังวล (F40-F48),ALL,1,1: ในเขต มีชื่อ+อยู่จริง,60-74 ปี,60
category,DIAGNOSIS_OPD,ละงู,09634,โรงพยาบาลส่งเสริมสุขภาพตำบลละงู,โรควิตกกังวล (F40-F48),ALL,1,1: ในเขต มีชื่อ+อยู่จริง,75 ปีขึ้นไป,23
category,DIAGNOSIS_OPD,ละงู,09634,โรงพยาบาลส่งเสริมสุขภาพตำบลละงู,โรควิตกกังวล (F40-F48),ALL,2,2: ในเขต มีชื่อ แต่ไม่อยู่จริง,30-44 ปี,2
category,DIAGNOSIS_OPD,ละงู,09634,โรงพยาบาลส่งเสริมสุขภาพตำบลละงู,โรควิตกกังวล (F40-F48),ALL,2,2: ในเขต มีชื่อ แต่ไม่อยู่จริง,45-59 ปี,5
category,DIAGNOSIS_OPD,ละงู,09634,โรงพยาบาลส่งเสริมสุขภาพตำบลละงู,โรควิตกกังวล (F40-F48),ALL,2,2: ในเขต มีชื่อ แต่ไม่อยู่จริง,60-74 ปี,1
category,DIAGNOSIS_OPD,ละงู,09634,โรงพยาบาลส่งเสริมสุขภาพตำบลละงู,โรควิตกกังวล (F40-F48),ALL,3,3: อาศัยในเขต ทะเบียนบ้านอยู่นอกเขต,30-44 ปี,1
category,DIAGNOSIS_OPD,ละงู,09634,โรงพยาบาลส่งเสริมสุขภาพตำบลละงู,โรควิตกกังวล (F40-F48),ALL,4,4: นอกเขต มารับบริการ/เคยอยู่ในเขต,45-59 ปี,1
category,DIAGNOSIS_OPD,ละงู,09634,โรงพยาบาลส่งเสริมสุขภาพตำบลละงู,โรควิตกกังวล (F40-F48),ALL,4,4: นอกเขต มารับบริการ/เคยอยู่ในเขต,60-74 ปี,1
category,DIAGNOSIS_OPD,ละงู,09634,โรงพยาบาลส่งเสริมสุขภาพตำบลละงู,โรควิตกกังวล (F40-F48),ALL,4,4: นอกเขต มารับบริการ/เคยอยู่ในเขต,75 ปีขึ้นไป,1
category,DIAGNOSIS_OPD,ละงู,09637,โรงพยาบาลส่งเสริมสุขภาพตำบลเขาขาว,"ติดสารเสพติดอื่นๆ (F11,F12,F13,F14,F16,F17,F18,F19)",ALL,1,1: ในเขต มีชื่อ+อยู่จริง,15-29 ปี,2
category,DIAGNOSIS_OPD,ละงู,09637,โรงพยาบาลส่งเสริมสุขภาพตำบลเขาขาว,โรคจิตอื่นๆ (F21-F29),ALL,1,1: ในเขต มีชื่อ+อยู่จริง,30-44 ปี,2
category,DIAGNOSIS_OPD,ละงู,09637,โรงพยาบาลส่งเสริมสุขภาพตำบลเขาขาว,โรคจิตอื่นๆ (F21-F29),ALL,1,1: ในเขต มีชื่อ+อยู่จริง,45-59 ปี,2
category,DIAGNOSIS_OPD,ละงู,09637,โรงพยาบาลส่งเสริมสุขภาพตำบลเขาขาว,โรคจิตเภท (F20),ALL,1,1: ในเขต มีชื่อ+อยู่จริง,15-29 ปี,1
category,DIAGNOSIS_OPD,ละงู,09637,โรงพยาบาลส่งเสริมสุขภาพตำบลเขาขาว,โรคจิตเภท (F20),ALL,1,1: ในเขต มีชื่อ+อยู่จริง,30-44 ปี,6
category,DIAGNOSIS_OPD,ละงู,09637,โรงพยาบาลส่งเสริมสุขภาพตำบลเขาขาว,โรคจิตเภท (F20),ALL,1,1: ในเขต มีชื่อ+อยู่จริง,45-59 ปี,6
category,DIAGNOSIS_OPD,ละงู,09637,โรงพยาบาลส่งเสริมสุขภาพตำบลเขาขาว,โรคจิตเภท (F20),ALL,1,1: ในเขต มีชื่อ+อยู่จริง,60-74 ปี,2
category,DIAGNOSIS_OPD,ละงู,09637,โรงพยาบาลส่งเสริมสุขภาพตำบลเขาขาว,โรคจิตเภท (F20),ALL,1,1: ในเขต มีชื่อ+อยู่จริง,75 ปีขึ้นไป,1
category,DIAGNOSIS_OPD,ละงู,09637,โรงพยาบาลส่งเสริมสุขภาพตำบลเขาขาว,โรคจิตเภท (F20),ALL,2,2: ในเขต มีชื่อ แต่ไม่อยู่จริง,30-44 ปี,1
category,DIAGNOSIS_OPD,ละงู,09637,โรงพยาบาลส่งเสริมสุขภาพตำบลเขาขาว,โรคจิตเภท (F20),ALL,2,2: ในเขต มีชื่อ แต่ไม่อยู่จริง,45-59 ปี,2
category,DIAGNOSIS_OPD,ละงู,09637,โรงพยาบาลส่งเสริมสุขภาพตำบลเขาขาว,"โรคซึมเศร้า (F32,F33,F341,F38,F39)",ALL,1,1: ในเขต มีชื่อ+อยู่จริง,30-44 ปี,1
category,DIAGNOSIS_OPD,ละงู,09637,โรงพยาบาลส่งเสริมสุขภาพตำบลเขาขาว,"โรคซึมเศร้า (F32,F33,F341,F38,F39)",ALL,1,1: ในเขต มีชื่อ+อยู่จริง,45-59 ปี,2
category,DIAGNOSIS_OPD,ละงู,09637,โรงพยาบาลส่งเสริมสุขภาพตำบลเขาขาว,"โรคทางจิตเวชอื่นๆ (F04-F09,F50-F69,F80,F82-F83,F88-F89,F91-F99 ยกเว้น F638,F988)",ALL,1,1: ในเขต มีชื่อ+อยู่จริง,15-29 ปี,1
category,DIAGNOSIS_OPD,ละงู,09637,โรงพยาบาลส่งเสริมสุขภาพตำบลเขาขาว,"โรคทางจิตเวชอื่นๆ (F04-F09,F50-F69,F80,F82-F83,F88-F89,F91-F99 ยกเว้น F638,F988)",ALL,1,1: ในเขต มีชื่อ+อยู่จริง,30-44 ปี,4
category,DIAGNOSIS_OPD,ละงู,09637,โรงพยาบาลส่งเสริมสุขภาพตำบลเขาขาว,"โรคทางจิตเวชอื่นๆ (F04-F09,F50-F69,F80,F82-F83,F88-F89,F91-F99 ยกเว้น F638,F988)",ALL,1,1: ในเขต มีชื่อ+อยู่จริง,45-59 ปี,5
category,DIAGNOSIS_OPD,ละงู,09637,โรงพยาบาลส่งเสริมสุขภาพตำบลเขาขาว,"โรคทางจิตเวชอื่นๆ (F04-F09,F50-F69,F80,F82-F83,F88-F89,F91-F99 ยกเว้น F638,F988)",ALL,1,1: ในเขต มีชื่อ+อยู่จริง,60-74 ปี,14
category,DIAGNOSIS_OPD,ละงู,09637,โรงพยาบาลส่งเสริมสุขภาพตำบลเขาขาว,"โรคทางจิตเวชอื่นๆ (F04-F09,F50-F69,F80,F82-F83,F88-F89,F91-F99 ยกเว้น F638,F988)",ALL,1,1: ในเขต มีชื่อ+อยู่จริง,75 ปีขึ้นไป,1
category,DIAGNOSIS_OPD,ละงู,09637,โรงพยาบาลส่งเสริมสุขภาพตำบลเขาขาว,"โรคทางจิตเวชอื่นๆ (F04-F09,F50-F69,F80,F82-F83,F88-F89,F91-F99 ยกเว้น F638,F988)",ALL,4,4: นอกเขต มารับบริการ/เคยอยู่ในเขต,60-74 ปี,1
category,DIAGNOSIS_OPD,ละงู,09637,โรงพยาบาลส่งเสริมสุขภาพตำบลเขาขาว,โรควิตกกังวล (F40-F48),ALL,1,1: ในเขต มีชื่อ+อยู่จริง,0-14 ปี,1
category,DIAGNOSIS_OPD,ละงู,09637,โรงพยาบาลส่งเสริมสุขภาพตำบลเขาขาว,โรควิตกกังวล (F40-F48),ALL,1,1: ในเขต มีชื่อ+อยู่จริง,30-44 ปี,3
category,DIAGNOSIS_OPD,ละงู,09637,โรงพยาบาลส่งเสริมสุขภาพตำบลเขาขาว,โรควิตกกังวล (F40-F48),ALL,1,1: ในเขต มีชื่อ+อยู่จริง,45-59 ปี,2
category,DIAGNOSIS_OPD,ละงู,09637,โรงพยาบาลส่งเสริมสุขภาพตำบลเขาขาว,โรควิตกกังวล (F40-F48),ALL,1,1: ในเขต มีชื่อ+อยู่จริง,60-74 ปี,2
category,DIAGNOSIS_OPD,ละงู,09637,โรงพยาบาลส่งเสริมสุขภาพตำบลเขาขาว,โรควิตกกังวล (F40-F48),ALL,2,2: ในเขต มีชื่อ แต่ไม่อยู่จริง,30-44 ปี,1
category,DIAGNOSIS_OPD,ละงู,09637,โรงพยาบาลส่งเสริมสุขภาพตำบลเขาขาว,โรควิตกกังวล (F40-F48),ALL,4,4: นอกเขต มารับบริการ/เคยอยู่ในเขต,60-74 ปี,1
category,DIAGNOSIS_OPD,ละงู,09642,โรงพยาบาลส่งเสริมสุขภาพตำบลแหลมสน,โรคจิตอื่นๆ (F21-F29),ALL,1,1: ในเขต มีชื่อ+อยู่จริง,60-74 ปี,1
category,DIAGNOSIS_OPD,ละงู,09642,โรงพยาบาลส่งเสริมสุขภาพตำบลแหลมสน,โรคจิตเภท (F20),ALL,1,1: ในเขต มีชื่อ+อยู่จริง,30-44 ปี,9
category,DIAGNOSIS_OPD,ละงู,09642,โรงพยาบาลส่งเสริมสุขภาพตำบลแหลมสน,โรคจิตเภท (F20),ALL,1,1: ในเขต มีชื่อ+อยู่จริง,45-59 ปี,8
category,DIAGNOSIS_OPD,ละงู,09642,โรงพยาบาลส่งเสริมสุขภาพตำบลแหลมสน,โรคจิตเภท (F20),ALL,1,1: ในเขต มีชื่อ+อยู่จริง,60-74 ปี,1
category,DIAGNOSIS_OPD,ละงู,09642,โรงพยาบาลส่งเสริมสุขภาพตำบลแหลมสน,โรควิตกกังวล (F40-F48),ALL,1,1: ในเขต มีชื่อ+อยู่จริง,60-74 ปี,2
category,DIAGNOSIS_OPD,เมืองสตูล,77708,ศูนย์สุขภาพชุมชนพิมาน,"ติดสารเสพติดอื่นๆ (F11,F12,F13,F14,F16,F17,F18,F19)",ALL,4,4: นอกเขต มารับบริการ/เคยอยู่ในเขต,45-59 ปี,1
category,DIAGNOSIS_OPD,เมืองสตูล,77708,ศูนย์สุขภาพชุมชนพิมาน,"โรคซึมเศร้า (F32,F33,F341,F38,F39)",ALL,1,1: ในเขต มีชื่อ+อยู่จริง,45-59 ปี,1
category,DIAGNOSIS_OPD,เมืองสตูล,77708,ศูนย์สุขภาพชุมชนพิมาน,"โรคซึมเศร้า (F32,F33,F341,F38,F39)",ALL,1,1: ในเขต มีชื่อ+อยู่จริง,60-74 ปี,1
category,DIAGNOSIS_OPD,เมืองสตูล,77708,ศูนย์สุขภาพชุมชนพิมาน,"โรคซึมเศร้า (F32,F33,F341,F38,F39)",ALL,1,1: ในเขต มีชื่อ+อยู่จริง,75 ปีขึ้นไป,2
category,DIAGNOSIS_OPD,เมืองสตูล,77708,ศูนย์สุขภาพชุมชนพิมาน,"โรคซึมเศร้า (F32,F33,F341,F38,F39)",ALL,3,3: อาศัยในเขต ทะเบียนบ้านอยู่นอกเขต,30-44 ปี,1
category,DIAGNOSIS_OPD,เมืองสตูล,77708,ศูนย์สุขภาพชุมชนพิมาน,"โรคซึมเศร้า (F32,F33,F341,F38,F39)",ALL,4,4: นอกเขต มารับบริการ/เคยอยู่ในเขต,30-44 ปี,1
category,DIAGNOSIS_OPD,เมืองสตูล,77708,ศูนย์สุขภาพชุมชนพิมาน,"โรคทางจิตเวชอื่นๆ (F04-F09,F50-F69,F80,F82-F83,F88-F89,F91-F99 ยกเว้น F638,F988)",ALL,1,1: ในเขต มีชื่อ+อยู่จริง,0-14 ปี,12
category,DIAGNOSIS_OPD,เมืองสตูล,77708,ศูนย์สุขภาพชุมชนพิมาน,"โรคทางจิตเวชอื่นๆ (F04-F09,F50-F69,F80,F82-F83,F88-F89,F91-F99 ยกเว้น F638,F988)",ALL,1,1: ในเขต มีชื่อ+อยู่จริง,30-44 ปี,1
category,DIAGNOSIS_OPD,เมืองสตูล,77708,ศูนย์สุขภาพชุมชนพิมาน,"โรคทางจิตเวชอื่นๆ (F04-F09,F50-F69,F80,F82-F83,F88-F89,F91-F99 ยกเว้น F638,F988)",ALL,1,1: ในเขต มีชื่อ+อยู่จริง,45-59 ปี,7
category,DIAGNOSIS_OPD,เมืองสตูล,77708,ศูนย์สุขภาพชุมชนพิมาน,"โรคทางจิตเวชอื่นๆ (F04-F09,F50-F69,F80,F82-F83,F88-F89,F91-F99 ยกเว้น F638,F988)",ALL,1,1: ในเขต มีชื่อ+อยู่จริง,60-74 ปี,8
category,DIAGNOSIS_OPD,เมืองสตูล,77708,ศูนย์สุขภาพชุมชนพิมาน,"โรคทางจิตเวชอื่นๆ (F04-F09,F50-F69,F80,F82-F83,F88-F89,F91-F99 ยกเว้น F638,F988)",ALL,1,1: ในเขต มีชื่อ+อยู่จริง,75 ปีขึ้นไป,3
category,DIAGNOSIS_OPD,เมืองสตูล,77708,ศูนย์สุขภาพชุมชนพิมาน,"โรคทางจิตเวชอื่นๆ (F04-F09,F50-F69,F80,F82-F83,F88-F89,F91-F99 ยกเว้น F638,F988)",ALL,4,4: นอกเขต มารับบริการ/เคยอยู่ในเขต,45-59 ปี,1
category,DIAGNOSIS_OPD,เมืองสตูล,77708,ศูนย์สุขภาพชุมชนพิมาน,"โรคทางจิตเวชอื่นๆ (F04-F09,F50-F69,F80,F82-F83,F88-F89,F91-F99 ยกเว้น F638,F988)",ALL,4,4: นอกเขต มารับบริการ/เคยอยู่ในเขต,75 ปีขึ้นไป,2
category,DIAGNOSIS_OPD,เมืองสตูล,77708,ศูนย์สุขภาพชุมชนพิมาน,โรควิตกกังวล (F40-F48),ALL,1,1: ในเขต มีชื่อ+อยู่จริง,45-59 ปี,2
category,DIAGNOSIS_OPD,เมืองสตูล,77708,ศูนย์สุขภาพชุมชนพิมาน,โรควิตกกังวล (F40-F48),ALL,1,1: ในเขต มีชื่อ+อยู่จริง,60-74 ปี,1
category,DIAGNOSIS_OPD,เมืองสตูล,77708,ศูนย์สุขภาพชุมชนพิมาน,โรควิตกกังวล (F40-F48),ALL,1,1: ในเขต มีชื่อ+อยู่จริง,75 ปีขึ้นไป,1
category,DIAGNOSIS_OPD,เมืองสตูล,77708,ศูนย์สุขภาพชุมชนพิมาน,โรควิตกกังวล (F40-F48),ALL,3,3: อาศัยในเขต ทะเบียนบ้านอยู่นอกเขต,45-59 ปี,1
category,DIAGNOSIS_OPD,เมืองสตูล,77708,ศูนย์สุขภาพชุมชนพิมาน,โรควิตกกังวล (F40-F48),ALL,4,4: นอกเขต มารับบริการ/เคยอยู่ในเขต,45-59 ปี,2
category,DIAGNOSIS_OPD,เมืองสตูล,77708,ศูนย์สุขภาพชุมชนพิมาน,โรคสมองเสื่อม (F00-F03),ALL,1,1: ในเขต มีชื่อ+อยู่จริง,75 ปีขึ้นไป,1
category,DIAGNOSIS_OPD,เมืองสตูล,24672,ศูนย์สุขภาพชุมชนศรีพิมาน,"ติดสารเสพติดอื่นๆ (F11,F12,F13,F14,F16,F17,F18,F19)",ALL,1,1: ในเขต มีชื่อ+อยู่จริง,45-59 ปี,1
category,DIAGNOSIS_OPD,เมืองสตูล,24672,ศูนย์สุขภาพชุมชนศรีพิมาน,"ติดสารเสพติดอื่นๆ (F11,F12,F13,F14,F16,F17,F18,F19)",ALL,1,1: ในเขต มีชื่อ+อยู่จริง,60-74 ปี,1
category,DIAGNOSIS_OPD,เมืองสตูล,24672,ศูนย์สุขภาพชุมชนศรีพิมาน,"ติดสารเสพติดอื่นๆ (F11,F12,F13,F14,F16,F17,F18,F19)",ALL,2,2: ในเขต มีชื่อ แต่ไม่อยู่จริง,45-59 ปี,1
category,DIAGNOSIS_OPD,เมืองสตูล,24672,ศูนย์สุขภาพชุมชนศรีพิมาน,"ติดสารเสพติดอื่นๆ (F11,F12,F13,F14,F16,F17,F18,F19)",ALL,4,4: นอกเขต มารับบริการ/เคยอยู่ในเขต,60-74 ปี,1
category,DIAGNOSIS_OPD,เมืองสตูล,24672,ศูนย์สุขภาพชุมชนศรีพิมาน,ติดแอลกอฮอล์ (F10),ALL,1,1: ในเขต มีชื่อ+อยู่จริง,45-59 ปี,1
category,DIAGNOSIS_OPD,เมืองสตูล,24672,ศูนย์สุขภาพชุมชนศรีพิมาน,พยายามฆ่าตัวตาย/ตั้งใจทำร้ายตนเอง (X60-X84),ALL,1,1: ในเขต มีชื่อ+อยู่จริง,30-44 ปี,1
category,DIAGNOSIS_OPD,เมืองสตูล,24672,ศูนย์สุขภาพชุมชนศรีพิมาน,โรคจิตอื่นๆ (F21-F29),ALL,1,1: ในเขต มีชื่อ+อยู่จริง,15-29 ปี,1
category,DIAGNOSIS_OPD,เมืองสตูล,24672,ศูนย์สุขภาพชุมชนศรีพิมาน,โรคจิตเภท (F20),ALL,1,1: ในเขต มีชื่อ+อยู่จริง,15-29 ปี,1
category,DIAGNOSIS_OPD,เมืองสตูล,24672,ศูนย์สุขภาพชุมชนศรีพิมาน,โรคจิตเภท (F20),ALL,1,1: ในเขต มีชื่อ+อยู่จริง,30-44 ปี,2
category,DIAGNOSIS_OPD,เมืองสตูล,24672,ศูนย์สุขภาพชุมชนศรีพิมาน,โรคจิตเภท (F20),ALL,1,1: ในเขต มีชื่อ+อยู่จริง,60-74 ปี,1
category,DIAGNOSIS_OPD,เมืองสตูล,24672,ศูนย์สุขภาพชุมชนศรีพิมาน,โรคจิตเภท (F20),ALL,4,4: นอกเขต มารับบริการ/เคยอยู่ในเขต,30-44 ปี,2
category,DIAGNOSIS_OPD,เมืองสตูล,24672,ศูนย์สุขภาพชุมชนศรีพิมาน,"โรคซึมเศร้า (F32,F33,F341,F38,F39)",ALL,1,1: ในเขต มีชื่อ+อยู่จริง,45-59 ปี,3
category,DIAGNOSIS_OPD,เมืองสตูล,24672,ศูนย์สุขภาพชุมชนศรีพิมาน,"โรคซึมเศร้า (F32,F33,F341,F38,F39)",ALL,1,1: ในเขต มีชื่อ+อยู่จริง,60-74 ปี,1
category,DIAGNOSIS_OPD,เมืองสตูล,24672,ศูนย์สุขภาพชุมชนศรีพิมาน,"โรคซึมเศร้า (F32,F33,F341,F38,F39)",ALL,1,1: ในเขต มีชื่อ+อยู่จริง,75 ปีขึ้นไป,3
category,DIAGNOSIS_OPD,เมืองสตูล,24672,ศูนย์สุขภาพชุมชนศรีพิมาน,"โรคซึมเศร้า (F32,F33,F341,F38,F39)",ALL,2,2: ในเขต มีชื่อ แต่ไม่อยู่จริง,45-59 ปี,1
category,DIAGNOSIS_OPD,เมืองสตูล,24672,ศูนย์สุขภาพชุมชนศรีพิมาน,"โรคซึมเศร้า (F32,F33,F341,F38,F39)",ALL,3,3: อาศัยในเขต ทะเบียนบ้านอยู่นอกเขต,45-59 ปี,1
category,DIAGNOSIS_OPD,เมืองสตูล,24672,ศูนย์สุขภาพชุมชนศรีพิมาน,"โรคซึมเศร้า (F32,F33,F341,F38,F39)",ALL,3,3: อาศัยในเขต ทะเบียนบ้านอยู่นอกเขต,60-74 ปี,1
category,DIAGNOSIS_OPD,เมืองสตูล,24672,ศูนย์สุขภาพชุมชนศรีพิมาน,"โรคทางจิตเวชอื่นๆ (F04-F09,F50-F69,F80,F82-F83,F88-F89,F91-F99 ยกเว้น F638,F988)",ALL,1,1: ในเขต มีชื่อ+อยู่จริง,30-44 ปี,1
category,DIAGNOSIS_OPD,เมืองสตูล,24672,ศูนย์สุขภาพชุมชนศรีพิมาน,"โรคทางจิตเวชอื่นๆ (F04-F09,F50-F69,F80,F82-F83,F88-F89,F91-F99 ยกเว้น F638,F988)",ALL,1,1: ในเขต มีชื่อ+อยู่จริง,45-59 ปี,10
category,DIAGNOSIS_OPD,เมืองสตูล,24672,ศูนย์สุขภาพชุมชนศรีพิมาน,"โรคทางจิตเวชอื่นๆ (F04-F09,F50-F69,F80,F82-F83,F88-F89,F91-F99 ยกเว้น F638,F988)",ALL,1,1: ในเขต มีชื่อ+อยู่จริง,60-74 ปี,18
category,DIAGNOSIS_OPD,เมืองสตูล,24672,ศูนย์สุขภาพชุมชนศรีพิมาน,"โรคทางจิตเวชอื่นๆ (F04-F09,F50-F69,F80,F82-F83,F88-F89,F91-F99 ยกเว้น F638,F988)",ALL,1,1: ในเขต มีชื่อ+อยู่จริง,75 ปีขึ้นไป,10
category,DIAGNOSIS_OPD,เมืองสตูล,24672,ศูนย์สุขภาพชุมชนศรีพิมาน,"โรคทางจิตเวชอื่นๆ (F04-F09,F50-F69,F80,F82-F83,F88-F89,F91-F99 ยกเว้น F638,F988)",ALL,2,2: ในเขต มีชื่อ แต่ไม่อยู่จริง,30-44 ปี,2
category,DIAGNOSIS_OPD,เมืองสตูล,24672,ศูนย์สุขภาพชุมชนศรีพิมาน,"โรคทางจิตเวชอื่นๆ (F04-F09,F50-F69,F80,F82-F83,F88-F89,F91-F99 ยกเว้น F638,F988)",ALL,2,2: ในเขต มีชื่อ แต่ไม่อยู่จริง,60-74 ปี,1
category,DIAGNOSIS_OPD,เมืองสตูล,24672,ศูนย์สุขภาพชุมชนศรีพิมาน,"โรคทางจิตเวชอื่นๆ (F04-F09,F50-F69,F80,F82-F83,F88-F89,F91-F99 ยกเว้น F638,F988)",ALL,3,3: อาศัยในเขต ทะเบียนบ้านอยู่นอกเขต,45-59 ปี,2
category,DIAGNOSIS_OPD,เมืองสตูล,24672,ศูนย์สุขภาพชุมชนศรีพิมาน,"โรคทางจิตเวชอื่นๆ (F04-F09,F50-F69,F80,F82-F83,F88-F89,F91-F99 ยกเว้น F638,F988)",ALL,3,3: อาศัยในเขต ทะเบียนบ้านอยู่นอกเขต,75 ปีขึ้นไป,1
category,DIAGNOSIS_OPD,เมืองสตูล,24672,ศูนย์สุขภาพชุมชนศรีพิมาน,"โรคทางจิตเวชอื่นๆ (F04-F09,F50-F69,F80,F82-F83,F88-F89,F91-F99 ยกเว้น F638,F988)",ALL,4,4: นอกเขต มารับบริการ/เคยอยู่ในเขต,45-59 ปี,4
category,DIAGNOSIS_OPD,เมืองสตูล,24672,ศูนย์สุขภาพชุมชนศรีพิมาน,"โรคทางจิตเวชอื่นๆ (F04-F09,F50-F69,F80,F82-F83,F88-F89,F91-F99 ยกเว้น F638,F988)",ALL,4,4: นอกเขต มารับบริการ/เคยอยู่ในเขต,60-74 ปี,2
category,DIAGNOSIS_OPD,เมืองสตูล,24672,ศูนย์สุขภาพชุมชนศรีพิมาน,โรควิตกกังวล (F40-F48),ALL,1,1: ในเขต มีชื่อ+อยู่จริง,45-59 ปี,2
category,DIAGNOSIS_OPD,เมืองสตูล,24672,ศูนย์สุขภาพชุมชนศรีพิมาน,โรควิตกกังวล (F40-F48),ALL,1,1: ในเขต มีชื่อ+อยู่จริง,60-74 ปี,1
category,DIAGNOSIS_OPD,เมืองสตูล,24672,ศูนย์สุขภาพชุมชนศรีพิมาน,โรควิตกกังวล (F40-F48),ALL,2,2: ในเขต มีชื่อ แต่ไม่อยู่จริง,60-74 ปี,1
category,DIAGNOSIS_OPD,เมืองสตูล,24672,ศูนย์สุขภาพชุมชนศรีพิมาน,โรควิตกกังวล (F40-F48),ALL,3,3: อาศัยในเขต ทะเบียนบ้านอยู่นอกเขต,30-44 ปี,1
category,DIAGNOSIS_OPD,เมืองสตูล,24672,ศูนย์สุขภาพชุมชนศรีพิมาน,โรควิตกกังวล (F40-F48),ALL,4,4: นอกเขต มารับบริการ/เคยอยู่ในเขต,45-59 ปี,1
category,DIAGNOSIS_OPD,เมืองสตูล,24672,ศูนย์สุขภาพชุมชนศรีพิมาน,โรควิตกกังวล (F40-F48),ALL,4,4: นอกเขต มารับบริการ/เคยอยู่ในเขต,60-74 ปี,2
category,DIAGNOSIS_OPD,เมืองสตูล,24672,ศูนย์สุขภาพชุมชนศรีพิมาน,โรคสมองเสื่อม (F00-F03),ALL,1,1: ในเขต มีชื่อ+อยู่จริง,75 ปีขึ้นไป,2
category,DIAGNOSIS_OPD,เมืองสตูล,24672,ศูนย์สุขภาพชุมชนศรีพิมาน,โรคสมองเสื่อม (F00-F03),ALL,4,4: นอกเขต มารับบริการ/เคยอยู่ในเขต,45-59 ปี,1
category,DIAGNOSIS_OPD,เมืองสตูล,24672,ศูนย์สุขภาพชุมชนศรีพิมาน,โรคสมองเสื่อม (F00-F03),ALL,4,4: นอกเขต มารับบริการ/เคยอยู่ในเขต,60-74 ปี,1
category,DIAGNOSIS_OPD,เมืองสตูล,10746,โรงพยาบาลสตูล,ความบกพร่องทางการเรียนรู้ (F81),ALL,4,4: นอกเขต มารับบริการ/เคยอยู่ในเขต,0-14 ปี,340
category,DIAGNOSIS_OPD,เมืองสตูล,10746,โรงพยาบาลสตูล,ความบกพร่องทางการเรียนรู้ (F81),ALL,4,4: นอกเขต มารับบริการ/เคยอยู่ในเขต,15-29 ปี,43
category,DIAGNOSIS_OPD,เมืองสตูล,10746,โรงพยาบาลสตูล,ความบกพร่องทางการเรียนรู้ (F81),ALL,4,4: นอกเขต มารับบริการ/เคยอยู่ในเขต,45-59 ปี,2
category,DIAGNOSIS_OPD,เมืองสตูล,10746,โรงพยาบาลสตูล,ความบกพร่องทางสติปัญญา (F70-F79),ALL,4,4: นอกเขต มารับบริการ/เคยอยู่ในเขต,0-14 ปี,172
category,DIAGNOSIS_OPD,เมืองสตูล,10746,โรงพยาบาลสตูล,ความบกพร่องทางสติปัญญา (F70-F79),ALL,4,4: นอกเขต มารับบริการ/เคยอยู่ในเขต,15-29 ปี,113
category,DIAGNOSIS_OPD,เมืองสตูล,10746,โรงพยาบาลสตูล,ความบกพร่องทางสติปัญญา (F70-F79),ALL,4,4: นอกเขต มารับบริการ/เคยอยู่ในเขต,30-44 ปี,16
category,DIAGNOSIS_OPD,เมืองสตูล,10746,โรงพยาบาลสตูล,ความบกพร่องทางสติปัญญา (F70-F79),ALL,4,4: นอกเขต มารับบริการ/เคยอยู่ในเขต,45-59 ปี,13
category,DIAGNOSIS_OPD,เมืองสตูล,10746,โรงพยาบาลสตูล,ความบกพร่องทางสติปัญญา (F70-F79),ALL,4,4: นอกเขต มารับบริการ/เคยอยู่ในเขต,60-74 ปี,4
category,DIAGNOSIS_OPD,เมืองสตูล,10746,โรงพยาบาลสตูล,ติดยาบ้า Amphetamine (F15),ALL,4,4: นอกเขต มารับบริการ/เคยอยู่ในเขต,0-14 ปี,3
category,DIAGNOSIS_OPD,เมืองสตูล,10746,โรงพยาบาลสตูล,ติดยาบ้า Amphetamine (F15),ALL,4,4: นอกเขต มารับบริการ/เคยอยู่ในเขต,15-29 ปี,254
category,DIAGNOSIS_OPD,เมืองสตูล,10746,โรงพยาบาลสตูล,ติดยาบ้า Amphetamine (F15),ALL,4,4: นอกเขต มารับบริการ/เคยอยู่ในเขต,30-44 ปี,359
category,DIAGNOSIS_OPD,เมืองสตูล,10746,โรงพยาบาลสตูล,ติดยาบ้า Amphetamine (F15),ALL,4,4: นอกเขต มารับบริการ/เคยอยู่ในเขต,45-59 ปี,62
category,DIAGNOSIS_OPD,เมืองสตูล,10746,โรงพยาบาลสตูล,ติดยาบ้า Amphetamine (F15),ALL,4,4: นอกเขต มารับบริการ/เคยอยู่ในเขต,60-74 ปี,4
category,DIAGNOSIS_OPD,เมืองสตูล,10746,โรงพยาบาลสตูล,"ติดสารเสพติดอื่นๆ (F11,F12,F13,F14,F16,F17,F18,F19)",ALL,4,4: นอกเขต มารับบริการ/เคยอยู่ในเขต,0-14 ปี,13
category,DIAGNOSIS_OPD,เมืองสตูล,10746,โรงพยาบาลสตูล,"ติดสารเสพติดอื่นๆ (F11,F12,F13,F14,F16,F17,F18,F19)",ALL,4,4: นอกเขต มารับบริการ/เคยอยู่ในเขต,15-29 ปี,439
category,DIAGNOSIS_OPD,เมืองสตูล,10746,โรงพยาบาลสตูล,"ติดสารเสพติดอื่นๆ (F11,F12,F13,F14,F16,F17,F18,F19)",ALL,4,4: นอกเขต มารับบริการ/เคยอยู่ในเขต,30-44 ปี,579
category,DIAGNOSIS_OPD,เมืองสตูล,10746,โรงพยาบาลสตูล,"ติดสารเสพติดอื่นๆ (F11,F12,F13,F14,F16,F17,F18,F19)",ALL,4,4: นอกเขต มารับบริการ/เคยอยู่ในเขต,45-59 ปี,252
category,DIAGNOSIS_OPD,เมืองสตูล,10746,โรงพยาบาลสตูล,"ติดสารเสพติดอื่นๆ (F11,F12,F13,F14,F16,F17,F18,F19)",ALL,4,4: นอกเขต มารับบริการ/เคยอยู่ในเขต,60-74 ปี,194
category,DIAGNOSIS_OPD,เมืองสตูล,10746,โรงพยาบาลสตูล,"ติดสารเสพติดอื่นๆ (F11,F12,F13,F14,F16,F17,F18,F19)",ALL,4,4: นอกเขต มารับบริการ/เคยอยู่ในเขต,75 ปีขึ้นไป,35
category,DIAGNOSIS_OPD,เมืองสตูล,10746,โรงพยาบาลสตูล,ติดแอลกอฮอล์ (F10),ALL,4,4: นอกเขต มารับบริการ/เคยอยู่ในเขต,0-14 ปี,2
category,DIAGNOSIS_OPD,เมืองสตูล,10746,โรงพยาบาลสตูล,ติดแอลกอฮอล์ (F10),ALL,4,4: นอกเขต มารับบริการ/เคยอยู่ในเขต,15-29 ปี,7
category,DIAGNOSIS_OPD,เมืองสตูล,10746,โรงพยาบาลสตูล,ติดแอลกอฮอล์ (F10),ALL,4,4: นอกเขต มารับบริการ/เคยอยู่ในเขต,30-44 ปี,53
category,DIAGNOSIS_OPD,เมืองสตูล,10746,โรงพยาบาลสตูล,ติดแอลกอฮอล์ (F10),ALL,4,4: นอกเขต มารับบริการ/เคยอยู่ในเขต,45-59 ปี,78
category,DIAGNOSIS_OPD,เมืองสตูล,10746,โรงพยาบาลสตูล,ติดแอลกอฮอล์ (F10),ALL,4,4: นอกเขต มารับบริการ/เคยอยู่ในเขต,60-74 ปี,36
category,DIAGNOSIS_OPD,เมืองสตูล,10746,โรงพยาบาลสตูล,ติดแอลกอฮอล์ (F10),ALL,4,4: นอกเขต มารับบริการ/เคยอยู่ในเขต,75 ปีขึ้นไป,3
category,DIAGNOSIS_OPD,เมืองสตูล,10746,โรงพยาบาลสตูล,ผู้ป่วยติดเกมส์ในผู้ใหญ่ 15 ปีขึ้นไป (F638),ALL,4,4: นอกเขต มารับบริการ/เคยอยู่ในเขต,15-29 ปี,1
category,DIAGNOSIS_OPD,เมืองสตูล,10746,โรงพยาบาลสตูล,ผู้ป่วยติดเกมส์ในเด็ก ต่ำกว่า 15 ปี (F988),ALL,4,4: นอกเขต มารับบริการ/เคยอยู่ในเขต,0-14 ปี,10
category,DIAGNOSIS_OPD,เมืองสตูล,10746,โรงพยาบาลสตูล,พยายามฆ่าตัวตาย/ตั้งใจทำร้ายตนเอง (X60-X84),ALL,4,4: นอกเขต มารับบริการ/เคยอยู่ในเขต,0-14 ปี,8
category,DIAGNOSIS_OPD,เมืองสตูล,10746,โรงพยาบาลสตูล,พยายามฆ่าตัวตาย/ตั้งใจทำร้ายตนเอง (X60-X84),ALL,4,4: นอกเขต มารับบริการ/เคยอยู่ในเขต,15-29 ปี,58
category,DIAGNOSIS_OPD,เมืองสตูล,10746,โรงพยาบาลสตูล,พยายามฆ่าตัวตาย/ตั้งใจทำร้ายตนเอง (X60-X84),ALL,4,4: นอกเขต มารับบริการ/เคยอยู่ในเขต,30-44 ปี,19
category,DIAGNOSIS_OPD,เมืองสตูล,10746,โรงพยาบาลสตูล,พยายามฆ่าตัวตาย/ตั้งใจทำร้ายตนเอง (X60-X84),ALL,4,4: นอกเขต มารับบริการ/เคยอยู่ในเขต,45-59 ปี,9
category,DIAGNOSIS_OPD,เมืองสตูล,10746,โรงพยาบาลสตูล,พยายามฆ่าตัวตาย/ตั้งใจทำร้ายตนเอง (X60-X84),ALL,4,4: นอกเขต มารับบริการ/เคยอยู่ในเขต,60-74 ปี,5
category,DIAGNOSIS_OPD,เมืองสตูล,10746,โรงพยาบาลสตูล,พยายามฆ่าตัวตาย/ตั้งใจทำร้ายตนเอง (X60-X84),ALL,4,4: นอกเขต มารับบริการ/เคยอยู่ในเขต,75 ปีขึ้นไป,2
category,DIAGNOSIS_OPD,เมืองสตูล,10746,โรงพยาบาลสตูล,โรคจิตอื่นๆ (F21-F29),ALL,4,4: นอกเขต มารับบริการ/เคยอยู่ในเขต,0-14 ปี,10
category,DIAGNOSIS_OPD,เมืองสตูล,10746,โรงพยาบาลสตูล,โรคจิตอื่นๆ (F21-F29),ALL,4,4: นอกเขต มารับบริการ/เคยอยู่ในเขต,15-29 ปี,184
category,DIAGNOSIS_OPD,เมืองสตูล,10746,โรงพยาบาลสตูล,โรคจิตอื่นๆ (F21-F29),ALL,4,4: นอกเขต มารับบริการ/เคยอยู่ในเขต,30-44 ปี,324
category,DIAGNOSIS_OPD,เมืองสตูล,10746,โรงพยาบาลสตูล,โรคจิตอื่นๆ (F21-F29),ALL,4,4: นอกเขต มารับบริการ/เคยอยู่ในเขต,45-59 ปี,126
category,DIAGNOSIS_OPD,เมืองสตูล,10746,โรงพยาบาลสตูล,โรคจิตอื่นๆ (F21-F29),ALL,4,4: นอกเขต มารับบริการ/เคยอยู่ในเขต,60-74 ปี,48
category,DIAGNOSIS_OPD,เมืองสตูล,10746,โรงพยาบาลสตูล,โรคจิตอื่นๆ (F21-F29),ALL,4,4: นอกเขต มารับบริการ/เคยอยู่ในเขต,75 ปีขึ้นไป,20
category,DIAGNOSIS_OPD,เมืองสตูล,10746,โรงพยาบาลสตูล,โรคจิตเภท (F20),ALL,4,4: นอกเขต มารับบริการ/เคยอยู่ในเขต,15-29 ปี,108
category,DIAGNOSIS_OPD,เมืองสตูล,10746,โรงพยาบาลสตูล,โรคจิตเภท (F20),ALL,4,4: นอกเขต มารับบริการ/เคยอยู่ในเขต,30-44 ปี,371
category,DIAGNOSIS_OPD,เมืองสตูล,10746,โรงพยาบาลสตูล,โรคจิตเภท (F20),ALL,4,4: นอกเขต มารับบริการ/เคยอยู่ในเขต,45-59 ปี,221
category,DIAGNOSIS_OPD,เมืองสตูล,10746,โรงพยาบาลสตูล,โรคจิตเภท (F20),ALL,4,4: นอกเขต มารับบริการ/เคยอยู่ในเขต,60-74 ปี,54
category,DIAGNOSIS_OPD,เมืองสตูล,10746,โรงพยาบาลสตูล,โรคจิตเภท (F20),ALL,4,4: นอกเขต มารับบริการ/เคยอยู่ในเขต,75 ปีขึ้นไป,8
category,DIAGNOSIS_OPD,เมืองสตูล,10746,โรงพยาบาลสตูล,"โรคซึมเศร้า (F32,F33,F341,F38,F39)",ALL,4,4: นอกเขต มารับบริการ/เคยอยู่ในเขต,0-14 ปี,182
category,DIAGNOSIS_OPD,เมืองสตูล,10746,โรงพยาบาลสตูล,"โรคซึมเศร้า (F32,F33,F341,F38,F39)",ALL,4,4: นอกเขต มารับบริการ/เคยอยู่ในเขต,15-29 ปี,731
category,DIAGNOSIS_OPD,เมืองสตูล,10746,โรงพยาบาลสตูล,"โรคซึมเศร้า (F32,F33,F341,F38,F39)",ALL,4,4: นอกเขต มารับบริการ/เคยอยู่ในเขต,30-44 ปี,517
category,DIAGNOSIS_OPD,เมืองสตูล,10746,โรงพยาบาลสตูล,"โรคซึมเศร้า (F32,F33,F341,F38,F39)",ALL,4,4: นอกเขต มารับบริการ/เคยอยู่ในเขต,45-59 ปี,320
category,DIAGNOSIS_OPD,เมืองสตูล,10746,โรงพยาบาลสตูล,"โรคซึมเศร้า (F32,F33,F341,F38,F39)",ALL,4,4: นอกเขต มารับบริการ/เคยอยู่ในเขต,60-74 ปี,262
category,DIAGNOSIS_OPD,เมืองสตูล,10746,โรงพยาบาลสตูล,"โรคซึมเศร้า (F32,F33,F341,F38,F39)",ALL,4,4: นอกเขต มารับบริการ/เคยอยู่ในเขต,75 ปีขึ้นไป,91
category,DIAGNOSIS_OPD,เมืองสตูล,10746,โรงพยาบาลสตูล,"โรคทางจิตเวชอื่นๆ (F04-F09,F50-F69,F80,F82-F83,F88-F89,F91-F99 ยกเว้น F638,F988)",ALL,4,4: นอกเขต มารับบริการ/เคยอยู่ในเขต,0-14 ปี,370
category,DIAGNOSIS_OPD,เมืองสตูล,10746,โรงพยาบาลสตูล,"โรคทางจิตเวชอื่นๆ (F04-F09,F50-F69,F80,F82-F83,F88-F89,F91-F99 ยกเว้น F638,F988)",ALL,4,4: นอกเขต มารับบริการ/เคยอยู่ในเขต,15-29 ปี,397
category,DIAGNOSIS_OPD,เมืองสตูล,10746,โรงพยาบาลสตูล,"โรคทางจิตเวชอื่นๆ (F04-F09,F50-F69,F80,F82-F83,F88-F89,F91-F99 ยกเว้น F638,F988)",ALL,4,4: นอกเขต มารับบริการ/เคยอยู่ในเขต,30-44 ปี,448
category,DIAGNOSIS_OPD,เมืองสตูล,10746,โรงพยาบาลสตูล,"โรคทางจิตเวชอื่นๆ (F04-F09,F50-F69,F80,F82-F83,F88-F89,F91-F99 ยกเว้น F638,F988)",ALL,4,4: นอกเขต มารับบริการ/เคยอยู่ในเขต,45-59 ปี,516
category,DIAGNOSIS_OPD,เมืองสตูล,10746,โรงพยาบาลสตูล,"โรคทางจิตเวชอื่นๆ (F04-F09,F50-F69,F80,F82-F83,F88-F89,F91-F99 ยกเว้น F638,F988)",ALL,4,4: นอกเขต มารับบริการ/เคยอยู่ในเขต,60-74 ปี,536
category,DIAGNOSIS_OPD,เมืองสตูล,10746,โรงพยาบาลสตูล,"โรคทางจิตเวชอื่นๆ (F04-F09,F50-F69,F80,F82-F83,F88-F89,F91-F99 ยกเว้น F638,F988)",ALL,4,4: นอกเขต มารับบริการ/เคยอยู่ในเขต,75 ปีขึ้นไป,318
category,DIAGNOSIS_OPD,เมืองสตูล,10746,โรงพยาบาลสตูล,โรคลมชัก (G40-G41),ALL,4,4: นอกเขต มารับบริการ/เคยอยู่ในเขต,0-14 ปี,226
category,DIAGNOSIS_OPD,เมืองสตูล,10746,โรงพยาบาลสตูล,โรคลมชัก (G40-G41),ALL,4,4: นอกเขต มารับบริการ/เคยอยู่ในเขต,15-29 ปี,230
category,DIAGNOSIS_OPD,เมืองสตูล,10746,โรงพยาบาลสตูล,โรคลมชัก (G40-G41),ALL,4,4: นอกเขต มารับบริการ/เคยอยู่ในเขต,30-44 ปี,204
category,DIAGNOSIS_OPD,เมืองสตูล,10746,โรงพยาบาลสตูล,โรคลมชัก (G40-G41),ALL,4,4: นอกเขต มารับบริการ/เคยอยู่ในเขต,45-59 ปี,164
category,DIAGNOSIS_OPD,เมืองสตูล,10746,โรงพยาบาลสตูล,โรคลมชัก (G40-G41),ALL,4,4: นอกเขต มารับบริการ/เคยอยู่ในเขต,60-74 ปี,125
category,DIAGNOSIS_OPD,เมืองสตูล,10746,โรงพยาบาลสตูล,โรคลมชัก (G40-G41),ALL,4,4: นอกเขต มารับบริการ/เคยอยู่ในเขต,75 ปีขึ้นไป,48
category,DIAGNOSIS_OPD,เมืองสตูล,10746,โรงพยาบาลสตูล,โรควิตกกังวล (F40-F48),ALL,4,4: นอกเขต มารับบริการ/เคยอยู่ในเขต,0-14 ปี,315
category,DIAGNOSIS_OPD,เมืองสตูล,10746,โรงพยาบาลสตูล,โรควิตกกังวล (F40-F48),ALL,4,4: นอกเขต มารับบริการ/เคยอยู่ในเขต,15-29 ปี,755
category,DIAGNOSIS_OPD,เมืองสตูล,10746,โรงพยาบาลสตูล,โรควิตกกังวล (F40-F48),ALL,4,4: นอกเขต มารับบริการ/เคยอยู่ในเขต,30-44 ปี,704
category,DIAGNOSIS_OPD,เมืองสตูล,10746,โรงพยาบาลสตูล,โรควิตกกังวล (F40-F48),ALL,4,4: นอกเขต มารับบริการ/เคยอยู่ในเขต,45-59 ปี,578
category,DIAGNOSIS_OPD,เมืองสตูล,10746,โรงพยาบาลสตูล,โรควิตกกังวล (F40-F48),ALL,4,4: นอกเขต มารับบริการ/เคยอยู่ในเขต,60-74 ปี,357
category,DIAGNOSIS_OPD,เมืองสตูล,10746,โรงพยาบาลสตูล,โรควิตกกังวล (F40-F48),ALL,4,4: นอกเขต มารับบริการ/เคยอยู่ในเขต,75 ปีขึ้นไป,102
category,DIAGNOSIS_OPD,เมืองสตูล,10746,โรงพยาบาลสตูล,โรคสมองเสื่อม (F00-F03),ALL,4,4: นอกเขต มารับบริการ/เคยอยู่ในเขต,15-29 ปี,1
category,DIAGNOSIS_OPD,เมืองสตูล,10746,โรงพยาบาลสตูล,โรคสมองเสื่อม (F00-F03),ALL,4,4: นอกเขต มารับบริการ/เคยอยู่ในเขต,30-44 ปี,4
category,DIAGNOSIS_OPD,เมืองสตูล,10746,โรงพยาบาลสตูล,โรคสมองเสื่อม (F00-F03),ALL,4,4: นอกเขต มารับบริการ/เคยอยู่ในเขต,45-59 ปี,29
category,DIAGNOSIS_OPD,เมืองสตูล,10746,โรงพยาบาลสตูล,โรคสมองเสื่อม (F00-F03),ALL,4,4: นอกเขต มารับบริการ/เคยอยู่ในเขต,60-74 ปี,132
category,DIAGNOSIS_OPD,เมืองสตูล,10746,โรงพยาบาลสตูล,โรคสมองเสื่อม (F00-F03),ALL,4,4: นอกเขต มารับบริการ/เคยอยู่ในเขต,75 ปีขึ้นไป,227
category,DIAGNOSIS_OPD,เมืองสตูล,10746,โรงพยาบาลสตูล,โรคสมาธิสั้น (F90),ALL,4,4: นอกเขต มารับบริการ/เคยอยู่ในเขต,0-14 ปี,701
category,DIAGNOSIS_OPD,เมืองสตูล,10746,โรงพยาบาลสตูล,โรคสมาธิสั้น (F90),ALL,4,4: นอกเขต มารับบริการ/เคยอยู่ในเขต,15-29 ปี,82
category,DIAGNOSIS_OPD,เมืองสตูล,10746,โรงพยาบาลสตูล,โรคสมาธิสั้น (F90),ALL,4,4: นอกเขต มารับบริการ/เคยอยู่ในเขต,30-44 ปี,4
category,DIAGNOSIS_OPD,เมืองสตูล,10746,โรงพยาบาลสตูล,โรคสมาธิสั้น (F90),ALL,4,4: นอกเขต มารับบริการ/เคยอยู่ในเขต,45-59 ปี,2
category,DIAGNOSIS_OPD,เมืองสตูล,10746,โรงพยาบาลสตูล,โรคสมาธิสั้น (F90),ALL,4,4: นอกเขต มารับบริการ/เคยอยู่ในเขต,60-74 ปี,1
category,DIAGNOSIS_OPD,เมืองสตูล,10746,โรงพยาบาลสตูล,โรคสมาธิสั้น (F90),ALL,4,4: นอกเขต มารับบริการ/เคยอยู่ในเขต,75 ปีขึ้นไป,2
category,DIAGNOSIS_OPD,เมืองสตูล,10746,โรงพยาบาลสตูล,โรคออทิสติก (F84),ALL,4,4: นอกเขต มารับบริการ/เคยอยู่ในเขต,0-14 ปี,168
category,DIAGNOSIS_OPD,เมืองสตูล,10746,โรงพยาบาลสตูล,โรคออทิสติก (F84),ALL,4,4: นอกเขต มารับบริการ/เคยอยู่ในเขต,15-29 ปี,24
category,DIAGNOSIS_OPD,เมืองสตูล,10746,โรงพยาบาลสตูล,โรคออทิสติก (F84),ALL,4,4: นอกเขต มารับบริการ/เคยอยู่ในเขต,30-44 ปี,2
category,DIAGNOSIS_OPD,เมืองสตูล,10746,โรงพยาบาลสตูล,โรคออทิสติก (F84),ALL,4,4: นอกเขต มารับบริการ/เคยอยู่ในเขต,45-59 ปี,1
category,DIAGNOSIS_OPD,เมืองสตูล,10746,โรงพยาบาลสตูล,โรคออทิสติก (F84),ALL,4,4: นอกเขต มารับบริการ/เคยอยู่ในเขต,75 ปีขึ้นไป,1
category,DIAGNOSIS_OPD,เมืองสตูล,10746,โรงพยาบาลสตูล,โรคอารมณ์สองขั้ว (F31),ALL,4,4: นอกเขต มารับบริการ/เคยอยู่ในเขต,0-14 ปี,3
category,DIAGNOSIS_OPD,เมืองสตูล,10746,โรงพยาบาลสตูล,โรคอารมณ์สองขั้ว (F31),ALL,4,4: นอกเขต มารับบริการ/เคยอยู่ในเขต,15-29 ปี,56
category,DIAGNOSIS_OPD,เมืองสตูล,10746,โรงพยาบาลสตูล,โรคอารมณ์สองขั้ว (F31),ALL,4,4: นอกเขต มารับบริการ/เคยอยู่ในเขต,30-44 ปี,61
category,DIAGNOSIS_OPD,เมืองสตูล,10746,โรงพยาบาลสตูล,โรคอารมณ์สองขั้ว (F31),ALL,4,4: นอกเขต มารับบริการ/เคยอยู่ในเขต,45-59 ปี,62
category,DIAGNOSIS_OPD,เมืองสตูล,10746,โรงพยาบาลสตูล,โรคอารมณ์สองขั้ว (F31),ALL,4,4: นอกเขต มารับบริการ/เคยอยู่ในเขต,60-74 ปี,27
category,DIAGNOSIS_OPD,เมืองสตูล,10746,โรงพยาบาลสตูล,โรคอารมณ์สองขั้ว (F31),ALL,4,4: นอกเขต มารับบริการ/เคยอยู่ในเขต,75 ปีขึ้นไป,5
category,DIAGNOSIS_OPD,เมืองสตูล,09604,โรงพยาบาลส่งเสริมสุขภาพตำบลคลองขุด,"ติดสารเสพติดอื่นๆ (F11,F12,F13,F14,F16,F17,F18,F19)",ALL,1,1: ในเขต มีชื่อ+อยู่จริง,30-44 ปี,1
category,DIAGNOSIS_OPD,เมืองสตูล,09604,โรงพยาบาลส่งเสริมสุขภาพตำบลคลองขุด,โรคจิตเภท (F20),ALL,1,1: ในเขต มีชื่อ+อยู่จริง,15-29 ปี,2
category,DIAGNOSIS_OPD,เมืองสตูล,09604,โรงพยาบาลส่งเสริมสุขภาพตำบลคลองขุด,โรคจิตเภท (F20),ALL,1,1: ในเขต มีชื่อ+อยู่จริง,30-44 ปี,5
category,DIAGNOSIS_OPD,เมืองสตูล,09604,โรงพยาบาลส่งเสริมสุขภาพตำบลคลองขุด,โรคจิตเภท (F20),ALL,1,1: ในเขต มีชื่อ+อยู่จริง,45-59 ปี,1
category,DIAGNOSIS_OPD,เมืองสตูล,09604,โรงพยาบาลส่งเสริมสุขภาพตำบลคลองขุด,โรคจิตเภท (F20),ALL,2,2: ในเขต มีชื่อ แต่ไม่อยู่จริง,30-44 ปี,1
category,DIAGNOSIS_OPD,เมืองสตูล,09604,โรงพยาบาลส่งเสริมสุขภาพตำบลคลองขุด,โรคจิตเภท (F20),ALL,4,4: นอกเขต มารับบริการ/เคยอยู่ในเขต,30-44 ปี,1
category,DIAGNOSIS_OPD,เมืองสตูล,09604,โรงพยาบาลส่งเสริมสุขภาพตำบลคลองขุด,"โรคทางจิตเวชอื่นๆ (F04-F09,F50-F69,F80,F82-F83,F88-F89,F91-F99 ยกเว้น F638,F988)",ALL,1,1: ในเขต มีชื่อ+อยู่จริง,30-44 ปี,1
category,DIAGNOSIS_OPD,เมืองสตูล,09604,โรงพยาบาลส่งเสริมสุขภาพตำบลคลองขุด,"โรคทางจิตเวชอื่นๆ (F04-F09,F50-F69,F80,F82-F83,F88-F89,F91-F99 ยกเว้น F638,F988)",ALL,1,1: ในเขต มีชื่อ+อยู่จริง,45-59 ปี,3
category,DIAGNOSIS_OPD,เมืองสตูล,09604,โรงพยาบาลส่งเสริมสุขภาพตำบลคลองขุด,"โรคทางจิตเวชอื่นๆ (F04-F09,F50-F69,F80,F82-F83,F88-F89,F91-F99 ยกเว้น F638,F988)",ALL,1,1: ในเขต มีชื่อ+อยู่จริง,60-74 ปี,2
category,DIAGNOSIS_OPD,เมืองสตูล,09604,โรงพยาบาลส่งเสริมสุขภาพตำบลคลองขุด,"โรคทางจิตเวชอื่นๆ (F04-F09,F50-F69,F80,F82-F83,F88-F89,F91-F99 ยกเว้น F638,F988)",ALL,1,1: ในเขต มีชื่อ+อยู่จริง,75 ปีขึ้นไป,1
category,DIAGNOSIS_OPD,เมืองสตูล,09604,โรงพยาบาลส่งเสริมสุขภาพตำบลคลองขุด,"โรคทางจิตเวชอื่นๆ (F04-F09,F50-F69,F80,F82-F83,F88-F89,F91-F99 ยกเว้น F638,F988)",ALL,2,2: ในเขต มีชื่อ แต่ไม่อยู่จริง,45-59 ปี,1
category,DIAGNOSIS_OPD,เมืองสตูล,77654,โรงพยาบาลส่งเสริมสุขภาพตำบลคลองขุด (สาขา),พยายามฆ่าตัวตาย/ตั้งใจทำร้ายตนเอง (X60-X84),ALL,1,1: ในเขต มีชื่อ+อยู่จริง,0-14 ปี,4
category,DIAGNOSIS_OPD,เมืองสตูล,77654,โรงพยาบาลส่งเสริมสุขภาพตำบลคลองขุด (สาขา),พยายามฆ่าตัวตาย/ตั้งใจทำร้ายตนเอง (X60-X84),ALL,1,1: ในเขต มีชื่อ+อยู่จริง,15-29 ปี,4
category,DIAGNOSIS_OPD,เมืองสตูล,77654,โรงพยาบาลส่งเสริมสุขภาพตำบลคลองขุด (สาขา),พยายามฆ่าตัวตาย/ตั้งใจทำร้ายตนเอง (X60-X84),ALL,1,1: ในเขต มีชื่อ+อยู่จริง,30-44 ปี,4
category,DIAGNOSIS_OPD,เมืองสตูล,77654,โรงพยาบาลส่งเสริมสุขภาพตำบลคลองขุด (สาขา),พยายามฆ่าตัวตาย/ตั้งใจทำร้ายตนเอง (X60-X84),ALL,1,1: ในเขต มีชื่อ+อยู่จริง,45-59 ปี,5
category,DIAGNOSIS_OPD,เมืองสตูล,77654,โรงพยาบาลส่งเสริมสุขภาพตำบลคลองขุด (สาขา),พยายามฆ่าตัวตาย/ตั้งใจทำร้ายตนเอง (X60-X84),ALL,1,1: ในเขต มีชื่อ+อยู่จริง,60-74 ปี,7
category,DIAGNOSIS_OPD,เมืองสตูล,77654,โรงพยาบาลส่งเสริมสุขภาพตำบลคลองขุด (สาขา),พยายามฆ่าตัวตาย/ตั้งใจทำร้ายตนเอง (X60-X84),ALL,4,4: นอกเขต มารับบริการ/เคยอยู่ในเขต,0-14 ปี,1
category,DIAGNOSIS_OPD,เมืองสตูล,77654,โรงพยาบาลส่งเสริมสุขภาพตำบลคลองขุด (สาขา),พยายามฆ่าตัวตาย/ตั้งใจทำร้ายตนเอง (X60-X84),ALL,4,4: นอกเขต มารับบริการ/เคยอยู่ในเขต,15-29 ปี,4
category,DIAGNOSIS_OPD,เมืองสตูล,77654,โรงพยาบาลส่งเสริมสุขภาพตำบลคลองขุด (สาขา),พยายามฆ่าตัวตาย/ตั้งใจทำร้ายตนเอง (X60-X84),ALL,4,4: นอกเขต มารับบริการ/เคยอยู่ในเขต,30-44 ปี,6
category,DIAGNOSIS_OPD,เมืองสตูล,77654,โรงพยาบาลส่งเสริมสุขภาพตำบลคลองขุด (สาขา),พยายามฆ่าตัวตาย/ตั้งใจทำร้ายตนเอง (X60-X84),ALL,4,4: นอกเขต มารับบริการ/เคยอยู่ในเขต,45-59 ปี,1
category,DIAGNOSIS_OPD,เมืองสตูล,77654,โรงพยาบาลส่งเสริมสุขภาพตำบลคลองขุด (สาขา),พยายามฆ่าตัวตาย/ตั้งใจทำร้ายตนเอง (X60-X84),ALL,4,4: นอกเขต มารับบริการ/เคยอยู่ในเขต,60-74 ปี,2
category,DIAGNOSIS_OPD,เมืองสตูล,77654,โรงพยาบาลส่งเสริมสุขภาพตำบลคลองขุด (สาขา),โรคจิตอื่นๆ (F21-F29),ALL,1,1: ในเขต มีชื่อ+อยู่จริง,45-59 ปี,1
category,DIAGNOSIS_OPD,เมืองสตูล,77654,โรงพยาบาลส่งเสริมสุขภาพตำบลคลองขุด (สาขา),โรคจิตอื่นๆ (F21-F29),ALL,1,1: ในเขต มีชื่อ+อยู่จริง,60-74 ปี,1
category,DIAGNOSIS_OPD,เมืองสตูล,77654,โรงพยาบาลส่งเสริมสุขภาพตำบลคลองขุด (สาขา),โรคจิตอื่นๆ (F21-F29),ALL,4,4: นอกเขต มารับบริการ/เคยอยู่ในเขต,15-29 ปี,1
category,DIAGNOSIS_OPD,เมืองสตูล,77654,โรงพยาบาลส่งเสริมสุขภาพตำบลคลองขุด (สาขา),โรคจิตเภท (F20),ALL,1,1: ในเขต มีชื่อ+อยู่จริง,30-44 ปี,4
category,DIAGNOSIS_OPD,เมืองสตูล,77654,โรงพยาบาลส่งเสริมสุขภาพตำบลคลองขุด (สาขา),โรคจิตเภท (F20),ALL,1,1: ในเขต มีชื่อ+อยู่จริง,45-59 ปี,2
category,DIAGNOSIS_OPD,เมืองสตูล,77654,โรงพยาบาลส่งเสริมสุขภาพตำบลคลองขุด (สาขา),โรคจิตเภท (F20),ALL,3,3: อาศัยในเขต ทะเบียนบ้านอยู่นอกเขต,45-59 ปี,1
category,DIAGNOSIS_OPD,เมืองสตูล,77654,โรงพยาบาลส่งเสริมสุขภาพตำบลคลองขุด (สาขา),โรคจิตเภท (F20),ALL,4,4: นอกเขต มารับบริการ/เคยอยู่ในเขต,15-29 ปี,3
category,DIAGNOSIS_OPD,เมืองสตูล,77654,โรงพยาบาลส่งเสริมสุขภาพตำบลคลองขุด (สาขา),โรคจิตเภท (F20),ALL,4,4: นอกเขต มารับบริการ/เคยอยู่ในเขต,30-44 ปี,10
category,DIAGNOSIS_OPD,เมืองสตูล,77654,โรงพยาบาลส่งเสริมสุขภาพตำบลคลองขุด (สาขา),โรคจิตเภท (F20),ALL,4,4: นอกเขต มารับบริการ/เคยอยู่ในเขต,45-59 ปี,3
category,DIAGNOSIS_OPD,เมืองสตูล,77654,โรงพยาบาลส่งเสริมสุขภาพตำบลคลองขุด (สาขา),โรคจิตเภท (F20),ALL,4,4: นอกเขต มารับบริการ/เคยอยู่ในเขต,60-74 ปี,1
category,DIAGNOSIS_OPD,เมืองสตูล,77654,โรงพยาบาลส่งเสริมสุขภาพตำบลคลองขุด (สาขา),"โรคทางจิตเวชอื่นๆ (F04-F09,F50-F69,F80,F82-F83,F88-F89,F91-F99 ยกเว้น F638,F988)",ALL,1,1: ในเขต มีชื่อ+อยู่จริง,45-59 ปี,3
category,DIAGNOSIS_OPD,เมืองสตูล,77654,โรงพยาบาลส่งเสริมสุขภาพตำบลคลองขุด (สาขา),"โรคทางจิตเวชอื่นๆ (F04-F09,F50-F69,F80,F82-F83,F88-F89,F91-F99 ยกเว้น F638,F988)",ALL,1,1: ในเขต มีชื่อ+อยู่จริง,60-74 ปี,7
category,DIAGNOSIS_OPD,เมืองสตูล,77654,โรงพยาบาลส่งเสริมสุขภาพตำบลคลองขุด (สาขา),"โรคทางจิตเวชอื่นๆ (F04-F09,F50-F69,F80,F82-F83,F88-F89,F91-F99 ยกเว้น F638,F988)",ALL,1,1: ในเขต มีชื่อ+อยู่จริง,75 ปีขึ้นไป,2
category,DIAGNOSIS_OPD,เมืองสตูล,77654,โรงพยาบาลส่งเสริมสุขภาพตำบลคลองขุด (สาขา),"โรคทางจิตเวชอื่นๆ (F04-F09,F50-F69,F80,F82-F83,F88-F89,F91-F99 ยกเว้น F638,F988)",ALL,4,4: นอกเขต มารับบริการ/เคยอยู่ในเขต,45-59 ปี,1
category,DIAGNOSIS_OPD,เมืองสตูล,77654,โรงพยาบาลส่งเสริมสุขภาพตำบลคลองขุด (สาขา),"โรคทางจิตเวชอื่นๆ (F04-F09,F50-F69,F80,F82-F83,F88-F89,F91-F99 ยกเว้น F638,F988)",ALL,4,4: นอกเขต มารับบริการ/เคยอยู่ในเขต,60-74 ปี,1
category,DIAGNOSIS_OPD,เมืองสตูล,77654,โรงพยาบาลส่งเสริมสุขภาพตำบลคลองขุด (สาขา),โรคลมชัก (G40-G41),ALL,1,1: ในเขต มีชื่อ+อยู่จริง,60-74 ปี,1
category,DIAGNOSIS_OPD,เมืองสตูล,77654,โรงพยาบาลส่งเสริมสุขภาพตำบลคลองขุด (สาขา),โรคสมองเสื่อม (F00-F03),ALL,2,2: ในเขต มีชื่อ แต่ไม่อยู่จริง,75 ปีขึ้นไป,1
category,DIAGNOSIS_OPD,เมืองสตูล,09605,โรงพยาบาลส่งเสริมสุขภาพตำบลควนขัน,"ติดสารเสพติดอื่นๆ (F11,F12,F13,F14,F16,F17,F18,F19)",ALL,1,1: ในเขต มีชื่อ+อยู่จริง,75 ปีขึ้นไป,1
category,DIAGNOSIS_OPD,เมืองสตูล,09605,โรงพยาบาลส่งเสริมสุขภาพตำบลควนขัน,พยายามฆ่าตัวตาย/ตั้งใจทำร้ายตนเอง (X60-X84),ALL,1,1: ในเขต มีชื่อ+อยู่จริง,0-14 ปี,1
category,DIAGNOSIS_OPD,เมืองสตูล,09605,โรงพยาบาลส่งเสริมสุขภาพตำบลควนขัน,พยายามฆ่าตัวตาย/ตั้งใจทำร้ายตนเอง (X60-X84),ALL,1,1: ในเขต มีชื่อ+อยู่จริง,30-44 ปี,1
category,DIAGNOSIS_OPD,เมืองสตูล,09605,โรงพยาบาลส่งเสริมสุขภาพตำบลควนขัน,โรคจิตอื่นๆ (F21-F29),ALL,3,3: อาศัยในเขต ทะเบียนบ้านอยู่นอกเขต,45-59 ปี,1
category,DIAGNOSIS_OPD,เมืองสตูล,09605,โรงพยาบาลส่งเสริมสุขภาพตำบลควนขัน,โรคจิตเภท (F20),ALL,1,1: ในเขต มีชื่อ+อยู่จริง,30-44 ปี,6
category,DIAGNOSIS_OPD,เมืองสตูล,09605,โรงพยาบาลส่งเสริมสุขภาพตำบลควนขัน,โรคจิตเภท (F20),ALL,1,1: ในเขต มีชื่อ+อยู่จริง,45-59 ปี,3
category,DIAGNOSIS_OPD,เมืองสตูล,09605,โรงพยาบาลส่งเสริมสุขภาพตำบลควนขัน,โรคจิตเภท (F20),ALL,2,2: ในเขต มีชื่อ แต่ไม่อยู่จริง,30-44 ปี,1
category,DIAGNOSIS_OPD,เมืองสตูล,09605,โรงพยาบาลส่งเสริมสุขภาพตำบลควนขัน,โรคจิตเภท (F20),ALL,2,2: ในเขต มีชื่อ แต่ไม่อยู่จริง,45-59 ปี,1
category,DIAGNOSIS_OPD,เมืองสตูล,09605,โรงพยาบาลส่งเสริมสุขภาพตำบลควนขัน,โรคจิตเภท (F20),ALL,3,3: อาศัยในเขต ทะเบียนบ้านอยู่นอกเขต,45-59 ปี,1
category,DIAGNOSIS_OPD,เมืองสตูล,09605,โรงพยาบาลส่งเสริมสุขภาพตำบลควนขัน,โรคจิตเภท (F20),ALL,4,4: นอกเขต มารับบริการ/เคยอยู่ในเขต,45-59 ปี,2
category,DIAGNOSIS_OPD,เมืองสตูล,09605,โรงพยาบาลส่งเสริมสุขภาพตำบลควนขัน,โรคจิตเภท (F20),ALL,4,4: นอกเขต มารับบริการ/เคยอยู่ในเขต,60-74 ปี,1
category,DIAGNOSIS_OPD,เมืองสตูล,09605,โรงพยาบาลส่งเสริมสุขภาพตำบลควนขัน,"โรคซึมเศร้า (F32,F33,F341,F38,F39)",ALL,4,4: นอกเขต มารับบริการ/เคยอยู่ในเขต,45-59 ปี,1
category,DIAGNOSIS_OPD,เมืองสตูล,09605,โรงพยาบาลส่งเสริมสุขภาพตำบลควนขัน,"โรคทางจิตเวชอื่นๆ (F04-F09,F50-F69,F80,F82-F83,F88-F89,F91-F99 ยกเว้น F638,F988)",ALL,1,1: ในเขต มีชื่อ+อยู่จริง,15-29 ปี,1
category,DIAGNOSIS_OPD,เมืองสตูล,09605,โรงพยาบาลส่งเสริมสุขภาพตำบลควนขัน,"โรคทางจิตเวชอื่นๆ (F04-F09,F50-F69,F80,F82-F83,F88-F89,F91-F99 ยกเว้น F638,F988)",ALL,1,1: ในเขต มีชื่อ+อยู่จริง,30-44 ปี,5
category,DIAGNOSIS_OPD,เมืองสตูล,09605,โรงพยาบาลส่งเสริมสุขภาพตำบลควนขัน,"โรคทางจิตเวชอื่นๆ (F04-F09,F50-F69,F80,F82-F83,F88-F89,F91-F99 ยกเว้น F638,F988)",ALL,1,1: ในเขต มีชื่อ+อยู่จริง,45-59 ปี,5
category,DIAGNOSIS_OPD,เมืองสตูล,09605,โรงพยาบาลส่งเสริมสุขภาพตำบลควนขัน,"โรคทางจิตเวชอื่นๆ (F04-F09,F50-F69,F80,F82-F83,F88-F89,F91-F99 ยกเว้น F638,F988)",ALL,1,1: ในเขต มีชื่อ+อยู่จริง,60-74 ปี,6
category,DIAGNOSIS_OPD,เมืองสตูล,09605,โรงพยาบาลส่งเสริมสุขภาพตำบลควนขัน,"โรคทางจิตเวชอื่นๆ (F04-F09,F50-F69,F80,F82-F83,F88-F89,F91-F99 ยกเว้น F638,F988)",ALL,1,1: ในเขต มีชื่อ+อยู่จริง,75 ปีขึ้นไป,3
category,DIAGNOSIS_OPD,เมืองสตูล,09605,โรงพยาบาลส่งเสริมสุขภาพตำบลควนขัน,"โรคทางจิตเวชอื่นๆ (F04-F09,F50-F69,F80,F82-F83,F88-F89,F91-F99 ยกเว้น F638,F988)",ALL,2,2: ในเขต มีชื่อ แต่ไม่อยู่จริง,60-74 ปี,1
category,DIAGNOSIS_OPD,เมืองสตูล,09605,โรงพยาบาลส่งเสริมสุขภาพตำบลควนขัน,"โรคทางจิตเวชอื่นๆ (F04-F09,F50-F69,F80,F82-F83,F88-F89,F91-F99 ยกเว้น F638,F988)",ALL,3,3: อาศัยในเขต ทะเบียนบ้านอยู่นอกเขต,15-29 ปี,1
category,DIAGNOSIS_OPD,เมืองสตูล,09605,โรงพยาบาลส่งเสริมสุขภาพตำบลควนขัน,"โรคทางจิตเวชอื่นๆ (F04-F09,F50-F69,F80,F82-F83,F88-F89,F91-F99 ยกเว้น F638,F988)",ALL,3,3: อาศัยในเขต ทะเบียนบ้านอยู่นอกเขต,30-44 ปี,1
category,DIAGNOSIS_OPD,เมืองสตูล,09605,โรงพยาบาลส่งเสริมสุขภาพตำบลควนขัน,"โรคทางจิตเวชอื่นๆ (F04-F09,F50-F69,F80,F82-F83,F88-F89,F91-F99 ยกเว้น F638,F988)",ALL,4,4: นอกเขต มารับบริการ/เคยอยู่ในเขต,15-29 ปี,1
category,DIAGNOSIS_OPD,เมืองสตูล,09605,โรงพยาบาลส่งเสริมสุขภาพตำบลควนขัน,"โรคทางจิตเวชอื่นๆ (F04-F09,F50-F69,F80,F82-F83,F88-F89,F91-F99 ยกเว้น F638,F988)",ALL,4,4: นอกเขต มารับบริการ/เคยอยู่ในเขต,60-74 ปี,1
category,DIAGNOSIS_OPD,เมืองสตูล,09605,โรงพยาบาลส่งเสริมสุขภาพตำบลควนขัน,โรควิตกกังวล (F40-F48),ALL,1,1: ในเขต มีชื่อ+อยู่จริง,15-29 ปี,2
category,DIAGNOSIS_OPD,เมืองสตูล,09605,โรงพยาบาลส่งเสริมสุขภาพตำบลควนขัน,โรควิตกกังวล (F40-F48),ALL,1,1: ในเขต มีชื่อ+อยู่จริง,30-44 ปี,1
category,DIAGNOSIS_OPD,เมืองสตูล,09605,โรงพยาบาลส่งเสริมสุขภาพตำบลควนขัน,โรควิตกกังวล (F40-F48),ALL,1,1: ในเขต มีชื่อ+อยู่จริง,45-59 ปี,3
category,DIAGNOSIS_OPD,เมืองสตูล,09605,โรงพยาบาลส่งเสริมสุขภาพตำบลควนขัน,โรควิตกกังวล (F40-F48),ALL,1,1: ในเขต มีชื่อ+อยู่จริง,60-74 ปี,2
category,DIAGNOSIS_OPD,เมืองสตูล,09605,โรงพยาบาลส่งเสริมสุขภาพตำบลควนขัน,โรควิตกกังวล (F40-F48),ALL,4,4: นอกเขต มารับบริการ/เคยอยู่ในเขต,15-29 ปี,1
category,DIAGNOSIS_OPD,เมืองสตูล,09605,โรงพยาบาลส่งเสริมสุขภาพตำบลควนขัน,โรควิตกกังวล (F40-F48),ALL,4,4: นอกเขต มารับบริการ/เคยอยู่ในเขต,60-74 ปี,1
category,DIAGNOSIS_OPD,เมืองสตูล,09605,โรงพยาบาลส่งเสริมสุขภาพตำบลควนขัน,โรคสมองเสื่อม (F00-F03),ALL,1,1: ในเขต มีชื่อ+อยู่จริง,60-74 ปี,1
category,DIAGNOSIS_OPD,เมืองสตูล,09613,โรงพยาบาลส่งเสริมสุขภาพตำบลตันหยงโป,"ติดสารเสพติดอื่นๆ (F11,F12,F13,F14,F16,F17,F18,F19)",ALL,1,1: ในเขต มีชื่อ+อยู่จริง,30-44 ปี,1
category,DIAGNOSIS_OPD,เมืองสตูล,09613,โรงพยาบาลส่งเสริมสุขภาพตำบลตันหยงโป,โรคจิตเภท (F20),ALL,1,1: ในเขต มีชื่อ+อยู่จริง,15-29 ปี,2
category,DIAGNOSIS_OPD,เมืองสตูล,09613,โรงพยาบาลส่งเสริมสุขภาพตำบลตันหยงโป,โรคจิตเภท (F20),ALL,1,1: ในเขต มีชื่อ+อยู่จริง,30-44 ปี,2
category,DIAGNOSIS_OPD,เมืองสตูล,09613,โรงพยาบาลส่งเสริมสุขภาพตำบลตันหยงโป,โรคจิตเภท (F20),ALL,1,1: ในเขต มีชื่อ+อยู่จริง,45-59 ปี,3
category,DIAGNOSIS_OPD,เมืองสตูล,09613,โรงพยาบาลส่งเสริมสุขภาพตำบลตันหยงโป,โรคจิตเภท (F20),ALL,1,1: ในเขต มีชื่อ+อยู่จริง,60-74 ปี,1
category,DIAGNOSIS_OPD,เมืองสตูล,09613,โรงพยาบาลส่งเสริมสุขภาพตำบลตันหยงโป,โรคจิตเภท (F20),ALL,2,2: ในเขต มีชื่อ แต่ไม่อยู่จริง,45-59 ปี,1
category,DIAGNOSIS_OPD,เมืองสตูล,09613,โรงพยาบาลส่งเสริมสุขภาพตำบลตันหยงโป,"โรคทางจิตเวชอื่นๆ (F04-F09,F50-F69,F80,F82-F83,F88-F89,F91-F99 ยกเว้น F638,F988)",ALL,1,1: ในเขต มีชื่อ+อยู่จริง,0-14 ปี,2
category,DIAGNOSIS_OPD,เมืองสตูล,09613,โรงพยาบาลส่งเสริมสุขภาพตำบลตันหยงโป,"โรคทางจิตเวชอื่นๆ (F04-F09,F50-F69,F80,F82-F83,F88-F89,F91-F99 ยกเว้น F638,F988)",ALL,1,1: ในเขต มีชื่อ+อยู่จริง,15-29 ปี,1
category,DIAGNOSIS_OPD,เมืองสตูล,09613,โรงพยาบาลส่งเสริมสุขภาพตำบลตันหยงโป,"โรคทางจิตเวชอื่นๆ (F04-F09,F50-F69,F80,F82-F83,F88-F89,F91-F99 ยกเว้น F638,F988)",ALL,1,1: ในเขต มีชื่อ+อยู่จริง,30-44 ปี,5
category,DIAGNOSIS_OPD,เมืองสตูล,09613,โรงพยาบาลส่งเสริมสุขภาพตำบลตันหยงโป,"โรคทางจิตเวชอื่นๆ (F04-F09,F50-F69,F80,F82-F83,F88-F89,F91-F99 ยกเว้น F638,F988)",ALL,1,1: ในเขต มีชื่อ+อยู่จริง,45-59 ปี,3
category,DIAGNOSIS_OPD,เมืองสตูล,09613,โรงพยาบาลส่งเสริมสุขภาพตำบลตันหยงโป,"โรคทางจิตเวชอื่นๆ (F04-F09,F50-F69,F80,F82-F83,F88-F89,F91-F99 ยกเว้น F638,F988)",ALL,1,1: ในเขต มีชื่อ+อยู่จริง,60-74 ปี,3
category,DIAGNOSIS_OPD,เมืองสตูล,09613,โรงพยาบาลส่งเสริมสุขภาพตำบลตันหยงโป,"โรคทางจิตเวชอื่นๆ (F04-F09,F50-F69,F80,F82-F83,F88-F89,F91-F99 ยกเว้น F638,F988)",ALL,3,3: อาศัยในเขต ทะเบียนบ้านอยู่นอกเขต,30-44 ปี,1
category,DIAGNOSIS_OPD,เมืองสตูล,09613,โรงพยาบาลส่งเสริมสุขภาพตำบลตันหยงโป,"โรคทางจิตเวชอื่นๆ (F04-F09,F50-F69,F80,F82-F83,F88-F89,F91-F99 ยกเว้น F638,F988)",ALL,4,4: นอกเขต มารับบริการ/เคยอยู่ในเขต,0-14 ปี,1
category,DIAGNOSIS_OPD,เมืองสตูล,09613,โรงพยาบาลส่งเสริมสุขภาพตำบลตันหยงโป,"โรคทางจิตเวชอื่นๆ (F04-F09,F50-F69,F80,F82-F83,F88-F89,F91-F99 ยกเว้น F638,F988)",ALL,4,4: นอกเขต มารับบริการ/เคยอยู่ในเขต,30-44 ปี,1
category,DIAGNOSIS_OPD,เมืองสตูล,09613,โรงพยาบาลส่งเสริมสุขภาพตำบลตันหยงโป,"โรคทางจิตเวชอื่นๆ (F04-F09,F50-F69,F80,F82-F83,F88-F89,F91-F99 ยกเว้น F638,F988)",ALL,4,4: นอกเขต มารับบริการ/เคยอยู่ในเขต,45-59 ปี,1
category,DIAGNOSIS_OPD,เมืองสตูล,09613,โรงพยาบาลส่งเสริมสุขภาพตำบลตันหยงโป,โรควิตกกังวล (F40-F48),ALL,1,1: ในเขต มีชื่อ+อยู่จริง,15-29 ปี,1
category,DIAGNOSIS_OPD,เมืองสตูล,09613,โรงพยาบาลส่งเสริมสุขภาพตำบลตันหยงโป,โรควิตกกังวล (F40-F48),ALL,1,1: ในเขต มีชื่อ+อยู่จริง,45-59 ปี,1
category,DIAGNOSIS_OPD,เมืองสตูล,09613,โรงพยาบาลส่งเสริมสุขภาพตำบลตันหยงโป,โรควิตกกังวล (F40-F48),ALL,1,1: ในเขต มีชื่อ+อยู่จริง,60-74 ปี,2
category,DIAGNOSIS_OPD,เมืองสตูล,09613,โรงพยาบาลส่งเสริมสุขภาพตำบลตันหยงโป,โรควิตกกังวล (F40-F48),ALL,1,1: ในเขต มีชื่อ+อยู่จริง,75 ปีขึ้นไป,1
category,DIAGNOSIS_OPD,เมืองสตูล,09613,โรงพยาบาลส่งเสริมสุขภาพตำบลตันหยงโป,โรควิตกกังวล (F40-F48),ALL,2,2: ในเขต มีชื่อ แต่ไม่อยู่จริง,15-29 ปี,1
category,DIAGNOSIS_OPD,เมืองสตูล,09616,โรงพยาบาลส่งเสริมสุขภาพตำบลตำมะลัง,โรคจิตเภท (F20),ALL,1,1: ในเขต มีชื่อ+อยู่จริง,45-59 ปี,1
category,DIAGNOSIS_OPD,เมืองสตูล,09616,โรงพยาบาลส่งเสริมสุขภาพตำบลตำมะลัง,"โรคทางจิตเวชอื่นๆ (F04-F09,F50-F69,F80,F82-F83,F88-F89,F91-F99 ยกเว้น F638,F988)",ALL,1,1: ในเขต มีชื่อ+อยู่จริง,0-14 ปี,1
category,DIAGNOSIS_OPD,เมืองสตูล,09616,โรงพยาบาลส่งเสริมสุขภาพตำบลตำมะลัง,"โรคทางจิตเวชอื่นๆ (F04-F09,F50-F69,F80,F82-F83,F88-F89,F91-F99 ยกเว้น F638,F988)",ALL,1,1: ในเขต มีชื่อ+อยู่จริง,15-29 ปี,2
category,DIAGNOSIS_OPD,เมืองสตูล,09616,โรงพยาบาลส่งเสริมสุขภาพตำบลตำมะลัง,"โรคทางจิตเวชอื่นๆ (F04-F09,F50-F69,F80,F82-F83,F88-F89,F91-F99 ยกเว้น F638,F988)",ALL,1,1: ในเขต มีชื่อ+อยู่จริง,30-44 ปี,4
category,DIAGNOSIS_OPD,เมืองสตูล,09616,โรงพยาบาลส่งเสริมสุขภาพตำบลตำมะลัง,"โรคทางจิตเวชอื่นๆ (F04-F09,F50-F69,F80,F82-F83,F88-F89,F91-F99 ยกเว้น F638,F988)",ALL,1,1: ในเขต มีชื่อ+อยู่จริง,45-59 ปี,12
category,DIAGNOSIS_OPD,เมืองสตูล,09616,โรงพยาบาลส่งเสริมสุขภาพตำบลตำมะลัง,"โรคทางจิตเวชอื่นๆ (F04-F09,F50-F69,F80,F82-F83,F88-F89,F91-F99 ยกเว้น F638,F988)",ALL,1,1: ในเขต มีชื่อ+อยู่จริง,60-74 ปี,4
category,DIAGNOSIS_OPD,เมืองสตูล,09616,โรงพยาบาลส่งเสริมสุขภาพตำบลตำมะลัง,"โรคทางจิตเวชอื่นๆ (F04-F09,F50-F69,F80,F82-F83,F88-F89,F91-F99 ยกเว้น F638,F988)",ALL,1,1: ในเขต มีชื่อ+อยู่จริง,75 ปีขึ้นไป,4
category,DIAGNOSIS_OPD,เมืองสตูล,09616,โรงพยาบาลส่งเสริมสุขภาพตำบลตำมะลัง,"โรคทางจิตเวชอื่นๆ (F04-F09,F50-F69,F80,F82-F83,F88-F89,F91-F99 ยกเว้น F638,F988)",ALL,2,2: ในเขต มีชื่อ แต่ไม่อยู่จริง,30-44 ปี,2
category,DIAGNOSIS_OPD,เมืองสตูล,09616,โรงพยาบาลส่งเสริมสุขภาพตำบลตำมะลัง,"โรคทางจิตเวชอื่นๆ (F04-F09,F50-F69,F80,F82-F83,F88-F89,F91-F99 ยกเว้น F638,F988)",ALL,2,2: ในเขต มีชื่อ แต่ไม่อยู่จริง,45-59 ปี,1
category,DIAGNOSIS_OPD,เมืองสตูล,09616,โรงพยาบาลส่งเสริมสุขภาพตำบลตำมะลัง,"โรคทางจิตเวชอื่นๆ (F04-F09,F50-F69,F80,F82-F83,F88-F89,F91-F99 ยกเว้น F638,F988)",ALL,4,4: นอกเขต มารับบริการ/เคยอยู่ในเขต,45-59 ปี,1
category,DIAGNOSIS_OPD,เมืองสตูล,09616,โรงพยาบาลส่งเสริมสุขภาพตำบลตำมะลัง,โรควิตกกังวล (F40-F48),ALL,1,1: ในเขต มีชื่อ+อยู่จริง,0-14 ปี,1
category,DIAGNOSIS_OPD,เมืองสตูล,09616,โรงพยาบาลส่งเสริมสุขภาพตำบลตำมะลัง,โรควิตกกังวล (F40-F48),ALL,1,1: ในเขต มีชื่อ+อยู่จริง,15-29 ปี,1
category,DIAGNOSIS_OPD,เมืองสตูล,09616,โรงพยาบาลส่งเสริมสุขภาพตำบลตำมะลัง,โรควิตกกังวล (F40-F48),ALL,1,1: ในเขต มีชื่อ+อยู่จริง,45-59 ปี,1
category,DIAGNOSIS_OPD,เมืองสตูล,09616,โรงพยาบาลส่งเสริมสุขภาพตำบลตำมะลัง,โรควิตกกังวล (F40-F48),ALL,4,4: นอกเขต มารับบริการ/เคยอยู่ในเขต,45-59 ปี,1
category,DIAGNOSIS_OPD,เมืองสตูล,09606,โรงพยาบาลส่งเสริมสุขภาพตำบลบ้านควน,"ติดสารเสพติดอื่นๆ (F11,F12,F13,F14,F16,F17,F18,F19)",ALL,2,2: ในเขต มีชื่อ แต่ไม่อยู่จริง,30-44 ปี,1
category,DIAGNOSIS_OPD,เมืองสตูล,09606,โรงพยาบาลส่งเสริมสุขภาพตำบลบ้านควน,"ติดสารเสพติดอื่นๆ (F11,F12,F13,F14,F16,F17,F18,F19)",ALL,4,4: นอกเขต มารับบริการ/เคยอยู่ในเขต,15-29 ปี,1
category,DIAGNOSIS_OPD,เมืองสตูล,09606,โรงพยาบาลส่งเสริมสุขภาพตำบลบ้านควน,โรคจิตอื่นๆ (F21-F29),ALL,1,1: ในเขต มีชื่อ+อยู่จริง,30-44 ปี,1
category,DIAGNOSIS_OPD,เมืองสตูล,09606,โรงพยาบาลส่งเสริมสุขภาพตำบลบ้านควน,โรคจิตเภท (F20),ALL,1,1: ในเขต มีชื่อ+อยู่จริง,30-44 ปี,7
category,DIAGNOSIS_OPD,เมืองสตูล,09606,โรงพยาบาลส่งเสริมสุขภาพตำบลบ้านควน,โรคจิตเภท (F20),ALL,1,1: ในเขต มีชื่อ+อยู่จริง,45-59 ปี,3
category,DIAGNOSIS_OPD,เมืองสตูล,09606,โรงพยาบาลส่งเสริมสุขภาพตำบลบ้านควน,โรคจิตเภท (F20),ALL,2,2: ในเขต มีชื่อ แต่ไม่อยู่จริง,15-29 ปี,1
category,DIAGNOSIS_OPD,เมืองสตูล,09606,โรงพยาบาลส่งเสริมสุขภาพตำบลบ้านควน,โรคจิตเภท (F20),ALL,2,2: ในเขต มีชื่อ แต่ไม่อยู่จริง,30-44 ปี,2
category,DIAGNOSIS_OPD,เมืองสตูล,09606,โรงพยาบาลส่งเสริมสุขภาพตำบลบ้านควน,โรคจิตเภท (F20),ALL,3,3: อาศัยในเขต ทะเบียนบ้านอยู่นอกเขต,30-44 ปี,1
category,DIAGNOSIS_OPD,เมืองสตูล,09606,โรงพยาบาลส่งเสริมสุขภาพตำบลบ้านควน,โรคจิตเภท (F20),ALL,4,4: นอกเขต มารับบริการ/เคยอยู่ในเขต,15-29 ปี,5
category,DIAGNOSIS_OPD,เมืองสตูล,09606,โรงพยาบาลส่งเสริมสุขภาพตำบลบ้านควน,โรคจิตเภท (F20),ALL,4,4: นอกเขต มารับบริการ/เคยอยู่ในเขต,30-44 ปี,13
category,DIAGNOSIS_OPD,เมืองสตูล,09606,โรงพยาบาลส่งเสริมสุขภาพตำบลบ้านควน,โรคจิตเภท (F20),ALL,4,4: นอกเขต มารับบริการ/เคยอยู่ในเขต,45-59 ปี,4
category,DIAGNOSIS_OPD,เมืองสตูล,09606,โรงพยาบาลส่งเสริมสุขภาพตำบลบ้านควน,"โรคทางจิตเวชอื่นๆ (F04-F09,F50-F69,F80,F82-F83,F88-F89,F91-F99 ยกเว้น F638,F988)",ALL,1,1: ในเขต มีชื่อ+อยู่จริง,30-44 ปี,1
category,DIAGNOSIS_OPD,เมืองสตูล,09606,โรงพยาบาลส่งเสริมสุขภาพตำบลบ้านควน,"โรคทางจิตเวชอื่นๆ (F04-F09,F50-F69,F80,F82-F83,F88-F89,F91-F99 ยกเว้น F638,F988)",ALL,1,1: ในเขต มีชื่อ+อยู่จริง,60-74 ปี,1
category,DIAGNOSIS_OPD,เมืองสตูล,09606,โรงพยาบาลส่งเสริมสุขภาพตำบลบ้านควน,"โรคทางจิตเวชอื่นๆ (F04-F09,F50-F69,F80,F82-F83,F88-F89,F91-F99 ยกเว้น F638,F988)",ALL,1,1: ในเขต มีชื่อ+อยู่จริง,75 ปีขึ้นไป,1
category,DIAGNOSIS_OPD,เมืองสตูล,09607,โรงพยาบาลส่งเสริมสุขภาพตำบลบ้านควน ตำบลบ้านควน,โรคจิตอื่นๆ (F21-F29),ALL,1,1: ในเขต มีชื่อ+อยู่จริง,15-29 ปี,1
category,DIAGNOSIS_OPD,เมืองสตูล,09607,โรงพยาบาลส่งเสริมสุขภาพตำบลบ้านควน ตำบลบ้านควน,โรคจิตอื่นๆ (F21-F29),ALL,1,1: ในเขต มีชื่อ+อยู่จริง,30-44 ปี,2
category,DIAGNOSIS_OPD,เมืองสตูล,09607,โรงพยาบาลส่งเสริมสุขภาพตำบลบ้านควน ตำบลบ้านควน,โรคจิตเภท (F20),ALL,1,1: ในเขต มีชื่อ+อยู่จริง,15-29 ปี,4
category,DIAGNOSIS_OPD,เมืองสตูล,09607,โรงพยาบาลส่งเสริมสุขภาพตำบลบ้านควน ตำบลบ้านควน,โรคจิตเภท (F20),ALL,1,1: ในเขต มีชื่อ+อยู่จริง,30-44 ปี,12
category,DIAGNOSIS_OPD,เมืองสตูล,09607,โรงพยาบาลส่งเสริมสุขภาพตำบลบ้านควน ตำบลบ้านควน,โรคจิตเภท (F20),ALL,1,1: ในเขต มีชื่อ+อยู่จริง,45-59 ปี,2
category,DIAGNOSIS_OPD,เมืองสตูล,09607,โรงพยาบาลส่งเสริมสุขภาพตำบลบ้านควน ตำบลบ้านควน,โรคจิตเภท (F20),ALL,2,2: ในเขต มีชื่อ แต่ไม่อยู่จริง,30-44 ปี,1
category,DIAGNOSIS_OPD,เมืองสตูล,09607,โรงพยาบาลส่งเสริมสุขภาพตำบลบ้านควน ตำบลบ้านควน,โรคจิตเภท (F20),ALL,4,4: นอกเขต มารับบริการ/เคยอยู่ในเขต,30-44 ปี,1
category,DIAGNOSIS_OPD,เมืองสตูล,09607,โรงพยาบาลส่งเสริมสุขภาพตำบลบ้านควน ตำบลบ้านควน,โรคจิตเภท (F20),ALL,4,4: นอกเขต มารับบริการ/เคยอยู่ในเขต,45-59 ปี,1
category,DIAGNOSIS_OPD,เมืองสตูล,09607,โรงพยาบาลส่งเสริมสุขภาพตำบลบ้านควน ตำบลบ้านควน,"โรคทางจิตเวชอื่นๆ (F04-F09,F50-F69,F80,F82-F83,F88-F89,F91-F99 ยกเว้น F638,F988)",ALL,1,1: ในเขต มีชื่อ+อยู่จริง,0-14 ปี,1
category,DIAGNOSIS_OPD,เมืองสตูล,09607,โรงพยาบาลส่งเสริมสุขภาพตำบลบ้านควน ตำบลบ้านควน,"โรคทางจิตเวชอื่นๆ (F04-F09,F50-F69,F80,F82-F83,F88-F89,F91-F99 ยกเว้น F638,F988)",ALL,1,1: ในเขต มีชื่อ+อยู่จริง,45-59 ปี,2
category,DIAGNOSIS_OPD,เมืองสตูล,09607,โรงพยาบาลส่งเสริมสุขภาพตำบลบ้านควน ตำบลบ้านควน,โรคลมชัก (G40-G41),ALL,2,2: ในเขต มีชื่อ แต่ไม่อยู่จริง,0-14 ปี,1
category,DIAGNOSIS_OPD,เมืองสตูล,09608,โรงพยาบาลส่งเสริมสุขภาพตำบลบ้านฉลุง ตำบลฉลุง,"ติดสารเสพติดอื่นๆ (F11,F12,F13,F14,F16,F17,F18,F19)",ALL,1,1: ในเขต มีชื่อ+อยู่จริง,30-44 ปี,1
category,DIAGNOSIS_OPD,เมืองสตูล,09608,โรงพยาบาลส่งเสริมสุขภาพตำบลบ้านฉลุง ตำบลฉลุง,"ติดสารเสพติดอื่นๆ (F11,F12,F13,F14,F16,F17,F18,F19)",ALL,2,2: ในเขต มีชื่อ แต่ไม่อยู่จริง,15-29 ปี,1
category,DIAGNOSIS_OPD,เมืองสตูล,09608,โรงพยาบาลส่งเสริมสุขภาพตำบลบ้านฉลุง ตำบลฉลุง,"ติดสารเสพติดอื่นๆ (F11,F12,F13,F14,F16,F17,F18,F19)",ALL,2,2: ในเขต มีชื่อ แต่ไม่อยู่จริง,30-44 ปี,1
category,DIAGNOSIS_OPD,เมืองสตูล,09608,โรงพยาบาลส่งเสริมสุขภาพตำบลบ้านฉลุง ตำบลฉลุง,โรคจิตอื่นๆ (F21-F29),ALL,1,1: ในเขต มีชื่อ+อยู่จริง,30-44 ปี,1
category,DIAGNOSIS_OPD,เมืองสตูล,09608,โรงพยาบาลส่งเสริมสุขภาพตำบลบ้านฉลุง ตำบลฉลุง,โรคจิตเภท (F20),ALL,1,1: ในเขต มีชื่อ+อยู่จริง,15-29 ปี,3
category,DIAGNOSIS_OPD,เมืองสตูล,09608,โรงพยาบาลส่งเสริมสุขภาพตำบลบ้านฉลุง ตำบลฉลุง,โรคจิตเภท (F20),ALL,1,1: ในเขต มีชื่อ+อยู่จริง,30-44 ปี,8
category,DIAGNOSIS_OPD,เมืองสตูล,09608,โรงพยาบาลส่งเสริมสุขภาพตำบลบ้านฉลุง ตำบลฉลุง,โรคจิตเภท (F20),ALL,1,1: ในเขต มีชื่อ+อยู่จริง,45-59 ปี,1
category,DIAGNOSIS_OPD,เมืองสตูล,09608,โรงพยาบาลส่งเสริมสุขภาพตำบลบ้านฉลุง ตำบลฉลุง,โรคจิตเภท (F20),ALL,2,2: ในเขต มีชื่อ แต่ไม่อยู่จริง,15-29 ปี,1
category,DIAGNOSIS_OPD,เมืองสตูล,09608,โรงพยาบาลส่งเสริมสุขภาพตำบลบ้านฉลุง ตำบลฉลุง,โรคจิตเภท (F20),ALL,2,2: ในเขต มีชื่อ แต่ไม่อยู่จริง,30-44 ปี,2
category,DIAGNOSIS_OPD,เมืองสตูล,09608,โรงพยาบาลส่งเสริมสุขภาพตำบลบ้านฉลุง ตำบลฉลุง,โรคจิตเภท (F20),ALL,2,2: ในเขต มีชื่อ แต่ไม่อยู่จริง,45-59 ปี,2
category,DIAGNOSIS_OPD,เมืองสตูล,09608,โรงพยาบาลส่งเสริมสุขภาพตำบลบ้านฉลุง ตำบลฉลุง,โรคจิตเภท (F20),ALL,2,2: ในเขต มีชื่อ แต่ไม่อยู่จริง,60-74 ปี,2
category,DIAGNOSIS_OPD,เมืองสตูล,09608,โรงพยาบาลส่งเสริมสุขภาพตำบลบ้านฉลุง ตำบลฉลุง,โรคจิตเภท (F20),ALL,4,4: นอกเขต มารับบริการ/เคยอยู่ในเขต,30-44 ปี,2
category,DIAGNOSIS_OPD,เมืองสตูล,09608,โรงพยาบาลส่งเสริมสุขภาพตำบลบ้านฉลุง ตำบลฉลุง,"โรคทางจิตเวชอื่นๆ (F04-F09,F50-F69,F80,F82-F83,F88-F89,F91-F99 ยกเว้น F638,F988)",ALL,1,1: ในเขต มีชื่อ+อยู่จริง,15-29 ปี,1
category,DIAGNOSIS_OPD,เมืองสตูล,09608,โรงพยาบาลส่งเสริมสุขภาพตำบลบ้านฉลุง ตำบลฉลุง,"โรคทางจิตเวชอื่นๆ (F04-F09,F50-F69,F80,F82-F83,F88-F89,F91-F99 ยกเว้น F638,F988)",ALL,1,1: ในเขต มีชื่อ+อยู่จริง,30-44 ปี,1
category,DIAGNOSIS_OPD,เมืองสตูล,09608,โรงพยาบาลส่งเสริมสุขภาพตำบลบ้านฉลุง ตำบลฉลุง,"โรคทางจิตเวชอื่นๆ (F04-F09,F50-F69,F80,F82-F83,F88-F89,F91-F99 ยกเว้น F638,F988)",ALL,1,1: ในเขต มีชื่อ+อยู่จริง,45-59 ปี,1
category,DIAGNOSIS_OPD,เมืองสตูล,09608,โรงพยาบาลส่งเสริมสุขภาพตำบลบ้านฉลุง ตำบลฉลุง,"โรคทางจิตเวชอื่นๆ (F04-F09,F50-F69,F80,F82-F83,F88-F89,F91-F99 ยกเว้น F638,F988)",ALL,1,1: ในเขต มีชื่อ+อยู่จริง,60-74 ปี,1
category,DIAGNOSIS_OPD,เมืองสตูล,09608,โรงพยาบาลส่งเสริมสุขภาพตำบลบ้านฉลุง ตำบลฉลุง,โรควิตกกังวล (F40-F48),ALL,1,1: ในเขต มีชื่อ+อยู่จริง,0-14 ปี,1
category,DIAGNOSIS_OPD,เมืองสตูล,09608,โรงพยาบาลส่งเสริมสุขภาพตำบลบ้านฉลุง ตำบลฉลุง,โรควิตกกังวล (F40-F48),ALL,1,1: ในเขต มีชื่อ+อยู่จริง,60-74 ปี,1
category,DIAGNOSIS_OPD,เมืองสตูล,09608,โรงพยาบาลส่งเสริมสุขภาพตำบลบ้านฉลุง ตำบลฉลุง,โรควิตกกังวล (F40-F48),ALL,1,1: ในเขต มีชื่อ+อยู่จริง,75 ปีขึ้นไป,2
category,DIAGNOSIS_OPD,เมืองสตูล,09608,โรงพยาบาลส่งเสริมสุขภาพตำบลบ้านฉลุง ตำบลฉลุง,โรควิตกกังวล (F40-F48),ALL,4,4: นอกเขต มารับบริการ/เคยอยู่ในเขต,0-14 ปี,1
category,DIAGNOSIS_OPD,เมืองสตูล,09608,โรงพยาบาลส่งเสริมสุขภาพตำบลบ้านฉลุง ตำบลฉลุง,โรควิตกกังวล (F40-F48),ALL,4,4: นอกเขต มารับบริการ/เคยอยู่ในเขต,45-59 ปี,2
category,DIAGNOSIS_OPD,เมืองสตูล,09608,โรงพยาบาลส่งเสริมสุขภาพตำบลบ้านฉลุง ตำบลฉลุง,โรคสมองเสื่อม (F00-F03),ALL,1,1: ในเขต มีชื่อ+อยู่จริง,75 ปีขึ้นไป,2
category,DIAGNOSIS_OPD,เมืองสตูล,09610,โรงพยาบาลส่งเสริมสุขภาพตำบลบ้านตันหยงกลิงตำบลเกาะสาหร่าย,"โรคทางจิตเวชอื่นๆ (F04-F09,F50-F69,F80,F82-F83,F88-F89,F91-F99 ยกเว้น F638,F988)",ALL,1,1: ในเขต มีชื่อ+อยู่จริง,60-74 ปี,2
category,DIAGNOSIS_OPD,เมืองสตูล,09610,โรงพยาบาลส่งเสริมสุขภาพตำบลบ้านตันหยงกลิงตำบลเกาะสาหร่าย,"โรคทางจิตเวชอื่นๆ (F04-F09,F50-F69,F80,F82-F83,F88-F89,F91-F99 ยกเว้น F638,F988)",ALL,2,2: ในเขต มีชื่อ แต่ไม่อยู่จริง,60-74 ปี,1
category,DIAGNOSIS_OPD,เมืองสตูล,09610,โรงพยาบาลส่งเสริมสุขภาพตำบลบ้านตันหยงกลิงตำบลเกาะสาหร่าย,"โรคทางจิตเวชอื่นๆ (F04-F09,F50-F69,F80,F82-F83,F88-F89,F91-F99 ยกเว้น F638,F988)",ALL,2,2: ในเขต มีชื่อ แต่ไม่อยู่จริง,75 ปีขึ้นไป,1
category,DIAGNOSIS_OPD,เมืองสตูล,09610,โรงพยาบาลส่งเสริมสุขภาพตำบลบ้านตันหยงกลิงตำบลเกาะสาหร่าย,โรควิตกกังวล (F40-F48),ALL,1,1: ในเขต มีชื่อ+อยู่จริง,15-29 ปี,2
category,DIAGNOSIS_OPD,เมืองสตูล,09610,โรงพยาบาลส่งเสริมสุขภาพตำบลบ้านตันหยงกลิงตำบลเกาะสาหร่าย,โรควิตกกังวล (F40-F48),ALL,1,1: ในเขต มีชื่อ+อยู่จริง,30-44 ปี,3
category,DIAGNOSIS_OPD,เมืองสตูล,09610,โรงพยาบาลส่งเสริมสุขภาพตำบลบ้านตันหยงกลิงตำบลเกาะสาหร่าย,โรควิตกกังวล (F40-F48),ALL,1,1: ในเขต มีชื่อ+อยู่จริง,45-59 ปี,9
category,DIAGNOSIS_OPD,เมืองสตูล,09610,โรงพยาบาลส่งเสริมสุขภาพตำบลบ้านตันหยงกลิงตำบลเกาะสาหร่าย,โรควิตกกังวล (F40-F48),ALL,1,1: ในเขต มีชื่อ+อยู่จริง,60-74 ปี,4
category,DIAGNOSIS_OPD,เมืองสตูล,09610,โรงพยาบาลส่งเสริมสุขภาพตำบลบ้านตันหยงกลิงตำบลเกาะสาหร่าย,โรควิตกกังวล (F40-F48),ALL,1,1: ในเขต มีชื่อ+อยู่จริง,75 ปีขึ้นไป,4
category,DIAGNOSIS_OPD,เมืองสตูล,09610,โรงพยาบาลส่งเสริมสุขภาพตำบลบ้านตันหยงกลิงตำบลเกาะสาหร่าย,โรควิตกกังวล (F40-F48),ALL,2,2: ในเขต มีชื่อ แต่ไม่อยู่จริง,15-29 ปี,1
category,DIAGNOSIS_OPD,เมืองสตูล,09610,โรงพยาบาลส่งเสริมสุขภาพตำบลบ้านตันหยงกลิงตำบลเกาะสาหร่าย,โรควิตกกังวล (F40-F48),ALL,2,2: ในเขต มีชื่อ แต่ไม่อยู่จริง,30-44 ปี,5
category,DIAGNOSIS_OPD,เมืองสตูล,09610,โรงพยาบาลส่งเสริมสุขภาพตำบลบ้านตันหยงกลิงตำบลเกาะสาหร่าย,โรควิตกกังวล (F40-F48),ALL,2,2: ในเขต มีชื่อ แต่ไม่อยู่จริง,45-59 ปี,2
category,DIAGNOSIS_OPD,เมืองสตูล,09609,โรงพยาบาลส่งเสริมสุขภาพตำบลบ้านทุ่ง ตำบลฉลุง,โรคจิตเภท (F20),ALL,1,1: ในเขต มีชื่อ+อยู่จริง,30-44 ปี,5
category,DIAGNOSIS_OPD,เมืองสตูล,09609,โรงพยาบาลส่งเสริมสุขภาพตำบลบ้านทุ่ง ตำบลฉลุง,โรคจิตเภท (F20),ALL,2,2: ในเขต มีชื่อ แต่ไม่อยู่จริง,15-29 ปี,1
category,DIAGNOSIS_OPD,เมืองสตูล,09609,โรงพยาบาลส่งเสริมสุขภาพตำบลบ้านทุ่ง ตำบลฉลุง,โรคจิตเภท (F20),ALL,4,4: นอกเขต มารับบริการ/เคยอยู่ในเขต,30-44 ปี,1
category,DIAGNOSIS_OPD,เมืองสตูล,09609,โรงพยาบาลส่งเสริมสุขภาพตำบลบ้านทุ่ง ตำบลฉลุง,โรคจิตเภท (F20),ALL,4,4: นอกเขต มารับบริการ/เคยอยู่ในเขต,60-74 ปี,1
category,DIAGNOSIS_OPD,เมืองสตูล,09609,โรงพยาบาลส่งเสริมสุขภาพตำบลบ้านทุ่ง ตำบลฉลุง,"โรคทางจิตเวชอื่นๆ (F04-F09,F50-F69,F80,F82-F83,F88-F89,F91-F99 ยกเว้น F638,F988)",ALL,1,1: ในเขต มีชื่อ+อยู่จริง,30-44 ปี,1
category,DIAGNOSIS_OPD,เมืองสตูล,09609,โรงพยาบาลส่งเสริมสุขภาพตำบลบ้านทุ่ง ตำบลฉลุง,โรควิตกกังวล (F40-F48),ALL,1,1: ในเขต มีชื่อ+อยู่จริง,0-14 ปี,1
category,DIAGNOSIS_OPD,เมืองสตูล,09609,โรงพยาบาลส่งเสริมสุขภาพตำบลบ้านทุ่ง ตำบลฉลุง,โรควิตกกังวล (F40-F48),ALL,1,1: ในเขต มีชื่อ+อยู่จริง,15-29 ปี,1
category,DIAGNOSIS_OPD,เมืองสตูล,09609,โรงพยาบาลส่งเสริมสุขภาพตำบลบ้านทุ่ง ตำบลฉลุง,โรควิตกกังวล (F40-F48),ALL,4,4: นอกเขต มารับบริการ/เคยอยู่ในเขต,30-44 ปี,1
category,DIAGNOSIS_OPD,เมืองสตูล,09615,โรงพยาบาลส่งเสริมสุขภาพตำบลบ้านปาเต๊ะ ตำบลเจ๊ะบิลัง,โรคจิตเภท (F20),ALL,1,1: ในเขต มีชื่อ+อยู่จริง,15-29 ปี,3
category,DIAGNOSIS_OPD,เมืองสตูล,09615,โรงพยาบาลส่งเสริมสุขภาพตำบลบ้านปาเต๊ะ ตำบลเจ๊ะบิลัง,โรคจิตเภท (F20),ALL,1,1: ในเขต มีชื่อ+อยู่จริง,30-44 ปี,5
category,DIAGNOSIS_OPD,เมืองสตูล,09615,โรงพยาบาลส่งเสริมสุขภาพตำบลบ้านปาเต๊ะ ตำบลเจ๊ะบิลัง,โรคจิตเภท (F20),ALL,1,1: ในเขต มีชื่อ+อยู่จริง,45-59 ปี,1
category,DIAGNOSIS_OPD,เมืองสตูล,09615,โรงพยาบาลส่งเสริมสุขภาพตำบลบ้านปาเต๊ะ ตำบลเจ๊ะบิลัง,โรคจิตเภท (F20),ALL,2,2: ในเขต มีชื่อ แต่ไม่อยู่จริง,45-59 ปี,2
category,DIAGNOSIS_OPD,เมืองสตูล,09615,โรงพยาบาลส่งเสริมสุขภาพตำบลบ้านปาเต๊ะ ตำบลเจ๊ะบิลัง,"โรคทางจิตเวชอื่นๆ (F04-F09,F50-F69,F80,F82-F83,F88-F89,F91-F99 ยกเว้น F638,F988)",ALL,1,1: ในเขต มีชื่อ+อยู่จริง,45-59 ปี,2
category,DIAGNOSIS_OPD,เมืองสตูล,09615,โรงพยาบาลส่งเสริมสุขภาพตำบลบ้านปาเต๊ะ ตำบลเจ๊ะบิลัง,"โรคทางจิตเวชอื่นๆ (F04-F09,F50-F69,F80,F82-F83,F88-F89,F91-F99 ยกเว้น F638,F988)",ALL,2,2: ในเขต มีชื่อ แต่ไม่อยู่จริง,45-59 ปี,1
category,DIAGNOSIS_OPD,เมืองสตูล,09615,โรงพยาบาลส่งเสริมสุขภาพตำบลบ้านปาเต๊ะ ตำบลเจ๊ะบิลัง,โรควิตกกังวล (F40-F48),ALL,1,1: ในเขต มีชื่อ+อยู่จริง,0-14 ปี,6
category,DIAGNOSIS_OPD,เมืองสตูล,09615,โรงพยาบาลส่งเสริมสุขภาพตำบลบ้านปาเต๊ะ ตำบลเจ๊ะบิลัง,โรควิตกกังวล (F40-F48),ALL,1,1: ในเขต มีชื่อ+อยู่จริง,15-29 ปี,1
category,DIAGNOSIS_OPD,เมืองสตูล,09615,โรงพยาบาลส่งเสริมสุขภาพตำบลบ้านปาเต๊ะ ตำบลเจ๊ะบิลัง,โรควิตกกังวล (F40-F48),ALL,1,1: ในเขต มีชื่อ+อยู่จริง,30-44 ปี,9
category,DIAGNOSIS_OPD,เมืองสตูล,09615,โรงพยาบาลส่งเสริมสุขภาพตำบลบ้านปาเต๊ะ ตำบลเจ๊ะบิลัง,โรควิตกกังวล (F40-F48),ALL,1,1: ในเขต มีชื่อ+อยู่จริง,45-59 ปี,17
category,DIAGNOSIS_OPD,เมืองสตูล,09615,โรงพยาบาลส่งเสริมสุขภาพตำบลบ้านปาเต๊ะ ตำบลเจ๊ะบิลัง,โรควิตกกังวล (F40-F48),ALL,1,1: ในเขต มีชื่อ+อยู่จริง,60-74 ปี,17
category,DIAGNOSIS_OPD,เมืองสตูล,09615,โรงพยาบาลส่งเสริมสุขภาพตำบลบ้านปาเต๊ะ ตำบลเจ๊ะบิลัง,โรควิตกกังวล (F40-F48),ALL,1,1: ในเขต มีชื่อ+อยู่จริง,75 ปีขึ้นไป,9
category,DIAGNOSIS_OPD,เมืองสตูล,09615,โรงพยาบาลส่งเสริมสุขภาพตำบลบ้านปาเต๊ะ ตำบลเจ๊ะบิลัง,โรควิตกกังวล (F40-F48),ALL,2,2: ในเขต มีชื่อ แต่ไม่อยู่จริง,15-29 ปี,1
category,DIAGNOSIS_OPD,เมืองสตูล,09615,โรงพยาบาลส่งเสริมสุขภาพตำบลบ้านปาเต๊ะ ตำบลเจ๊ะบิลัง,โรควิตกกังวล (F40-F48),ALL,2,2: ในเขต มีชื่อ แต่ไม่อยู่จริง,30-44 ปี,1
category,DIAGNOSIS_OPD,เมืองสตูล,09615,โรงพยาบาลส่งเสริมสุขภาพตำบลบ้านปาเต๊ะ ตำบลเจ๊ะบิลัง,โรควิตกกังวล (F40-F48),ALL,2,2: ในเขต มีชื่อ แต่ไม่อยู่จริง,45-59 ปี,1
category,DIAGNOSIS_OPD,เมืองสตูล,09615,โรงพยาบาลส่งเสริมสุขภาพตำบลบ้านปาเต๊ะ ตำบลเจ๊ะบิลัง,โรควิตกกังวล (F40-F48),ALL,2,2: ในเขต มีชื่อ แต่ไม่อยู่จริง,60-74 ปี,1
category,DIAGNOSIS_OPD,เมืองสตูล,09615,โรงพยาบาลส่งเสริมสุขภาพตำบลบ้านปาเต๊ะ ตำบลเจ๊ะบิลัง,โรควิตกกังวล (F40-F48),ALL,2,2: ในเขต มีชื่อ แต่ไม่อยู่จริง,75 ปีขึ้นไป,1
category,DIAGNOSIS_OPD,เมืองสตูล,09615,โรงพยาบาลส่งเสริมสุขภาพตำบลบ้านปาเต๊ะ ตำบลเจ๊ะบิลัง,โรควิตกกังวล (F40-F48),ALL,3,3: อาศัยในเขต ทะเบียนบ้านอยู่นอกเขต,0-14 ปี,1
category,DIAGNOSIS_OPD,เมืองสตูล,09615,โรงพยาบาลส่งเสริมสุขภาพตำบลบ้านปาเต๊ะ ตำบลเจ๊ะบิลัง,โรควิตกกังวล (F40-F48),ALL,3,3: อาศัยในเขต ทะเบียนบ้านอยู่นอกเขต,45-59 ปี,1
category,DIAGNOSIS_OPD,เมืองสตูล,09615,โรงพยาบาลส่งเสริมสุขภาพตำบลบ้านปาเต๊ะ ตำบลเจ๊ะบิลัง,โรควิตกกังวล (F40-F48),ALL,3,3: อาศัยในเขต ทะเบียนบ้านอยู่นอกเขต,60-74 ปี,1
category,DIAGNOSIS_OPD,เมืองสตูล,09615,โรงพยาบาลส่งเสริมสุขภาพตำบลบ้านปาเต๊ะ ตำบลเจ๊ะบิลัง,โรควิตกกังวล (F40-F48),ALL,4,4: นอกเขต มารับบริการ/เคยอยู่ในเขต,0-14 ปี,1
category,DIAGNOSIS_OPD,เมืองสตูล,09615,โรงพยาบาลส่งเสริมสุขภาพตำบลบ้านปาเต๊ะ ตำบลเจ๊ะบิลัง,โรควิตกกังวล (F40-F48),ALL,4,4: นอกเขต มารับบริการ/เคยอยู่ในเขต,45-59 ปี,1
category,DIAGNOSIS_OPD,เมืองสตูล,09615,โรงพยาบาลส่งเสริมสุขภาพตำบลบ้านปาเต๊ะ ตำบลเจ๊ะบิลัง,โรควิตกกังวล (F40-F48),ALL,4,4: นอกเขต มารับบริการ/เคยอยู่ในเขต,60-74 ปี,1
category,DIAGNOSIS_OPD,เมืองสตูล,09615,โรงพยาบาลส่งเสริมสุขภาพตำบลบ้านปาเต๊ะ ตำบลเจ๊ะบิลัง,โรควิตกกังวล (F40-F48),ALL,4,4: นอกเขต มารับบริการ/เคยอยู่ในเขต,75 ปีขึ้นไป,4
category,DIAGNOSIS_OPD,เมืองสตูล,09620,โรงพยาบาลส่งเสริมสุขภาพตำบลบ้านวังพะเนียด ตำบลเกตรี,โรคจิตเภท (F20),ALL,1,1: ในเขต มีชื่อ+อยู่จริง,15-29 ปี,5
category,DIAGNOSIS_OPD,เมืองสตูล,09620,โรงพยาบาลส่งเสริมสุขภาพตำบลบ้านวังพะเนียด ตำบลเกตรี,โรคจิตเภท (F20),ALL,1,1: ในเขต มีชื่อ+อยู่จริง,30-44 ปี,6
category,DIAGNOSIS_OPD,เมืองสตูล,09620,โรงพยาบาลส่งเสริมสุขภาพตำบลบ้านวังพะเนียด ตำบลเกตรี,โรคจิตเภท (F20),ALL,1,1: ในเขต มีชื่อ+อยู่จริง,45-59 ปี,3
category,DIAGNOSIS_OPD,เมืองสตูล,09620,โรงพยาบาลส่งเสริมสุขภาพตำบลบ้านวังพะเนียด ตำบลเกตรี,โรคจิตเภท (F20),ALL,1,1: ในเขต มีชื่อ+อยู่จริง,60-74 ปี,2
category,DIAGNOSIS_OPD,เมืองสตูล,09620,โรงพยาบาลส่งเสริมสุขภาพตำบลบ้านวังพะเนียด ตำบลเกตรี,โรคจิตเภท (F20),ALL,2,2: ในเขต มีชื่อ แต่ไม่อยู่จริง,30-44 ปี,2
category,DIAGNOSIS_OPD,เมืองสตูล,09620,โรงพยาบาลส่งเสริมสุขภาพตำบลบ้านวังพะเนียด ตำบลเกตรี,โรคจิตเภท (F20),ALL,2,2: ในเขต มีชื่อ แต่ไม่อยู่จริง,45-59 ปี,1
category,DIAGNOSIS_OPD,เมืองสตูล,09620,โรงพยาบาลส่งเสริมสุขภาพตำบลบ้านวังพะเนียด ตำบลเกตรี,โรคจิตเภท (F20),ALL,4,4: นอกเขต มารับบริการ/เคยอยู่ในเขต,30-44 ปี,1
category,DIAGNOSIS_OPD,เมืองสตูล,09620,โรงพยาบาลส่งเสริมสุขภาพตำบลบ้านวังพะเนียด ตำบลเกตรี,"โรคทางจิตเวชอื่นๆ (F04-F09,F50-F69,F80,F82-F83,F88-F89,F91-F99 ยกเว้น F638,F988)",ALL,1,1: ในเขต มีชื่อ+อยู่จริง,45-59 ปี,5
category,DIAGNOSIS_OPD,เมืองสตูล,09620,โรงพยาบาลส่งเสริมสุขภาพตำบลบ้านวังพะเนียด ตำบลเกตรี,"โรคทางจิตเวชอื่นๆ (F04-F09,F50-F69,F80,F82-F83,F88-F89,F91-F99 ยกเว้น F638,F988)",ALL,1,1: ในเขต มีชื่อ+อยู่จริง,60-74 ปี,2
category,DIAGNOSIS_OPD,เมืองสตูล,09620,โรงพยาบาลส่งเสริมสุขภาพตำบลบ้านวังพะเนียด ตำบลเกตรี,"โรคทางจิตเวชอื่นๆ (F04-F09,F50-F69,F80,F82-F83,F88-F89,F91-F99 ยกเว้น F638,F988)",ALL,1,1: ในเขต มีชื่อ+อยู่จริง,75 ปีขึ้นไป,1
category,DIAGNOSIS_OPD,เมืองสตูล,09620,โรงพยาบาลส่งเสริมสุขภาพตำบลบ้านวังพะเนียด ตำบลเกตรี,"โรคทางจิตเวชอื่นๆ (F04-F09,F50-F69,F80,F82-F83,F88-F89,F91-F99 ยกเว้น F638,F988)",ALL,2,2: ในเขต มีชื่อ แต่ไม่อยู่จริง,30-44 ปี,1
category,DIAGNOSIS_OPD,เมืองสตูล,09620,โรงพยาบาลส่งเสริมสุขภาพตำบลบ้านวังพะเนียด ตำบลเกตรี,"โรคทางจิตเวชอื่นๆ (F04-F09,F50-F69,F80,F82-F83,F88-F89,F91-F99 ยกเว้น F638,F988)",ALL,2,2: ในเขต มีชื่อ แต่ไม่อยู่จริง,75 ปีขึ้นไป,1
category,DIAGNOSIS_OPD,เมืองสตูล,09620,โรงพยาบาลส่งเสริมสุขภาพตำบลบ้านวังพะเนียด ตำบลเกตรี,โรควิตกกังวล (F40-F48),ALL,1,1: ในเขต มีชื่อ+อยู่จริง,0-14 ปี,2
category,DIAGNOSIS_OPD,เมืองสตูล,09620,โรงพยาบาลส่งเสริมสุขภาพตำบลบ้านวังพะเนียด ตำบลเกตรี,โรควิตกกังวล (F40-F48),ALL,1,1: ในเขต มีชื่อ+อยู่จริง,15-29 ปี,3
category,DIAGNOSIS_OPD,เมืองสตูล,09620,โรงพยาบาลส่งเสริมสุขภาพตำบลบ้านวังพะเนียด ตำบลเกตรี,โรควิตกกังวล (F40-F48),ALL,1,1: ในเขต มีชื่อ+อยู่จริง,30-44 ปี,4
category,DIAGNOSIS_OPD,เมืองสตูล,09620,โรงพยาบาลส่งเสริมสุขภาพตำบลบ้านวังพะเนียด ตำบลเกตรี,โรควิตกกังวล (F40-F48),ALL,1,1: ในเขต มีชื่อ+อยู่จริง,45-59 ปี,5
category,DIAGNOSIS_OPD,เมืองสตูล,09620,โรงพยาบาลส่งเสริมสุขภาพตำบลบ้านวังพะเนียด ตำบลเกตรี,โรควิตกกังวล (F40-F48),ALL,1,1: ในเขต มีชื่อ+อยู่จริง,60-74 ปี,5
category,DIAGNOSIS_OPD,เมืองสตูล,09620,โรงพยาบาลส่งเสริมสุขภาพตำบลบ้านวังพะเนียด ตำบลเกตรี,โรควิตกกังวล (F40-F48),ALL,1,1: ในเขต มีชื่อ+อยู่จริง,75 ปีขึ้นไป,3
category,DIAGNOSIS_OPD,เมืองสตูล,09620,โรงพยาบาลส่งเสริมสุขภาพตำบลบ้านวังพะเนียด ตำบลเกตรี,โรควิตกกังวล (F40-F48),ALL,2,2: ในเขต มีชื่อ แต่ไม่อยู่จริง,45-59 ปี,1
category,DIAGNOSIS_OPD,เมืองสตูล,09620,โรงพยาบาลส่งเสริมสุขภาพตำบลบ้านวังพะเนียด ตำบลเกตรี,โรควิตกกังวล (F40-F48),ALL,2,2: ในเขต มีชื่อ แต่ไม่อยู่จริง,60-74 ปี,1
category,DIAGNOSIS_OPD,เมืองสตูล,09620,โรงพยาบาลส่งเสริมสุขภาพตำบลบ้านวังพะเนียด ตำบลเกตรี,โรควิตกกังวล (F40-F48),ALL,2,2: ในเขต มีชื่อ แต่ไม่อยู่จริง,75 ปีขึ้นไป,2
category,DIAGNOSIS_OPD,เมืองสตูล,09620,โรงพยาบาลส่งเสริมสุขภาพตำบลบ้านวังพะเนียด ตำบลเกตรี,โรควิตกกังวล (F40-F48),ALL,3,3: อาศัยในเขต ทะเบียนบ้านอยู่นอกเขต,0-14 ปี,1
category,DIAGNOSIS_OPD,เมืองสตูล,09620,โรงพยาบาลส่งเสริมสุขภาพตำบลบ้านวังพะเนียด ตำบลเกตรี,โรควิตกกังวล (F40-F48),ALL,4,4: นอกเขต มารับบริการ/เคยอยู่ในเขต,45-59 ปี,1
category,DIAGNOSIS_OPD,เมืองสตูล,09617,โรงพยาบาลส่งเสริมสุขภาพตำบลบ้านเกาะยาว  ตำบลปูยู,โรคจิตเภท (F20),ALL,1,1: ในเขต มีชื่อ+อยู่จริง,15-29 ปี,1
category,DIAGNOSIS_OPD,เมืองสตูล,09617,โรงพยาบาลส่งเสริมสุขภาพตำบลบ้านเกาะยาว  ตำบลปูยู,โรคจิตเภท (F20),ALL,1,1: ในเขต มีชื่อ+อยู่จริง,30-44 ปี,2
category,DIAGNOSIS_OPD,เมืองสตูล,09617,โรงพยาบาลส่งเสริมสุขภาพตำบลบ้านเกาะยาว  ตำบลปูยู,โรคจิตเภท (F20),ALL,1,1: ในเขต มีชื่อ+อยู่จริง,45-59 ปี,2
category,DIAGNOSIS_OPD,เมืองสตูล,09617,โรงพยาบาลส่งเสริมสุขภาพตำบลบ้านเกาะยาว  ตำบลปูยู,"โรคทางจิตเวชอื่นๆ (F04-F09,F50-F69,F80,F82-F83,F88-F89,F91-F99 ยกเว้น F638,F988)",ALL,1,1: ในเขต มีชื่อ+อยู่จริง,30-44 ปี,1
category,DIAGNOSIS_OPD,เมืองสตูล,09617,โรงพยาบาลส่งเสริมสุขภาพตำบลบ้านเกาะยาว  ตำบลปูยู,"โรคทางจิตเวชอื่นๆ (F04-F09,F50-F69,F80,F82-F83,F88-F89,F91-F99 ยกเว้น F638,F988)",ALL,1,1: ในเขต มีชื่อ+อยู่จริง,60-74 ปี,3
category,DIAGNOSIS_OPD,เมืองสตูล,09617,โรงพยาบาลส่งเสริมสุขภาพตำบลบ้านเกาะยาว  ตำบลปูยู,"โรคทางจิตเวชอื่นๆ (F04-F09,F50-F69,F80,F82-F83,F88-F89,F91-F99 ยกเว้น F638,F988)",ALL,1,1: ในเขต มีชื่อ+อยู่จริง,75 ปีขึ้นไป,2
category,DIAGNOSIS_OPD,เมืองสตูล,09617,โรงพยาบาลส่งเสริมสุขภาพตำบลบ้านเกาะยาว  ตำบลปูยู,"โรคทางจิตเวชอื่นๆ (F04-F09,F50-F69,F80,F82-F83,F88-F89,F91-F99 ยกเว้น F638,F988)",ALL,2,2: ในเขต มีชื่อ แต่ไม่อยู่จริง,30-44 ปี,1
category,DIAGNOSIS_OPD,เมืองสตูล,09617,โรงพยาบาลส่งเสริมสุขภาพตำบลบ้านเกาะยาว  ตำบลปูยู,โรควิตกกังวล (F40-F48),ALL,1,1: ในเขต มีชื่อ+อยู่จริง,30-44 ปี,1
category,DIAGNOSIS_OPD,เมืองสตูล,09617,โรงพยาบาลส่งเสริมสุขภาพตำบลบ้านเกาะยาว  ตำบลปูยู,โรควิตกกังวล (F40-F48),ALL,1,1: ในเขต มีชื่อ+อยู่จริง,45-59 ปี,1
category,DIAGNOSIS_OPD,เมืองสตูล,09617,โรงพยาบาลส่งเสริมสุขภาพตำบลบ้านเกาะยาว  ตำบลปูยู,โรควิตกกังวล (F40-F48),ALL,1,1: ในเขต มีชื่อ+อยู่จริง,60-74 ปี,1
category,DIAGNOSIS_OPD,เมืองสตูล,09617,โรงพยาบาลส่งเสริมสุขภาพตำบลบ้านเกาะยาว  ตำบลปูยู,โรควิตกกังวล (F40-F48),ALL,2,2: ในเขต มีชื่อ แต่ไม่อยู่จริง,45-59 ปี,1
category,DIAGNOSIS_OPD,เมืองสตูล,09617,โรงพยาบาลส่งเสริมสุขภาพตำบลบ้านเกาะยาว  ตำบลปูยู,โรควิตกกังวล (F40-F48),ALL,2,2: ในเขต มีชื่อ แต่ไม่อยู่จริง,75 ปีขึ้นไป,1
category,DIAGNOSIS_OPD,เมืองสตูล,09619,โรงพยาบาลส่งเสริมสุขภาพตำบลบ้านใหม่ ตำบลควนโพธิ์,"ติดสารเสพติดอื่นๆ (F11,F12,F13,F14,F16,F17,F18,F19)",ALL,1,1: ในเขต มีชื่อ+อยู่จริง,30-44 ปี,1
category,DIAGNOSIS_OPD,เมืองสตูล,09619,โรงพยาบาลส่งเสริมสุขภาพตำบลบ้านใหม่ ตำบลควนโพธิ์,โรคจิตอื่นๆ (F21-F29),ALL,1,1: ในเขต มีชื่อ+อยู่จริง,15-29 ปี,1
category,DIAGNOSIS_OPD,เมืองสตูล,09619,โรงพยาบาลส่งเสริมสุขภาพตำบลบ้านใหม่ ตำบลควนโพธิ์,โรคจิตเภท (F20),ALL,1,1: ในเขต มีชื่อ+อยู่จริง,15-29 ปี,2
category,DIAGNOSIS_OPD,เมืองสตูล,09619,โรงพยาบาลส่งเสริมสุขภาพตำบลบ้านใหม่ ตำบลควนโพธิ์,โรคจิตเภท (F20),ALL,1,1: ในเขต มีชื่อ+อยู่จริง,30-44 ปี,4
category,DIAGNOSIS_OPD,เมืองสตูล,09619,โรงพยาบาลส่งเสริมสุขภาพตำบลบ้านใหม่ ตำบลควนโพธิ์,โรคจิตเภท (F20),ALL,1,1: ในเขต มีชื่อ+อยู่จริง,45-59 ปี,4
category,DIAGNOSIS_OPD,เมืองสตูล,09619,โรงพยาบาลส่งเสริมสุขภาพตำบลบ้านใหม่ ตำบลควนโพธิ์,โรคจิตเภท (F20),ALL,2,2: ในเขต มีชื่อ แต่ไม่อยู่จริง,30-44 ปี,1
category,DIAGNOSIS_OPD,เมืองสตูล,09619,โรงพยาบาลส่งเสริมสุขภาพตำบลบ้านใหม่ ตำบลควนโพธิ์,โรคจิตเภท (F20),ALL,2,2: ในเขต มีชื่อ แต่ไม่อยู่จริง,45-59 ปี,1
category,DIAGNOSIS_OPD,เมืองสตูล,09619,โรงพยาบาลส่งเสริมสุขภาพตำบลบ้านใหม่ ตำบลควนโพธิ์,โรคจิตเภท (F20),ALL,4,4: นอกเขต มารับบริการ/เคยอยู่ในเขต,45-59 ปี,1
category,DIAGNOSIS_OPD,เมืองสตูล,09619,โรงพยาบาลส่งเสริมสุขภาพตำบลบ้านใหม่ ตำบลควนโพธิ์,โรคจิตเภท (F20),ALL,4,4: นอกเขต มารับบริการ/เคยอยู่ในเขต,60-74 ปี,1
category,DIAGNOSIS_OPD,เมืองสตูล,09619,โรงพยาบาลส่งเสริมสุขภาพตำบลบ้านใหม่ ตำบลควนโพธิ์,"โรคทางจิตเวชอื่นๆ (F04-F09,F50-F69,F80,F82-F83,F88-F89,F91-F99 ยกเว้น F638,F988)",ALL,1,1: ในเขต มีชื่อ+อยู่จริง,0-14 ปี,2
category,DIAGNOSIS_OPD,เมืองสตูล,09619,โรงพยาบาลส่งเสริมสุขภาพตำบลบ้านใหม่ ตำบลควนโพธิ์,"โรคทางจิตเวชอื่นๆ (F04-F09,F50-F69,F80,F82-F83,F88-F89,F91-F99 ยกเว้น F638,F988)",ALL,1,1: ในเขต มีชื่อ+อยู่จริง,15-29 ปี,1
category,DIAGNOSIS_OPD,เมืองสตูล,09619,โรงพยาบาลส่งเสริมสุขภาพตำบลบ้านใหม่ ตำบลควนโพธิ์,"โรคทางจิตเวชอื่นๆ (F04-F09,F50-F69,F80,F82-F83,F88-F89,F91-F99 ยกเว้น F638,F988)",ALL,1,1: ในเขต มีชื่อ+อยู่จริง,30-44 ปี,4
category,DIAGNOSIS_OPD,เมืองสตูล,09619,โรงพยาบาลส่งเสริมสุขภาพตำบลบ้านใหม่ ตำบลควนโพธิ์,"โรคทางจิตเวชอื่นๆ (F04-F09,F50-F69,F80,F82-F83,F88-F89,F91-F99 ยกเว้น F638,F988)",ALL,1,1: ในเขต มีชื่อ+อยู่จริง,45-59 ปี,18
category,DIAGNOSIS_OPD,เมืองสตูล,09619,โรงพยาบาลส่งเสริมสุขภาพตำบลบ้านใหม่ ตำบลควนโพธิ์,"โรคทางจิตเวชอื่นๆ (F04-F09,F50-F69,F80,F82-F83,F88-F89,F91-F99 ยกเว้น F638,F988)",ALL,1,1: ในเขต มีชื่อ+อยู่จริง,60-74 ปี,26
category,DIAGNOSIS_OPD,เมืองสตูล,09619,โรงพยาบาลส่งเสริมสุขภาพตำบลบ้านใหม่ ตำบลควนโพธิ์,"โรคทางจิตเวชอื่นๆ (F04-F09,F50-F69,F80,F82-F83,F88-F89,F91-F99 ยกเว้น F638,F988)",ALL,1,1: ในเขต มีชื่อ+อยู่จริง,75 ปีขึ้นไป,7
category,DIAGNOSIS_OPD,เมืองสตูล,09619,โรงพยาบาลส่งเสริมสุขภาพตำบลบ้านใหม่ ตำบลควนโพธิ์,"โรคทางจิตเวชอื่นๆ (F04-F09,F50-F69,F80,F82-F83,F88-F89,F91-F99 ยกเว้น F638,F988)",ALL,2,2: ในเขต มีชื่อ แต่ไม่อยู่จริง,30-44 ปี,2
category,DIAGNOSIS_OPD,เมืองสตูล,09619,โรงพยาบาลส่งเสริมสุขภาพตำบลบ้านใหม่ ตำบลควนโพธิ์,"โรคทางจิตเวชอื่นๆ (F04-F09,F50-F69,F80,F82-F83,F88-F89,F91-F99 ยกเว้น F638,F988)",ALL,2,2: ในเขต มีชื่อ แต่ไม่อยู่จริง,45-59 ปี,2
category,DIAGNOSIS_OPD,เมืองสตูล,09619,โรงพยาบาลส่งเสริมสุขภาพตำบลบ้านใหม่ ตำบลควนโพธิ์,"โรคทางจิตเวชอื่นๆ (F04-F09,F50-F69,F80,F82-F83,F88-F89,F91-F99 ยกเว้น F638,F988)",ALL,2,2: ในเขต มีชื่อ แต่ไม่อยู่จริง,60-74 ปี,2
category,DIAGNOSIS_OPD,เมืองสตูล,09619,โรงพยาบาลส่งเสริมสุขภาพตำบลบ้านใหม่ ตำบลควนโพธิ์,"โรคทางจิตเวชอื่นๆ (F04-F09,F50-F69,F80,F82-F83,F88-F89,F91-F99 ยกเว้น F638,F988)",ALL,2,2: ในเขต มีชื่อ แต่ไม่อยู่จริง,75 ปีขึ้นไป,1
category,DIAGNOSIS_OPD,เมืองสตูล,09619,โรงพยาบาลส่งเสริมสุขภาพตำบลบ้านใหม่ ตำบลควนโพธิ์,"โรคทางจิตเวชอื่นๆ (F04-F09,F50-F69,F80,F82-F83,F88-F89,F91-F99 ยกเว้น F638,F988)",ALL,3,3: อาศัยในเขต ทะเบียนบ้านอยู่นอกเขต,30-44 ปี,1
category,DIAGNOSIS_OPD,เมืองสตูล,09619,โรงพยาบาลส่งเสริมสุขภาพตำบลบ้านใหม่ ตำบลควนโพธิ์,"โรคทางจิตเวชอื่นๆ (F04-F09,F50-F69,F80,F82-F83,F88-F89,F91-F99 ยกเว้น F638,F988)",ALL,4,4: นอกเขต มารับบริการ/เคยอยู่ในเขต,30-44 ปี,3
category,DIAGNOSIS_OPD,เมืองสตูล,09619,โรงพยาบาลส่งเสริมสุขภาพตำบลบ้านใหม่ ตำบลควนโพธิ์,โรควิตกกังวล (F40-F48),ALL,1,1: ในเขต มีชื่อ+อยู่จริง,0-14 ปี,2
category,DIAGNOSIS_OPD,เมืองสตูล,09619,โรงพยาบาลส่งเสริมสุขภาพตำบลบ้านใหม่ ตำบลควนโพธิ์,โรควิตกกังวล (F40-F48),ALL,1,1: ในเขต มีชื่อ+อยู่จริง,30-44 ปี,3
category,DIAGNOSIS_OPD,เมืองสตูล,09619,โรงพยาบาลส่งเสริมสุขภาพตำบลบ้านใหม่ ตำบลควนโพธิ์,โรควิตกกังวล (F40-F48),ALL,1,1: ในเขต มีชื่อ+อยู่จริง,45-59 ปี,3
category,DIAGNOSIS_OPD,เมืองสตูล,09619,โรงพยาบาลส่งเสริมสุขภาพตำบลบ้านใหม่ ตำบลควนโพธิ์,โรควิตกกังวล (F40-F48),ALL,1,1: ในเขต มีชื่อ+อยู่จริง,60-74 ปี,5
category,DIAGNOSIS_OPD,เมืองสตูล,09619,โรงพยาบาลส่งเสริมสุขภาพตำบลบ้านใหม่ ตำบลควนโพธิ์,โรควิตกกังวล (F40-F48),ALL,1,1: ในเขต มีชื่อ+อยู่จริง,75 ปีขึ้นไป,2
category,DIAGNOSIS_OPD,เมืองสตูล,09619,โรงพยาบาลส่งเสริมสุขภาพตำบลบ้านใหม่ ตำบลควนโพธิ์,โรควิตกกังวล (F40-F48),ALL,2,2: ในเขต มีชื่อ แต่ไม่อยู่จริง,45-59 ปี,1
category,DIAGNOSIS_OPD,เมืองสตูล,09619,โรงพยาบาลส่งเสริมสุขภาพตำบลบ้านใหม่ ตำบลควนโพธิ์,โรควิตกกังวล (F40-F48),ALL,2,2: ในเขต มีชื่อ แต่ไม่อยู่จริง,60-74 ปี,2
category,DIAGNOSIS_OPD,เมืองสตูล,09618,โรงพยาบาลส่งเสริมสุขภาพตำบลปูยู,"ติดสารเสพติดอื่นๆ (F11,F12,F13,F14,F16,F17,F18,F19)",ALL,1,1: ในเขต มีชื่อ+อยู่จริง,15-29 ปี,1
category,DIAGNOSIS_OPD,เมืองสตูล,09618,โรงพยาบาลส่งเสริมสุขภาพตำบลปูยู,"ติดสารเสพติดอื่นๆ (F11,F12,F13,F14,F16,F17,F18,F19)",ALL,1,1: ในเขต มีชื่อ+อยู่จริง,30-44 ปี,1
category,DIAGNOSIS_OPD,เมืองสตูล,09618,โรงพยาบาลส่งเสริมสุขภาพตำบลปูยู,โรคจิตเภท (F20),ALL,1,1: ในเขต มีชื่อ+อยู่จริง,30-44 ปี,6
category,DIAGNOSIS_OPD,เมืองสตูล,09618,โรงพยาบาลส่งเสริมสุขภาพตำบลปูยู,โรคจิตเภท (F20),ALL,1,1: ในเขต มีชื่อ+อยู่จริง,45-59 ปี,2
category,DIAGNOSIS_OPD,เมืองสตูล,09618,โรงพยาบาลส่งเสริมสุขภาพตำบลปูยู,โรคจิตเภท (F20),ALL,2,2: ในเขต มีชื่อ แต่ไม่อยู่จริง,30-44 ปี,1
category,DIAGNOSIS_OPD,เมืองสตูล,09611,โรงพยาบาลส่งเสริมสุขภาพตำบลเกาะสาหร่าย,"ติดสารเสพติดอื่นๆ (F11,F12,F13,F14,F16,F17,F18,F19)",ALL,1,1: ในเขต มีชื่อ+อยู่จริง,30-44 ปี,1
category,DIAGNOSIS_OPD,เมืองสตูล,09611,โรงพยาบาลส่งเสริมสุขภาพตำบลเกาะสาหร่าย,โรคจิตเภท (F20),ALL,1,1: ในเขต มีชื่อ+อยู่จริง,30-44 ปี,3
category,DIAGNOSIS_OPD,เมืองสตูล,09611,โรงพยาบาลส่งเสริมสุขภาพตำบลเกาะสาหร่าย,โรคจิตเภท (F20),ALL,1,1: ในเขต มีชื่อ+อยู่จริง,45-59 ปี,2
category,DIAGNOSIS_OPD,เมืองสตูล,09611,โรงพยาบาลส่งเสริมสุขภาพตำบลเกาะสาหร่าย,โรคจิตเภท (F20),ALL,2,2: ในเขต มีชื่อ แต่ไม่อยู่จริง,30-44 ปี,1
category,DIAGNOSIS_OPD,เมืองสตูล,09611,โรงพยาบาลส่งเสริมสุขภาพตำบลเกาะสาหร่าย,โรคจิตเภท (F20),ALL,2,2: ในเขต มีชื่อ แต่ไม่อยู่จริง,45-59 ปี,1
category,DIAGNOSIS_OPD,เมืองสตูล,09611,โรงพยาบาลส่งเสริมสุขภาพตำบลเกาะสาหร่าย,"โรคทางจิตเวชอื่นๆ (F04-F09,F50-F69,F80,F82-F83,F88-F89,F91-F99 ยกเว้น F638,F988)",ALL,1,1: ในเขต มีชื่อ+อยู่จริง,30-44 ปี,1
category,DIAGNOSIS_OPD,เมืองสตูล,09611,โรงพยาบาลส่งเสริมสุขภาพตำบลเกาะสาหร่าย,"โรคทางจิตเวชอื่นๆ (F04-F09,F50-F69,F80,F82-F83,F88-F89,F91-F99 ยกเว้น F638,F988)",ALL,1,1: ในเขต มีชื่อ+อยู่จริง,45-59 ปี,3
category,DIAGNOSIS_OPD,เมืองสตูล,09611,โรงพยาบาลส่งเสริมสุขภาพตำบลเกาะสาหร่าย,"โรคทางจิตเวชอื่นๆ (F04-F09,F50-F69,F80,F82-F83,F88-F89,F91-F99 ยกเว้น F638,F988)",ALL,1,1: ในเขต มีชื่อ+อยู่จริง,60-74 ปี,4
category,DIAGNOSIS_OPD,เมืองสตูล,09611,โรงพยาบาลส่งเสริมสุขภาพตำบลเกาะสาหร่าย,"โรคทางจิตเวชอื่นๆ (F04-F09,F50-F69,F80,F82-F83,F88-F89,F91-F99 ยกเว้น F638,F988)",ALL,1,1: ในเขต มีชื่อ+อยู่จริง,75 ปีขึ้นไป,4
category,DIAGNOSIS_OPD,เมืองสตูล,09611,โรงพยาบาลส่งเสริมสุขภาพตำบลเกาะสาหร่าย,"โรคทางจิตเวชอื่นๆ (F04-F09,F50-F69,F80,F82-F83,F88-F89,F91-F99 ยกเว้น F638,F988)",ALL,2,2: ในเขต มีชื่อ แต่ไม่อยู่จริง,30-44 ปี,1
category,DIAGNOSIS_OPD,เมืองสตูล,09611,โรงพยาบาลส่งเสริมสุขภาพตำบลเกาะสาหร่าย,"โรคทางจิตเวชอื่นๆ (F04-F09,F50-F69,F80,F82-F83,F88-F89,F91-F99 ยกเว้น F638,F988)",ALL,2,2: ในเขต มีชื่อ แต่ไม่อยู่จริง,45-59 ปี,1
category,DIAGNOSIS_OPD,เมืองสตูล,09611,โรงพยาบาลส่งเสริมสุขภาพตำบลเกาะสาหร่าย,"โรคทางจิตเวชอื่นๆ (F04-F09,F50-F69,F80,F82-F83,F88-F89,F91-F99 ยกเว้น F638,F988)",ALL,4,4: นอกเขต มารับบริการ/เคยอยู่ในเขต,60-74 ปี,1
category,DIAGNOSIS_OPD,เมืองสตูล,09611,โรงพยาบาลส่งเสริมสุขภาพตำบลเกาะสาหร่าย,โรคลมชัก (G40-G41),ALL,1,1: ในเขต มีชื่อ+อยู่จริง,0-14 ปี,1
category,DIAGNOSIS_OPD,เมืองสตูล,09611,โรงพยาบาลส่งเสริมสุขภาพตำบลเกาะสาหร่าย,โรควิตกกังวล (F40-F48),ALL,1,1: ในเขต มีชื่อ+อยู่จริง,15-29 ปี,1
category,DIAGNOSIS_OPD,เมืองสตูล,09611,โรงพยาบาลส่งเสริมสุขภาพตำบลเกาะสาหร่าย,โรควิตกกังวล (F40-F48),ALL,1,1: ในเขต มีชื่อ+อยู่จริง,45-59 ปี,1
category,DIAGNOSIS_OPD,เมืองสตูล,09611,โรงพยาบาลส่งเสริมสุขภาพตำบลเกาะสาหร่าย,โรควิตกกังวล (F40-F48),ALL,1,1: ในเขต มีชื่อ+อยู่จริง,60-74 ปี,1
category,DIAGNOSIS_OPD,เมืองสตูล,09611,โรงพยาบาลส่งเสริมสุขภาพตำบลเกาะสาหร่าย,โรควิตกกังวล (F40-F48),ALL,1,1: ในเขต มีชื่อ+อยู่จริง,75 ปีขึ้นไป,1
category,DIAGNOSIS_OPD,เมืองสตูล,09612,โรงพยาบาลส่งเสริมสุขภาพตำบลเกาะหลีเป๊ะ,"ติดสารเสพติดอื่นๆ (F11,F12,F13,F14,F16,F17,F18,F19)",ALL,4,4: นอกเขต มารับบริการ/เคยอยู่ในเขต,15-29 ปี,3
category,DIAGNOSIS_OPD,เมืองสตูล,09612,โรงพยาบาลส่งเสริมสุขภาพตำบลเกาะหลีเป๊ะ,"ติดสารเสพติดอื่นๆ (F11,F12,F13,F14,F16,F17,F18,F19)",ALL,4,4: นอกเขต มารับบริการ/เคยอยู่ในเขต,30-44 ปี,2
category,DIAGNOSIS_OPD,เมืองสตูล,09612,โรงพยาบาลส่งเสริมสุขภาพตำบลเกาะหลีเป๊ะ,"ติดสารเสพติดอื่นๆ (F11,F12,F13,F14,F16,F17,F18,F19)",ALL,4,4: นอกเขต มารับบริการ/เคยอยู่ในเขต,45-59 ปี,1
category,DIAGNOSIS_OPD,เมืองสตูล,09612,โรงพยาบาลส่งเสริมสุขภาพตำบลเกาะหลีเป๊ะ,ติดแอลกอฮอล์ (F10),ALL,4,4: นอกเขต มารับบริการ/เคยอยู่ในเขต,45-59 ปี,1
category,DIAGNOSIS_OPD,เมืองสตูล,09612,โรงพยาบาลส่งเสริมสุขภาพตำบลเกาะหลีเป๊ะ,พยายามฆ่าตัวตาย/ตั้งใจทำร้ายตนเอง (X60-X84),ALL,1,1: ในเขต มีชื่อ+อยู่จริง,15-29 ปี,2
category,DIAGNOSIS_OPD,เมืองสตูล,09612,โรงพยาบาลส่งเสริมสุขภาพตำบลเกาะหลีเป๊ะ,พยายามฆ่าตัวตาย/ตั้งใจทำร้ายตนเอง (X60-X84),ALL,1,1: ในเขต มีชื่อ+อยู่จริง,30-44 ปี,1
category,DIAGNOSIS_OPD,เมืองสตูล,09612,โรงพยาบาลส่งเสริมสุขภาพตำบลเกาะหลีเป๊ะ,พยายามฆ่าตัวตาย/ตั้งใจทำร้ายตนเอง (X60-X84),ALL,4,4: นอกเขต มารับบริการ/เคยอยู่ในเขต,15-29 ปี,3
category,DIAGNOSIS_OPD,เมืองสตูล,09612,โรงพยาบาลส่งเสริมสุขภาพตำบลเกาะหลีเป๊ะ,พยายามฆ่าตัวตาย/ตั้งใจทำร้ายตนเอง (X60-X84),ALL,4,4: นอกเขต มารับบริการ/เคยอยู่ในเขต,30-44 ปี,1
category,DIAGNOSIS_OPD,เมืองสตูล,09612,โรงพยาบาลส่งเสริมสุขภาพตำบลเกาะหลีเป๊ะ,โรคจิตอื่นๆ (F21-F29),ALL,4,4: นอกเขต มารับบริการ/เคยอยู่ในเขต,30-44 ปี,1
category,DIAGNOSIS_OPD,เมืองสตูล,09612,โรงพยาบาลส่งเสริมสุขภาพตำบลเกาะหลีเป๊ะ,โรคจิตเภท (F20),ALL,1,1: ในเขต มีชื่อ+อยู่จริง,15-29 ปี,1
category,DIAGNOSIS_OPD,เมืองสตูล,09612,โรงพยาบาลส่งเสริมสุขภาพตำบลเกาะหลีเป๊ะ,โรคจิตเภท (F20),ALL,1,1: ในเขต มีชื่อ+อยู่จริง,45-59 ปี,1
category,DIAGNOSIS_OPD,เมืองสตูล,09612,โรงพยาบาลส่งเสริมสุขภาพตำบลเกาะหลีเป๊ะ,"โรคซึมเศร้า (F32,F33,F341,F38,F39)",ALL,4,4: นอกเขต มารับบริการ/เคยอยู่ในเขต,15-29 ปี,1
category,DIAGNOSIS_OPD,เมืองสตูล,09612,โรงพยาบาลส่งเสริมสุขภาพตำบลเกาะหลีเป๊ะ,"โรคซึมเศร้า (F32,F33,F341,F38,F39)",ALL,4,4: นอกเขต มารับบริการ/เคยอยู่ในเขต,30-44 ปี,3
category,DIAGNOSIS_OPD,เมืองสตูล,09612,โรงพยาบาลส่งเสริมสุขภาพตำบลเกาะหลีเป๊ะ,"โรคทางจิตเวชอื่นๆ (F04-F09,F50-F69,F80,F82-F83,F88-F89,F91-F99 ยกเว้น F638,F988)",ALL,1,1: ในเขต มีชื่อ+อยู่จริง,0-14 ปี,2
category,DIAGNOSIS_OPD,เมืองสตูล,09612,โรงพยาบาลส่งเสริมสุขภาพตำบลเกาะหลีเป๊ะ,"โรคทางจิตเวชอื่นๆ (F04-F09,F50-F69,F80,F82-F83,F88-F89,F91-F99 ยกเว้น F638,F988)",ALL,1,1: ในเขต มีชื่อ+อยู่จริง,15-29 ปี,4
category,DIAGNOSIS_OPD,เมืองสตูล,09612,โรงพยาบาลส่งเสริมสุขภาพตำบลเกาะหลีเป๊ะ,"โรคทางจิตเวชอื่นๆ (F04-F09,F50-F69,F80,F82-F83,F88-F89,F91-F99 ยกเว้น F638,F988)",ALL,1,1: ในเขต มีชื่อ+อยู่จริง,45-59 ปี,4
category,DIAGNOSIS_OPD,เมืองสตูล,09612,โรงพยาบาลส่งเสริมสุขภาพตำบลเกาะหลีเป๊ะ,"โรคทางจิตเวชอื่นๆ (F04-F09,F50-F69,F80,F82-F83,F88-F89,F91-F99 ยกเว้น F638,F988)",ALL,1,1: ในเขต มีชื่อ+อยู่จริง,75 ปีขึ้นไป,1
category,DIAGNOSIS_OPD,เมืองสตูล,09612,โรงพยาบาลส่งเสริมสุขภาพตำบลเกาะหลีเป๊ะ,"โรคทางจิตเวชอื่นๆ (F04-F09,F50-F69,F80,F82-F83,F88-F89,F91-F99 ยกเว้น F638,F988)",ALL,2,2: ในเขต มีชื่อ แต่ไม่อยู่จริง,30-44 ปี,1
category,DIAGNOSIS_OPD,เมืองสตูล,09612,โรงพยาบาลส่งเสริมสุขภาพตำบลเกาะหลีเป๊ะ,"โรคทางจิตเวชอื่นๆ (F04-F09,F50-F69,F80,F82-F83,F88-F89,F91-F99 ยกเว้น F638,F988)",ALL,4,4: นอกเขต มารับบริการ/เคยอยู่ในเขต,0-14 ปี,1
category,DIAGNOSIS_OPD,เมืองสตูล,09612,โรงพยาบาลส่งเสริมสุขภาพตำบลเกาะหลีเป๊ะ,"โรคทางจิตเวชอื่นๆ (F04-F09,F50-F69,F80,F82-F83,F88-F89,F91-F99 ยกเว้น F638,F988)",ALL,4,4: นอกเขต มารับบริการ/เคยอยู่ในเขต,15-29 ปี,9
category,DIAGNOSIS_OPD,เมืองสตูล,09612,โรงพยาบาลส่งเสริมสุขภาพตำบลเกาะหลีเป๊ะ,"โรคทางจิตเวชอื่นๆ (F04-F09,F50-F69,F80,F82-F83,F88-F89,F91-F99 ยกเว้น F638,F988)",ALL,4,4: นอกเขต มารับบริการ/เคยอยู่ในเขต,30-44 ปี,23
category,DIAGNOSIS_OPD,เมืองสตูล,09612,โรงพยาบาลส่งเสริมสุขภาพตำบลเกาะหลีเป๊ะ,"โรคทางจิตเวชอื่นๆ (F04-F09,F50-F69,F80,F82-F83,F88-F89,F91-F99 ยกเว้น F638,F988)",ALL,4,4: นอกเขต มารับบริการ/เคยอยู่ในเขต,45-59 ปี,13
category,DIAGNOSIS_OPD,เมืองสตูล,09612,โรงพยาบาลส่งเสริมสุขภาพตำบลเกาะหลีเป๊ะ,"โรคทางจิตเวชอื่นๆ (F04-F09,F50-F69,F80,F82-F83,F88-F89,F91-F99 ยกเว้น F638,F988)",ALL,4,4: นอกเขต มารับบริการ/เคยอยู่ในเขต,60-74 ปี,4
category,DIAGNOSIS_OPD,เมืองสตูล,09612,โรงพยาบาลส่งเสริมสุขภาพตำบลเกาะหลีเป๊ะ,"โรคทางจิตเวชอื่นๆ (F04-F09,F50-F69,F80,F82-F83,F88-F89,F91-F99 ยกเว้น F638,F988)",ALL,4,4: นอกเขต มารับบริการ/เคยอยู่ในเขต,75 ปีขึ้นไป,2
category,DIAGNOSIS_OPD,เมืองสตูล,09612,โรงพยาบาลส่งเสริมสุขภาพตำบลเกาะหลีเป๊ะ,โรคลมชัก (G40-G41),ALL,1,1: ในเขต มีชื่อ+อยู่จริง,0-14 ปี,2
category,DIAGNOSIS_OPD,เมืองสตูล,09612,โรงพยาบาลส่งเสริมสุขภาพตำบลเกาะหลีเป๊ะ,โรคลมชัก (G40-G41),ALL,1,1: ในเขต มีชื่อ+อยู่จริง,15-29 ปี,1
category,DIAGNOSIS_OPD,เมืองสตูล,09612,โรงพยาบาลส่งเสริมสุขภาพตำบลเกาะหลีเป๊ะ,โรคลมชัก (G40-G41),ALL,1,1: ในเขต มีชื่อ+อยู่จริง,30-44 ปี,1
category,DIAGNOSIS_OPD,เมืองสตูล,09612,โรงพยาบาลส่งเสริมสุขภาพตำบลเกาะหลีเป๊ะ,โรคลมชัก (G40-G41),ALL,1,1: ในเขต มีชื่อ+อยู่จริง,45-59 ปี,1
category,DIAGNOSIS_OPD,เมืองสตูล,09612,โรงพยาบาลส่งเสริมสุขภาพตำบลเกาะหลีเป๊ะ,โรคลมชัก (G40-G41),ALL,2,2: ในเขต มีชื่อ แต่ไม่อยู่จริง,30-44 ปี,1
category,DIAGNOSIS_OPD,เมืองสตูล,09612,โรงพยาบาลส่งเสริมสุขภาพตำบลเกาะหลีเป๊ะ,โรคลมชัก (G40-G41),ALL,4,4: นอกเขต มารับบริการ/เคยอยู่ในเขต,15-29 ปี,7
category,DIAGNOSIS_OPD,เมืองสตูล,09612,โรงพยาบาลส่งเสริมสุขภาพตำบลเกาะหลีเป๊ะ,โรคลมชัก (G40-G41),ALL,4,4: นอกเขต มารับบริการ/เคยอยู่ในเขต,30-44 ปี,7
category,DIAGNOSIS_OPD,เมืองสตูล,09612,โรงพยาบาลส่งเสริมสุขภาพตำบลเกาะหลีเป๊ะ,โรควิตกกังวล (F40-F48),ALL,1,1: ในเขต มีชื่อ+อยู่จริง,0-14 ปี,4
category,DIAGNOSIS_OPD,เมืองสตูล,09612,โรงพยาบาลส่งเสริมสุขภาพตำบลเกาะหลีเป๊ะ,โรควิตกกังวล (F40-F48),ALL,1,1: ในเขต มีชื่อ+อยู่จริง,15-29 ปี,1
category,DIAGNOSIS_OPD,เมืองสตูล,09612,โรงพยาบาลส่งเสริมสุขภาพตำบลเกาะหลีเป๊ะ,โรควิตกกังวล (F40-F48),ALL,1,1: ในเขต มีชื่อ+อยู่จริง,30-44 ปี,3
category,DIAGNOSIS_OPD,เมืองสตูล,09612,โรงพยาบาลส่งเสริมสุขภาพตำบลเกาะหลีเป๊ะ,โรควิตกกังวล (F40-F48),ALL,1,1: ในเขต มีชื่อ+อยู่จริง,45-59 ปี,4
category,DIAGNOSIS_OPD,เมืองสตูล,09612,โรงพยาบาลส่งเสริมสุขภาพตำบลเกาะหลีเป๊ะ,โรควิตกกังวล (F40-F48),ALL,1,1: ในเขต มีชื่อ+อยู่จริง,60-74 ปี,6
category,DIAGNOSIS_OPD,เมืองสตูล,09612,โรงพยาบาลส่งเสริมสุขภาพตำบลเกาะหลีเป๊ะ,โรควิตกกังวล (F40-F48),ALL,4,4: นอกเขต มารับบริการ/เคยอยู่ในเขต,15-29 ปี,10
category,DIAGNOSIS_OPD,เมืองสตูล,09612,โรงพยาบาลส่งเสริมสุขภาพตำบลเกาะหลีเป๊ะ,โรควิตกกังวล (F40-F48),ALL,4,4: นอกเขต มารับบริการ/เคยอยู่ในเขต,30-44 ปี,22
category,DIAGNOSIS_OPD,เมืองสตูล,09612,โรงพยาบาลส่งเสริมสุขภาพตำบลเกาะหลีเป๊ะ,โรควิตกกังวล (F40-F48),ALL,4,4: นอกเขต มารับบริการ/เคยอยู่ในเขต,45-59 ปี,9
category,DIAGNOSIS_OPD,เมืองสตูล,09612,โรงพยาบาลส่งเสริมสุขภาพตำบลเกาะหลีเป๊ะ,โรควิตกกังวล (F40-F48),ALL,4,4: นอกเขต มารับบริการ/เคยอยู่ในเขต,60-74 ปี,1
category,DIAGNOSIS_OPD,เมืองสตูล,09612,โรงพยาบาลส่งเสริมสุขภาพตำบลเกาะหลีเป๊ะ,โรคสมองเสื่อม (F00-F03),ALL,4,4: นอกเขต มารับบริการ/เคยอยู่ในเขต,60-74 ปี,1
category,DIAGNOSIS_OPD,เมืองสตูล,09614,โรงพยาบาลส่งเสริมสุขภาพตำบลเจ๊ะบิลัง,โรคจิตเภท (F20),ALL,1,1: ในเขต มีชื่อ+อยู่จริง,15-29 ปี,1
category,DIAGNOSIS_OPD,เมืองสตูล,09614,โรงพยาบาลส่งเสริมสุขภาพตำบลเจ๊ะบิลัง,โรคจิตเภท (F20),ALL,1,1: ในเขต มีชื่อ+อยู่จริง,30-44 ปี,5
category,DIAGNOSIS_OPD,เมืองสตูล,09614,โรงพยาบาลส่งเสริมสุขภาพตำบลเจ๊ะบิลัง,โรคจิตเภท (F20),ALL,1,1: ในเขต มีชื่อ+อยู่จริง,45-59 ปี,4
category,DIAGNOSIS_OPD,เมืองสตูล,09614,โรงพยาบาลส่งเสริมสุขภาพตำบลเจ๊ะบิลัง,โรคจิตเภท (F20),ALL,1,1: ในเขต มีชื่อ+อยู่จริง,60-74 ปี,1
category,DIAGNOSIS_OPD,เมืองสตูล,09614,โรงพยาบาลส่งเสริมสุขภาพตำบลเจ๊ะบิลัง,โรคจิตเภท (F20),ALL,2,2: ในเขต มีชื่อ แต่ไม่อยู่จริง,30-44 ปี,1
category,DIAGNOSIS_OPD,เมืองสตูล,09614,โรงพยาบาลส่งเสริมสุขภาพตำบลเจ๊ะบิลัง,"โรคซึมเศร้า (F32,F33,F341,F38,F39)",ALL,1,1: ในเขต มีชื่อ+อยู่จริง,15-29 ปี,1
category,DIAGNOSIS_OPD,เมืองสตูล,09614,โรงพยาบาลส่งเสริมสุขภาพตำบลเจ๊ะบิลัง,"โรคซึมเศร้า (F32,F33,F341,F38,F39)",ALL,1,1: ในเขต มีชื่อ+อยู่จริง,60-74 ปี,1
category,DIAGNOSIS_OPD,เมืองสตูล,09614,โรงพยาบาลส่งเสริมสุขภาพตำบลเจ๊ะบิลัง,"โรคทางจิตเวชอื่นๆ (F04-F09,F50-F69,F80,F82-F83,F88-F89,F91-F99 ยกเว้น F638,F988)",ALL,1,1: ในเขต มีชื่อ+อยู่จริง,15-29 ปี,1
category,DIAGNOSIS_OPD,เมืองสตูล,09614,โรงพยาบาลส่งเสริมสุขภาพตำบลเจ๊ะบิลัง,"โรคทางจิตเวชอื่นๆ (F04-F09,F50-F69,F80,F82-F83,F88-F89,F91-F99 ยกเว้น F638,F988)",ALL,1,1: ในเขต มีชื่อ+อยู่จริง,45-59 ปี,4
category,DIAGNOSIS_OPD,เมืองสตูล,09614,โรงพยาบาลส่งเสริมสุขภาพตำบลเจ๊ะบิลัง,"โรคทางจิตเวชอื่นๆ (F04-F09,F50-F69,F80,F82-F83,F88-F89,F91-F99 ยกเว้น F638,F988)",ALL,1,1: ในเขต มีชื่อ+อยู่จริง,60-74 ปี,4
category,DIAGNOSIS_OPD,เมืองสตูล,09614,โรงพยาบาลส่งเสริมสุขภาพตำบลเจ๊ะบิลัง,"โรคทางจิตเวชอื่นๆ (F04-F09,F50-F69,F80,F82-F83,F88-F89,F91-F99 ยกเว้น F638,F988)",ALL,1,1: ในเขต มีชื่อ+อยู่จริง,75 ปีขึ้นไป,1
category,DIAGNOSIS_OPD,เมืองสตูล,09614,โรงพยาบาลส่งเสริมสุขภาพตำบลเจ๊ะบิลัง,"โรคทางจิตเวชอื่นๆ (F04-F09,F50-F69,F80,F82-F83,F88-F89,F91-F99 ยกเว้น F638,F988)",ALL,4,4: นอกเขต มารับบริการ/เคยอยู่ในเขต,0-14 ปี,1
category,DIAGNOSIS_OPD,เมืองสตูล,09614,โรงพยาบาลส่งเสริมสุขภาพตำบลเจ๊ะบิลัง,โรควิตกกังวล (F40-F48),ALL,1,1: ในเขต มีชื่อ+อยู่จริง,0-14 ปี,2
category,DIAGNOSIS_OPD,เมืองสตูล,09614,โรงพยาบาลส่งเสริมสุขภาพตำบลเจ๊ะบิลัง,โรควิตกกังวล (F40-F48),ALL,1,1: ในเขต มีชื่อ+อยู่จริง,30-44 ปี,1
category,DIAGNOSIS_OPD,เมืองสตูล,09614,โรงพยาบาลส่งเสริมสุขภาพตำบลเจ๊ะบิลัง,โรควิตกกังวล (F40-F48),ALL,1,1: ในเขต มีชื่อ+อยู่จริง,60-74 ปี,1
category,DIAGNOSIS_OPD,เมืองสตูล,09614,โรงพยาบาลส่งเสริมสุขภาพตำบลเจ๊ะบิลัง,โรควิตกกังวล (F40-F48),ALL,2,2: ในเขต มีชื่อ แต่ไม่อยู่จริง,30-44 ปี,1
category,DIAGNOSIS_OPD,เมืองสตูล,09614,โรงพยาบาลส่งเสริมสุขภาพตำบลเจ๊ะบิลัง,โรคสมองเสื่อม (F00-F03),ALL,1,1: ในเขต มีชื่อ+อยู่จริง,45-59 ปี,1
category,DIAGNOSIS_OPD,เมืองสตูล,09614,โรงพยาบาลส่งเสริมสุขภาพตำบลเจ๊ะบิลัง,โรคสมองเสื่อม (F00-F03),ALL,1,1: ในเขต มีชื่อ+อยู่จริง,60-74 ปี,1
category,DIAGNOSIS_OPD,เมืองสตูล,09614,โรงพยาบาลส่งเสริมสุขภาพตำบลเจ๊ะบิลัง,โรคสมองเสื่อม (F00-F03),ALL,1,1: ในเขต มีชื่อ+อยู่จริง,75 ปีขึ้นไป,1
category,DIAGNOSIS_OPD,เมืองสตูล,09614,โรงพยาบาลส่งเสริมสุขภาพตำบลเจ๊ะบิลัง,โรคสมองเสื่อม (F00-F03),ALL,4,4: นอกเขต มารับบริการ/เคยอยู่ในเขต,75 ปีขึ้นไป,1
category,SPECIALPP,ควนกาหลง,11403,โรงพยาบาลควนกาหลง,ประเมินความเสี่ยง SMI-V: ทำร้ายตนเองรุนแรง (1B030),ALL,4,4: นอกเขต มารับบริการ/เคยอยู่ในเขต,15-29 ปี,1
category,SPECIALPP,ควนกาหลง,11403,โรงพยาบาลควนกาหลง,ประเมินความเสี่ยง SMI-V: ทำร้ายตนเองรุนแรง (1B030),ALL,4,4: นอกเขต มารับบริการ/เคยอยู่ในเขต,30-44 ปี,2
category,SPECIALPP,ควนกาหลง,11403,โรงพยาบาลควนกาหลง,ประเมินความเสี่ยง SMI-V: ทำร้ายผู้อื่น/ก่อเหตุรุนแรง (1B031),ALL,1,1: ในเขต มีชื่อ+อยู่จริง,15-29 ปี,1
category,SPECIALPP,ควนกาหลง,11403,โรงพยาบาลควนกาหลง,ประเมินความเสี่ยง SMI-V: ทำร้ายผู้อื่น/ก่อเหตุรุนแรง (1B031),ALL,1,1: ในเขต มีชื่อ+อยู่จริง,30-44 ปี,1
category,SPECIALPP,ควนกาหลง,11403,โรงพยาบาลควนกาหลง,ประเมินความเสี่ยง SMI-V: ทำร้ายผู้อื่น/ก่อเหตุรุนแรง (1B031),ALL,1,1: ในเขต มีชื่อ+อยู่จริง,45-59 ปี,2
category,SPECIALPP,ควนกาหลง,11403,โรงพยาบาลควนกาหลง,ประเมินความเสี่ยง SMI-V: ทำร้ายผู้อื่น/ก่อเหตุรุนแรง (1B031),ALL,4,4: นอกเขต มารับบริการ/เคยอยู่ในเขต,15-29 ปี,3
category,SPECIALPP,ควนกาหลง,11403,โรงพยาบาลควนกาหลง,ประเมินความเสี่ยง SMI-V: ทำร้ายผู้อื่น/ก่อเหตุรุนแรง (1B031),ALL,4,4: นอกเขต มารับบริการ/เคยอยู่ในเขต,30-44 ปี,15
category,SPECIALPP,ควนกาหลง,11403,โรงพยาบาลควนกาหลง,ประเมินความเสี่ยง SMI-V: ทำร้ายผู้อื่น/ก่อเหตุรุนแรง (1B031),ALL,4,4: นอกเขต มารับบริการ/เคยอยู่ในเขต,45-59 ปี,4
category,SPECIALPP,ควนกาหลง,11403,โรงพยาบาลควนกาหลง,ประเมินความเสี่ยง SMI-V: ทำร้ายผู้อื่น/ก่อเหตุรุนแรง (1B031),ALL,4,4: นอกเขต มารับบริการ/เคยอยู่ในเขต,60-74 ปี,1
category,SPECIALPP,ควนกาหลง,11403,โรงพยาบาลควนกาหลง,ประเมินความเสี่ยง SMI-V: หลงผิด มุ่งร้ายเฉพาะเจาะจง (1B032),ALL,1,1: ในเขต มีชื่อ+อยู่จริง,45-59 ปี,1
category,SPECIALPP,ควนกาหลง,11403,โรงพยาบาลควนกาหลง,ประเมินความเสี่ยง SMI-V: หลงผิด มุ่งร้ายเฉพาะเจาะจง (1B032),ALL,4,4: นอกเขต มารับบริการ/เคยอยู่ในเขต,30-44 ปี,1
category,SPECIALPP,ควนโดน,11402,โรงพยาบาลควนโดน,ประเมินความเสี่ยง SMI-V: ทำร้ายตนเองรุนแรง (1B030),ALL,1,1: ในเขต มีชื่อ+อยู่จริง,0-14 ปี,1
category,SPECIALPP,ควนโดน,11402,โรงพยาบาลควนโดน,ประเมินความเสี่ยง SMI-V: ทำร้ายตนเองรุนแรง (1B030),ALL,1,1: ในเขต มีชื่อ+อยู่จริง,15-29 ปี,3
category,SPECIALPP,ควนโดน,11402,โรงพยาบาลควนโดน,ประเมินความเสี่ยง SMI-V: ทำร้ายตนเองรุนแรง (1B030),ALL,4,4: นอกเขต มารับบริการ/เคยอยู่ในเขต,0-14 ปี,1
category,SPECIALPP,ควนโดน,11402,โรงพยาบาลควนโดน,ประเมินความเสี่ยง SMI-V: ทำร้ายตนเองรุนแรง (1B030),ALL,4,4: นอกเขต มารับบริการ/เคยอยู่ในเขต,15-29 ปี,7
category,SPECIALPP,ควนโดน,11402,โรงพยาบาลควนโดน,ประเมินความเสี่ยง SMI-V: ทำร้ายตนเองรุนแรง (1B030),ALL,4,4: นอกเขต มารับบริการ/เคยอยู่ในเขต,30-44 ปี,1
category,SPECIALPP,ควนโดน,11402,โรงพยาบาลควนโดน,ประเมินความเสี่ยง SMI-V: ทำร้ายผู้อื่น/ก่อเหตุรุนแรง (1B031),ALL,1,1: ในเขต มีชื่อ+อยู่จริง,30-44 ปี,2
category,SPECIALPP,ควนโดน,11402,โรงพยาบาลควนโดน,ประเมินความเสี่ยง SMI-V: ทำร้ายผู้อื่น/ก่อเหตุรุนแรง (1B031),ALL,4,4: นอกเขต มารับบริการ/เคยอยู่ในเขต,30-44 ปี,2
category,SPECIALPP,ควนโดน,11402,โรงพยาบาลควนโดน,ประเมินความเสี่ยง SMI-V: ทำร้ายผู้อื่น/ก่อเหตุรุนแรง (1B031),ALL,4,4: นอกเขต มารับบริการ/เคยอยู่ในเขต,45-59 ปี,1
category,SPECIALPP,ทุ่งหว้า,11406,โรงพยาบาลทุ่งหว้า,ประเมินความเสี่ยง SMI-V: ก่อคดีอาชญากรรมรุนแรง (1B033),ALL,1,1: ในเขต มีชื่อ+อยู่จริง,30-44 ปี,1
category,SPECIALPP,ทุ่งหว้า,11406,โรงพยาบาลทุ่งหว้า,ประเมินความเสี่ยง SMI-V: ก่อคดีอาชญากรรมรุนแรง (1B033),ALL,2,2: ในเขต มีชื่อ แต่ไม่อยู่จริง,45-59 ปี,2
category,SPECIALPP,ทุ่งหว้า,11406,โรงพยาบาลทุ่งหว้า,ประเมินความเสี่ยง SMI-V: ก่อคดีอาชญากรรมรุนแรง (1B033),ALL,4,4: นอกเขต มารับบริการ/เคยอยู่ในเขต,45-59 ปี,1
category,SPECIALPP,ทุ่งหว้า,11406,โรงพยาบาลทุ่งหว้า,ประเมินความเสี่ยง SMI-V: ทำร้ายตนเองรุนแรง (1B030),ALL,4,4: นอกเขต มารับบริการ/เคยอยู่ในเขต,0-14 ปี,1
category,SPECIALPP,ทุ่งหว้า,11406,โรงพยาบาลทุ่งหว้า,ประเมินความเสี่ยง SMI-V: ทำร้ายตนเองรุนแรง (1B030),ALL,4,4: นอกเขต มารับบริการ/เคยอยู่ในเขต,15-29 ปี,2
category,SPECIALPP,ทุ่งหว้า,11406,โรงพยาบาลทุ่งหว้า,ประเมินความเสี่ยง SMI-V: ทำร้ายตนเองรุนแรง (1B030),ALL,4,4: นอกเขต มารับบริการ/เคยอยู่ในเขต,30-44 ปี,1
category,SPECIALPP,ทุ่งหว้า,11406,โรงพยาบาลทุ่งหว้า,ประเมินความเสี่ยง SMI-V: ทำร้ายผู้อื่น/ก่อเหตุรุนแรง (1B031),ALL,"",อื่นๆ/ไม่ทราบ,30-44 ปี,2
category,SPECIALPP,ทุ่งหว้า,11406,โรงพยาบาลทุ่งหว้า,ประเมินความเสี่ยง SMI-V: ทำร้ายผู้อื่น/ก่อเหตุรุนแรง (1B031),ALL,1,1: ในเขต มีชื่อ+อยู่จริง,15-29 ปี,2
category,SPECIALPP,ทุ่งหว้า,11406,โรงพยาบาลทุ่งหว้า,ประเมินความเสี่ยง SMI-V: ทำร้ายผู้อื่น/ก่อเหตุรุนแรง (1B031),ALL,1,1: ในเขต มีชื่อ+อยู่จริง,30-44 ปี,1
category,SPECIALPP,ทุ่งหว้า,11406,โรงพยาบาลทุ่งหว้า,ประเมินความเสี่ยง SMI-V: ทำร้ายผู้อื่น/ก่อเหตุรุนแรง (1B031),ALL,1,1: ในเขต มีชื่อ+อยู่จริง,45-59 ปี,2
category,SPECIALPP,ทุ่งหว้า,11406,โรงพยาบาลทุ่งหว้า,ประเมินความเสี่ยง SMI-V: ทำร้ายผู้อื่น/ก่อเหตุรุนแรง (1B031),ALL,2,2: ในเขต มีชื่อ แต่ไม่อยู่จริง,30-44 ปี,1
category,SPECIALPP,ทุ่งหว้า,11406,โรงพยาบาลทุ่งหว้า,ประเมินความเสี่ยง SMI-V: ทำร้ายผู้อื่น/ก่อเหตุรุนแรง (1B031),ALL,4,4: นอกเขต มารับบริการ/เคยอยู่ในเขต,30-44 ปี,10
category,SPECIALPP,ทุ่งหว้า,11406,โรงพยาบาลทุ่งหว้า,ประเมินความเสี่ยง SMI-V: ทำร้ายผู้อื่น/ก่อเหตุรุนแรง (1B031),ALL,4,4: นอกเขต มารับบริการ/เคยอยู่ในเขต,45-59 ปี,5
category,SPECIALPP,ทุ่งหว้า,11406,โรงพยาบาลทุ่งหว้า,ประเมินความเสี่ยง SMI-V: ทำร้ายผู้อื่น/ก่อเหตุรุนแรง (1B031),ALL,4,4: นอกเขต มารับบริการ/เคยอยู่ในเขต,60-74 ปี,2
category,SPECIALPP,ทุ่งหว้า,11406,โรงพยาบาลทุ่งหว้า,ประเมินความเสี่ยง SMI-V: หลงผิด มุ่งร้ายเฉพาะเจาะจง (1B032),ALL,1,1: ในเขต มีชื่อ+อยู่จริง,30-44 ปี,1
category,SPECIALPP,ทุ่งหว้า,11406,โรงพยาบาลทุ่งหว้า,ประเมินความเสี่ยง SMI-V: หลงผิด มุ่งร้ายเฉพาะเจาะจง (1B032),ALL,4,4: นอกเขต มารับบริการ/เคยอยู่ในเขต,45-59 ปี,2
category,SPECIALPP,ท่าแพ,14098,โรงพยาบาลส่งเสริมสุขภาพตำบลท่าเรือ,ประเมินความเสี่ยง SMI-V: หลงผิด มุ่งร้ายเฉพาะเจาะจง (1B032),ALL,1,1: ในเขต มีชื่อ+อยู่จริง,75 ปีขึ้นไป,1
category,SPECIALPP,มะนัง,28786,โรงพยาบาลมะนัง,ประเมินความเสี่ยง SMI-V: ก่อคดีอาชญากรรมรุนแรง (1B033),ALL,1,1: ในเขต มีชื่อ+อยู่จริง,45-59 ปี,1
category,SPECIALPP,มะนัง,28786,โรงพยาบาลมะนัง,ประเมินความเสี่ยง SMI-V: ทำร้ายผู้อื่น/ก่อเหตุรุนแรง (1B031),ALL,1,1: ในเขต มีชื่อ+อยู่จริง,15-29 ปี,1
category,SPECIALPP,มะนัง,28786,โรงพยาบาลมะนัง,ประเมินความเสี่ยง SMI-V: ทำร้ายผู้อื่น/ก่อเหตุรุนแรง (1B031),ALL,1,1: ในเขต มีชื่อ+อยู่จริง,30-44 ปี,1
category,SPECIALPP,มะนัง,28786,โรงพยาบาลมะนัง,ประเมินความเสี่ยง SMI-V: ทำร้ายผู้อื่น/ก่อเหตุรุนแรง (1B031),ALL,1,1: ในเขต มีชื่อ+อยู่จริง,45-59 ปี,2
category,SPECIALPP,มะนัง,28786,โรงพยาบาลมะนัง,ประเมินความเสี่ยง SMI-V: ทำร้ายผู้อื่น/ก่อเหตุรุนแรง (1B031),ALL,4,4: นอกเขต มารับบริการ/เคยอยู่ในเขต,30-44 ปี,8
category,SPECIALPP,มะนัง,28786,โรงพยาบาลมะนัง,ประเมินความเสี่ยง SMI-V: หลงผิด มุ่งร้ายเฉพาะเจาะจง (1B032),ALL,1,1: ในเขต มีชื่อ+อยู่จริง,45-59 ปี,1
category,SPECIALPP,มะนัง,28786,โรงพยาบาลมะนัง,ประเมินความเสี่ยง SMI-V: หลงผิด มุ่งร้ายเฉพาะเจาะจง (1B032),ALL,4,4: นอกเขต มารับบริการ/เคยอยู่ในเขต,15-29 ปี,1
category,SPECIALPP,ละงู,11405,โรงพยาบาลละงู,ประเมินความเสี่ยง SMI-V: ก่อคดีอาชญากรรมรุนแรง (1B033),ALL,4,4: นอกเขต มารับบริการ/เคยอยู่ในเขต,30-44 ปี,2
category,SPECIALPP,ละงู,11405,โรงพยาบาลละงู,ประเมินความเสี่ยง SMI-V: ทำร้ายตนเองรุนแรง (1B030),ALL,4,4: นอกเขต มารับบริการ/เคยอยู่ในเขต,30-44 ปี,1
category,SPECIALPP,ละงู,11405,โรงพยาบาลละงู,ประเมินความเสี่ยง SMI-V: ทำร้ายผู้อื่น/ก่อเหตุรุนแรง (1B031),ALL,4,4: นอกเขต มารับบริการ/เคยอยู่ในเขต,15-29 ปี,4
category,SPECIALPP,ละงู,11405,โรงพยาบาลละงู,ประเมินความเสี่ยง SMI-V: ทำร้ายผู้อื่น/ก่อเหตุรุนแรง (1B031),ALL,4,4: นอกเขต มารับบริการ/เคยอยู่ในเขต,30-44 ปี,9
category,SPECIALPP,ละงู,11405,โรงพยาบาลละงู,ประเมินความเสี่ยง SMI-V: ทำร้ายผู้อื่น/ก่อเหตุรุนแรง (1B031),ALL,4,4: นอกเขต มารับบริการ/เคยอยู่ในเขต,45-59 ปี,2
category,SPECIALPP,ละงู,11405,โรงพยาบาลละงู,ประเมินความเสี่ยง SMI-V: หลงผิด มุ่งร้ายเฉพาะเจาะจง (1B032),ALL,4,4: นอกเขต มารับบริการ/เคยอยู่ในเขต,15-29 ปี,1
category,SPECIALPP,ละงู,11405,โรงพยาบาลละงู,ประเมินความเสี่ยง SMI-V: หลงผิด มุ่งร้ายเฉพาะเจาะจง (1B032),ALL,4,4: นอกเขต มารับบริการ/เคยอยู่ในเขต,30-44 ปี,1
category,SPECIALPP,ละงู,09640,โรงพยาบาลส่งเสริมสุขภาพตำบลบ้านทุ่งไหม้  ตำบลน้ำผุด,ประเมินความเสี่ยง SMI-V: ก่อคดีอาชญากรรมรุนแรง (1B033),ALL,1,1: ในเขต มีชื่อ+อยู่จริง,15-29 ปี,118
category,SPECIALPP,ละงู,09640,โรงพยาบาลส่งเสริมสุขภาพตำบลบ้านทุ่งไหม้  ตำบลน้ำผุด,ประเมินความเสี่ยง SMI-V: ก่อคดีอาชญากรรมรุนแรง (1B033),ALL,1,1: ในเขต มีชื่อ+อยู่จริง,30-44 ปี,67
category,SPECIALPP,ละงู,09640,โรงพยาบาลส่งเสริมสุขภาพตำบลบ้านทุ่งไหม้  ตำบลน้ำผุด,ประเมินความเสี่ยง SMI-V: ก่อคดีอาชญากรรมรุนแรง (1B033),ALL,1,1: ในเขต มีชื่อ+อยู่จริง,45-59 ปี,80
category,SPECIALPP,ละงู,09640,โรงพยาบาลส่งเสริมสุขภาพตำบลบ้านทุ่งไหม้  ตำบลน้ำผุด,ประเมินความเสี่ยง SMI-V: ก่อคดีอาชญากรรมรุนแรง (1B033),ALL,1,1: ในเขต มีชื่อ+อยู่จริง,60-74 ปี,47
category,SPECIALPP,ละงู,09640,โรงพยาบาลส่งเสริมสุขภาพตำบลบ้านทุ่งไหม้  ตำบลน้ำผุด,ประเมินความเสี่ยง SMI-V: ก่อคดีอาชญากรรมรุนแรง (1B033),ALL,1,1: ในเขต มีชื่อ+อยู่จริง,75 ปีขึ้นไป,27
category,SPECIALPP,ละงู,09640,โรงพยาบาลส่งเสริมสุขภาพตำบลบ้านทุ่งไหม้  ตำบลน้ำผุด,ประเมินความเสี่ยง SMI-V: ก่อคดีอาชญากรรมรุนแรง (1B033),ALL,3,3: อาศัยในเขต ทะเบียนบ้านอยู่นอกเขต,15-29 ปี,1
category,SPECIALPP,ละงู,09640,โรงพยาบาลส่งเสริมสุขภาพตำบลบ้านทุ่งไหม้  ตำบลน้ำผุด,ประเมินความเสี่ยง SMI-V: ก่อคดีอาชญากรรมรุนแรง (1B033),ALL,3,3: อาศัยในเขต ทะเบียนบ้านอยู่นอกเขต,30-44 ปี,3
category,SPECIALPP,ละงู,09640,โรงพยาบาลส่งเสริมสุขภาพตำบลบ้านทุ่งไหม้  ตำบลน้ำผุด,ประเมินความเสี่ยง SMI-V: ก่อคดีอาชญากรรมรุนแรง (1B033),ALL,3,3: อาศัยในเขต ทะเบียนบ้านอยู่นอกเขต,45-59 ปี,1
category,SPECIALPP,ละงู,09639,โรงพยาบาลส่งเสริมสุขภาพตำบลปากน้ำ,ประเมินความเสี่ยง SMI-V: ก่อคดีอาชญากรรมรุนแรง (1B033),ALL,1,1: ในเขต มีชื่อ+อยู่จริง,15-29 ปี,728
category,SPECIALPP,ละงู,09639,โรงพยาบาลส่งเสริมสุขภาพตำบลปากน้ำ,ประเมินความเสี่ยง SMI-V: ก่อคดีอาชญากรรมรุนแรง (1B033),ALL,1,1: ในเขต มีชื่อ+อยู่จริง,30-44 ปี,374
category,SPECIALPP,ละงู,09639,โรงพยาบาลส่งเสริมสุขภาพตำบลปากน้ำ,ประเมินความเสี่ยง SMI-V: ก่อคดีอาชญากรรมรุนแรง (1B033),ALL,1,1: ในเขต มีชื่อ+อยู่จริง,45-59 ปี,95
category,SPECIALPP,ละงู,09639,โรงพยาบาลส่งเสริมสุขภาพตำบลปากน้ำ,ประเมินความเสี่ยง SMI-V: ก่อคดีอาชญากรรมรุนแรง (1B033),ALL,1,1: ในเขต มีชื่อ+อยู่จริง,75 ปีขึ้นไป,2
category,SPECIALPP,ละงู,09639,โรงพยาบาลส่งเสริมสุขภาพตำบลปากน้ำ,ประเมินความเสี่ยง SMI-V: ก่อคดีอาชญากรรมรุนแรง (1B033),ALL,2,2: ในเขต มีชื่อ แต่ไม่อยู่จริง,15-29 ปี,1
category,SPECIALPP,ละงู,09639,โรงพยาบาลส่งเสริมสุขภาพตำบลปากน้ำ,ประเมินความเสี่ยง SMI-V: ก่อคดีอาชญากรรมรุนแรง (1B033),ALL,2,2: ในเขต มีชื่อ แต่ไม่อยู่จริง,30-44 ปี,3
category,SPECIALPP,ละงู,09639,โรงพยาบาลส่งเสริมสุขภาพตำบลปากน้ำ,ประเมินความเสี่ยง SMI-V: ก่อคดีอาชญากรรมรุนแรง (1B033),ALL,3,3: อาศัยในเขต ทะเบียนบ้านอยู่นอกเขต,15-29 ปี,11
category,SPECIALPP,ละงู,09639,โรงพยาบาลส่งเสริมสุขภาพตำบลปากน้ำ,ประเมินความเสี่ยง SMI-V: ก่อคดีอาชญากรรมรุนแรง (1B033),ALL,3,3: อาศัยในเขต ทะเบียนบ้านอยู่นอกเขต,30-44 ปี,1
category,SPECIALPP,ละงู,09639,โรงพยาบาลส่งเสริมสุขภาพตำบลปากน้ำ,ประเมินความเสี่ยง SMI-V: ทำร้ายตนเองรุนแรง (1B030),ALL,1,1: ในเขต มีชื่อ+อยู่จริง,45-59 ปี,1
category,SPECIALPP,เมืองสตูล,24672,ศูนย์สุขภาพชุมชนศรีพิมาน,ประเมินความเสี่ยง SMI-V: ทำร้ายตนเองรุนแรง (1B030),ALL,3,3: อาศัยในเขต ทะเบียนบ้านอยู่นอกเขต,30-44 ปี,1
category,SPECIALPP,เมืองสตูล,10746,โรงพยาบาลสตูล,ประเมินความเสี่ยง SMI-V: ก่อคดีอาชญากรรมรุนแรง (1B033),ALL,4,4: นอกเขต มารับบริการ/เคยอยู่ในเขต,15-29 ปี,1
category,SPECIALPP,เมืองสตูล,10746,โรงพยาบาลสตูล,ประเมินความเสี่ยง SMI-V: ทำร้ายตนเองรุนแรง (1B030),ALL,4,4: นอกเขต มารับบริการ/เคยอยู่ในเขต,15-29 ปี,2
category,SPECIALPP,เมืองสตูล,10746,โรงพยาบาลสตูล,ประเมินความเสี่ยง SMI-V: ทำร้ายผู้อื่น/ก่อเหตุรุนแรง (1B031),ALL,4,4: นอกเขต มารับบริการ/เคยอยู่ในเขต,15-29 ปี,14
category,SPECIALPP,เมืองสตูล,10746,โรงพยาบาลสตูล,ประเมินความเสี่ยง SMI-V: ทำร้ายผู้อื่น/ก่อเหตุรุนแรง (1B031),ALL,4,4: นอกเขต มารับบริการ/เคยอยู่ในเขต,30-44 ปี,33
category,SPECIALPP,เมืองสตูล,10746,โรงพยาบาลสตูล,ประเมินความเสี่ยง SMI-V: ทำร้ายผู้อื่น/ก่อเหตุรุนแรง (1B031),ALL,4,4: นอกเขต มารับบริการ/เคยอยู่ในเขต,45-59 ปี,8
category,SPECIALPP,เมืองสตูล,10746,โรงพยาบาลสตูล,ประเมินความเสี่ยง SMI-V: หลงผิด มุ่งร้ายเฉพาะเจาะจง (1B032),ALL,4,4: นอกเขต มารับบริการ/เคยอยู่ในเขต,15-29 ปี,2
code,DIAGNOSIS_OPD,ควนกาหลง,11403,โรงพยาบาลควนกาหลง,ความบกพร่องทางการเรียนรู้ (F81),F81,1,1: ในเขต มีชื่อ+อยู่จริง,0-14 ปี,3
code,DIAGNOSIS_OPD,ควนกาหลง,11403,โรงพยาบาลควนกาหลง,ความบกพร่องทางการเรียนรู้ (F81),F81,2,2: ในเขต มีชื่อ แต่ไม่อยู่จริง,0-14 ปี,1
code,DIAGNOSIS_OPD,ควนกาหลง,11403,โรงพยาบาลควนกาหลง,ความบกพร่องทางการเรียนรู้ (F81),F81,3,3: อาศัยในเขต ทะเบียนบ้านอยู่นอกเขต,0-14 ปี,2
code,DIAGNOSIS_OPD,ควนกาหลง,11403,โรงพยาบาลควนกาหลง,ความบกพร่องทางการเรียนรู้ (F81),F81,4,4: นอกเขต มารับบริการ/เคยอยู่ในเขต,0-14 ปี,26
code,DIAGNOSIS_OPD,ควนกาหลง,11403,โรงพยาบาลควนกาหลง,ความบกพร่องทางการเรียนรู้ (F81),F81,4,4: นอกเขต มารับบริการ/เคยอยู่ในเขต,15-29 ปี,3
code,DIAGNOSIS_OPD,ควนกาหลง,11403,โรงพยาบาลควนกาหลง,ความบกพร่องทางสติปัญญา (F70-F79),F70,4,4: นอกเขต มารับบริการ/เคยอยู่ในเขต,15-29 ปี,1
code,DIAGNOSIS_OPD,ควนกาหลง,11403,โรงพยาบาลควนกาหลง,ความบกพร่องทางสติปัญญา (F70-F79),F71,4,4: นอกเขต มารับบริการ/เคยอยู่ในเขต,15-29 ปี,1
code,DIAGNOSIS_OPD,ควนกาหลง,11403,โรงพยาบาลควนกาหลง,ความบกพร่องทางสติปัญญา (F70-F79),F78,4,4: นอกเขต มารับบริการ/เคยอยู่ในเขต,15-29 ปี,1
code,DIAGNOSIS_OPD,ควนกาหลง,11403,โรงพยาบาลควนกาหลง,ความบกพร่องทางสติปัญญา (F70-F79),F79,4,4: นอกเขต มารับบริการ/เคยอยู่ในเขต,0-14 ปี,5
code,DIAGNOSIS_OPD,ควนกาหลง,11403,โรงพยาบาลควนกาหลง,ความบกพร่องทางสติปัญญา (F70-F79),F79,4,4: นอกเขต มารับบริการ/เคยอยู่ในเขต,15-29 ปี,3
code,DIAGNOSIS_OPD,ควนกาหลง,11403,โรงพยาบาลควนกาหลง,ความบกพร่องทางสติปัญญา (F70-F79),F79,4,4: นอกเขต มารับบริการ/เคยอยู่ในเขต,30-44 ปี,1
code,DIAGNOSIS_OPD,ควนกาหลง,11403,โรงพยาบาลควนกาหลง,ติดยาบ้า Amphetamine (F15),F15,"",อื่นๆ/ไม่ทราบ,15-29 ปี,13
code,DIAGNOSIS_OPD,ควนกาหลง,11403,โรงพยาบาลควนกาหลง,ติดยาบ้า Amphetamine (F15),F15,"",อื่นๆ/ไม่ทราบ,30-44 ปี,37
code,DIAGNOSIS_OPD,ควนกาหลง,11403,โรงพยาบาลควนกาหลง,ติดยาบ้า Amphetamine (F15),F15,"",อื่นๆ/ไม่ทราบ,45-59 ปี,9
code,DIAGNOSIS_OPD,ควนกาหลง,11403,โรงพยาบาลควนกาหลง,ติดยาบ้า Amphetamine (F15),F15,1,1: ในเขต มีชื่อ+อยู่จริง,15-29 ปี,5
code,DIAGNOSIS_OPD,ควนกาหลง,11403,โรงพยาบาลควนกาหลง,ติดยาบ้า Amphetamine (F15),F15,1,1: ในเขต มีชื่อ+อยู่จริง,30-44 ปี,5
code,DIAGNOSIS_OPD,ควนกาหลง,11403,โรงพยาบาลควนกาหลง,ติดยาบ้า Amphetamine (F15),F15,1,1: ในเขต มีชื่อ+อยู่จริง,45-59 ปี,2
code,DIAGNOSIS_OPD,ควนกาหลง,11403,โรงพยาบาลควนกาหลง,ติดยาบ้า Amphetamine (F15),F15,2,2: ในเขต มีชื่อ แต่ไม่อยู่จริง,15-29 ปี,1
code,DIAGNOSIS_OPD,ควนกาหลง,11403,โรงพยาบาลควนกาหลง,ติดยาบ้า Amphetamine (F15),F15,2,2: ในเขต มีชื่อ แต่ไม่อยู่จริง,60-74 ปี,1
code,DIAGNOSIS_OPD,ควนกาหลง,11403,โรงพยาบาลควนกาหลง,ติดยาบ้า Amphetamine (F15),F15,4,4: นอกเขต มารับบริการ/เคยอยู่ในเขต,15-29 ปี,23
code,DIAGNOSIS_OPD,ควนกาหลง,11403,โรงพยาบาลควนกาหลง,ติดยาบ้า Amphetamine (F15),F15,4,4: นอกเขต มารับบริการ/เคยอยู่ในเขต,30-44 ปี,41
code,DIAGNOSIS_OPD,ควนกาหลง,11403,โรงพยาบาลควนกาหลง,ติดยาบ้า Amphetamine (F15),F15,4,4: นอกเขต มารับบริการ/เคยอยู่ในเขต,45-59 ปี,11
code,DIAGNOSIS_OPD,ควนกาหลง,11403,โรงพยาบาลควนกาหลง,ติดยาบ้า Amphetamine (F15),F15,4,4: นอกเขต มารับบริการ/เคยอยู่ในเขต,60-74 ปี,2
code,DIAGNOSIS_OPD,ควนกาหลง,11403,โรงพยาบาลควนกาหลง,"ติดสารเสพติดอื่นๆ (F11,F12,F13,F14,F16,F17,F18,F19)",F11,1,1: ในเขต มีชื่อ+อยู่จริง,15-29 ปี,2
code,DIAGNOSIS_OPD,ควนกาหลง,11403,โรงพยาบาลควนกาหลง,"ติดสารเสพติดอื่นๆ (F11,F12,F13,F14,F16,F17,F18,F19)",F11,4,4: นอกเขต มารับบริการ/เคยอยู่ในเขต,30-44 ปี,1
code,DIAGNOSIS_OPD,ควนกาหลง,11403,โรงพยาบาลควนกาหลง,"ติดสารเสพติดอื่นๆ (F11,F12,F13,F14,F16,F17,F18,F19)",F12,"",อื่นๆ/ไม่ทราบ,15-29 ปี,1
code,DIAGNOSIS_OPD,ควนกาหลง,11403,โรงพยาบาลควนกาหลง,"ติดสารเสพติดอื่นๆ (F11,F12,F13,F14,F16,F17,F18,F19)",F12,4,4: นอกเขต มารับบริการ/เคยอยู่ในเขต,15-29 ปี,1
code,DIAGNOSIS_OPD,ควนกาหลง,11403,โรงพยาบาลควนกาหลง,"ติดสารเสพติดอื่นๆ (F11,F12,F13,F14,F16,F17,F18,F19)",F12,4,4: นอกเขต มารับบริการ/เคยอยู่ในเขต,30-44 ปี,2
code,DIAGNOSIS_OPD,ควนกาหลง,11403,โรงพยาบาลควนกาหลง,"ติดสารเสพติดอื่นๆ (F11,F12,F13,F14,F16,F17,F18,F19)",F12,4,4: นอกเขต มารับบริการ/เคยอยู่ในเขต,45-59 ปี,1
code,DIAGNOSIS_OPD,ควนกาหลง,11403,โรงพยาบาลควนกาหลง,"ติดสารเสพติดอื่นๆ (F11,F12,F13,F14,F16,F17,F18,F19)",F14,4,4: นอกเขต มารับบริการ/เคยอยู่ในเขต,30-44 ปี,2
code,DIAGNOSIS_OPD,ควนกาหลง,11403,โรงพยาบาลควนกาหลง,"ติดสารเสพติดอื่นๆ (F11,F12,F13,F14,F16,F17,F18,F19)",F19,"",อื่นๆ/ไม่ทราบ,15-29 ปี,2
code,DIAGNOSIS_OPD,ควนกาหลง,11403,โรงพยาบาลควนกาหลง,"ติดสารเสพติดอื่นๆ (F11,F12,F13,F14,F16,F17,F18,F19)",F19,1,1: ในเขต มีชื่อ+อยู่จริง,15-29 ปี,5
code,DIAGNOSIS_OPD,ควนกาหลง,11403,โรงพยาบาลควนกาหลง,"ติดสารเสพติดอื่นๆ (F11,F12,F13,F14,F16,F17,F18,F19)",F19,1,1: ในเขต มีชื่อ+อยู่จริง,30-44 ปี,3
code,DIAGNOSIS_OPD,ควนกาหลง,11403,โรงพยาบาลควนกาหลง,"ติดสารเสพติดอื่นๆ (F11,F12,F13,F14,F16,F17,F18,F19)",F19,4,4: นอกเขต มารับบริการ/เคยอยู่ในเขต,15-29 ปี,27
code,DIAGNOSIS_OPD,ควนกาหลง,11403,โรงพยาบาลควนกาหลง,"ติดสารเสพติดอื่นๆ (F11,F12,F13,F14,F16,F17,F18,F19)",F19,4,4: นอกเขต มารับบริการ/เคยอยู่ในเขต,30-44 ปี,35
code,DIAGNOSIS_OPD,ควนกาหลง,11403,โรงพยาบาลควนกาหลง,"ติดสารเสพติดอื่นๆ (F11,F12,F13,F14,F16,F17,F18,F19)",F19,4,4: นอกเขต มารับบริการ/เคยอยู่ในเขต,45-59 ปี,7
code,DIAGNOSIS_OPD,ควนกาหลง,11403,โรงพยาบาลควนกาหลง,"ติดสารเสพติดอื่นๆ (F11,F12,F13,F14,F16,F17,F18,F19)",F19,4,4: นอกเขต มารับบริการ/เคยอยู่ในเขต,60-74 ปี,2
code,DIAGNOSIS_OPD,ควนกาหลง,11403,โรงพยาบาลควนกาหลง,ติดแอลกอฮอล์ (F10),F10,"",อื่นๆ/ไม่ทราบ,45-59 ปี,1
code,DIAGNOSIS_OPD,ควนกาหลง,11403,โรงพยาบาลควนกาหลง,ติดแอลกอฮอล์ (F10),F10,1,1: ในเขต มีชื่อ+อยู่จริง,30-44 ปี,4
code,DIAGNOSIS_OPD,ควนกาหลง,11403,โรงพยาบาลควนกาหลง,ติดแอลกอฮอล์ (F10),F10,1,1: ในเขต มีชื่อ+อยู่จริง,45-59 ปี,2
code,DIAGNOSIS_OPD,ควนกาหลง,11403,โรงพยาบาลควนกาหลง,ติดแอลกอฮอล์ (F10),F10,1,1: ในเขต มีชื่อ+อยู่จริง,60-74 ปี,2
code,DIAGNOSIS_OPD,ควนกาหลง,11403,โรงพยาบาลควนกาหลง,ติดแอลกอฮอล์ (F10),F10,3,3: อาศัยในเขต ทะเบียนบ้านอยู่นอกเขต,15-29 ปี,1
code,DIAGNOSIS_OPD,ควนกาหลง,11403,โรงพยาบาลควนกาหลง,ติดแอลกอฮอล์ (F10),F10,3,3: อาศัยในเขต ทะเบียนบ้านอยู่นอกเขต,30-44 ปี,1
code,DIAGNOSIS_OPD,ควนกาหลง,11403,โรงพยาบาลควนกาหลง,ติดแอลกอฮอล์ (F10),F10,4,4: นอกเขต มารับบริการ/เคยอยู่ในเขต,30-44 ปี,9
code,DIAGNOSIS_OPD,ควนกาหลง,11403,โรงพยาบาลควนกาหลง,ติดแอลกอฮอล์ (F10),F10,4,4: นอกเขต มารับบริการ/เคยอยู่ในเขต,45-59 ปี,9
code,DIAGNOSIS_OPD,ควนกาหลง,11403,โรงพยาบาลควนกาหลง,ติดแอลกอฮอล์ (F10),F10,4,4: นอกเขต มารับบริการ/เคยอยู่ในเขต,60-74 ปี,6
code,DIAGNOSIS_OPD,ควนกาหลง,11403,โรงพยาบาลควนกาหลง,ผู้ป่วยติดเกมส์ในเด็ก ต่ำกว่า 15 ปี (F988),F988,4,4: นอกเขต มารับบริการ/เคยอยู่ในเขต,0-14 ปี,2
code,DIAGNOSIS_OPD,ควนกาหลง,11403,โรงพยาบาลควนกาหลง,พยายามฆ่าตัวตาย/ตั้งใจทำร้ายตนเอง (X60-X84),X60,"",อื่นๆ/ไม่ทราบ,15-29 ปี,1
code,DIAGNOSIS_OPD,ควนกาหลง,11403,โรงพยาบาลควนกาหลง,พยายามฆ่าตัวตาย/ตั้งใจทำร้ายตนเอง (X60-X84),X60,4,4: นอกเขต มารับบริการ/เคยอยู่ในเขต,0-14 ปี,2
code,DIAGNOSIS_OPD,ควนกาหลง,11403,โรงพยาบาลควนกาหลง,พยายามฆ่าตัวตาย/ตั้งใจทำร้ายตนเอง (X60-X84),X60,4,4: นอกเขต มารับบริการ/เคยอยู่ในเขต,15-29 ปี,4
code,DIAGNOSIS_OPD,ควนกาหลง,11403,โรงพยาบาลควนกาหลง,พยายามฆ่าตัวตาย/ตั้งใจทำร้ายตนเอง (X60-X84),X60,4,4: นอกเขต มารับบริการ/เคยอยู่ในเขต,30-44 ปี,1
code,DIAGNOSIS_OPD,ควนกาหลง,11403,โรงพยาบาลควนกาหลง,พยายามฆ่าตัวตาย/ตั้งใจทำร้ายตนเอง (X60-X84),X61,1,1: ในเขต มีชื่อ+อยู่จริง,0-14 ปี,1
code,DIAGNOSIS_OPD,ควนกาหลง,11403,โรงพยาบาลควนกาหลง,พยายามฆ่าตัวตาย/ตั้งใจทำร้ายตนเอง (X60-X84),X61,1,1: ในเขต มีชื่อ+อยู่จริง,15-29 ปี,1
code,DIAGNOSIS_OPD,ควนกาหลง,11403,โรงพยาบาลควนกาหลง,พยายามฆ่าตัวตาย/ตั้งใจทำร้ายตนเอง (X60-X84),X61,4,4: นอกเขต มารับบริการ/เคยอยู่ในเขต,0-14 ปี,1
code,DIAGNOSIS_OPD,ควนกาหลง,11403,โรงพยาบาลควนกาหลง,พยายามฆ่าตัวตาย/ตั้งใจทำร้ายตนเอง (X60-X84),X61,4,4: นอกเขต มารับบริการ/เคยอยู่ในเขต,15-29 ปี,3
code,DIAGNOSIS_OPD,ควนกาหลง,11403,โรงพยาบาลควนกาหลง,พยายามฆ่าตัวตาย/ตั้งใจทำร้ายตนเอง (X60-X84),X64,4,4: นอกเขต มารับบริการ/เคยอยู่ในเขต,0-14 ปี,1
code,DIAGNOSIS_OPD,ควนกาหลง,11403,โรงพยาบาลควนกาหลง,พยายามฆ่าตัวตาย/ตั้งใจทำร้ายตนเอง (X60-X84),X64,4,4: นอกเขต มารับบริการ/เคยอยู่ในเขต,15-29 ปี,1
code,DIAGNOSIS_OPD,ควนกาหลง,11403,โรงพยาบาลควนกาหลง,พยายามฆ่าตัวตาย/ตั้งใจทำร้ายตนเอง (X60-X84),X66,4,4: นอกเขต มารับบริการ/เคยอยู่ในเขต,45-59 ปี,1
code,DIAGNOSIS_OPD,ควนกาหลง,11403,โรงพยาบาลควนกาหลง,พยายามฆ่าตัวตาย/ตั้งใจทำร้ายตนเอง (X60-X84),X69,1,1: ในเขต มีชื่อ+อยู่จริง,15-29 ปี,1
code,DIAGNOSIS_OPD,ควนกาหลง,11403,โรงพยาบาลควนกาหลง,พยายามฆ่าตัวตาย/ตั้งใจทำร้ายตนเอง (X60-X84),X69,4,4: นอกเขต มารับบริการ/เคยอยู่ในเขต,15-29 ปี,1
code,DIAGNOSIS_OPD,ควนกาหลง,11403,โรงพยาบาลควนกาหลง,พยายามฆ่าตัวตาย/ตั้งใจทำร้ายตนเอง (X60-X84),X69,4,4: นอกเขต มารับบริการ/เคยอยู่ในเขต,30-44 ปี,2
code,DIAGNOSIS_OPD,ควนกาหลง,11403,โรงพยาบาลควนกาหลง,พยายามฆ่าตัวตาย/ตั้งใจทำร้ายตนเอง (X60-X84),X70,4,4: นอกเขต มารับบริการ/เคยอยู่ในเขต,15-29 ปี,1
code,DIAGNOSIS_OPD,ควนกาหลง,11403,โรงพยาบาลควนกาหลง,พยายามฆ่าตัวตาย/ตั้งใจทำร้ายตนเอง (X60-X84),X72,1,1: ในเขต มีชื่อ+อยู่จริง,30-44 ปี,1
code,DIAGNOSIS_OPD,ควนกาหลง,11403,โรงพยาบาลควนกาหลง,พยายามฆ่าตัวตาย/ตั้งใจทำร้ายตนเอง (X60-X84),X72,1,1: ในเขต มีชื่อ+อยู่จริง,60-74 ปี,1
code,DIAGNOSIS_OPD,ควนกาหลง,11403,โรงพยาบาลควนกาหลง,พยายามฆ่าตัวตาย/ตั้งใจทำร้ายตนเอง (X60-X84),X72,4,4: นอกเขต มารับบริการ/เคยอยู่ในเขต,60-74 ปี,1
code,DIAGNOSIS_OPD,ควนกาหลง,11403,โรงพยาบาลควนกาหลง,พยายามฆ่าตัวตาย/ตั้งใจทำร้ายตนเอง (X60-X84),X77,4,4: นอกเขต มารับบริการ/เคยอยู่ในเขต,45-59 ปี,1
code,DIAGNOSIS_OPD,ควนกาหลง,11403,โรงพยาบาลควนกาหลง,พยายามฆ่าตัวตาย/ตั้งใจทำร้ายตนเอง (X60-X84),X78,4,4: นอกเขต มารับบริการ/เคยอยู่ในเขต,15-29 ปี,3
code,DIAGNOSIS_OPD,ควนกาหลง,11403,โรงพยาบาลควนกาหลง,พยายามฆ่าตัวตาย/ตั้งใจทำร้ายตนเอง (X60-X84),X78,4,4: นอกเขต มารับบริการ/เคยอยู่ในเขต,30-44 ปี,2
code,DIAGNOSIS_OPD,ควนกาหลง,11403,โรงพยาบาลควนกาหลง,พยายามฆ่าตัวตาย/ตั้งใจทำร้ายตนเอง (X60-X84),X79,"",อื่นๆ/ไม่ทราบ,0-14 ปี,1
code,DIAGNOSIS_OPD,ควนกาหลง,11403,โรงพยาบาลควนกาหลง,พยายามฆ่าตัวตาย/ตั้งใจทำร้ายตนเอง (X60-X84),X79,4,4: นอกเขต มารับบริการ/เคยอยู่ในเขต,0-14 ปี,1
code,DIAGNOSIS_OPD,ควนกาหลง,11403,โรงพยาบาลควนกาหลง,พยายามฆ่าตัวตาย/ตั้งใจทำร้ายตนเอง (X60-X84),X79,4,4: นอกเขต มารับบริการ/เคยอยู่ในเขต,45-59 ปี,1
code,DIAGNOSIS_OPD,ควนกาหลง,11403,โรงพยาบาลควนกาหลง,โรคจิตอื่นๆ (F21-F29),F21,4,4: นอกเขต มารับบริการ/เคยอยู่ในเขต,15-29 ปี,1
code,DIAGNOSIS_OPD,ควนกาหลง,11403,โรงพยาบาลควนกาหลง,โรคจิตอื่นๆ (F21-F29),F21,4,4: นอกเขต มารับบริการ/เคยอยู่ในเขต,45-59 ปี,1
code,DIAGNOSIS_OPD,ควนกาหลง,11403,โรงพยาบาลควนกาหลง,โรคจิตอื่นๆ (F21-F29),F22,"",อื่นๆ/ไม่ทราบ,15-29 ปี,1
code,DIAGNOSIS_OPD,ควนกาหลง,11403,โรงพยาบาลควนกาหลง,โรคจิตอื่นๆ (F21-F29),F22,4,4: นอกเขต มารับบริการ/เคยอยู่ในเขต,15-29 ปี,1
code,DIAGNOSIS_OPD,ควนกาหลง,11403,โรงพยาบาลควนกาหลง,โรคจิตอื่นๆ (F21-F29),F22,4,4: นอกเขต มารับบริการ/เคยอยู่ในเขต,30-44 ปี,3
code,DIAGNOSIS_OPD,ควนกาหลง,11403,โรงพยาบาลควนกาหลง,โรคจิตอื่นๆ (F21-F29),F22,4,4: นอกเขต มารับบริการ/เคยอยู่ในเขต,45-59 ปี,1
code,DIAGNOSIS_OPD,ควนกาหลง,11403,โรงพยาบาลควนกาหลง,โรคจิตอื่นๆ (F21-F29),F22,4,4: นอกเขต มารับบริการ/เคยอยู่ในเขต,60-74 ปี,1
code,DIAGNOSIS_OPD,ควนกาหลง,11403,โรงพยาบาลควนกาหลง,โรคจิตอื่นๆ (F21-F29),F23,1,1: ในเขต มีชื่อ+อยู่จริง,15-29 ปี,1
code,DIAGNOSIS_OPD,ควนกาหลง,11403,โรงพยาบาลควนกาหลง,โรคจิตอื่นๆ (F21-F29),F23,1,1: ในเขต มีชื่อ+อยู่จริง,30-44 ปี,2
code,DIAGNOSIS_OPD,ควนกาหลง,11403,โรงพยาบาลควนกาหลง,โรคจิตอื่นๆ (F21-F29),F23,1,1: ในเขต มีชื่อ+อยู่จริง,45-59 ปี,1
code,DIAGNOSIS_OPD,ควนกาหลง,11403,โรงพยาบาลควนกาหลง,โรคจิตอื่นๆ (F21-F29),F23,4,4: นอกเขต มารับบริการ/เคยอยู่ในเขต,15-29 ปี,2
code,DIAGNOSIS_OPD,ควนกาหลง,11403,โรงพยาบาลควนกาหลง,โรคจิตอื่นๆ (F21-F29),F23,4,4: นอกเขต มารับบริการ/เคยอยู่ในเขต,30-44 ปี,4
code,DIAGNOSIS_OPD,ควนกาหลง,11403,โรงพยาบาลควนกาหลง,โรคจิตอื่นๆ (F21-F29),F25,4,4: นอกเขต มารับบริการ/เคยอยู่ในเขต,30-44 ปี,1
code,DIAGNOSIS_OPD,ควนกาหลง,11403,โรงพยาบาลควนกาหลง,โรคจิตอื่นๆ (F21-F29),F29,"",อื่นๆ/ไม่ทราบ,15-29 ปี,1
code,DIAGNOSIS_OPD,ควนกาหลง,11403,โรงพยาบาลควนกาหลง,โรคจิตอื่นๆ (F21-F29),F29,"",อื่นๆ/ไม่ทราบ,30-44 ปี,4
code,DIAGNOSIS_OPD,ควนกาหลง,11403,โรงพยาบาลควนกาหลง,โรคจิตอื่นๆ (F21-F29),F29,1,1: ในเขต มีชื่อ+อยู่จริง,15-29 ปี,7
code,DIAGNOSIS_OPD,ควนกาหลง,11403,โรงพยาบาลควนกาหลง,โรคจิตอื่นๆ (F21-F29),F29,1,1: ในเขต มีชื่อ+อยู่จริง,30-44 ปี,4
code,DIAGNOSIS_OPD,ควนกาหลง,11403,โรงพยาบาลควนกาหลง,โรคจิตอื่นๆ (F21-F29),F29,1,1: ในเขต มีชื่อ+อยู่จริง,45-59 ปี,3
code,DIAGNOSIS_OPD,ควนกาหลง,11403,โรงพยาบาลควนกาหลง,โรคจิตอื่นๆ (F21-F29),F29,1,1: ในเขต มีชื่อ+อยู่จริง,60-74 ปี,1
code,DIAGNOSIS_OPD,ควนกาหลง,11403,โรงพยาบาลควนกาหลง,โรคจิตอื่นๆ (F21-F29),F29,3,3: อาศัยในเขต ทะเบียนบ้านอยู่นอกเขต,15-29 ปี,1
code,DIAGNOSIS_OPD,ควนกาหลง,11403,โรงพยาบาลควนกาหลง,โรคจิตอื่นๆ (F21-F29),F29,4,4: นอกเขต มารับบริการ/เคยอยู่ในเขต,15-29 ปี,28
code,DIAGNOSIS_OPD,ควนกาหลง,11403,โรงพยาบาลควนกาหลง,โรคจิตอื่นๆ (F21-F29),F29,4,4: นอกเขต มารับบริการ/เคยอยู่ในเขต,30-44 ปี,41
code,DIAGNOSIS_OPD,ควนกาหลง,11403,โรงพยาบาลควนกาหลง,โรคจิตอื่นๆ (F21-F29),F29,4,4: นอกเขต มารับบริการ/เคยอยู่ในเขต,45-59 ปี,11
code,DIAGNOSIS_OPD,ควนกาหลง,11403,โรงพยาบาลควนกาหลง,โรคจิตอื่นๆ (F21-F29),F29,4,4: นอกเขต มารับบริการ/เคยอยู่ในเขต,60-74 ปี,6
code,DIAGNOSIS_OPD,ควนกาหลง,11403,โรงพยาบาลควนกาหลง,โรคจิตอื่นๆ (F21-F29),F29,4,4: นอกเขต มารับบริการ/เคยอยู่ในเขต,75 ปีขึ้นไป,2
code,DIAGNOSIS_OPD,ควนกาหลง,11403,โรงพยาบาลควนกาหลง,โรคจิตเภท (F20),F20,"",อื่นๆ/ไม่ทราบ,15-29 ปี,2
code,DIAGNOSIS_OPD,ควนกาหลง,11403,โรงพยาบาลควนกาหลง,โรคจิตเภท (F20),F20,"",อื่นๆ/ไม่ทราบ,30-44 ปี,3
code,DIAGNOSIS_OPD,ควนกาหลง,11403,โรงพยาบาลควนกาหลง,โรคจิตเภท (F20),F20,1,1: ในเขต มีชื่อ+อยู่จริง,15-29 ปี,2
code,DIAGNOSIS_OPD,ควนกาหลง,11403,โรงพยาบาลควนกาหลง,โรคจิตเภท (F20),F20,1,1: ในเขต มีชื่อ+อยู่จริง,30-44 ปี,8
code,DIAGNOSIS_OPD,ควนกาหลง,11403,โรงพยาบาลควนกาหลง,โรคจิตเภท (F20),F20,1,1: ในเขต มีชื่อ+อยู่จริง,45-59 ปี,8
code,DIAGNOSIS_OPD,ควนกาหลง,11403,โรงพยาบาลควนกาหลง,โรคจิตเภท (F20),F20,1,1: ในเขต มีชื่อ+อยู่จริง,60-74 ปี,1
code,DIAGNOSIS_OPD,ควนกาหลง,11403,โรงพยาบาลควนกาหลง,โรคจิตเภท (F20),F20,4,4: นอกเขต มารับบริการ/เคยอยู่ในเขต,15-29 ปี,13
code,DIAGNOSIS_OPD,ควนกาหลง,11403,โรงพยาบาลควนกาหลง,โรคจิตเภท (F20),F20,4,4: นอกเขต มารับบริการ/เคยอยู่ในเขต,30-44 ปี,53
code,DIAGNOSIS_OPD,ควนกาหลง,11403,โรงพยาบาลควนกาหลง,โรคจิตเภท (F20),F20,4,4: นอกเขต มารับบริการ/เคยอยู่ในเขต,45-59 ปี,44
code,DIAGNOSIS_OPD,ควนกาหลง,11403,โรงพยาบาลควนกาหลง,โรคจิตเภท (F20),F20,4,4: นอกเขต มารับบริการ/เคยอยู่ในเขต,60-74 ปี,10
code,DIAGNOSIS_OPD,ควนกาหลง,11403,โรงพยาบาลควนกาหลง,โรคจิตเภท (F20),F20,4,4: นอกเขต มารับบริการ/เคยอยู่ในเขต,75 ปีขึ้นไป,3
code,DIAGNOSIS_OPD,ควนกาหลง,11403,โรงพยาบาลควนกาหลง,"โรคซึมเศร้า (F32,F33,F341,F38,F39)",F32,"",อื่นๆ/ไม่ทราบ,0-14 ปี,1
code,DIAGNOSIS_OPD,ควนกาหลง,11403,โรงพยาบาลควนกาหลง,"โรคซึมเศร้า (F32,F33,F341,F38,F39)",F32,"",อื่นๆ/ไม่ทราบ,15-29 ปี,3
code,DIAGNOSIS_OPD,ควนกาหลง,11403,โรงพยาบาลควนกาหลง,"โรคซึมเศร้า (F32,F33,F341,F38,F39)",F32,"",อื่นๆ/ไม่ทราบ,30-44 ปี,1
code,DIAGNOSIS_OPD,ควนกาหลง,11403,โรงพยาบาลควนกาหลง,"โรคซึมเศร้า (F32,F33,F341,F38,F39)",F32,"",อื่นๆ/ไม่ทราบ,45-59 ปี,1
code,DIAGNOSIS_OPD,ควนกาหลง,11403,โรงพยาบาลควนกาหลง,"โรคซึมเศร้า (F32,F33,F341,F38,F39)",F32,1,1: ในเขต มีชื่อ+อยู่จริง,0-14 ปี,1
code,DIAGNOSIS_OPD,ควนกาหลง,11403,โรงพยาบาลควนกาหลง,"โรคซึมเศร้า (F32,F33,F341,F38,F39)",F32,1,1: ในเขต มีชื่อ+อยู่จริง,15-29 ปี,12
code,DIAGNOSIS_OPD,ควนกาหลง,11403,โรงพยาบาลควนกาหลง,"โรคซึมเศร้า (F32,F33,F341,F38,F39)",F32,1,1: ในเขต มีชื่อ+อยู่จริง,30-44 ปี,5
code,DIAGNOSIS_OPD,ควนกาหลง,11403,โรงพยาบาลควนกาหลง,"โรคซึมเศร้า (F32,F33,F341,F38,F39)",F32,1,1: ในเขต มีชื่อ+อยู่จริง,45-59 ปี,6
code,DIAGNOSIS_OPD,ควนกาหลง,11403,โรงพยาบาลควนกาหลง,"โรคซึมเศร้า (F32,F33,F341,F38,F39)",F32,1,1: ในเขต มีชื่อ+อยู่จริง,60-74 ปี,9
code,DIAGNOSIS_OPD,ควนกาหลง,11403,โรงพยาบาลควนกาหลง,"โรคซึมเศร้า (F32,F33,F341,F38,F39)",F32,1,1: ในเขต มีชื่อ+อยู่จริง,75 ปีขึ้นไป,3
code,DIAGNOSIS_OPD,ควนกาหลง,11403,โรงพยาบาลควนกาหลง,"โรคซึมเศร้า (F32,F33,F341,F38,F39)",F32,2,2: ในเขต มีชื่อ แต่ไม่อยู่จริง,15-29 ปี,1
code,DIAGNOSIS_OPD,ควนกาหลง,11403,โรงพยาบาลควนกาหลง,"โรคซึมเศร้า (F32,F33,F341,F38,F39)",F32,2,2: ในเขต มีชื่อ แต่ไม่อยู่จริง,30-44 ปี,3
code,DIAGNOSIS_OPD,ควนกาหลง,11403,โรงพยาบาลควนกาหลง,"โรคซึมเศร้า (F32,F33,F341,F38,F39)",F32,2,2: ในเขต มีชื่อ แต่ไม่อยู่จริง,45-59 ปี,2
code,DIAGNOSIS_OPD,ควนกาหลง,11403,โรงพยาบาลควนกาหลง,"โรคซึมเศร้า (F32,F33,F341,F38,F39)",F32,2,2: ในเขต มีชื่อ แต่ไม่อยู่จริง,60-74 ปี,1
code,DIAGNOSIS_OPD,ควนกาหลง,11403,โรงพยาบาลควนกาหลง,"โรคซึมเศร้า (F32,F33,F341,F38,F39)",F32,2,2: ในเขต มีชื่อ แต่ไม่อยู่จริง,75 ปีขึ้นไป,1
code,DIAGNOSIS_OPD,ควนกาหลง,11403,โรงพยาบาลควนกาหลง,"โรคซึมเศร้า (F32,F33,F341,F38,F39)",F32,3,3: อาศัยในเขต ทะเบียนบ้านอยู่นอกเขต,15-29 ปี,2
code,DIAGNOSIS_OPD,ควนกาหลง,11403,โรงพยาบาลควนกาหลง,"โรคซึมเศร้า (F32,F33,F341,F38,F39)",F32,3,3: อาศัยในเขต ทะเบียนบ้านอยู่นอกเขต,30-44 ปี,3
code,DIAGNOSIS_OPD,ควนกาหลง,11403,โรงพยาบาลควนกาหลง,"โรคซึมเศร้า (F32,F33,F341,F38,F39)",F32,3,3: อาศัยในเขต ทะเบียนบ้านอยู่นอกเขต,45-59 ปี,1
code,DIAGNOSIS_OPD,ควนกาหลง,11403,โรงพยาบาลควนกาหลง,"โรคซึมเศร้า (F32,F33,F341,F38,F39)",F32,3,3: อาศัยในเขต ทะเบียนบ้านอยู่นอกเขต,60-74 ปี,1
code,DIAGNOSIS_OPD,ควนกาหลง,11403,โรงพยาบาลควนกาหลง,"โรคซึมเศร้า (F32,F33,F341,F38,F39)",F32,4,4: นอกเขต มารับบริการ/เคยอยู่ในเขต,0-14 ปี,17
code,DIAGNOSIS_OPD,ควนกาหลง,11403,โรงพยาบาลควนกาหลง,"โรคซึมเศร้า (F32,F33,F341,F38,F39)",F32,4,4: นอกเขต มารับบริการ/เคยอยู่ในเขต,15-29 ปี,135
code,DIAGNOSIS_OPD,ควนกาหลง,11403,โรงพยาบาลควนกาหลง,"โรคซึมเศร้า (F32,F33,F341,F38,F39)",F32,4,4: นอกเขต มารับบริการ/เคยอยู่ในเขต,30-44 ปี,100
code,DIAGNOSIS_OPD,ควนกาหลง,11403,โรงพยาบาลควนกาหลง,"โรคซึมเศร้า (F32,F33,F341,F38,F39)",F32,4,4: นอกเขต มารับบริการ/เคยอยู่ในเขต,45-59 ปี,72
code,DIAGNOSIS_OPD,ควนกาหลง,11403,โรงพยาบาลควนกาหลง,"โรคซึมเศร้า (F32,F33,F341,F38,F39)",F32,4,4: นอกเขต มารับบริการ/เคยอยู่ในเขต,60-74 ปี,50
code,DIAGNOSIS_OPD,ควนกาหลง,11403,โรงพยาบาลควนกาหลง,"โรคซึมเศร้า (F32,F33,F341,F38,F39)",F32,4,4: นอกเขต มารับบริการ/เคยอยู่ในเขต,75 ปีขึ้นไป,12
code,DIAGNOSIS_OPD,ควนกาหลง,11403,โรงพยาบาลควนกาหลง,"โรคซึมเศร้า (F32,F33,F341,F38,F39)",F33,4,4: นอกเขต มารับบริการ/เคยอยู่ในเขต,15-29 ปี,1
code,DIAGNOSIS_OPD,ควนกาหลง,11403,โรงพยาบาลควนกาหลง,"โรคซึมเศร้า (F32,F33,F341,F38,F39)",F33,4,4: นอกเขต มารับบริการ/เคยอยู่ในเขต,30-44 ปี,1
code,DIAGNOSIS_OPD,ควนกาหลง,11403,โรงพยาบาลควนกาหลง,"โรคซึมเศร้า (F32,F33,F341,F38,F39)",F33,4,4: นอกเขต มารับบริการ/เคยอยู่ในเขต,45-59 ปี,1
code,DIAGNOSIS_OPD,ควนกาหลง,11403,โรงพยาบาลควนกาหลง,"โรคซึมเศร้า (F32,F33,F341,F38,F39)",F33,4,4: นอกเขต มารับบริการ/เคยอยู่ในเขต,75 ปีขึ้นไป,1
code,DIAGNOSIS_OPD,ควนกาหลง,11403,โรงพยาบาลควนกาหลง,"โรคซึมเศร้า (F32,F33,F341,F38,F39)",F38,1,1: ในเขต มีชื่อ+อยู่จริง,30-44 ปี,1
code,DIAGNOSIS_OPD,ควนกาหลง,11403,โรงพยาบาลควนกาหลง,"โรคซึมเศร้า (F32,F33,F341,F38,F39)",F38,4,4: นอกเขต มารับบริการ/เคยอยู่ในเขต,15-29 ปี,1
code,DIAGNOSIS_OPD,ควนกาหลง,11403,โรงพยาบาลควนกาหลง,"โรคซึมเศร้า (F32,F33,F341,F38,F39)",F39,"",อื่นๆ/ไม่ทราบ,30-44 ปี,1
code,DIAGNOSIS_OPD,ควนกาหลง,11403,โรงพยาบาลควนกาหลง,"โรคทางจิตเวชอื่นๆ (F04-F09,F50-F69,F80,F82-F83,F88-F89,F91-F99 ยกเว้น F638,F988)",F05,1,1: ในเขต มีชื่อ+อยู่จริง,75 ปีขึ้นไป,2
code,DIAGNOSIS_OPD,ควนกาหลง,11403,โรงพยาบาลควนกาหลง,"โรคทางจิตเวชอื่นๆ (F04-F09,F50-F69,F80,F82-F83,F88-F89,F91-F99 ยกเว้น F638,F988)",F05,4,4: นอกเขต มารับบริการ/เคยอยู่ในเขต,15-29 ปี,1
code,DIAGNOSIS_OPD,ควนกาหลง,11403,โรงพยาบาลควนกาหลง,"โรคทางจิตเวชอื่นๆ (F04-F09,F50-F69,F80,F82-F83,F88-F89,F91-F99 ยกเว้น F638,F988)",F05,4,4: นอกเขต มารับบริการ/เคยอยู่ในเขต,45-59 ปี,3
code,DIAGNOSIS_OPD,ควนกาหลง,11403,โรงพยาบาลควนกาหลง,"โรคทางจิตเวชอื่นๆ (F04-F09,F50-F69,F80,F82-F83,F88-F89,F91-F99 ยกเว้น F638,F988)",F05,4,4: นอกเขต มารับบริการ/เคยอยู่ในเขต,60-74 ปี,1
code,DIAGNOSIS_OPD,ควนกาหลง,11403,โรงพยาบาลควนกาหลง,"โรคทางจิตเวชอื่นๆ (F04-F09,F50-F69,F80,F82-F83,F88-F89,F91-F99 ยกเว้น F638,F988)",F05,4,4: นอกเขต มารับบริการ/เคยอยู่ในเขต,75 ปีขึ้นไป,3
code,DIAGNOSIS_OPD,ควนกาหลง,11403,โรงพยาบาลควนกาหลง,"โรคทางจิตเวชอื่นๆ (F04-F09,F50-F69,F80,F82-F83,F88-F89,F91-F99 ยกเว้น F638,F988)",F06,4,4: นอกเขต มารับบริการ/เคยอยู่ในเขต,45-59 ปี,2
code,DIAGNOSIS_OPD,ควนกาหลง,11403,โรงพยาบาลควนกาหลง,"โรคทางจิตเวชอื่นๆ (F04-F09,F50-F69,F80,F82-F83,F88-F89,F91-F99 ยกเว้น F638,F988)",F09,"",อื่นๆ/ไม่ทราบ,30-44 ปี,1
code,DIAGNOSIS_OPD,ควนกาหลง,11403,โรงพยาบาลควนกาหลง,"โรคทางจิตเวชอื่นๆ (F04-F09,F50-F69,F80,F82-F83,F88-F89,F91-F99 ยกเว้น F638,F988)",F09,1,1: ในเขต มีชื่อ+อยู่จริง,0-14 ปี,1
code,DIAGNOSIS_OPD,ควนกาหลง,11403,โรงพยาบาลควนกาหลง,"โรคทางจิตเวชอื่นๆ (F04-F09,F50-F69,F80,F82-F83,F88-F89,F91-F99 ยกเว้น F638,F988)",F09,1,1: ในเขต มีชื่อ+อยู่จริง,15-29 ปี,3
code,DIAGNOSIS_OPD,ควนกาหลง,11403,โรงพยาบาลควนกาหลง,"โรคทางจิตเวชอื่นๆ (F04-F09,F50-F69,F80,F82-F83,F88-F89,F91-F99 ยกเว้น F638,F988)",F09,1,1: ในเขต มีชื่อ+อยู่จริง,30-44 ปี,1
code,DIAGNOSIS_OPD,ควนกาหลง,11403,โรงพยาบาลควนกาหลง,"โรคทางจิตเวชอื่นๆ (F04-F09,F50-F69,F80,F82-F83,F88-F89,F91-F99 ยกเว้น F638,F988)",F09,4,4: นอกเขต มารับบริการ/เคยอยู่ในเขต,15-29 ปี,2
code,DIAGNOSIS_OPD,ควนกาหลง,11403,โรงพยาบาลควนกาหลง,"โรคทางจิตเวชอื่นๆ (F04-F09,F50-F69,F80,F82-F83,F88-F89,F91-F99 ยกเว้น F638,F988)",F09,4,4: นอกเขต มารับบริการ/เคยอยู่ในเขต,30-44 ปี,12
code,DIAGNOSIS_OPD,ควนกาหลง,11403,โรงพยาบาลควนกาหลง,"โรคทางจิตเวชอื่นๆ (F04-F09,F50-F69,F80,F82-F83,F88-F89,F91-F99 ยกเว้น F638,F988)",F09,4,4: นอกเขต มารับบริการ/เคยอยู่ในเขต,45-59 ปี,7
code,DIAGNOSIS_OPD,ควนกาหลง,11403,โรงพยาบาลควนกาหลง,"โรคทางจิตเวชอื่นๆ (F04-F09,F50-F69,F80,F82-F83,F88-F89,F91-F99 ยกเว้น F638,F988)",F09,4,4: นอกเขต มารับบริการ/เคยอยู่ในเขต,60-74 ปี,1
code,DIAGNOSIS_OPD,ควนกาหลง,11403,โรงพยาบาลควนกาหลง,"โรคทางจิตเวชอื่นๆ (F04-F09,F50-F69,F80,F82-F83,F88-F89,F91-F99 ยกเว้น F638,F988)",F09,4,4: นอกเขต มารับบริการ/เคยอยู่ในเขต,75 ปีขึ้นไป,1
code,DIAGNOSIS_OPD,ควนกาหลง,11403,โรงพยาบาลควนกาหลง,"โรคทางจิตเวชอื่นๆ (F04-F09,F50-F69,F80,F82-F83,F88-F89,F91-F99 ยกเว้น F638,F988)",F50,4,4: นอกเขต มารับบริการ/เคยอยู่ในเขต,0-14 ปี,1
code,DIAGNOSIS_OPD,ควนกาหลง,11403,โรงพยาบาลควนกาหลง,"โรคทางจิตเวชอื่นๆ (F04-F09,F50-F69,F80,F82-F83,F88-F89,F91-F99 ยกเว้น F638,F988)",F50,4,4: นอกเขต มารับบริการ/เคยอยู่ในเขต,15-29 ปี,2
code,DIAGNOSIS_OPD,ควนกาหลง,11403,โรงพยาบาลควนกาหลง,"โรคทางจิตเวชอื่นๆ (F04-F09,F50-F69,F80,F82-F83,F88-F89,F91-F99 ยกเว้น F638,F988)",F51,"",อื่นๆ/ไม่ทราบ,30-44 ปี,2
code,DIAGNOSIS_OPD,ควนกาหลง,11403,โรงพยาบาลควนกาหลง,"โรคทางจิตเวชอื่นๆ (F04-F09,F50-F69,F80,F82-F83,F88-F89,F91-F99 ยกเว้น F638,F988)",F51,"",อื่นๆ/ไม่ทราบ,60-74 ปี,1
code,DIAGNOSIS_OPD,ควนกาหลง,11403,โรงพยาบาลควนกาหลง,"โรคทางจิตเวชอื่นๆ (F04-F09,F50-F69,F80,F82-F83,F88-F89,F91-F99 ยกเว้น F638,F988)",F51,1,1: ในเขต มีชื่อ+อยู่จริง,0-14 ปี,1
code,DIAGNOSIS_OPD,ควนกาหลง,11403,โรงพยาบาลควนกาหลง,"โรคทางจิตเวชอื่นๆ (F04-F09,F50-F69,F80,F82-F83,F88-F89,F91-F99 ยกเว้น F638,F988)",F51,1,1: ในเขต มีชื่อ+อยู่จริง,15-29 ปี,3
code,DIAGNOSIS_OPD,ควนกาหลง,11403,โรงพยาบาลควนกาหลง,"โรคทางจิตเวชอื่นๆ (F04-F09,F50-F69,F80,F82-F83,F88-F89,F91-F99 ยกเว้น F638,F988)",F51,1,1: ในเขต มีชื่อ+อยู่จริง,30-44 ปี,6
code,DIAGNOSIS_OPD,ควนกาหลง,11403,โรงพยาบาลควนกาหลง,"โรคทางจิตเวชอื่นๆ (F04-F09,F50-F69,F80,F82-F83,F88-F89,F91-F99 ยกเว้น F638,F988)",F51,1,1: ในเขต มีชื่อ+อยู่จริง,45-59 ปี,31
code,DIAGNOSIS_OPD,ควนกาหลง,11403,โรงพยาบาลควนกาหลง,"โรคทางจิตเวชอื่นๆ (F04-F09,F50-F69,F80,F82-F83,F88-F89,F91-F99 ยกเว้น F638,F988)",F51,1,1: ในเขต มีชื่อ+อยู่จริง,60-74 ปี,46
code,DIAGNOSIS_OPD,ควนกาหลง,11403,โรงพยาบาลควนกาหลง,"โรคทางจิตเวชอื่นๆ (F04-F09,F50-F69,F80,F82-F83,F88-F89,F91-F99 ยกเว้น F638,F988)",F51,1,1: ในเขต มีชื่อ+อยู่จริง,75 ปีขึ้นไป,38
code,DIAGNOSIS_OPD,ควนกาหลง,11403,โรงพยาบาลควนกาหลง,"โรคทางจิตเวชอื่นๆ (F04-F09,F50-F69,F80,F82-F83,F88-F89,F91-F99 ยกเว้น F638,F988)",F51,2,2: ในเขต มีชื่อ แต่ไม่อยู่จริง,45-59 ปี,3
code,DIAGNOSIS_OPD,ควนกาหลง,11403,โรงพยาบาลควนกาหลง,"โรคทางจิตเวชอื่นๆ (F04-F09,F50-F69,F80,F82-F83,F88-F89,F91-F99 ยกเว้น F638,F988)",F51,2,2: ในเขต มีชื่อ แต่ไม่อยู่จริง,60-74 ปี,4
code,DIAGNOSIS_OPD,ควนกาหลง,11403,โรงพยาบาลควนกาหลง,"โรคทางจิตเวชอื่นๆ (F04-F09,F50-F69,F80,F82-F83,F88-F89,F91-F99 ยกเว้น F638,F988)",F51,2,2: ในเขต มีชื่อ แต่ไม่อยู่จริง,75 ปีขึ้นไป,1
code,DIAGNOSIS_OPD,ควนกาหลง,11403,โรงพยาบาลควนกาหลง,"โรคทางจิตเวชอื่นๆ (F04-F09,F50-F69,F80,F82-F83,F88-F89,F91-F99 ยกเว้น F638,F988)",F51,3,3: อาศัยในเขต ทะเบียนบ้านอยู่นอกเขต,15-29 ปี,1
code,DIAGNOSIS_OPD,ควนกาหลง,11403,โรงพยาบาลควนกาหลง,"โรคทางจิตเวชอื่นๆ (F04-F09,F50-F69,F80,F82-F83,F88-F89,F91-F99 ยกเว้น F638,F988)",F51,3,3: อาศัยในเขต ทะเบียนบ้านอยู่นอกเขต,30-44 ปี,3
code,DIAGNOSIS_OPD,ควนกาหลง,11403,โรงพยาบาลควนกาหลง,"โรคทางจิตเวชอื่นๆ (F04-F09,F50-F69,F80,F82-F83,F88-F89,F91-F99 ยกเว้น F638,F988)",F51,3,3: อาศัยในเขต ทะเบียนบ้านอยู่นอกเขต,45-59 ปี,2
code,DIAGNOSIS_OPD,ควนกาหลง,11403,โรงพยาบาลควนกาหลง,"โรคทางจิตเวชอื่นๆ (F04-F09,F50-F69,F80,F82-F83,F88-F89,F91-F99 ยกเว้น F638,F988)",F51,3,3: อาศัยในเขต ทะเบียนบ้านอยู่นอกเขต,60-74 ปี,1
code,DIAGNOSIS_OPD,ควนกาหลง,11403,โรงพยาบาลควนกาหลง,"โรคทางจิตเวชอื่นๆ (F04-F09,F50-F69,F80,F82-F83,F88-F89,F91-F99 ยกเว้น F638,F988)",F51,3,3: อาศัยในเขต ทะเบียนบ้านอยู่นอกเขต,75 ปีขึ้นไป,1
code,DIAGNOSIS_OPD,ควนกาหลง,11403,โรงพยาบาลควนกาหลง,"โรคทางจิตเวชอื่นๆ (F04-F09,F50-F69,F80,F82-F83,F88-F89,F91-F99 ยกเว้น F638,F988)",F51,4,4: นอกเขต มารับบริการ/เคยอยู่ในเขต,15-29 ปี,36
code,DIAGNOSIS_OPD,ควนกาหลง,11403,โรงพยาบาลควนกาหลง,"โรคทางจิตเวชอื่นๆ (F04-F09,F50-F69,F80,F82-F83,F88-F89,F91-F99 ยกเว้น F638,F988)",F51,4,4: นอกเขต มารับบริการ/เคยอยู่ในเขต,30-44 ปี,57
code,DIAGNOSIS_OPD,ควนกาหลง,11403,โรงพยาบาลควนกาหลง,"โรคทางจิตเวชอื่นๆ (F04-F09,F50-F69,F80,F82-F83,F88-F89,F91-F99 ยกเว้น F638,F988)",F51,4,4: นอกเขต มารับบริการ/เคยอยู่ในเขต,45-59 ปี,194
code,DIAGNOSIS_OPD,ควนกาหลง,11403,โรงพยาบาลควนกาหลง,"โรคทางจิตเวชอื่นๆ (F04-F09,F50-F69,F80,F82-F83,F88-F89,F91-F99 ยกเว้น F638,F988)",F51,4,4: นอกเขต มารับบริการ/เคยอยู่ในเขต,60-74 ปี,234
code,DIAGNOSIS_OPD,ควนกาหลง,11403,โรงพยาบาลควนกาหลง,"โรคทางจิตเวชอื่นๆ (F04-F09,F50-F69,F80,F82-F83,F88-F89,F91-F99 ยกเว้น F638,F988)",F51,4,4: นอกเขต มารับบริการ/เคยอยู่ในเขต,75 ปีขึ้นไป,134
code,DIAGNOSIS_OPD,ควนกาหลง,11403,โรงพยาบาลควนกาหลง,"โรคทางจิตเวชอื่นๆ (F04-F09,F50-F69,F80,F82-F83,F88-F89,F91-F99 ยกเว้น F638,F988)",F54,"",อื่นๆ/ไม่ทราบ,15-29 ปี,1
code,DIAGNOSIS_OPD,ควนกาหลง,11403,โรงพยาบาลควนกาหลง,"โรคทางจิตเวชอื่นๆ (F04-F09,F50-F69,F80,F82-F83,F88-F89,F91-F99 ยกเว้น F638,F988)",F54,"",อื่นๆ/ไม่ทราบ,45-59 ปี,1
code,DIAGNOSIS_OPD,ควนกาหลง,11403,โรงพยาบาลควนกาหลง,"โรคทางจิตเวชอื่นๆ (F04-F09,F50-F69,F80,F82-F83,F88-F89,F91-F99 ยกเว้น F638,F988)",F54,1,1: ในเขต มีชื่อ+อยู่จริง,15-29 ปี,1
code,DIAGNOSIS_OPD,ควนกาหลง,11403,โรงพยาบาลควนกาหลง,"โรคทางจิตเวชอื่นๆ (F04-F09,F50-F69,F80,F82-F83,F88-F89,F91-F99 ยกเว้น F638,F988)",F54,1,1: ในเขต มีชื่อ+อยู่จริง,30-44 ปี,2
code,DIAGNOSIS_OPD,ควนกาหลง,11403,โรงพยาบาลควนกาหลง,"โรคทางจิตเวชอื่นๆ (F04-F09,F50-F69,F80,F82-F83,F88-F89,F91-F99 ยกเว้น F638,F988)",F54,1,1: ในเขต มีชื่อ+อยู่จริง,45-59 ปี,2
code,DIAGNOSIS_OPD,ควนกาหลง,11403,โรงพยาบาลควนกาหลง,"โรคทางจิตเวชอื่นๆ (F04-F09,F50-F69,F80,F82-F83,F88-F89,F91-F99 ยกเว้น F638,F988)",F54,2,2: ในเขต มีชื่อ แต่ไม่อยู่จริง,15-29 ปี,1
code,DIAGNOSIS_OPD,ควนกาหลง,11403,โรงพยาบาลควนกาหลง,"โรคทางจิตเวชอื่นๆ (F04-F09,F50-F69,F80,F82-F83,F88-F89,F91-F99 ยกเว้น F638,F988)",F54,3,3: อาศัยในเขต ทะเบียนบ้านอยู่นอกเขต,15-29 ปี,2
code,DIAGNOSIS_OPD,ควนกาหลง,11403,โรงพยาบาลควนกาหลง,"โรคทางจิตเวชอื่นๆ (F04-F09,F50-F69,F80,F82-F83,F88-F89,F91-F99 ยกเว้น F638,F988)",F54,4,4: นอกเขต มารับบริการ/เคยอยู่ในเขต,0-14 ปี,2
code,DIAGNOSIS_OPD,ควนกาหลง,11403,โรงพยาบาลควนกาหลง,"โรคทางจิตเวชอื่นๆ (F04-F09,F50-F69,F80,F82-F83,F88-F89,F91-F99 ยกเว้น F638,F988)",F54,4,4: นอกเขต มารับบริการ/เคยอยู่ในเขต,15-29 ปี,26
code,DIAGNOSIS_OPD,ควนกาหลง,11403,โรงพยาบาลควนกาหลง,"โรคทางจิตเวชอื่นๆ (F04-F09,F50-F69,F80,F82-F83,F88-F89,F91-F99 ยกเว้น F638,F988)",F54,4,4: นอกเขต มารับบริการ/เคยอยู่ในเขต,30-44 ปี,10
code,DIAGNOSIS_OPD,ควนกาหลง,11403,โรงพยาบาลควนกาหลง,"โรคทางจิตเวชอื่นๆ (F04-F09,F50-F69,F80,F82-F83,F88-F89,F91-F99 ยกเว้น F638,F988)",F54,4,4: นอกเขต มารับบริการ/เคยอยู่ในเขต,45-59 ปี,1
code,DIAGNOSIS_OPD,ควนกาหลง,11403,โรงพยาบาลควนกาหลง,"โรคทางจิตเวชอื่นๆ (F04-F09,F50-F69,F80,F82-F83,F88-F89,F91-F99 ยกเว้น F638,F988)",F54,4,4: นอกเขต มารับบริการ/เคยอยู่ในเขต,60-74 ปี,1
code,DIAGNOSIS_OPD,ควนกาหลง,11403,โรงพยาบาลควนกาหลง,"โรคทางจิตเวชอื่นๆ (F04-F09,F50-F69,F80,F82-F83,F88-F89,F91-F99 ยกเว้น F638,F988)",F55,"",อื่นๆ/ไม่ทราบ,30-44 ปี,2
code,DIAGNOSIS_OPD,ควนกาหลง,11403,โรงพยาบาลควนกาหลง,"โรคทางจิตเวชอื่นๆ (F04-F09,F50-F69,F80,F82-F83,F88-F89,F91-F99 ยกเว้น F638,F988)",F55,1,1: ในเขต มีชื่อ+อยู่จริง,30-44 ปี,1
code,DIAGNOSIS_OPD,ควนกาหลง,11403,โรงพยาบาลควนกาหลง,"โรคทางจิตเวชอื่นๆ (F04-F09,F50-F69,F80,F82-F83,F88-F89,F91-F99 ยกเว้น F638,F988)",F55,4,4: นอกเขต มารับบริการ/เคยอยู่ในเขต,15-29 ปี,2
code,DIAGNOSIS_OPD,ควนกาหลง,11403,โรงพยาบาลควนกาหลง,"โรคทางจิตเวชอื่นๆ (F04-F09,F50-F69,F80,F82-F83,F88-F89,F91-F99 ยกเว้น F638,F988)",F55,4,4: นอกเขต มารับบริการ/เคยอยู่ในเขต,30-44 ปี,3
code,DIAGNOSIS_OPD,ควนกาหลง,11403,โรงพยาบาลควนกาหลง,"โรคทางจิตเวชอื่นๆ (F04-F09,F50-F69,F80,F82-F83,F88-F89,F91-F99 ยกเว้น F638,F988)",F55,4,4: นอกเขต มารับบริการ/เคยอยู่ในเขต,45-59 ปี,1
code,DIAGNOSIS_OPD,ควนกาหลง,11403,โรงพยาบาลควนกาหลง,"โรคทางจิตเวชอื่นๆ (F04-F09,F50-F69,F80,F82-F83,F88-F89,F91-F99 ยกเว้น F638,F988)",F60,4,4: นอกเขต มารับบริการ/เคยอยู่ในเขต,45-59 ปี,1
code,DIAGNOSIS_OPD,ควนกาหลง,11403,โรงพยาบาลควนกาหลง,"โรคทางจิตเวชอื่นๆ (F04-F09,F50-F69,F80,F82-F83,F88-F89,F91-F99 ยกเว้น F638,F988)",F62,4,4: นอกเขต มารับบริการ/เคยอยู่ในเขต,30-44 ปี,1
code,DIAGNOSIS_OPD,ควนกาหลง,11403,โรงพยาบาลควนกาหลง,"โรคทางจิตเวชอื่นๆ (F04-F09,F50-F69,F80,F82-F83,F88-F89,F91-F99 ยกเว้น F638,F988)",F62,4,4: นอกเขต มารับบริการ/เคยอยู่ในเขต,45-59 ปี,1
code,DIAGNOSIS_OPD,ควนกาหลง,11403,โรงพยาบาลควนกาหลง,"โรคทางจิตเวชอื่นๆ (F04-F09,F50-F69,F80,F82-F83,F88-F89,F91-F99 ยกเว้น F638,F988)",F68,4,4: นอกเขต มารับบริการ/เคยอยู่ในเขต,15-29 ปี,1
code,DIAGNOSIS_OPD,ควนกาหลง,11403,โรงพยาบาลควนกาหลง,"โรคทางจิตเวชอื่นๆ (F04-F09,F50-F69,F80,F82-F83,F88-F89,F91-F99 ยกเว้น F638,F988)",F69,4,4: นอกเขต มารับบริการ/เคยอยู่ในเขต,15-29 ปี,1
code,DIAGNOSIS_OPD,ควนกาหลง,11403,โรงพยาบาลควนกาหลง,"โรคทางจิตเวชอื่นๆ (F04-F09,F50-F69,F80,F82-F83,F88-F89,F91-F99 ยกเว้น F638,F988)",F80,4,4: นอกเขต มารับบริการ/เคยอยู่ในเขต,0-14 ปี,4
code,DIAGNOSIS_OPD,ควนกาหลง,11403,โรงพยาบาลควนกาหลง,"โรคทางจิตเวชอื่นๆ (F04-F09,F50-F69,F80,F82-F83,F88-F89,F91-F99 ยกเว้น F638,F988)",F82,4,4: นอกเขต มารับบริการ/เคยอยู่ในเขต,0-14 ปี,1
code,DIAGNOSIS_OPD,ควนกาหลง,11403,โรงพยาบาลควนกาหลง,"โรคทางจิตเวชอื่นๆ (F04-F09,F50-F69,F80,F82-F83,F88-F89,F91-F99 ยกเว้น F638,F988)",F83,"",อื่นๆ/ไม่ทราบ,0-14 ปี,10
code,DIAGNOSIS_OPD,ควนกาหลง,11403,โรงพยาบาลควนกาหลง,"โรคทางจิตเวชอื่นๆ (F04-F09,F50-F69,F80,F82-F83,F88-F89,F91-F99 ยกเว้น F638,F988)",F83,1,1: ในเขต มีชื่อ+อยู่จริง,0-14 ปี,27
code,DIAGNOSIS_OPD,ควนกาหลง,11403,โรงพยาบาลควนกาหลง,"โรคทางจิตเวชอื่นๆ (F04-F09,F50-F69,F80,F82-F83,F88-F89,F91-F99 ยกเว้น F638,F988)",F83,2,2: ในเขต มีชื่อ แต่ไม่อยู่จริง,0-14 ปี,6
code,DIAGNOSIS_OPD,ควนกาหลง,11403,โรงพยาบาลควนกาหลง,"โรคทางจิตเวชอื่นๆ (F04-F09,F50-F69,F80,F82-F83,F88-F89,F91-F99 ยกเว้น F638,F988)",F83,3,3: อาศัยในเขต ทะเบียนบ้านอยู่นอกเขต,0-14 ปี,1
code,DIAGNOSIS_OPD,ควนกาหลง,11403,โรงพยาบาลควนกาหลง,"โรคทางจิตเวชอื่นๆ (F04-F09,F50-F69,F80,F82-F83,F88-F89,F91-F99 ยกเว้น F638,F988)",F83,4,4: นอกเขต มารับบริการ/เคยอยู่ในเขต,0-14 ปี,46
code,DIAGNOSIS_OPD,ควนกาหลง,11403,โรงพยาบาลควนกาหลง,"โรคทางจิตเวชอื่นๆ (F04-F09,F50-F69,F80,F82-F83,F88-F89,F91-F99 ยกเว้น F638,F988)",F88,4,4: นอกเขต มารับบริการ/เคยอยู่ในเขต,15-29 ปี,1
code,DIAGNOSIS_OPD,ควนกาหลง,11403,โรงพยาบาลควนกาหลง,"โรคทางจิตเวชอื่นๆ (F04-F09,F50-F69,F80,F82-F83,F88-F89,F91-F99 ยกเว้น F638,F988)",F89,4,4: นอกเขต มารับบริการ/เคยอยู่ในเขต,0-14 ปี,2
code,DIAGNOSIS_OPD,ควนกาหลง,11403,โรงพยาบาลควนกาหลง,"โรคทางจิตเวชอื่นๆ (F04-F09,F50-F69,F80,F82-F83,F88-F89,F91-F99 ยกเว้น F638,F988)",F91,1,1: ในเขต มีชื่อ+อยู่จริง,15-29 ปี,1
code,DIAGNOSIS_OPD,ควนกาหลง,11403,โรงพยาบาลควนกาหลง,"โรคทางจิตเวชอื่นๆ (F04-F09,F50-F69,F80,F82-F83,F88-F89,F91-F99 ยกเว้น F638,F988)",F93,1,1: ในเขต มีชื่อ+อยู่จริง,0-14 ปี,1
code,DIAGNOSIS_OPD,ควนกาหลง,11403,โรงพยาบาลควนกาหลง,"โรคทางจิตเวชอื่นๆ (F04-F09,F50-F69,F80,F82-F83,F88-F89,F91-F99 ยกเว้น F638,F988)",F95,4,4: นอกเขต มารับบริการ/เคยอยู่ในเขต,0-14 ปี,1
code,DIAGNOSIS_OPD,ควนกาหลง,11403,โรงพยาบาลควนกาหลง,"โรคทางจิตเวชอื่นๆ (F04-F09,F50-F69,F80,F82-F83,F88-F89,F91-F99 ยกเว้น F638,F988)",F95,4,4: นอกเขต มารับบริการ/เคยอยู่ในเขต,75 ปีขึ้นไป,1
code,DIAGNOSIS_OPD,ควนกาหลง,11403,โรงพยาบาลควนกาหลง,"โรคทางจิตเวชอื่นๆ (F04-F09,F50-F69,F80,F82-F83,F88-F89,F91-F99 ยกเว้น F638,F988)",F99,4,4: นอกเขต มารับบริการ/เคยอยู่ในเขต,60-74 ปี,1
code,DIAGNOSIS_OPD,ควนกาหลง,11403,โรงพยาบาลควนกาหลง,โรคลมชัก (G40-G41),G40,"",อื่นๆ/ไม่ทราบ,15-29 ปี,3
code,DIAGNOSIS_OPD,ควนกาหลง,11403,โรงพยาบาลควนกาหลง,โรคลมชัก (G40-G41),G40,"",อื่นๆ/ไม่ทราบ,30-44 ปี,1
code,DIAGNOSIS_OPD,ควนกาหลง,11403,โรงพยาบาลควนกาหลง,โรคลมชัก (G40-G41),G40,1,1: ในเขต มีชื่อ+อยู่จริง,0-14 ปี,1
code,DIAGNOSIS_OPD,ควนกาหลง,11403,โรงพยาบาลควนกาหลง,โรคลมชัก (G40-G41),G40,1,1: ในเขต มีชื่อ+อยู่จริง,15-29 ปี,6
code,DIAGNOSIS_OPD,ควนกาหลง,11403,โรงพยาบาลควนกาหลง,โรคลมชัก (G40-G41),G40,1,1: ในเขต มีชื่อ+อยู่จริง,30-44 ปี,5
code,DIAGNOSIS_OPD,ควนกาหลง,11403,โรงพยาบาลควนกาหลง,โรคลมชัก (G40-G41),G40,1,1: ในเขต มีชื่อ+อยู่จริง,45-59 ปี,3
code,DIAGNOSIS_OPD,ควนกาหลง,11403,โรงพยาบาลควนกาหลง,โรคลมชัก (G40-G41),G40,1,1: ในเขต มีชื่อ+อยู่จริง,60-74 ปี,1
code,DIAGNOSIS_OPD,ควนกาหลง,11403,โรงพยาบาลควนกาหลง,โรคลมชัก (G40-G41),G40,3,3: อาศัยในเขต ทะเบียนบ้านอยู่นอกเขต,15-29 ปี,2
code,DIAGNOSIS_OPD,ควนกาหลง,11403,โรงพยาบาลควนกาหลง,โรคลมชัก (G40-G41),G40,4,4: นอกเขต มารับบริการ/เคยอยู่ในเขต,0-14 ปี,13
code,DIAGNOSIS_OPD,ควนกาหลง,11403,โรงพยาบาลควนกาหลง,โรคลมชัก (G40-G41),G40,4,4: นอกเขต มารับบริการ/เคยอยู่ในเขต,15-29 ปี,31
code,DIAGNOSIS_OPD,ควนกาหลง,11403,โรงพยาบาลควนกาหลง,โรคลมชัก (G40-G41),G40,4,4: นอกเขต มารับบริการ/เคยอยู่ในเขต,30-44 ปี,26
code,DIAGNOSIS_OPD,ควนกาหลง,11403,โรงพยาบาลควนกาหลง,โรคลมชัก (G40-G41),G40,4,4: นอกเขต มารับบริการ/เคยอยู่ในเขต,45-59 ปี,30
code,DIAGNOSIS_OPD,ควนกาหลง,11403,โรงพยาบาลควนกาหลง,โรคลมชัก (G40-G41),G40,4,4: นอกเขต มารับบริการ/เคยอยู่ในเขต,60-74 ปี,18
code,DIAGNOSIS_OPD,ควนกาหลง,11403,โรงพยาบาลควนกาหลง,โรคลมชัก (G40-G41),G40,4,4: นอกเขต มารับบริการ/เคยอยู่ในเขต,75 ปีขึ้นไป,4
code,DIAGNOSIS_OPD,ควนกาหลง,11403,โรงพยาบาลควนกาหลง,โรคลมชัก (G40-G41),G40,5,อื่นๆ/ไม่ทราบ,15-29 ปี,1
code,DIAGNOSIS_OPD,ควนกาหลง,11403,โรงพยาบาลควนกาหลง,โรคลมชัก (G40-G41),G41,"",อื่นๆ/ไม่ทราบ,30-44 ปี,1
code,DIAGNOSIS_OPD,ควนกาหลง,11403,โรงพยาบาลควนกาหลง,โรคลมชัก (G40-G41),G41,1,1: ในเขต มีชื่อ+อยู่จริง,30-44 ปี,1
code,DIAGNOSIS_OPD,ควนกาหลง,11403,โรงพยาบาลควนกาหลง,โรคลมชัก (G40-G41),G41,1,1: ในเขต มีชื่อ+อยู่จริง,45-59 ปี,1
code,DIAGNOSIS_OPD,ควนกาหลง,11403,โรงพยาบาลควนกาหลง,โรคลมชัก (G40-G41),G41,4,4: นอกเขต มารับบริการ/เคยอยู่ในเขต,15-29 ปี,1
code,DIAGNOSIS_OPD,ควนกาหลง,11403,โรงพยาบาลควนกาหลง,โรคลมชัก (G40-G41),G41,4,4: นอกเขต มารับบริการ/เคยอยู่ในเขต,30-44 ปี,4
code,DIAGNOSIS_OPD,ควนกาหลง,11403,โรงพยาบาลควนกาหลง,โรคลมชัก (G40-G41),G41,4,4: นอกเขต มารับบริการ/เคยอยู่ในเขต,60-74 ปี,2
code,DIAGNOSIS_OPD,ควนกาหลง,11403,โรงพยาบาลควนกาหลง,โรควิตกกังวล (F40-F48),F40,1,1: ในเขต มีชื่อ+อยู่จริง,60-74 ปี,1
code,DIAGNOSIS_OPD,ควนกาหลง,11403,โรงพยาบาลควนกาหลง,โรควิตกกังวล (F40-F48),F40,4,4: นอกเขต มารับบริการ/เคยอยู่ในเขต,15-29 ปี,2
code,DIAGNOSIS_OPD,ควนกาหลง,11403,โรงพยาบาลควนกาหลง,โรควิตกกังวล (F40-F48),F40,4,4: นอกเขต มารับบริการ/เคยอยู่ในเขต,30-44 ปี,2
code,DIAGNOSIS_OPD,ควนกาหลง,11403,โรงพยาบาลควนกาหลง,โรควิตกกังวล (F40-F48),F40,4,4: นอกเขต มารับบริการ/เคยอยู่ในเขต,45-59 ปี,3
code,DIAGNOSIS_OPD,ควนกาหลง,11403,โรงพยาบาลควนกาหลง,โรควิตกกังวล (F40-F48),F41,"",อื่นๆ/ไม่ทราบ,0-14 ปี,1
code,DIAGNOSIS_OPD,ควนกาหลง,11403,โรงพยาบาลควนกาหลง,โรควิตกกังวล (F40-F48),F41,"",อื่นๆ/ไม่ทราบ,15-29 ปี,1
code,DIAGNOSIS_OPD,ควนกาหลง,11403,โรงพยาบาลควนกาหลง,โรควิตกกังวล (F40-F48),F41,"",อื่นๆ/ไม่ทราบ,30-44 ปี,1
code,DIAGNOSIS_OPD,ควนกาหลง,11403,โรงพยาบาลควนกาหลง,โรควิตกกังวล (F40-F48),F41,"",อื่นๆ/ไม่ทราบ,45-59 ปี,1
code,DIAGNOSIS_OPD,ควนกาหลง,11403,โรงพยาบาลควนกาหลง,โรควิตกกังวล (F40-F48),F41,"",อื่นๆ/ไม่ทราบ,60-74 ปี,3
code,DIAGNOSIS_OPD,ควนกาหลง,11403,โรงพยาบาลควนกาหลง,โรควิตกกังวล (F40-F48),F41,1,1: ในเขต มีชื่อ+อยู่จริง,0-14 ปี,2
code,DIAGNOSIS_OPD,ควนกาหลง,11403,โรงพยาบาลควนกาหลง,โรควิตกกังวล (F40-F48),F41,1,1: ในเขต มีชื่อ+อยู่จริง,15-29 ปี,18
code,DIAGNOSIS_OPD,ควนกาหลง,11403,โรงพยาบาลควนกาหลง,โรควิตกกังวล (F40-F48),F41,1,1: ในเขต มีชื่อ+อยู่จริง,30-44 ปี,14
code,DIAGNOSIS_OPD,ควนกาหลง,11403,โรงพยาบาลควนกาหลง,โรควิตกกังวล (F40-F48),F41,1,1: ในเขต มีชื่อ+อยู่จริง,45-59 ปี,15
code,DIAGNOSIS_OPD,ควนกาหลง,11403,โรงพยาบาลควนกาหลง,โรควิตกกังวล (F40-F48),F41,1,1: ในเขต มีชื่อ+อยู่จริง,60-74 ปี,13
code,DIAGNOSIS_OPD,ควนกาหลง,11403,โรงพยาบาลควนกาหลง,โรควิตกกังวล (F40-F48),F41,1,1: ในเขต มีชื่อ+อยู่จริง,75 ปีขึ้นไป,5
code,DIAGNOSIS_OPD,ควนกาหลง,11403,โรงพยาบาลควนกาหลง,โรควิตกกังวล (F40-F48),F41,2,2: ในเขต มีชื่อ แต่ไม่อยู่จริง,0-14 ปี,2
code,DIAGNOSIS_OPD,ควนกาหลง,11403,โรงพยาบาลควนกาหลง,โรควิตกกังวล (F40-F48),F41,2,2: ในเขต มีชื่อ แต่ไม่อยู่จริง,15-29 ปี,1
code,DIAGNOSIS_OPD,ควนกาหลง,11403,โรงพยาบาลควนกาหลง,โรควิตกกังวล (F40-F48),F41,3,3: อาศัยในเขต ทะเบียนบ้านอยู่นอกเขต,15-29 ปี,1
code,DIAGNOSIS_OPD,ควนกาหลง,11403,โรงพยาบาลควนกาหลง,โรควิตกกังวล (F40-F48),F41,4,4: นอกเขต มารับบริการ/เคยอยู่ในเขต,0-14 ปี,10
code,DIAGNOSIS_OPD,ควนกาหลง,11403,โรงพยาบาลควนกาหลง,โรควิตกกังวล (F40-F48),F41,4,4: นอกเขต มารับบริการ/เคยอยู่ในเขต,15-29 ปี,83
code,DIAGNOSIS_OPD,ควนกาหลง,11403,โรงพยาบาลควนกาหลง,โรควิตกกังวล (F40-F48),F41,4,4: นอกเขต มารับบริการ/เคยอยู่ในเขต,30-44 ปี,101
code,DIAGNOSIS_OPD,ควนกาหลง,11403,โรงพยาบาลควนกาหลง,โรควิตกกังวล (F40-F48),F41,4,4: นอกเขต มารับบริการ/เคยอยู่ในเขต,45-59 ปี,131
code,DIAGNOSIS_OPD,ควนกาหลง,11403,โรงพยาบาลควนกาหลง,โรควิตกกังวล (F40-F48),F41,4,4: นอกเขต มารับบริการ/เคยอยู่ในเขต,60-74 ปี,70
code,DIAGNOSIS_OPD,ควนกาหลง,11403,โรงพยาบาลควนกาหลง,โรควิตกกังวล (F40-F48),F41,4,4: นอกเขต มารับบริการ/เคยอยู่ในเขต,75 ปีขึ้นไป,21
code,DIAGNOSIS_OPD,ควนกาหลง,11403,โรงพยาบาลควนกาหลง,โรควิตกกังวล (F40-F48),F42,1,1: ในเขต มีชื่อ+อยู่จริง,15-29 ปี,1
code,DIAGNOSIS_OPD,ควนกาหลง,11403,โรงพยาบาลควนกาหลง,โรควิตกกังวล (F40-F48),F42,1,1: ในเขต มีชื่อ+อยู่จริง,30-44 ปี,1
code,DIAGNOSIS_OPD,ควนกาหลง,11403,โรงพยาบาลควนกาหลง,โรควิตกกังวล (F40-F48),F42,4,4: นอกเขต มารับบริการ/เคยอยู่ในเขต,45-59 ปี,1
code,DIAGNOSIS_OPD,ควนกาหลง,11403,โรงพยาบาลควนกาหลง,โรควิตกกังวล (F40-F48),F43,"",อื่นๆ/ไม่ทราบ,0-14 ปี,1
code,DIAGNOSIS_OPD,ควนกาหลง,11403,โรงพยาบาลควนกาหลง,โรควิตกกังวล (F40-F48),F43,1,1: ในเขต มีชื่อ+อยู่จริง,15-29 ปี,3
code,DIAGNOSIS_OPD,ควนกาหลง,11403,โรงพยาบาลควนกาหลง,โรควิตกกังวล (F40-F48),F43,1,1: ในเขต มีชื่อ+อยู่จริง,30-44 ปี,2
code,DIAGNOSIS_OPD,ควนกาหลง,11403,โรงพยาบาลควนกาหลง,โรควิตกกังวล (F40-F48),F43,1,1: ในเขต มีชื่อ+อยู่จริง,45-59 ปี,3
code,DIAGNOSIS_OPD,ควนกาหลง,11403,โรงพยาบาลควนกาหลง,โรควิตกกังวล (F40-F48),F43,2,2: ในเขต มีชื่อ แต่ไม่อยู่จริง,30-44 ปี,1
code,DIAGNOSIS_OPD,ควนกาหลง,11403,โรงพยาบาลควนกาหลง,โรควิตกกังวล (F40-F48),F43,3,3: อาศัยในเขต ทะเบียนบ้านอยู่นอกเขต,15-29 ปี,1
code,DIAGNOSIS_OPD,ควนกาหลง,11403,โรงพยาบาลควนกาหลง,โรควิตกกังวล (F40-F48),F43,3,3: อาศัยในเขต ทะเบียนบ้านอยู่นอกเขต,60-74 ปี,1
code,DIAGNOSIS_OPD,ควนกาหลง,11403,โรงพยาบาลควนกาหลง,โรควิตกกังวล (F40-F48),F43,4,4: นอกเขต มารับบริการ/เคยอยู่ในเขต,0-14 ปี,10
code,DIAGNOSIS_OPD,ควนกาหลง,11403,โรงพยาบาลควนกาหลง,โรควิตกกังวล (F40-F48),F43,4,4: นอกเขต มารับบริการ/เคยอยู่ในเขต,15-29 ปี,24
code,DIAGNOSIS_OPD,ควนกาหลง,11403,โรงพยาบาลควนกาหลง,โรควิตกกังวล (F40-F48),F43,4,4: นอกเขต มารับบริการ/เคยอยู่ในเขต,30-44 ปี,9
code,DIAGNOSIS_OPD,ควนกาหลง,11403,โรงพยาบาลควนกาหลง,โรควิตกกังวล (F40-F48),F43,4,4: นอกเขต มารับบริการ/เคยอยู่ในเขต,45-59 ปี,16
code,DIAGNOSIS_OPD,ควนกาหลง,11403,โรงพยาบาลควนกาหลง,โรควิตกกังวล (F40-F48),F43,4,4: นอกเขต มารับบริการ/เคยอยู่ในเขต,60-74 ปี,12
code,DIAGNOSIS_OPD,ควนกาหลง,11403,โรงพยาบาลควนกาหลง,โรควิตกกังวล (F40-F48),F43,4,4: นอกเขต มารับบริการ/เคยอยู่ในเขต,75 ปีขึ้นไป,2
code,DIAGNOSIS_OPD,ควนกาหลง,11403,โรงพยาบาลควนกาหลง,โรควิตกกังวล (F40-F48),F44,4,4: นอกเขต มารับบริการ/เคยอยู่ในเขต,30-44 ปี,2
code,DIAGNOSIS_OPD,ควนกาหลง,11403,โรงพยาบาลควนกาหลง,โรควิตกกังวล (F40-F48),F45,"",อื่นๆ/ไม่ทราบ,0-14 ปี,1
code,DIAGNOSIS_OPD,ควนกาหลง,11403,โรงพยาบาลควนกาหลง,โรควิตกกังวล (F40-F48),F45,"",อื่นๆ/ไม่ทราบ,15-29 ปี,3
code,DIAGNOSIS_OPD,ควนกาหลง,11403,โรงพยาบาลควนกาหลง,โรควิตกกังวล (F40-F48),F45,1,1: ในเขต มีชื่อ+อยู่จริง,0-14 ปี,2
code,DIAGNOSIS_OPD,ควนกาหลง,11403,โรงพยาบาลควนกาหลง,โรควิตกกังวล (F40-F48),F45,1,1: ในเขต มีชื่อ+อยู่จริง,15-29 ปี,8
code,DIAGNOSIS_OPD,ควนกาหลง,11403,โรงพยาบาลควนกาหลง,โรควิตกกังวล (F40-F48),F45,1,1: ในเขต มีชื่อ+อยู่จริง,45-59 ปี,4
code,DIAGNOSIS_OPD,ควนกาหลง,11403,โรงพยาบาลควนกาหลง,โรควิตกกังวล (F40-F48),F45,1,1: ในเขต มีชื่อ+อยู่จริง,60-74 ปี,2
code,DIAGNOSIS_OPD,ควนกาหลง,11403,โรงพยาบาลควนกาหลง,โรควิตกกังวล (F40-F48),F45,1,1: ในเขต มีชื่อ+อยู่จริง,75 ปีขึ้นไป,1
code,DIAGNOSIS_OPD,ควนกาหลง,11403,โรงพยาบาลควนกาหลง,โรควิตกกังวล (F40-F48),F45,2,2: ในเขต มีชื่อ แต่ไม่อยู่จริง,0-14 ปี,3
code,DIAGNOSIS_OPD,ควนกาหลง,11403,โรงพยาบาลควนกาหลง,โรควิตกกังวล (F40-F48),F45,3,3: อาศัยในเขต ทะเบียนบ้านอยู่นอกเขต,15-29 ปี,2
code,DIAGNOSIS_OPD,ควนกาหลง,11403,โรงพยาบาลควนกาหลง,โรควิตกกังวล (F40-F48),F45,4,4: นอกเขต มารับบริการ/เคยอยู่ในเขต,0-14 ปี,31
code,DIAGNOSIS_OPD,ควนกาหลง,11403,โรงพยาบาลควนกาหลง,โรควิตกกังวล (F40-F48),F45,4,4: นอกเขต มารับบริการ/เคยอยู่ในเขต,15-29 ปี,74
code,DIAGNOSIS_OPD,ควนกาหลง,11403,โรงพยาบาลควนกาหลง,โรควิตกกังวล (F40-F48),F45,4,4: นอกเขต มารับบริการ/เคยอยู่ในเขต,30-44 ปี,21
code,DIAGNOSIS_OPD,ควนกาหลง,11403,โรงพยาบาลควนกาหลง,โรควิตกกังวล (F40-F48),F45,4,4: นอกเขต มารับบริการ/เคยอยู่ในเขต,45-59 ปี,17
code,DIAGNOSIS_OPD,ควนกาหลง,11403,โรงพยาบาลควนกาหลง,โรควิตกกังวล (F40-F48),F45,4,4: นอกเขต มารับบริการ/เคยอยู่ในเขต,60-74 ปี,11
code,DIAGNOSIS_OPD,ควนกาหลง,11403,โรงพยาบาลควนกาหลง,โรควิตกกังวล (F40-F48),F45,4,4: นอกเขต มารับบริการ/เคยอยู่ในเขต,75 ปีขึ้นไป,4
code,DIAGNOSIS_OPD,ควนกาหลง,11403,โรงพยาบาลควนกาหลง,โรควิตกกังวล (F40-F48),F48,4,4: นอกเขต มารับบริการ/เคยอยู่ในเขต,45-59 ปี,1
code,DIAGNOSIS_OPD,ควนกาหลง,11403,โรงพยาบาลควนกาหลง,โรคสมองเสื่อม (F00-F03),F00,4,4: นอกเขต มารับบริการ/เคยอยู่ในเขต,60-74 ปี,3
code,DIAGNOSIS_OPD,ควนกาหลง,11403,โรงพยาบาลควนกาหลง,โรคสมองเสื่อม (F00-F03),F00,4,4: นอกเขต มารับบริการ/เคยอยู่ในเขต,75 ปีขึ้นไป,1
code,DIAGNOSIS_OPD,ควนกาหลง,11403,โรงพยาบาลควนกาหลง,โรคสมองเสื่อม (F00-F03),F01,4,4: นอกเขต มารับบริการ/เคยอยู่ในเขต,60-74 ปี,1
code,DIAGNOSIS_OPD,ควนกาหลง,11403,โรงพยาบาลควนกาหลง,โรคสมองเสื่อม (F00-F03),F01,4,4: นอกเขต มารับบริการ/เคยอยู่ในเขต,75 ปีขึ้นไป,1
code,DIAGNOSIS_OPD,ควนกาหลง,11403,โรงพยาบาลควนกาหลง,โรคสมองเสื่อม (F00-F03),F02,4,4: นอกเขต มารับบริการ/เคยอยู่ในเขต,60-74 ปี,1
code,DIAGNOSIS_OPD,ควนกาหลง,11403,โรงพยาบาลควนกาหลง,โรคสมองเสื่อม (F00-F03),F03,4,4: นอกเขต มารับบริการ/เคยอยู่ในเขต,30-44 ปี,1
code,DIAGNOSIS_OPD,ควนกาหลง,11403,โรงพยาบาลควนกาหลง,โรคสมองเสื่อม (F00-F03),F03,4,4: นอกเขต มารับบริการ/เคยอยู่ในเขต,45-59 ปี,1
code,DIAGNOSIS_OPD,ควนกาหลง,11403,โรงพยาบาลควนกาหลง,โรคสมองเสื่อม (F00-F03),F03,4,4: นอกเขต มารับบริการ/เคยอยู่ในเขต,60-74 ปี,1
code,DIAGNOSIS_OPD,ควนกาหลง,11403,โรงพยาบาลควนกาหลง,โรคสมองเสื่อม (F00-F03),F03,4,4: นอกเขต มารับบริการ/เคยอยู่ในเขต,75 ปีขึ้นไป,4
code,DIAGNOSIS_OPD,ควนกาหลง,11403,โรงพยาบาลควนกาหลง,โรคสมาธิสั้น (F90),F90,"",อื่นๆ/ไม่ทราบ,0-14 ปี,2
code,DIAGNOSIS_OPD,ควนกาหลง,11403,โรงพยาบาลควนกาหลง,โรคสมาธิสั้น (F90),F90,1,1: ในเขต มีชื่อ+อยู่จริง,0-14 ปี,7
code,DIAGNOSIS_OPD,ควนกาหลง,11403,โรงพยาบาลควนกาหลง,โรคสมาธิสั้น (F90),F90,2,2: ในเขต มีชื่อ แต่ไม่อยู่จริง,0-14 ปี,7
code,DIAGNOSIS_OPD,ควนกาหลง,11403,โรงพยาบาลควนกาหลง,โรคสมาธิสั้น (F90),F90,3,3: อาศัยในเขต ทะเบียนบ้านอยู่นอกเขต,0-14 ปี,2
code,DIAGNOSIS_OPD,ควนกาหลง,11403,โรงพยาบาลควนกาหลง,โรคสมาธิสั้น (F90),F90,4,4: นอกเขต มารับบริการ/เคยอยู่ในเขต,0-14 ปี,73
code,DIAGNOSIS_OPD,ควนกาหลง,11403,โรงพยาบาลควนกาหลง,โรคสมาธิสั้น (F90),F90,4,4: นอกเขต มารับบริการ/เคยอยู่ในเขต,15-29 ปี,9
code,DIAGNOSIS_OPD,ควนกาหลง,11403,โรงพยาบาลควนกาหลง,โรคออทิสติก (F84),F84,1,1: ในเขต มีชื่อ+อยู่จริง,0-14 ปี,2
code,DIAGNOSIS_OPD,ควนกาหลง,11403,โรงพยาบาลควนกาหลง,โรคออทิสติก (F84),F84,1,1: ในเขต มีชื่อ+อยู่จริง,15-29 ปี,1
code,DIAGNOSIS_OPD,ควนกาหลง,11403,โรงพยาบาลควนกาหลง,โรคออทิสติก (F84),F84,2,2: ในเขต มีชื่อ แต่ไม่อยู่จริง,0-14 ปี,1
code,DIAGNOSIS_OPD,ควนกาหลง,11403,โรงพยาบาลควนกาหลง,โรคออทิสติก (F84),F84,4,4: นอกเขต มารับบริการ/เคยอยู่ในเขต,0-14 ปี,14
code,DIAGNOSIS_OPD,ควนกาหลง,11403,โรงพยาบาลควนกาหลง,โรคออทิสติก (F84),F84,4,4: นอกเขต มารับบริการ/เคยอยู่ในเขต,15-29 ปี,3
code,DIAGNOSIS_OPD,ควนกาหลง,11403,โรงพยาบาลควนกาหลง,โรคอารมณ์สองขั้ว (F31),F31,"",อื่นๆ/ไม่ทราบ,30-44 ปี,1
code,DIAGNOSIS_OPD,ควนกาหลง,11403,โรงพยาบาลควนกาหลง,โรคอารมณ์สองขั้ว (F31),F31,1,1: ในเขต มีชื่อ+อยู่จริง,15-29 ปี,1
code,DIAGNOSIS_OPD,ควนกาหลง,11403,โรงพยาบาลควนกาหลง,โรคอารมณ์สองขั้ว (F31),F31,1,1: ในเขต มีชื่อ+อยู่จริง,45-59 ปี,1
code,DIAGNOSIS_OPD,ควนกาหลง,11403,โรงพยาบาลควนกาหลง,โรคอารมณ์สองขั้ว (F31),F31,4,4: นอกเขต มารับบริการ/เคยอยู่ในเขต,15-29 ปี,2
code,DIAGNOSIS_OPD,ควนกาหลง,11403,โรงพยาบาลควนกาหลง,โรคอารมณ์สองขั้ว (F31),F31,4,4: นอกเขต มารับบริการ/เคยอยู่ในเขต,30-44 ปี,8
code,DIAGNOSIS_OPD,ควนกาหลง,11403,โรงพยาบาลควนกาหลง,โรคอารมณ์สองขั้ว (F31),F31,4,4: นอกเขต มารับบริการ/เคยอยู่ในเขต,45-59 ปี,6
code,DIAGNOSIS_OPD,ควนกาหลง,11403,โรงพยาบาลควนกาหลง,โรคอารมณ์สองขั้ว (F31),F31,4,4: นอกเขต มารับบริการ/เคยอยู่ในเขต,60-74 ปี,2
code,DIAGNOSIS_OPD,ควนกาหลง,09625,โรงพยาบาลส่งเสริมสุขภาพตำบลควนกาหลง,"โรคทางจิตเวชอื่นๆ (F04-F09,F50-F69,F80,F82-F83,F88-F89,F91-F99 ยกเว้น F638,F988)",F51,1,1: ในเขต มีชื่อ+อยู่จริง,30-44 ปี,1
code,DIAGNOSIS_OPD,ควนกาหลง,09625,โรงพยาบาลส่งเสริมสุขภาพตำบลควนกาหลง,"โรคทางจิตเวชอื่นๆ (F04-F09,F50-F69,F80,F82-F83,F88-F89,F91-F99 ยกเว้น F638,F988)",F62,1,1: ในเขต มีชื่อ+อยู่จริง,30-44 ปี,1
code,DIAGNOSIS_OPD,ควนกาหลง,09625,โรงพยาบาลส่งเสริมสุขภาพตำบลควนกาหลง,"โรคทางจิตเวชอื่นๆ (F04-F09,F50-F69,F80,F82-F83,F88-F89,F91-F99 ยกเว้น F638,F988)",F62,4,4: นอกเขต มารับบริการ/เคยอยู่ในเขต,30-44 ปี,1
code,DIAGNOSIS_OPD,ควนกาหลง,09625,โรงพยาบาลส่งเสริมสุขภาพตำบลควนกาหลง,"โรคทางจิตเวชอื่นๆ (F04-F09,F50-F69,F80,F82-F83,F88-F89,F91-F99 ยกเว้น F638,F988)",F99,1,1: ในเขต มีชื่อ+อยู่จริง,30-44 ปี,1
code,DIAGNOSIS_OPD,ควนกาหลง,09625,โรงพยาบาลส่งเสริมสุขภาพตำบลควนกาหลง,โรควิตกกังวล (F40-F48),F48,1,1: ในเขต มีชื่อ+อยู่จริง,15-29 ปี,2
code,DIAGNOSIS_OPD,ควนกาหลง,09625,โรงพยาบาลส่งเสริมสุขภาพตำบลควนกาหลง,โรควิตกกังวล (F40-F48),F48,1,1: ในเขต มีชื่อ+อยู่จริง,30-44 ปี,1
code,DIAGNOSIS_OPD,ควนกาหลง,09625,โรงพยาบาลส่งเสริมสุขภาพตำบลควนกาหลง,โรควิตกกังวล (F40-F48),F48,1,1: ในเขต มีชื่อ+อยู่จริง,45-59 ปี,4
code,DIAGNOSIS_OPD,ควนกาหลง,09625,โรงพยาบาลส่งเสริมสุขภาพตำบลควนกาหลง,โรควิตกกังวล (F40-F48),F48,1,1: ในเขต มีชื่อ+อยู่จริง,60-74 ปี,2
code,DIAGNOSIS_OPD,ควนกาหลง,09625,โรงพยาบาลส่งเสริมสุขภาพตำบลควนกาหลง,โรควิตกกังวล (F40-F48),F48,1,1: ในเขต มีชื่อ+อยู่จริง,75 ปีขึ้นไป,4
code,DIAGNOSIS_OPD,ควนกาหลง,09625,โรงพยาบาลส่งเสริมสุขภาพตำบลควนกาหลง,โรควิตกกังวล (F40-F48),F48,2,2: ในเขต มีชื่อ แต่ไม่อยู่จริง,60-74 ปี,1
code,DIAGNOSIS_OPD,ควนกาหลง,09625,โรงพยาบาลส่งเสริมสุขภาพตำบลควนกาหลง,โรควิตกกังวล (F40-F48),F48,3,3: อาศัยในเขต ทะเบียนบ้านอยู่นอกเขต,45-59 ปี,1
code,DIAGNOSIS_OPD,ควนกาหลง,09627,โรงพยาบาลส่งเสริมสุขภาพตำบลทุ่งนุ้ย,โรคจิตอื่นๆ (F21-F29),F29,1,1: ในเขต มีชื่อ+อยู่จริง,45-59 ปี,1
code,DIAGNOSIS_OPD,ควนกาหลง,09627,โรงพยาบาลส่งเสริมสุขภาพตำบลทุ่งนุ้ย,โรคจิตเภท (F20),F20,1,1: ในเขต มีชื่อ+อยู่จริง,30-44 ปี,1
code,DIAGNOSIS_OPD,ควนกาหลง,09627,โรงพยาบาลส่งเสริมสุขภาพตำบลทุ่งนุ้ย,โรคจิตเภท (F20),F20,4,4: นอกเขต มารับบริการ/เคยอยู่ในเขต,30-44 ปี,1
code,DIAGNOSIS_OPD,ควนกาหลง,09627,โรงพยาบาลส่งเสริมสุขภาพตำบลทุ่งนุ้ย,โรคจิตเภท (F20),F20,4,4: นอกเขต มารับบริการ/เคยอยู่ในเขต,60-74 ปี,1
code,DIAGNOSIS_OPD,ควนกาหลง,09627,โรงพยาบาลส่งเสริมสุขภาพตำบลทุ่งนุ้ย,"โรคซึมเศร้า (F32,F33,F341,F38,F39)",F32,4,4: นอกเขต มารับบริการ/เคยอยู่ในเขต,15-29 ปี,1
code,DIAGNOSIS_OPD,ควนกาหลง,09627,โรงพยาบาลส่งเสริมสุขภาพตำบลทุ่งนุ้ย,"โรคทางจิตเวชอื่นๆ (F04-F09,F50-F69,F80,F82-F83,F88-F89,F91-F99 ยกเว้น F638,F988)",F50,1,1: ในเขต มีชื่อ+อยู่จริง,0-14 ปี,1
code,DIAGNOSIS_OPD,ควนกาหลง,09627,โรงพยาบาลส่งเสริมสุขภาพตำบลทุ่งนุ้ย,"โรคทางจิตเวชอื่นๆ (F04-F09,F50-F69,F80,F82-F83,F88-F89,F91-F99 ยกเว้น F638,F988)",F51,1,1: ในเขต มีชื่อ+อยู่จริง,15-29 ปี,1
code,DIAGNOSIS_OPD,ควนกาหลง,09627,โรงพยาบาลส่งเสริมสุขภาพตำบลทุ่งนุ้ย,"โรคทางจิตเวชอื่นๆ (F04-F09,F50-F69,F80,F82-F83,F88-F89,F91-F99 ยกเว้น F638,F988)",F51,1,1: ในเขต มีชื่อ+อยู่จริง,60-74 ปี,2
code,DIAGNOSIS_OPD,ควนกาหลง,09627,โรงพยาบาลส่งเสริมสุขภาพตำบลทุ่งนุ้ย,"โรคทางจิตเวชอื่นๆ (F04-F09,F50-F69,F80,F82-F83,F88-F89,F91-F99 ยกเว้น F638,F988)",F51,1,1: ในเขต มีชื่อ+อยู่จริง,75 ปีขึ้นไป,1
code,DIAGNOSIS_OPD,ควนกาหลง,09627,โรงพยาบาลส่งเสริมสุขภาพตำบลทุ่งนุ้ย,"โรคทางจิตเวชอื่นๆ (F04-F09,F50-F69,F80,F82-F83,F88-F89,F91-F99 ยกเว้น F638,F988)",F62,4,4: นอกเขต มารับบริการ/เคยอยู่ในเขต,30-44 ปี,1
code,DIAGNOSIS_OPD,ควนกาหลง,09627,โรงพยาบาลส่งเสริมสุขภาพตำบลทุ่งนุ้ย,โรควิตกกังวล (F40-F48),F41,1,1: ในเขต มีชื่อ+อยู่จริง,15-29 ปี,1
code,DIAGNOSIS_OPD,ควนกาหลง,09627,โรงพยาบาลส่งเสริมสุขภาพตำบลทุ่งนุ้ย,โรควิตกกังวล (F40-F48),F41,1,1: ในเขต มีชื่อ+อยู่จริง,30-44 ปี,1
code,DIAGNOSIS_OPD,ควนกาหลง,09627,โรงพยาบาลส่งเสริมสุขภาพตำบลทุ่งนุ้ย,โรควิตกกังวล (F40-F48),F41,1,1: ในเขต มีชื่อ+อยู่จริง,60-74 ปี,1
code,DIAGNOSIS_OPD,ควนกาหลง,09627,โรงพยาบาลส่งเสริมสุขภาพตำบลทุ่งนุ้ย,โรควิตกกังวล (F40-F48),F41,4,4: นอกเขต มารับบริการ/เคยอยู่ในเขต,15-29 ปี,1
code,DIAGNOSIS_OPD,ควนกาหลง,09627,โรงพยาบาลส่งเสริมสุขภาพตำบลทุ่งนุ้ย,โรควิตกกังวล (F40-F48),F41,4,4: นอกเขต มารับบริการ/เคยอยู่ในเขต,30-44 ปี,1
code,DIAGNOSIS_OPD,ควนกาหลง,09627,โรงพยาบาลส่งเสริมสุขภาพตำบลทุ่งนุ้ย,โรควิตกกังวล (F40-F48),F41,4,4: นอกเขต มารับบริการ/เคยอยู่ในเขต,45-59 ปี,1
code,DIAGNOSIS_OPD,ควนกาหลง,09627,โรงพยาบาลส่งเสริมสุขภาพตำบลทุ่งนุ้ย,โรควิตกกังวล (F40-F48),F41,4,4: นอกเขต มารับบริการ/เคยอยู่ในเขต,60-74 ปี,1
code,DIAGNOSIS_OPD,ควนกาหลง,09627,โรงพยาบาลส่งเสริมสุขภาพตำบลทุ่งนุ้ย,โรควิตกกังวล (F40-F48),F45,1,1: ในเขต มีชื่อ+อยู่จริง,15-29 ปี,1
code,DIAGNOSIS_OPD,ควนกาหลง,09627,โรงพยาบาลส่งเสริมสุขภาพตำบลทุ่งนุ้ย,โรควิตกกังวล (F40-F48),F45,1,1: ในเขต มีชื่อ+อยู่จริง,30-44 ปี,1
code,DIAGNOSIS_OPD,ควนกาหลง,09627,โรงพยาบาลส่งเสริมสุขภาพตำบลทุ่งนุ้ย,โรคอารมณ์สองขั้ว (F31),F31,1,1: ในเขต มีชื่อ+อยู่จริง,30-44 ปี,1
code,DIAGNOSIS_OPD,ควนกาหลง,14096,โรงพยาบาลส่งเสริมสุขภาพตำบลบ้านกะทูน-พิปูนล้นเกล้า,พยายามฆ่าตัวตาย/ตั้งใจทำร้ายตนเอง (X60-X84),X78,1,1: ในเขต มีชื่อ+อยู่จริง,0-14 ปี,2
code,DIAGNOSIS_OPD,ควนกาหลง,14096,โรงพยาบาลส่งเสริมสุขภาพตำบลบ้านกะทูน-พิปูนล้นเกล้า,พยายามฆ่าตัวตาย/ตั้งใจทำร้ายตนเอง (X60-X84),X78,1,1: ในเขต มีชื่อ+อยู่จริง,30-44 ปี,3
code,DIAGNOSIS_OPD,ควนกาหลง,14096,โรงพยาบาลส่งเสริมสุขภาพตำบลบ้านกะทูน-พิปูนล้นเกล้า,พยายามฆ่าตัวตาย/ตั้งใจทำร้ายตนเอง (X60-X84),X78,1,1: ในเขต มีชื่อ+อยู่จริง,45-59 ปี,1
code,DIAGNOSIS_OPD,ควนกาหลง,14096,โรงพยาบาลส่งเสริมสุขภาพตำบลบ้านกะทูน-พิปูนล้นเกล้า,พยายามฆ่าตัวตาย/ตั้งใจทำร้ายตนเอง (X60-X84),X78,1,1: ในเขต มีชื่อ+อยู่จริง,75 ปีขึ้นไป,1
code,DIAGNOSIS_OPD,ควนกาหลง,14096,โรงพยาบาลส่งเสริมสุขภาพตำบลบ้านกะทูน-พิปูนล้นเกล้า,พยายามฆ่าตัวตาย/ตั้งใจทำร้ายตนเอง (X60-X84),X78,2,2: ในเขต มีชื่อ แต่ไม่อยู่จริง,30-44 ปี,1
code,DIAGNOSIS_OPD,ควนกาหลง,14096,โรงพยาบาลส่งเสริมสุขภาพตำบลบ้านกะทูน-พิปูนล้นเกล้า,พยายามฆ่าตัวตาย/ตั้งใจทำร้ายตนเอง (X60-X84),X78,4,4: นอกเขต มารับบริการ/เคยอยู่ในเขต,0-14 ปี,1
code,DIAGNOSIS_OPD,ควนกาหลง,14096,โรงพยาบาลส่งเสริมสุขภาพตำบลบ้านกะทูน-พิปูนล้นเกล้า,พยายามฆ่าตัวตาย/ตั้งใจทำร้ายตนเอง (X60-X84),X78,4,4: นอกเขต มารับบริการ/เคยอยู่ในเขต,45-59 ปี,2
code,DIAGNOSIS_OPD,ควนกาหลง,14096,โรงพยาบาลส่งเสริมสุขภาพตำบลบ้านกะทูน-พิปูนล้นเกล้า,โรคจิตเภท (F20),F20,1,1: ในเขต มีชื่อ+อยู่จริง,45-59 ปี,2
code,DIAGNOSIS_OPD,ควนกาหลง,14096,โรงพยาบาลส่งเสริมสุขภาพตำบลบ้านกะทูน-พิปูนล้นเกล้า,"โรคทางจิตเวชอื่นๆ (F04-F09,F50-F69,F80,F82-F83,F88-F89,F91-F99 ยกเว้น F638,F988)",F06,1,1: ในเขต มีชื่อ+อยู่จริง,30-44 ปี,1
code,DIAGNOSIS_OPD,ควนกาหลง,14096,โรงพยาบาลส่งเสริมสุขภาพตำบลบ้านกะทูน-พิปูนล้นเกล้า,"โรคทางจิตเวชอื่นๆ (F04-F09,F50-F69,F80,F82-F83,F88-F89,F91-F99 ยกเว้น F638,F988)",F50,1,1: ในเขต มีชื่อ+อยู่จริง,75 ปีขึ้นไป,1
code,DIAGNOSIS_OPD,ควนกาหลง,14096,โรงพยาบาลส่งเสริมสุขภาพตำบลบ้านกะทูน-พิปูนล้นเกล้า,"โรคทางจิตเวชอื่นๆ (F04-F09,F50-F69,F80,F82-F83,F88-F89,F91-F99 ยกเว้น F638,F988)",F51,1,1: ในเขต มีชื่อ+อยู่จริง,45-59 ปี,4
code,DIAGNOSIS_OPD,ควนกาหลง,14096,โรงพยาบาลส่งเสริมสุขภาพตำบลบ้านกะทูน-พิปูนล้นเกล้า,"โรคทางจิตเวชอื่นๆ (F04-F09,F50-F69,F80,F82-F83,F88-F89,F91-F99 ยกเว้น F638,F988)",F51,1,1: ในเขต มีชื่อ+อยู่จริง,60-74 ปี,2
code,DIAGNOSIS_OPD,ควนกาหลง,14096,โรงพยาบาลส่งเสริมสุขภาพตำบลบ้านกะทูน-พิปูนล้นเกล้า,"โรคทางจิตเวชอื่นๆ (F04-F09,F50-F69,F80,F82-F83,F88-F89,F91-F99 ยกเว้น F638,F988)",F51,1,1: ในเขต มีชื่อ+อยู่จริง,75 ปีขึ้นไป,1
code,DIAGNOSIS_OPD,ควนกาหลง,14096,โรงพยาบาลส่งเสริมสุขภาพตำบลบ้านกะทูน-พิปูนล้นเกล้า,"โรคทางจิตเวชอื่นๆ (F04-F09,F50-F69,F80,F82-F83,F88-F89,F91-F99 ยกเว้น F638,F988)",F51,4,4: นอกเขต มารับบริการ/เคยอยู่ในเขต,0-14 ปี,1
code,DIAGNOSIS_OPD,ควนกาหลง,14096,โรงพยาบาลส่งเสริมสุขภาพตำบลบ้านกะทูน-พิปูนล้นเกล้า,"โรคทางจิตเวชอื่นๆ (F04-F09,F50-F69,F80,F82-F83,F88-F89,F91-F99 ยกเว้น F638,F988)",F51,4,4: นอกเขต มารับบริการ/เคยอยู่ในเขต,30-44 ปี,1
code,DIAGNOSIS_OPD,ควนกาหลง,14096,โรงพยาบาลส่งเสริมสุขภาพตำบลบ้านกะทูน-พิปูนล้นเกล้า,"โรคทางจิตเวชอื่นๆ (F04-F09,F50-F69,F80,F82-F83,F88-F89,F91-F99 ยกเว้น F638,F988)",F55,1,1: ในเขต มีชื่อ+อยู่จริง,30-44 ปี,1
code,DIAGNOSIS_OPD,ควนกาหลง,14096,โรงพยาบาลส่งเสริมสุขภาพตำบลบ้านกะทูน-พิปูนล้นเกล้า,โรควิตกกังวล (F40-F48),F45,1,1: ในเขต มีชื่อ+อยู่จริง,0-14 ปี,1
code,DIAGNOSIS_OPD,ควนกาหลง,14096,โรงพยาบาลส่งเสริมสุขภาพตำบลบ้านกะทูน-พิปูนล้นเกล้า,โรควิตกกังวล (F40-F48),F45,1,1: ในเขต มีชื่อ+อยู่จริง,15-29 ปี,2
code,DIAGNOSIS_OPD,ควนกาหลง,14096,โรงพยาบาลส่งเสริมสุขภาพตำบลบ้านกะทูน-พิปูนล้นเกล้า,โรควิตกกังวล (F40-F48),F45,1,1: ในเขต มีชื่อ+อยู่จริง,45-59 ปี,6
code,DIAGNOSIS_OPD,ควนกาหลง,14096,โรงพยาบาลส่งเสริมสุขภาพตำบลบ้านกะทูน-พิปูนล้นเกล้า,โรควิตกกังวล (F40-F48),F45,1,1: ในเขต มีชื่อ+อยู่จริง,60-74 ปี,5
code,DIAGNOSIS_OPD,ควนกาหลง,14096,โรงพยาบาลส่งเสริมสุขภาพตำบลบ้านกะทูน-พิปูนล้นเกล้า,โรควิตกกังวล (F40-F48),F45,1,1: ในเขต มีชื่อ+อยู่จริง,75 ปีขึ้นไป,5
code,DIAGNOSIS_OPD,ควนกาหลง,14096,โรงพยาบาลส่งเสริมสุขภาพตำบลบ้านกะทูน-พิปูนล้นเกล้า,โรควิตกกังวล (F40-F48),F48,1,1: ในเขต มีชื่อ+อยู่จริง,60-74 ปี,1
code,DIAGNOSIS_OPD,ควนกาหลง,09626,โรงพยาบาลส่งเสริมสุขภาพตำบลบ้านควนบ่อทอง ตำบลทุ่งนุ้ย,โรคจิตเภท (F20),F20,1,1: ในเขต มีชื่อ+อยู่จริง,15-29 ปี,1
code,DIAGNOSIS_OPD,ควนกาหลง,09626,โรงพยาบาลส่งเสริมสุขภาพตำบลบ้านควนบ่อทอง ตำบลทุ่งนุ้ย,โรคจิตเภท (F20),F20,1,1: ในเขต มีชื่อ+อยู่จริง,30-44 ปี,1
code,DIAGNOSIS_OPD,ควนกาหลง,09626,โรงพยาบาลส่งเสริมสุขภาพตำบลบ้านควนบ่อทอง ตำบลทุ่งนุ้ย,โรคจิตเภท (F20),F20,1,1: ในเขต มีชื่อ+อยู่จริง,60-74 ปี,1
code,DIAGNOSIS_OPD,ควนกาหลง,09626,โรงพยาบาลส่งเสริมสุขภาพตำบลบ้านควนบ่อทอง ตำบลทุ่งนุ้ย,โรคจิตเภท (F20),F20,2,2: ในเขต มีชื่อ แต่ไม่อยู่จริง,30-44 ปี,2
code,DIAGNOSIS_OPD,ควนกาหลง,09626,โรงพยาบาลส่งเสริมสุขภาพตำบลบ้านควนบ่อทอง ตำบลทุ่งนุ้ย,"โรคทางจิตเวชอื่นๆ (F04-F09,F50-F69,F80,F82-F83,F88-F89,F91-F99 ยกเว้น F638,F988)",F09,1,1: ในเขต มีชื่อ+อยู่จริง,30-44 ปี,1
code,DIAGNOSIS_OPD,ควนกาหลง,09626,โรงพยาบาลส่งเสริมสุขภาพตำบลบ้านควนบ่อทอง ตำบลทุ่งนุ้ย,"โรคทางจิตเวชอื่นๆ (F04-F09,F50-F69,F80,F82-F83,F88-F89,F91-F99 ยกเว้น F638,F988)",F09,1,1: ในเขต มีชื่อ+อยู่จริง,60-74 ปี,1
code,DIAGNOSIS_OPD,ควนกาหลง,09626,โรงพยาบาลส่งเสริมสุขภาพตำบลบ้านควนบ่อทอง ตำบลทุ่งนุ้ย,"โรคทางจิตเวชอื่นๆ (F04-F09,F50-F69,F80,F82-F83,F88-F89,F91-F99 ยกเว้น F638,F988)",F50,1,1: ในเขต มีชื่อ+อยู่จริง,60-74 ปี,1
code,DIAGNOSIS_OPD,ควนกาหลง,09626,โรงพยาบาลส่งเสริมสุขภาพตำบลบ้านควนบ่อทอง ตำบลทุ่งนุ้ย,"โรคทางจิตเวชอื่นๆ (F04-F09,F50-F69,F80,F82-F83,F88-F89,F91-F99 ยกเว้น F638,F988)",F51,1,1: ในเขต มีชื่อ+อยู่จริง,45-59 ปี,1
code,DIAGNOSIS_OPD,ควนกาหลง,09626,โรงพยาบาลส่งเสริมสุขภาพตำบลบ้านควนบ่อทอง ตำบลทุ่งนุ้ย,"โรคทางจิตเวชอื่นๆ (F04-F09,F50-F69,F80,F82-F83,F88-F89,F91-F99 ยกเว้น F638,F988)",F51,1,1: ในเขต มีชื่อ+อยู่จริง,60-74 ปี,3
code,DIAGNOSIS_OPD,ควนกาหลง,09626,โรงพยาบาลส่งเสริมสุขภาพตำบลบ้านควนบ่อทอง ตำบลทุ่งนุ้ย,"โรคทางจิตเวชอื่นๆ (F04-F09,F50-F69,F80,F82-F83,F88-F89,F91-F99 ยกเว้น F638,F988)",F51,1,1: ในเขต มีชื่อ+อยู่จริง,75 ปีขึ้นไป,2
code,DIAGNOSIS_OPD,ควนกาหลง,09626,โรงพยาบาลส่งเสริมสุขภาพตำบลบ้านควนบ่อทอง ตำบลทุ่งนุ้ย,"โรคทางจิตเวชอื่นๆ (F04-F09,F50-F69,F80,F82-F83,F88-F89,F91-F99 ยกเว้น F638,F988)",F51,2,2: ในเขต มีชื่อ แต่ไม่อยู่จริง,45-59 ปี,1
code,DIAGNOSIS_OPD,ควนกาหลง,09626,โรงพยาบาลส่งเสริมสุขภาพตำบลบ้านควนบ่อทอง ตำบลทุ่งนุ้ย,"โรคทางจิตเวชอื่นๆ (F04-F09,F50-F69,F80,F82-F83,F88-F89,F91-F99 ยกเว้น F638,F988)",F55,1,1: ในเขต มีชื่อ+อยู่จริง,30-44 ปี,1
code,DIAGNOSIS_OPD,ควนกาหลง,09626,โรงพยาบาลส่งเสริมสุขภาพตำบลบ้านควนบ่อทอง ตำบลทุ่งนุ้ย,"โรคทางจิตเวชอื่นๆ (F04-F09,F50-F69,F80,F82-F83,F88-F89,F91-F99 ยกเว้น F638,F988)",F55,1,1: ในเขต มีชื่อ+อยู่จริง,45-59 ปี,1
code,DIAGNOSIS_OPD,ควนกาหลง,09626,โรงพยาบาลส่งเสริมสุขภาพตำบลบ้านควนบ่อทอง ตำบลทุ่งนุ้ย,"โรคทางจิตเวชอื่นๆ (F04-F09,F50-F69,F80,F82-F83,F88-F89,F91-F99 ยกเว้น F638,F988)",F55,1,1: ในเขต มีชื่อ+อยู่จริง,60-74 ปี,2
code,DIAGNOSIS_OPD,ควนกาหลง,09626,โรงพยาบาลส่งเสริมสุขภาพตำบลบ้านควนบ่อทอง ตำบลทุ่งนุ้ย,โรควิตกกังวล (F40-F48),F41,1,1: ในเขต มีชื่อ+อยู่จริง,45-59 ปี,1
code,DIAGNOSIS_OPD,ควนกาหลง,09628,โรงพยาบาลส่งเสริมสุขภาพตำบลบ้านผัง 34  ตำบลอุใดเจริญ,ติดยาบ้า Amphetamine (F15),F15,1,1: ในเขต มีชื่อ+อยู่จริง,30-44 ปี,1
code,DIAGNOSIS_OPD,ควนกาหลง,09628,โรงพยาบาลส่งเสริมสุขภาพตำบลบ้านผัง 34  ตำบลอุใดเจริญ,โรคจิตอื่นๆ (F21-F29),F25,1,1: ในเขต มีชื่อ+อยู่จริง,15-29 ปี,1
code,DIAGNOSIS_OPD,ควนกาหลง,09628,โรงพยาบาลส่งเสริมสุขภาพตำบลบ้านผัง 34  ตำบลอุใดเจริญ,โรคจิตอื่นๆ (F21-F29),F25,1,1: ในเขต มีชื่อ+อยู่จริง,30-44 ปี,1
code,DIAGNOSIS_OPD,ควนกาหลง,09628,โรงพยาบาลส่งเสริมสุขภาพตำบลบ้านผัง 34  ตำบลอุใดเจริญ,โรคจิตเภท (F20),F20,1,1: ในเขต มีชื่อ+อยู่จริง,30-44 ปี,1
code,DIAGNOSIS_OPD,ควนกาหลง,09628,โรงพยาบาลส่งเสริมสุขภาพตำบลบ้านผัง 34  ตำบลอุใดเจริญ,โรคจิตเภท (F20),F20,4,4: นอกเขต มารับบริการ/เคยอยู่ในเขต,30-44 ปี,1
code,DIAGNOSIS_OPD,ควนกาหลง,09628,โรงพยาบาลส่งเสริมสุขภาพตำบลบ้านผัง 34  ตำบลอุใดเจริญ,"โรคทางจิตเวชอื่นๆ (F04-F09,F50-F69,F80,F82-F83,F88-F89,F91-F99 ยกเว้น F638,F988)",F51,1,1: ในเขต มีชื่อ+อยู่จริง,30-44 ปี,2
code,DIAGNOSIS_OPD,ควนกาหลง,09628,โรงพยาบาลส่งเสริมสุขภาพตำบลบ้านผัง 34  ตำบลอุใดเจริญ,"โรคทางจิตเวชอื่นๆ (F04-F09,F50-F69,F80,F82-F83,F88-F89,F91-F99 ยกเว้น F638,F988)",F51,1,1: ในเขต มีชื่อ+อยู่จริง,45-59 ปี,8
code,DIAGNOSIS_OPD,ควนกาหลง,09628,โรงพยาบาลส่งเสริมสุขภาพตำบลบ้านผัง 34  ตำบลอุใดเจริญ,"โรคทางจิตเวชอื่นๆ (F04-F09,F50-F69,F80,F82-F83,F88-F89,F91-F99 ยกเว้น F638,F988)",F51,1,1: ในเขต มีชื่อ+อยู่จริง,60-74 ปี,10
code,DIAGNOSIS_OPD,ควนกาหลง,09628,โรงพยาบาลส่งเสริมสุขภาพตำบลบ้านผัง 34  ตำบลอุใดเจริญ,"โรคทางจิตเวชอื่นๆ (F04-F09,F50-F69,F80,F82-F83,F88-F89,F91-F99 ยกเว้น F638,F988)",F51,1,1: ในเขต มีชื่อ+อยู่จริง,75 ปีขึ้นไป,5
code,DIAGNOSIS_OPD,ควนกาหลง,09628,โรงพยาบาลส่งเสริมสุขภาพตำบลบ้านผัง 34  ตำบลอุใดเจริญ,"โรคทางจิตเวชอื่นๆ (F04-F09,F50-F69,F80,F82-F83,F88-F89,F91-F99 ยกเว้น F638,F988)",F51,2,2: ในเขต มีชื่อ แต่ไม่อยู่จริง,45-59 ปี,2
code,DIAGNOSIS_OPD,ควนกาหลง,09628,โรงพยาบาลส่งเสริมสุขภาพตำบลบ้านผัง 34  ตำบลอุใดเจริญ,"โรคทางจิตเวชอื่นๆ (F04-F09,F50-F69,F80,F82-F83,F88-F89,F91-F99 ยกเว้น F638,F988)",F51,2,2: ในเขต มีชื่อ แต่ไม่อยู่จริง,60-74 ปี,1
code,DIAGNOSIS_OPD,ควนกาหลง,09628,โรงพยาบาลส่งเสริมสุขภาพตำบลบ้านผัง 34  ตำบลอุใดเจริญ,"โรคทางจิตเวชอื่นๆ (F04-F09,F50-F69,F80,F82-F83,F88-F89,F91-F99 ยกเว้น F638,F988)",F51,4,4: นอกเขต มารับบริการ/เคยอยู่ในเขต,15-29 ปี,1
code,DIAGNOSIS_OPD,ควนกาหลง,09628,โรงพยาบาลส่งเสริมสุขภาพตำบลบ้านผัง 34  ตำบลอุใดเจริญ,"โรคทางจิตเวชอื่นๆ (F04-F09,F50-F69,F80,F82-F83,F88-F89,F91-F99 ยกเว้น F638,F988)",F55,1,1: ในเขต มีชื่อ+อยู่จริง,45-59 ปี,1
code,DIAGNOSIS_OPD,ควนกาหลง,09628,โรงพยาบาลส่งเสริมสุขภาพตำบลบ้านผัง 34  ตำบลอุใดเจริญ,"โรคทางจิตเวชอื่นๆ (F04-F09,F50-F69,F80,F82-F83,F88-F89,F91-F99 ยกเว้น F638,F988)",F98,1,1: ในเขต มีชื่อ+อยู่จริง,45-59 ปี,1
code,DIAGNOSIS_OPD,ควนกาหลง,09628,โรงพยาบาลส่งเสริมสุขภาพตำบลบ้านผัง 34  ตำบลอุใดเจริญ,โรควิตกกังวล (F40-F48),F41,1,1: ในเขต มีชื่อ+อยู่จริง,0-14 ปี,1
code,DIAGNOSIS_OPD,ควนกาหลง,09628,โรงพยาบาลส่งเสริมสุขภาพตำบลบ้านผัง 34  ตำบลอุใดเจริญ,โรควิตกกังวล (F40-F48),F41,1,1: ในเขต มีชื่อ+อยู่จริง,60-74 ปี,1
code,DIAGNOSIS_OPD,ควนกาหลง,09628,โรงพยาบาลส่งเสริมสุขภาพตำบลบ้านผัง 34  ตำบลอุใดเจริญ,โรควิตกกังวล (F40-F48),F48,1,1: ในเขต มีชื่อ+อยู่จริง,15-29 ปี,3
code,DIAGNOSIS_OPD,ควนกาหลง,09628,โรงพยาบาลส่งเสริมสุขภาพตำบลบ้านผัง 34  ตำบลอุใดเจริญ,โรควิตกกังวล (F40-F48),F48,1,1: ในเขต มีชื่อ+อยู่จริง,30-44 ปี,3
code,DIAGNOSIS_OPD,ควนกาหลง,09628,โรงพยาบาลส่งเสริมสุขภาพตำบลบ้านผัง 34  ตำบลอุใดเจริญ,โรควิตกกังวล (F40-F48),F48,1,1: ในเขต มีชื่อ+อยู่จริง,45-59 ปี,5
code,DIAGNOSIS_OPD,ควนกาหลง,09628,โรงพยาบาลส่งเสริมสุขภาพตำบลบ้านผัง 34  ตำบลอุใดเจริญ,โรควิตกกังวล (F40-F48),F48,1,1: ในเขต มีชื่อ+อยู่จริง,60-74 ปี,15
code,DIAGNOSIS_OPD,ควนกาหลง,09628,โรงพยาบาลส่งเสริมสุขภาพตำบลบ้านผัง 34  ตำบลอุใดเจริญ,โรควิตกกังวล (F40-F48),F48,1,1: ในเขต มีชื่อ+อยู่จริง,75 ปีขึ้นไป,15
code,DIAGNOSIS_OPD,ควนกาหลง,09628,โรงพยาบาลส่งเสริมสุขภาพตำบลบ้านผัง 34  ตำบลอุใดเจริญ,โรควิตกกังวล (F40-F48),F48,2,2: ในเขต มีชื่อ แต่ไม่อยู่จริง,60-74 ปี,1
code,DIAGNOSIS_OPD,ควนกาหลง,09628,โรงพยาบาลส่งเสริมสุขภาพตำบลบ้านผัง 34  ตำบลอุใดเจริญ,โรควิตกกังวล (F40-F48),F48,4,4: นอกเขต มารับบริการ/เคยอยู่ในเขต,30-44 ปี,1
code,DIAGNOSIS_OPD,ควนกาหลง,09628,โรงพยาบาลส่งเสริมสุขภาพตำบลบ้านผัง 34  ตำบลอุใดเจริญ,โรคออทิสติก (F84),F84,1,1: ในเขต มีชื่อ+อยู่จริง,0-14 ปี,1
code,DIAGNOSIS_OPD,ควนกาหลง,14097,โรงพยาบาลส่งเสริมสุขภาพตำบลบ้านเหนือคลอง  ตำบลควนกาหลง,โรคจิตเภท (F20),F20,4,4: นอกเขต มารับบริการ/เคยอยู่ในเขต,30-44 ปี,1
code,DIAGNOSIS_OPD,ควนกาหลง,14097,โรงพยาบาลส่งเสริมสุขภาพตำบลบ้านเหนือคลอง  ตำบลควนกาหลง,"โรคทางจิตเวชอื่นๆ (F04-F09,F50-F69,F80,F82-F83,F88-F89,F91-F99 ยกเว้น F638,F988)",F51,1,1: ในเขต มีชื่อ+อยู่จริง,45-59 ปี,1
code,DIAGNOSIS_OPD,ควนกาหลง,14097,โรงพยาบาลส่งเสริมสุขภาพตำบลบ้านเหนือคลอง  ตำบลควนกาหลง,"โรคทางจิตเวชอื่นๆ (F04-F09,F50-F69,F80,F82-F83,F88-F89,F91-F99 ยกเว้น F638,F988)",F55,1,1: ในเขต มีชื่อ+อยู่จริง,45-59 ปี,1
code,DIAGNOSIS_OPD,ควนกาหลง,14097,โรงพยาบาลส่งเสริมสุขภาพตำบลบ้านเหนือคลอง  ตำบลควนกาหลง,โรควิตกกังวล (F40-F48),F48,1,1: ในเขต มีชื่อ+อยู่จริง,75 ปีขึ้นไป,1
code,DIAGNOSIS_OPD,ควนกาหลง,09629,โรงพยาบาลส่งเสริมสุขภาพตำบลอุใดเจริญ อำเภอควนกาหลง,โรคจิตเภท (F20),F20,1,1: ในเขต มีชื่อ+อยู่จริง,30-44 ปี,1
code,DIAGNOSIS_OPD,ควนกาหลง,09629,โรงพยาบาลส่งเสริมสุขภาพตำบลอุใดเจริญ อำเภอควนกาหลง,"โรคทางจิตเวชอื่นๆ (F04-F09,F50-F69,F80,F82-F83,F88-F89,F91-F99 ยกเว้น F638,F988)",F06,1,1: ในเขต มีชื่อ+อยู่จริง,60-74 ปี,1
code,DIAGNOSIS_OPD,ควนกาหลง,09629,โรงพยาบาลส่งเสริมสุขภาพตำบลอุใดเจริญ อำเภอควนกาหลง,"โรคทางจิตเวชอื่นๆ (F04-F09,F50-F69,F80,F82-F83,F88-F89,F91-F99 ยกเว้น F638,F988)",F06,1,1: ในเขต มีชื่อ+อยู่จริง,75 ปีขึ้นไป,1
code,DIAGNOSIS_OPD,ควนกาหลง,09629,โรงพยาบาลส่งเสริมสุขภาพตำบลอุใดเจริญ อำเภอควนกาหลง,"โรคทางจิตเวชอื่นๆ (F04-F09,F50-F69,F80,F82-F83,F88-F89,F91-F99 ยกเว้น F638,F988)",F51,1,1: ในเขต มีชื่อ+อยู่จริง,45-59 ปี,2
code,DIAGNOSIS_OPD,ควนกาหลง,09629,โรงพยาบาลส่งเสริมสุขภาพตำบลอุใดเจริญ อำเภอควนกาหลง,"โรคทางจิตเวชอื่นๆ (F04-F09,F50-F69,F80,F82-F83,F88-F89,F91-F99 ยกเว้น F638,F988)",F51,1,1: ในเขต มีชื่อ+อยู่จริง,60-74 ปี,3
code,DIAGNOSIS_OPD,ควนกาหลง,09629,โรงพยาบาลส่งเสริมสุขภาพตำบลอุใดเจริญ อำเภอควนกาหลง,"โรคทางจิตเวชอื่นๆ (F04-F09,F50-F69,F80,F82-F83,F88-F89,F91-F99 ยกเว้น F638,F988)",F99,4,4: นอกเขต มารับบริการ/เคยอยู่ในเขต,15-29 ปี,1
code,DIAGNOSIS_OPD,ควนกาหลง,09629,โรงพยาบาลส่งเสริมสุขภาพตำบลอุใดเจริญ อำเภอควนกาหลง,โรควิตกกังวล (F40-F48),F41,1,1: ในเขต มีชื่อ+อยู่จริง,30-44 ปี,4
code,DIAGNOSIS_OPD,ควนกาหลง,09629,โรงพยาบาลส่งเสริมสุขภาพตำบลอุใดเจริญ อำเภอควนกาหลง,โรควิตกกังวล (F40-F48),F41,1,1: ในเขต มีชื่อ+อยู่จริง,45-59 ปี,4
code,DIAGNOSIS_OPD,ควนกาหลง,09629,โรงพยาบาลส่งเสริมสุขภาพตำบลอุใดเจริญ อำเภอควนกาหลง,โรควิตกกังวล (F40-F48),F41,1,1: ในเขต มีชื่อ+อยู่จริง,60-74 ปี,2
code,DIAGNOSIS_OPD,ควนกาหลง,09629,โรงพยาบาลส่งเสริมสุขภาพตำบลอุใดเจริญ อำเภอควนกาหลง,โรควิตกกังวล (F40-F48),F45,1,1: ในเขต มีชื่อ+อยู่จริง,45-59 ปี,1
code,DIAGNOSIS_OPD,ควนกาหลง,09629,โรงพยาบาลส่งเสริมสุขภาพตำบลอุใดเจริญ อำเภอควนกาหลง,โรควิตกกังวล (F40-F48),F48,1,1: ในเขต มีชื่อ+อยู่จริง,0-14 ปี,3
code,DIAGNOSIS_OPD,ควนกาหลง,09629,โรงพยาบาลส่งเสริมสุขภาพตำบลอุใดเจริญ อำเภอควนกาหลง,โรควิตกกังวล (F40-F48),F48,1,1: ในเขต มีชื่อ+อยู่จริง,15-29 ปี,1
code,DIAGNOSIS_OPD,ควนกาหลง,09629,โรงพยาบาลส่งเสริมสุขภาพตำบลอุใดเจริญ อำเภอควนกาหลง,โรควิตกกังวล (F40-F48),F48,1,1: ในเขต มีชื่อ+อยู่จริง,30-44 ปี,1
code,DIAGNOSIS_OPD,ควนกาหลง,09629,โรงพยาบาลส่งเสริมสุขภาพตำบลอุใดเจริญ อำเภอควนกาหลง,โรควิตกกังวล (F40-F48),F48,1,1: ในเขต มีชื่อ+อยู่จริง,45-59 ปี,7
code,DIAGNOSIS_OPD,ควนกาหลง,09629,โรงพยาบาลส่งเสริมสุขภาพตำบลอุใดเจริญ อำเภอควนกาหลง,โรควิตกกังวล (F40-F48),F48,1,1: ในเขต มีชื่อ+อยู่จริง,60-74 ปี,9
code,DIAGNOSIS_OPD,ควนกาหลง,09629,โรงพยาบาลส่งเสริมสุขภาพตำบลอุใดเจริญ อำเภอควนกาหลง,โรควิตกกังวล (F40-F48),F48,1,1: ในเขต มีชื่อ+อยู่จริง,75 ปีขึ้นไป,5
code,DIAGNOSIS_OPD,ควนกาหลง,09629,โรงพยาบาลส่งเสริมสุขภาพตำบลอุใดเจริญ อำเภอควนกาหลง,โรควิตกกังวล (F40-F48),F48,4,4: นอกเขต มารับบริการ/เคยอยู่ในเขต,0-14 ปี,1
code,DIAGNOSIS_OPD,ควนกาหลง,09629,โรงพยาบาลส่งเสริมสุขภาพตำบลอุใดเจริญ อำเภอควนกาหลง,โรควิตกกังวล (F40-F48),F48,4,4: นอกเขต มารับบริการ/เคยอยู่ในเขต,45-59 ปี,1
code,DIAGNOSIS_OPD,ควนกาหลง,09629,โรงพยาบาลส่งเสริมสุขภาพตำบลอุใดเจริญ อำเภอควนกาหลง,โรควิตกกังวล (F40-F48),F48,4,4: นอกเขต มารับบริการ/เคยอยู่ในเขต,75 ปีขึ้นไป,1
code,DIAGNOSIS_OPD,ควนโดน,11402,โรงพยาบาลควนโดน,ความบกพร่องทางการเรียนรู้ (F81),F81,1,1: ในเขต มีชื่อ+อยู่จริง,0-14 ปี,3
code,DIAGNOSIS_OPD,ควนโดน,11402,โรงพยาบาลควนโดน,ความบกพร่องทางการเรียนรู้ (F81),F81,1,1: ในเขต มีชื่อ+อยู่จริง,15-29 ปี,1
code,DIAGNOSIS_OPD,ควนโดน,11402,โรงพยาบาลควนโดน,ความบกพร่องทางการเรียนรู้ (F81),F81,4,4: นอกเขต มารับบริการ/เคยอยู่ในเขต,0-14 ปี,24
code,DIAGNOSIS_OPD,ควนโดน,11402,โรงพยาบาลควนโดน,ความบกพร่องทางการเรียนรู้ (F81),F81,4,4: นอกเขต มารับบริการ/เคยอยู่ในเขต,15-29 ปี,2
code,DIAGNOSIS_OPD,ควนโดน,11402,โรงพยาบาลควนโดน,ความบกพร่องทางสติปัญญา (F70-F79),F70,4,4: นอกเขต มารับบริการ/เคยอยู่ในเขต,0-14 ปี,1
code,DIAGNOSIS_OPD,ควนโดน,11402,โรงพยาบาลควนโดน,ความบกพร่องทางสติปัญญา (F70-F79),F70,4,4: นอกเขต มารับบริการ/เคยอยู่ในเขต,15-29 ปี,3
code,DIAGNOSIS_OPD,ควนโดน,11402,โรงพยาบาลควนโดน,ความบกพร่องทางสติปัญญา (F70-F79),F70,4,4: นอกเขต มารับบริการ/เคยอยู่ในเขต,30-44 ปี,1
code,DIAGNOSIS_OPD,ควนโดน,11402,โรงพยาบาลควนโดน,ความบกพร่องทางสติปัญญา (F70-F79),F71,4,4: นอกเขต มารับบริการ/เคยอยู่ในเขต,0-14 ปี,1
code,DIAGNOSIS_OPD,ควนโดน,11402,โรงพยาบาลควนโดน,ความบกพร่องทางสติปัญญา (F70-F79),F79,1,1: ในเขต มีชื่อ+อยู่จริง,0-14 ปี,1
code,DIAGNOSIS_OPD,ควนโดน,11402,โรงพยาบาลควนโดน,ความบกพร่องทางสติปัญญา (F70-F79),F79,4,4: นอกเขต มารับบริการ/เคยอยู่ในเขต,0-14 ปี,2
code,DIAGNOSIS_OPD,ควนโดน,11402,โรงพยาบาลควนโดน,ความบกพร่องทางสติปัญญา (F70-F79),F79,4,4: นอกเขต มารับบริการ/เคยอยู่ในเขต,15-29 ปี,1
code,DIAGNOSIS_OPD,ควนโดน,11402,โรงพยาบาลควนโดน,ความบกพร่องทางสติปัญญา (F70-F79),F79,4,4: นอกเขต มารับบริการ/เคยอยู่ในเขต,30-44 ปี,1
code,DIAGNOSIS_OPD,ควนโดน,11402,โรงพยาบาลควนโดน,ความบกพร่องทางสติปัญญา (F70-F79),F79,4,4: นอกเขต มารับบริการ/เคยอยู่ในเขต,45-59 ปี,2
code,DIAGNOSIS_OPD,ควนโดน,11402,โรงพยาบาลควนโดน,ติดยาบ้า Amphetamine (F15),F15,1,1: ในเขต มีชื่อ+อยู่จริง,15-29 ปี,7
code,DIAGNOSIS_OPD,ควนโดน,11402,โรงพยาบาลควนโดน,ติดยาบ้า Amphetamine (F15),F15,1,1: ในเขต มีชื่อ+อยู่จริง,30-44 ปี,11
code,DIAGNOSIS_OPD,ควนโดน,11402,โรงพยาบาลควนโดน,ติดยาบ้า Amphetamine (F15),F15,2,2: ในเขต มีชื่อ แต่ไม่อยู่จริง,15-29 ปี,3
code,DIAGNOSIS_OPD,ควนโดน,11402,โรงพยาบาลควนโดน,ติดยาบ้า Amphetamine (F15),F15,2,2: ในเขต มีชื่อ แต่ไม่อยู่จริง,30-44 ปี,4
code,DIAGNOSIS_OPD,ควนโดน,11402,โรงพยาบาลควนโดน,ติดยาบ้า Amphetamine (F15),F15,4,4: นอกเขต มารับบริการ/เคยอยู่ในเขต,15-29 ปี,51
code,DIAGNOSIS_OPD,ควนโดน,11402,โรงพยาบาลควนโดน,ติดยาบ้า Amphetamine (F15),F15,4,4: นอกเขต มารับบริการ/เคยอยู่ในเขต,30-44 ปี,70
code,DIAGNOSIS_OPD,ควนโดน,11402,โรงพยาบาลควนโดน,ติดยาบ้า Amphetamine (F15),F15,4,4: นอกเขต มารับบริการ/เคยอยู่ในเขต,45-59 ปี,17
code,DIAGNOSIS_OPD,ควนโดน,11402,โรงพยาบาลควนโดน,ติดยาบ้า Amphetamine (F15),F15,4,4: นอกเขต มารับบริการ/เคยอยู่ในเขต,60-74 ปี,1
code,DIAGNOSIS_OPD,ควนโดน,11402,โรงพยาบาลควนโดน,"ติดสารเสพติดอื่นๆ (F11,F12,F13,F14,F16,F17,F18,F19)",F11,4,4: นอกเขต มารับบริการ/เคยอยู่ในเขต,0-14 ปี,1
code,DIAGNOSIS_OPD,ควนโดน,11402,โรงพยาบาลควนโดน,"ติดสารเสพติดอื่นๆ (F11,F12,F13,F14,F16,F17,F18,F19)",F12,1,1: ในเขต มีชื่อ+อยู่จริง,15-29 ปี,3
code,DIAGNOSIS_OPD,ควนโดน,11402,โรงพยาบาลควนโดน,"ติดสารเสพติดอื่นๆ (F11,F12,F13,F14,F16,F17,F18,F19)",F12,1,1: ในเขต มีชื่อ+อยู่จริง,30-44 ปี,4
code,DIAGNOSIS_OPD,ควนโดน,11402,โรงพยาบาลควนโดน,"ติดสารเสพติดอื่นๆ (F11,F12,F13,F14,F16,F17,F18,F19)",F12,1,1: ในเขต มีชื่อ+อยู่จริง,45-59 ปี,1
code,DIAGNOSIS_OPD,ควนโดน,11402,โรงพยาบาลควนโดน,"ติดสารเสพติดอื่นๆ (F11,F12,F13,F14,F16,F17,F18,F19)",F12,4,4: นอกเขต มารับบริการ/เคยอยู่ในเขต,0-14 ปี,1
code,DIAGNOSIS_OPD,ควนโดน,11402,โรงพยาบาลควนโดน,"ติดสารเสพติดอื่นๆ (F11,F12,F13,F14,F16,F17,F18,F19)",F12,4,4: นอกเขต มารับบริการ/เคยอยู่ในเขต,15-29 ปี,3
code,DIAGNOSIS_OPD,ควนโดน,11402,โรงพยาบาลควนโดน,"ติดสารเสพติดอื่นๆ (F11,F12,F13,F14,F16,F17,F18,F19)",F12,4,4: นอกเขต มารับบริการ/เคยอยู่ในเขต,30-44 ปี,5
code,DIAGNOSIS_OPD,ควนโดน,11402,โรงพยาบาลควนโดน,"ติดสารเสพติดอื่นๆ (F11,F12,F13,F14,F16,F17,F18,F19)",F12,4,4: นอกเขต มารับบริการ/เคยอยู่ในเขต,45-59 ปี,2
code,DIAGNOSIS_OPD,ควนโดน,11402,โรงพยาบาลควนโดน,"ติดสารเสพติดอื่นๆ (F11,F12,F13,F14,F16,F17,F18,F19)",F17,1,1: ในเขต มีชื่อ+อยู่จริง,30-44 ปี,1
code,DIAGNOSIS_OPD,ควนโดน,11402,โรงพยาบาลควนโดน,"ติดสารเสพติดอื่นๆ (F11,F12,F13,F14,F16,F17,F18,F19)",F17,4,4: นอกเขต มารับบริการ/เคยอยู่ในเขต,0-14 ปี,1
code,DIAGNOSIS_OPD,ควนโดน,11402,โรงพยาบาลควนโดน,"ติดสารเสพติดอื่นๆ (F11,F12,F13,F14,F16,F17,F18,F19)",F17,4,4: นอกเขต มารับบริการ/เคยอยู่ในเขต,30-44 ปี,3
code,DIAGNOSIS_OPD,ควนโดน,11402,โรงพยาบาลควนโดน,"ติดสารเสพติดอื่นๆ (F11,F12,F13,F14,F16,F17,F18,F19)",F17,4,4: นอกเขต มารับบริการ/เคยอยู่ในเขต,45-59 ปี,2
code,DIAGNOSIS_OPD,ควนโดน,11402,โรงพยาบาลควนโดน,"ติดสารเสพติดอื่นๆ (F11,F12,F13,F14,F16,F17,F18,F19)",F17,4,4: นอกเขต มารับบริการ/เคยอยู่ในเขต,60-74 ปี,6
code,DIAGNOSIS_OPD,ควนโดน,11402,โรงพยาบาลควนโดน,"ติดสารเสพติดอื่นๆ (F11,F12,F13,F14,F16,F17,F18,F19)",F19,"",อื่นๆ/ไม่ทราบ,45-59 ปี,1
code,DIAGNOSIS_OPD,ควนโดน,11402,โรงพยาบาลควนโดน,"ติดสารเสพติดอื่นๆ (F11,F12,F13,F14,F16,F17,F18,F19)",F19,1,1: ในเขต มีชื่อ+อยู่จริง,0-14 ปี,1
code,DIAGNOSIS_OPD,ควนโดน,11402,โรงพยาบาลควนโดน,"ติดสารเสพติดอื่นๆ (F11,F12,F13,F14,F16,F17,F18,F19)",F19,1,1: ในเขต มีชื่อ+อยู่จริง,15-29 ปี,17
code,DIAGNOSIS_OPD,ควนโดน,11402,โรงพยาบาลควนโดน,"ติดสารเสพติดอื่นๆ (F11,F12,F13,F14,F16,F17,F18,F19)",F19,1,1: ในเขต มีชื่อ+อยู่จริง,30-44 ปี,24
code,DIAGNOSIS_OPD,ควนโดน,11402,โรงพยาบาลควนโดน,"ติดสารเสพติดอื่นๆ (F11,F12,F13,F14,F16,F17,F18,F19)",F19,1,1: ในเขต มีชื่อ+อยู่จริง,45-59 ปี,3
code,DIAGNOSIS_OPD,ควนโดน,11402,โรงพยาบาลควนโดน,"ติดสารเสพติดอื่นๆ (F11,F12,F13,F14,F16,F17,F18,F19)",F19,2,2: ในเขต มีชื่อ แต่ไม่อยู่จริง,30-44 ปี,2
code,DIAGNOSIS_OPD,ควนโดน,11402,โรงพยาบาลควนโดน,"ติดสารเสพติดอื่นๆ (F11,F12,F13,F14,F16,F17,F18,F19)",F19,3,3: อาศัยในเขต ทะเบียนบ้านอยู่นอกเขต,30-44 ปี,1
code,DIAGNOSIS_OPD,ควนโดน,11402,โรงพยาบาลควนโดน,"ติดสารเสพติดอื่นๆ (F11,F12,F13,F14,F16,F17,F18,F19)",F19,4,4: นอกเขต มารับบริการ/เคยอยู่ในเขต,15-29 ปี,69
code,DIAGNOSIS_OPD,ควนโดน,11402,โรงพยาบาลควนโดน,"ติดสารเสพติดอื่นๆ (F11,F12,F13,F14,F16,F17,F18,F19)",F19,4,4: นอกเขต มารับบริการ/เคยอยู่ในเขต,30-44 ปี,128
code,DIAGNOSIS_OPD,ควนโดน,11402,โรงพยาบาลควนโดน,"ติดสารเสพติดอื่นๆ (F11,F12,F13,F14,F16,F17,F18,F19)",F19,4,4: นอกเขต มารับบริการ/เคยอยู่ในเขต,45-59 ปี,26
code,DIAGNOSIS_OPD,ควนโดน,11402,โรงพยาบาลควนโดน,"ติดสารเสพติดอื่นๆ (F11,F12,F13,F14,F16,F17,F18,F19)",F19,4,4: นอกเขต มารับบริการ/เคยอยู่ในเขต,60-74 ปี,1
code,DIAGNOSIS_OPD,ควนโดน,11402,โรงพยาบาลควนโดน,ติดแอลกอฮอล์ (F10),F10,1,1: ในเขต มีชื่อ+อยู่จริง,45-59 ปี,1
code,DIAGNOSIS_OPD,ควนโดน,11402,โรงพยาบาลควนโดน,ติดแอลกอฮอล์ (F10),F10,2,2: ในเขต มีชื่อ แต่ไม่อยู่จริง,30-44 ปี,1
code,DIAGNOSIS_OPD,ควนโดน,11402,โรงพยาบาลควนโดน,ติดแอลกอฮอล์ (F10),F10,4,4: นอกเขต มารับบริการ/เคยอยู่ในเขต,15-29 ปี,3
code,DIAGNOSIS_OPD,ควนโดน,11402,โรงพยาบาลควนโดน,ติดแอลกอฮอล์ (F10),F10,4,4: นอกเขต มารับบริการ/เคยอยู่ในเขต,30-44 ปี,2
code,DIAGNOSIS_OPD,ควนโดน,11402,โรงพยาบาลควนโดน,ติดแอลกอฮอล์ (F10),F10,4,4: นอกเขต มารับบริการ/เคยอยู่ในเขต,45-59 ปี,5
code,DIAGNOSIS_OPD,ควนโดน,11402,โรงพยาบาลควนโดน,ติดแอลกอฮอล์ (F10),F10,4,4: นอกเขต มารับบริการ/เคยอยู่ในเขต,60-74 ปี,2
code,DIAGNOSIS_OPD,ควนโดน,11402,โรงพยาบาลควนโดน,พยายามฆ่าตัวตาย/ตั้งใจทำร้ายตนเอง (X60-X84),X60,4,4: นอกเขต มารับบริการ/เคยอยู่ในเขต,15-29 ปี,4
code,DIAGNOSIS_OPD,ควนโดน,11402,โรงพยาบาลควนโดน,พยายามฆ่าตัวตาย/ตั้งใจทำร้ายตนเอง (X60-X84),X60,4,4: นอกเขต มารับบริการ/เคยอยู่ในเขต,30-44 ปี,1
code,DIAGNOSIS_OPD,ควนโดน,11402,โรงพยาบาลควนโดน,พยายามฆ่าตัวตาย/ตั้งใจทำร้ายตนเอง (X60-X84),X70,4,4: นอกเขต มารับบริการ/เคยอยู่ในเขต,15-29 ปี,2
code,DIAGNOSIS_OPD,ควนโดน,11402,โรงพยาบาลควนโดน,พยายามฆ่าตัวตาย/ตั้งใจทำร้ายตนเอง (X60-X84),X70,4,4: นอกเขต มารับบริการ/เคยอยู่ในเขต,30-44 ปี,1
code,DIAGNOSIS_OPD,ควนโดน,11402,โรงพยาบาลควนโดน,พยายามฆ่าตัวตาย/ตั้งใจทำร้ายตนเอง (X60-X84),X78,4,4: นอกเขต มารับบริการ/เคยอยู่ในเขต,15-29 ปี,4
code,DIAGNOSIS_OPD,ควนโดน,11402,โรงพยาบาลควนโดน,โรคจิตอื่นๆ (F21-F29),F22,4,4: นอกเขต มารับบริการ/เคยอยู่ในเขต,30-44 ปี,1
code,DIAGNOSIS_OPD,ควนโดน,11402,โรงพยาบาลควนโดน,โรคจิตอื่นๆ (F21-F29),F22,4,4: นอกเขต มารับบริการ/เคยอยู่ในเขต,45-59 ปี,1
code,DIAGNOSIS_OPD,ควนโดน,11402,โรงพยาบาลควนโดน,โรคจิตอื่นๆ (F21-F29),F23,1,1: ในเขต มีชื่อ+อยู่จริง,45-59 ปี,1
code,DIAGNOSIS_OPD,ควนโดน,11402,โรงพยาบาลควนโดน,โรคจิตอื่นๆ (F21-F29),F23,4,4: นอกเขต มารับบริการ/เคยอยู่ในเขต,15-29 ปี,3
code,DIAGNOSIS_OPD,ควนโดน,11402,โรงพยาบาลควนโดน,โรคจิตอื่นๆ (F21-F29),F23,4,4: นอกเขต มารับบริการ/เคยอยู่ในเขต,30-44 ปี,2
code,DIAGNOSIS_OPD,ควนโดน,11402,โรงพยาบาลควนโดน,โรคจิตอื่นๆ (F21-F29),F23,4,4: นอกเขต มารับบริการ/เคยอยู่ในเขต,45-59 ปี,1
code,DIAGNOSIS_OPD,ควนโดน,11402,โรงพยาบาลควนโดน,โรคจิตอื่นๆ (F21-F29),F25,1,1: ในเขต มีชื่อ+อยู่จริง,15-29 ปี,1
code,DIAGNOSIS_OPD,ควนโดน,11402,โรงพยาบาลควนโดน,โรคจิตอื่นๆ (F21-F29),F25,4,4: นอกเขต มารับบริการ/เคยอยู่ในเขต,30-44 ปี,1
code,DIAGNOSIS_OPD,ควนโดน,11402,โรงพยาบาลควนโดน,โรคจิตอื่นๆ (F21-F29),F29,"",อื่นๆ/ไม่ทราบ,30-44 ปี,1
code,DIAGNOSIS_OPD,ควนโดน,11402,โรงพยาบาลควนโดน,โรคจิตอื่นๆ (F21-F29),F29,1,1: ในเขต มีชื่อ+อยู่จริง,15-29 ปี,3
code,DIAGNOSIS_OPD,ควนโดน,11402,โรงพยาบาลควนโดน,โรคจิตอื่นๆ (F21-F29),F29,1,1: ในเขต มีชื่อ+อยู่จริง,30-44 ปี,6
code,DIAGNOSIS_OPD,ควนโดน,11402,โรงพยาบาลควนโดน,โรคจิตอื่นๆ (F21-F29),F29,1,1: ในเขต มีชื่อ+อยู่จริง,45-59 ปี,1
code,DIAGNOSIS_OPD,ควนโดน,11402,โรงพยาบาลควนโดน,โรคจิตอื่นๆ (F21-F29),F29,1,1: ในเขต มีชื่อ+อยู่จริง,60-74 ปี,4
code,DIAGNOSIS_OPD,ควนโดน,11402,โรงพยาบาลควนโดน,โรคจิตอื่นๆ (F21-F29),F29,3,3: อาศัยในเขต ทะเบียนบ้านอยู่นอกเขต,30-44 ปี,1
code,DIAGNOSIS_OPD,ควนโดน,11402,โรงพยาบาลควนโดน,โรคจิตอื่นๆ (F21-F29),F29,4,4: นอกเขต มารับบริการ/เคยอยู่ในเขต,0-14 ปี,2
code,DIAGNOSIS_OPD,ควนโดน,11402,โรงพยาบาลควนโดน,โรคจิตอื่นๆ (F21-F29),F29,4,4: นอกเขต มารับบริการ/เคยอยู่ในเขต,15-29 ปี,9
code,DIAGNOSIS_OPD,ควนโดน,11402,โรงพยาบาลควนโดน,โรคจิตอื่นๆ (F21-F29),F29,4,4: นอกเขต มารับบริการ/เคยอยู่ในเขต,30-44 ปี,30
code,DIAGNOSIS_OPD,ควนโดน,11402,โรงพยาบาลควนโดน,โรคจิตอื่นๆ (F21-F29),F29,4,4: นอกเขต มารับบริการ/เคยอยู่ในเขต,45-59 ปี,13
code,DIAGNOSIS_OPD,ควนโดน,11402,โรงพยาบาลควนโดน,โรคจิตอื่นๆ (F21-F29),F29,4,4: นอกเขต มารับบริการ/เคยอยู่ในเขต,60-74 ปี,6
code,DIAGNOSIS_OPD,ควนโดน,11402,โรงพยาบาลควนโดน,โรคจิตอื่นๆ (F21-F29),F29,4,4: นอกเขต มารับบริการ/เคยอยู่ในเขต,75 ปีขึ้นไป,4
code,DIAGNOSIS_OPD,ควนโดน,11402,โรงพยาบาลควนโดน,โรคจิตเภท (F20),F20,1,1: ในเขต มีชื่อ+อยู่จริง,15-29 ปี,3
code,DIAGNOSIS_OPD,ควนโดน,11402,โรงพยาบาลควนโดน,โรคจิตเภท (F20),F20,1,1: ในเขต มีชื่อ+อยู่จริง,30-44 ปี,8
code,DIAGNOSIS_OPD,ควนโดน,11402,โรงพยาบาลควนโดน,โรคจิตเภท (F20),F20,1,1: ในเขต มีชื่อ+อยู่จริง,45-59 ปี,6
code,DIAGNOSIS_OPD,ควนโดน,11402,โรงพยาบาลควนโดน,โรคจิตเภท (F20),F20,1,1: ในเขต มีชื่อ+อยู่จริง,60-74 ปี,2
code,DIAGNOSIS_OPD,ควนโดน,11402,โรงพยาบาลควนโดน,โรคจิตเภท (F20),F20,2,2: ในเขต มีชื่อ แต่ไม่อยู่จริง,45-59 ปี,1
code,DIAGNOSIS_OPD,ควนโดน,11402,โรงพยาบาลควนโดน,โรคจิตเภท (F20),F20,3,3: อาศัยในเขต ทะเบียนบ้านอยู่นอกเขต,30-44 ปี,1
code,DIAGNOSIS_OPD,ควนโดน,11402,โรงพยาบาลควนโดน,โรคจิตเภท (F20),F20,4,4: นอกเขต มารับบริการ/เคยอยู่ในเขต,0-14 ปี,1
code,DIAGNOSIS_OPD,ควนโดน,11402,โรงพยาบาลควนโดน,โรคจิตเภท (F20),F20,4,4: นอกเขต มารับบริการ/เคยอยู่ในเขต,15-29 ปี,8
code,DIAGNOSIS_OPD,ควนโดน,11402,โรงพยาบาลควนโดน,โรคจิตเภท (F20),F20,4,4: นอกเขต มารับบริการ/เคยอยู่ในเขต,30-44 ปี,35
code,DIAGNOSIS_OPD,ควนโดน,11402,โรงพยาบาลควนโดน,โรคจิตเภท (F20),F20,4,4: นอกเขต มารับบริการ/เคยอยู่ในเขต,45-59 ปี,21
code,DIAGNOSIS_OPD,ควนโดน,11402,โรงพยาบาลควนโดน,โรคจิตเภท (F20),F20,4,4: นอกเขต มารับบริการ/เคยอยู่ในเขต,60-74 ปี,9
code,DIAGNOSIS_OPD,ควนโดน,11402,โรงพยาบาลควนโดน,โรคจิตเภท (F20),F20,4,4: นอกเขต มารับบริการ/เคยอยู่ในเขต,75 ปีขึ้นไป,4
code,DIAGNOSIS_OPD,ควนโดน,11402,โรงพยาบาลควนโดน,"โรคซึมเศร้า (F32,F33,F341,F38,F39)",F32,1,1: ในเขต มีชื่อ+อยู่จริง,0-14 ปี,3
code,DIAGNOSIS_OPD,ควนโดน,11402,โรงพยาบาลควนโดน,"โรคซึมเศร้า (F32,F33,F341,F38,F39)",F32,1,1: ในเขต มีชื่อ+อยู่จริง,15-29 ปี,18
code,DIAGNOSIS_OPD,ควนโดน,11402,โรงพยาบาลควนโดน,"โรคซึมเศร้า (F32,F33,F341,F38,F39)",F32,1,1: ในเขต มีชื่อ+อยู่จริง,30-44 ปี,14
code,DIAGNOSIS_OPD,ควนโดน,11402,โรงพยาบาลควนโดน,"โรคซึมเศร้า (F32,F33,F341,F38,F39)",F32,1,1: ในเขต มีชื่อ+อยู่จริง,45-59 ปี,8
code,DIAGNOSIS_OPD,ควนโดน,11402,โรงพยาบาลควนโดน,"โรคซึมเศร้า (F32,F33,F341,F38,F39)",F32,1,1: ในเขต มีชื่อ+อยู่จริง,60-74 ปี,15
code,DIAGNOSIS_OPD,ควนโดน,11402,โรงพยาบาลควนโดน,"โรคซึมเศร้า (F32,F33,F341,F38,F39)",F32,1,1: ในเขต มีชื่อ+อยู่จริง,75 ปีขึ้นไป,2
code,DIAGNOSIS_OPD,ควนโดน,11402,โรงพยาบาลควนโดน,"โรคซึมเศร้า (F32,F33,F341,F38,F39)",F32,3,3: อาศัยในเขต ทะเบียนบ้านอยู่นอกเขต,15-29 ปี,2
code,DIAGNOSIS_OPD,ควนโดน,11402,โรงพยาบาลควนโดน,"โรคซึมเศร้า (F32,F33,F341,F38,F39)",F32,4,4: นอกเขต มารับบริการ/เคยอยู่ในเขต,0-14 ปี,22
code,DIAGNOSIS_OPD,ควนโดน,11402,โรงพยาบาลควนโดน,"โรคซึมเศร้า (F32,F33,F341,F38,F39)",F32,4,4: นอกเขต มารับบริการ/เคยอยู่ในเขต,15-29 ปี,106
code,DIAGNOSIS_OPD,ควนโดน,11402,โรงพยาบาลควนโดน,"โรคซึมเศร้า (F32,F33,F341,F38,F39)",F32,4,4: นอกเขต มารับบริการ/เคยอยู่ในเขต,30-44 ปี,61
code,DIAGNOSIS_OPD,ควนโดน,11402,โรงพยาบาลควนโดน,"โรคซึมเศร้า (F32,F33,F341,F38,F39)",F32,4,4: นอกเขต มารับบริการ/เคยอยู่ในเขต,45-59 ปี,46
code,DIAGNOSIS_OPD,ควนโดน,11402,โรงพยาบาลควนโดน,"โรคซึมเศร้า (F32,F33,F341,F38,F39)",F32,4,4: นอกเขต มารับบริการ/เคยอยู่ในเขต,60-74 ปี,34
code,DIAGNOSIS_OPD,ควนโดน,11402,โรงพยาบาลควนโดน,"โรคซึมเศร้า (F32,F33,F341,F38,F39)",F32,4,4: นอกเขต มารับบริการ/เคยอยู่ในเขต,75 ปีขึ้นไป,7
code,DIAGNOSIS_OPD,ควนโดน,11402,โรงพยาบาลควนโดน,"โรคซึมเศร้า (F32,F33,F341,F38,F39)",F33,4,4: นอกเขต มารับบริการ/เคยอยู่ในเขต,15-29 ปี,1
code,DIAGNOSIS_OPD,ควนโดน,11402,โรงพยาบาลควนโดน,"โรคซึมเศร้า (F32,F33,F341,F38,F39)",F33,4,4: นอกเขต มารับบริการ/เคยอยู่ในเขต,30-44 ปี,2
code,DIAGNOSIS_OPD,ควนโดน,11402,โรงพยาบาลควนโดน,"โรคซึมเศร้า (F32,F33,F341,F38,F39)",F33,4,4: นอกเขต มารับบริการ/เคยอยู่ในเขต,60-74 ปี,1
code,DIAGNOSIS_OPD,ควนโดน,11402,โรงพยาบาลควนโดน,"โรคซึมเศร้า (F32,F33,F341,F38,F39)",F341,3,3: อาศัยในเขต ทะเบียนบ้านอยู่นอกเขต,45-59 ปี,1
code,DIAGNOSIS_OPD,ควนโดน,11402,โรงพยาบาลควนโดน,"โรคซึมเศร้า (F32,F33,F341,F38,F39)",F341,4,4: นอกเขต มารับบริการ/เคยอยู่ในเขต,15-29 ปี,1
code,DIAGNOSIS_OPD,ควนโดน,11402,โรงพยาบาลควนโดน,"โรคซึมเศร้า (F32,F33,F341,F38,F39)",F341,4,4: นอกเขต มารับบริการ/เคยอยู่ในเขต,30-44 ปี,1
code,DIAGNOSIS_OPD,ควนโดน,11402,โรงพยาบาลควนโดน,"โรคซึมเศร้า (F32,F33,F341,F38,F39)",F341,4,4: นอกเขต มารับบริการ/เคยอยู่ในเขต,45-59 ปี,1
code,DIAGNOSIS_OPD,ควนโดน,11402,โรงพยาบาลควนโดน,"โรคซึมเศร้า (F32,F33,F341,F38,F39)",F341,4,4: นอกเขต มารับบริการ/เคยอยู่ในเขต,60-74 ปี,2
code,DIAGNOSIS_OPD,ควนโดน,11402,โรงพยาบาลควนโดน,"โรคซึมเศร้า (F32,F33,F341,F38,F39)",F39,1,1: ในเขต มีชื่อ+อยู่จริง,45-59 ปี,1
code,DIAGNOSIS_OPD,ควนโดน,11402,โรงพยาบาลควนโดน,"โรคซึมเศร้า (F32,F33,F341,F38,F39)",F39,3,3: อาศัยในเขต ทะเบียนบ้านอยู่นอกเขต,15-29 ปี,1
code,DIAGNOSIS_OPD,ควนโดน,11402,โรงพยาบาลควนโดน,"โรคซึมเศร้า (F32,F33,F341,F38,F39)",F39,4,4: นอกเขต มารับบริการ/เคยอยู่ในเขต,15-29 ปี,2
code,DIAGNOSIS_OPD,ควนโดน,11402,โรงพยาบาลควนโดน,"โรคซึมเศร้า (F32,F33,F341,F38,F39)",F39,4,4: นอกเขต มารับบริการ/เคยอยู่ในเขต,30-44 ปี,1
code,DIAGNOSIS_OPD,ควนโดน,11402,โรงพยาบาลควนโดน,"โรคซึมเศร้า (F32,F33,F341,F38,F39)",F39,4,4: นอกเขต มารับบริการ/เคยอยู่ในเขต,45-59 ปี,1
code,DIAGNOSIS_OPD,ควนโดน,11402,โรงพยาบาลควนโดน,"โรคซึมเศร้า (F32,F33,F341,F38,F39)",F39,4,4: นอกเขต มารับบริการ/เคยอยู่ในเขต,60-74 ปี,2
code,DIAGNOSIS_OPD,ควนโดน,11402,โรงพยาบาลควนโดน,"โรคซึมเศร้า (F32,F33,F341,F38,F39)",F39,4,4: นอกเขต มารับบริการ/เคยอยู่ในเขต,75 ปีขึ้นไป,1
code,DIAGNOSIS_OPD,ควนโดน,11402,โรงพยาบาลควนโดน,"โรคทางจิตเวชอื่นๆ (F04-F09,F50-F69,F80,F82-F83,F88-F89,F91-F99 ยกเว้น F638,F988)",F05,1,1: ในเขต มีชื่อ+อยู่จริง,60-74 ปี,1
code,DIAGNOSIS_OPD,ควนโดน,11402,โรงพยาบาลควนโดน,"โรคทางจิตเวชอื่นๆ (F04-F09,F50-F69,F80,F82-F83,F88-F89,F91-F99 ยกเว้น F638,F988)",F05,1,1: ในเขต มีชื่อ+อยู่จริง,75 ปีขึ้นไป,3
code,DIAGNOSIS_OPD,ควนโดน,11402,โรงพยาบาลควนโดน,"โรคทางจิตเวชอื่นๆ (F04-F09,F50-F69,F80,F82-F83,F88-F89,F91-F99 ยกเว้น F638,F988)",F05,2,2: ในเขต มีชื่อ แต่ไม่อยู่จริง,75 ปีขึ้นไป,1
code,DIAGNOSIS_OPD,ควนโดน,11402,โรงพยาบาลควนโดน,"โรคทางจิตเวชอื่นๆ (F04-F09,F50-F69,F80,F82-F83,F88-F89,F91-F99 ยกเว้น F638,F988)",F05,3,3: อาศัยในเขต ทะเบียนบ้านอยู่นอกเขต,45-59 ปี,1
code,DIAGNOSIS_OPD,ควนโดน,11402,โรงพยาบาลควนโดน,"โรคทางจิตเวชอื่นๆ (F04-F09,F50-F69,F80,F82-F83,F88-F89,F91-F99 ยกเว้น F638,F988)",F05,4,4: นอกเขต มารับบริการ/เคยอยู่ในเขต,45-59 ปี,1
code,DIAGNOSIS_OPD,ควนโดน,11402,โรงพยาบาลควนโดน,"โรคทางจิตเวชอื่นๆ (F04-F09,F50-F69,F80,F82-F83,F88-F89,F91-F99 ยกเว้น F638,F988)",F05,4,4: นอกเขต มารับบริการ/เคยอยู่ในเขต,60-74 ปี,2
code,DIAGNOSIS_OPD,ควนโดน,11402,โรงพยาบาลควนโดน,"โรคทางจิตเวชอื่นๆ (F04-F09,F50-F69,F80,F82-F83,F88-F89,F91-F99 ยกเว้น F638,F988)",F05,4,4: นอกเขต มารับบริการ/เคยอยู่ในเขต,75 ปีขึ้นไป,5
code,DIAGNOSIS_OPD,ควนโดน,11402,โรงพยาบาลควนโดน,"โรคทางจิตเวชอื่นๆ (F04-F09,F50-F69,F80,F82-F83,F88-F89,F91-F99 ยกเว้น F638,F988)",F06,4,4: นอกเขต มารับบริการ/เคยอยู่ในเขต,30-44 ปี,1
code,DIAGNOSIS_OPD,ควนโดน,11402,โรงพยาบาลควนโดน,"โรคทางจิตเวชอื่นๆ (F04-F09,F50-F69,F80,F82-F83,F88-F89,F91-F99 ยกเว้น F638,F988)",F06,4,4: นอกเขต มารับบริการ/เคยอยู่ในเขต,45-59 ปี,1
code,DIAGNOSIS_OPD,ควนโดน,11402,โรงพยาบาลควนโดน,"โรคทางจิตเวชอื่นๆ (F04-F09,F50-F69,F80,F82-F83,F88-F89,F91-F99 ยกเว้น F638,F988)",F06,4,4: นอกเขต มารับบริการ/เคยอยู่ในเขต,60-74 ปี,2
code,DIAGNOSIS_OPD,ควนโดน,11402,โรงพยาบาลควนโดน,"โรคทางจิตเวชอื่นๆ (F04-F09,F50-F69,F80,F82-F83,F88-F89,F91-F99 ยกเว้น F638,F988)",F09,4,4: นอกเขต มารับบริการ/เคยอยู่ในเขต,30-44 ปี,1
code,DIAGNOSIS_OPD,ควนโดน,11402,โรงพยาบาลควนโดน,"โรคทางจิตเวชอื่นๆ (F04-F09,F50-F69,F80,F82-F83,F88-F89,F91-F99 ยกเว้น F638,F988)",F51,1,1: ในเขต มีชื่อ+อยู่จริง,45-59 ปี,1
code,DIAGNOSIS_OPD,ควนโดน,11402,โรงพยาบาลควนโดน,"โรคทางจิตเวชอื่นๆ (F04-F09,F50-F69,F80,F82-F83,F88-F89,F91-F99 ยกเว้น F638,F988)",F51,4,4: นอกเขต มารับบริการ/เคยอยู่ในเขต,45-59 ปี,6
code,DIAGNOSIS_OPD,ควนโดน,11402,โรงพยาบาลควนโดน,"โรคทางจิตเวชอื่นๆ (F04-F09,F50-F69,F80,F82-F83,F88-F89,F91-F99 ยกเว้น F638,F988)",F51,4,4: นอกเขต มารับบริการ/เคยอยู่ในเขต,60-74 ปี,2
code,DIAGNOSIS_OPD,ควนโดน,11402,โรงพยาบาลควนโดน,"โรคทางจิตเวชอื่นๆ (F04-F09,F50-F69,F80,F82-F83,F88-F89,F91-F99 ยกเว้น F638,F988)",F51,4,4: นอกเขต มารับบริการ/เคยอยู่ในเขต,75 ปีขึ้นไป,2
code,DIAGNOSIS_OPD,ควนโดน,11402,โรงพยาบาลควนโดน,"โรคทางจิตเวชอื่นๆ (F04-F09,F50-F69,F80,F82-F83,F88-F89,F91-F99 ยกเว้น F638,F988)",F53,1,1: ในเขต มีชื่อ+อยู่จริง,30-44 ปี,1
code,DIAGNOSIS_OPD,ควนโดน,11402,โรงพยาบาลควนโดน,"โรคทางจิตเวชอื่นๆ (F04-F09,F50-F69,F80,F82-F83,F88-F89,F91-F99 ยกเว้น F638,F988)",F53,4,4: นอกเขต มารับบริการ/เคยอยู่ในเขต,15-29 ปี,2
code,DIAGNOSIS_OPD,ควนโดน,11402,โรงพยาบาลควนโดน,"โรคทางจิตเวชอื่นๆ (F04-F09,F50-F69,F80,F82-F83,F88-F89,F91-F99 ยกเว้น F638,F988)",F53,4,4: นอกเขต มารับบริการ/เคยอยู่ในเขต,30-44 ปี,1
code,DIAGNOSIS_OPD,ควนโดน,11402,โรงพยาบาลควนโดน,"โรคทางจิตเวชอื่นๆ (F04-F09,F50-F69,F80,F82-F83,F88-F89,F91-F99 ยกเว้น F638,F988)",F54,1,1: ในเขต มีชื่อ+อยู่จริง,30-44 ปี,1
code,DIAGNOSIS_OPD,ควนโดน,11402,โรงพยาบาลควนโดน,"โรคทางจิตเวชอื่นๆ (F04-F09,F50-F69,F80,F82-F83,F88-F89,F91-F99 ยกเว้น F638,F988)",F54,2,2: ในเขต มีชื่อ แต่ไม่อยู่จริง,30-44 ปี,1
code,DIAGNOSIS_OPD,ควนโดน,11402,โรงพยาบาลควนโดน,"โรคทางจิตเวชอื่นๆ (F04-F09,F50-F69,F80,F82-F83,F88-F89,F91-F99 ยกเว้น F638,F988)",F54,4,4: นอกเขต มารับบริการ/เคยอยู่ในเขต,15-29 ปี,2
code,DIAGNOSIS_OPD,ควนโดน,11402,โรงพยาบาลควนโดน,"โรคทางจิตเวชอื่นๆ (F04-F09,F50-F69,F80,F82-F83,F88-F89,F91-F99 ยกเว้น F638,F988)",F54,4,4: นอกเขต มารับบริการ/เคยอยู่ในเขต,30-44 ปี,3
code,DIAGNOSIS_OPD,ควนโดน,11402,โรงพยาบาลควนโดน,"โรคทางจิตเวชอื่นๆ (F04-F09,F50-F69,F80,F82-F83,F88-F89,F91-F99 ยกเว้น F638,F988)",F55,3,3: อาศัยในเขต ทะเบียนบ้านอยู่นอกเขต,15-29 ปี,1
code,DIAGNOSIS_OPD,ควนโดน,11402,โรงพยาบาลควนโดน,"โรคทางจิตเวชอื่นๆ (F04-F09,F50-F69,F80,F82-F83,F88-F89,F91-F99 ยกเว้น F638,F988)",F55,4,4: นอกเขต มารับบริการ/เคยอยู่ในเขต,30-44 ปี,1
code,DIAGNOSIS_OPD,ควนโดน,11402,โรงพยาบาลควนโดน,"โรคทางจิตเวชอื่นๆ (F04-F09,F50-F69,F80,F82-F83,F88-F89,F91-F99 ยกเว้น F638,F988)",F55,4,4: นอกเขต มารับบริการ/เคยอยู่ในเขต,75 ปีขึ้นไป,1
code,DIAGNOSIS_OPD,ควนโดน,11402,โรงพยาบาลควนโดน,"โรคทางจิตเวชอื่นๆ (F04-F09,F50-F69,F80,F82-F83,F88-F89,F91-F99 ยกเว้น F638,F988)",F60,1,1: ในเขต มีชื่อ+อยู่จริง,45-59 ปี,1
code,DIAGNOSIS_OPD,ควนโดน,11402,โรงพยาบาลควนโดน,"โรคทางจิตเวชอื่นๆ (F04-F09,F50-F69,F80,F82-F83,F88-F89,F91-F99 ยกเว้น F638,F988)",F80,1,1: ในเขต มีชื่อ+อยู่จริง,0-14 ปี,1
code,DIAGNOSIS_OPD,ควนโดน,11402,โรงพยาบาลควนโดน,"โรคทางจิตเวชอื่นๆ (F04-F09,F50-F69,F80,F82-F83,F88-F89,F91-F99 ยกเว้น F638,F988)",F80,4,4: นอกเขต มารับบริการ/เคยอยู่ในเขต,0-14 ปี,5
code,DIAGNOSIS_OPD,ควนโดน,11402,โรงพยาบาลควนโดน,"โรคทางจิตเวชอื่นๆ (F04-F09,F50-F69,F80,F82-F83,F88-F89,F91-F99 ยกเว้น F638,F988)",F83,1,1: ในเขต มีชื่อ+อยู่จริง,0-14 ปี,1
code,DIAGNOSIS_OPD,ควนโดน,11402,โรงพยาบาลควนโดน,"โรคทางจิตเวชอื่นๆ (F04-F09,F50-F69,F80,F82-F83,F88-F89,F91-F99 ยกเว้น F638,F988)",F83,4,4: นอกเขต มารับบริการ/เคยอยู่ในเขต,0-14 ปี,2
code,DIAGNOSIS_OPD,ควนโดน,11402,โรงพยาบาลควนโดน,"โรคทางจิตเวชอื่นๆ (F04-F09,F50-F69,F80,F82-F83,F88-F89,F91-F99 ยกเว้น F638,F988)",F83,4,4: นอกเขต มารับบริการ/เคยอยู่ในเขต,45-59 ปี,1
code,DIAGNOSIS_OPD,ควนโดน,11402,โรงพยาบาลควนโดน,"โรคทางจิตเวชอื่นๆ (F04-F09,F50-F69,F80,F82-F83,F88-F89,F91-F99 ยกเว้น F638,F988)",F91,1,1: ในเขต มีชื่อ+อยู่จริง,45-59 ปี,1
code,DIAGNOSIS_OPD,ควนโดน,11402,โรงพยาบาลควนโดน,"โรคทางจิตเวชอื่นๆ (F04-F09,F50-F69,F80,F82-F83,F88-F89,F91-F99 ยกเว้น F638,F988)",F91,4,4: นอกเขต มารับบริการ/เคยอยู่ในเขต,0-14 ปี,3
code,DIAGNOSIS_OPD,ควนโดน,11402,โรงพยาบาลควนโดน,"โรคทางจิตเวชอื่นๆ (F04-F09,F50-F69,F80,F82-F83,F88-F89,F91-F99 ยกเว้น F638,F988)",F91,4,4: นอกเขต มารับบริการ/เคยอยู่ในเขต,15-29 ปี,2
code,DIAGNOSIS_OPD,ควนโดน,11402,โรงพยาบาลควนโดน,"โรคทางจิตเวชอื่นๆ (F04-F09,F50-F69,F80,F82-F83,F88-F89,F91-F99 ยกเว้น F638,F988)",F95,4,4: นอกเขต มารับบริการ/เคยอยู่ในเขต,0-14 ปี,2
code,DIAGNOSIS_OPD,ควนโดน,11402,โรงพยาบาลควนโดน,"โรคทางจิตเวชอื่นๆ (F04-F09,F50-F69,F80,F82-F83,F88-F89,F91-F99 ยกเว้น F638,F988)",F98,4,4: นอกเขต มารับบริการ/เคยอยู่ในเขต,0-14 ปี,1
code,DIAGNOSIS_OPD,ควนโดน,11402,โรงพยาบาลควนโดน,"โรคทางจิตเวชอื่นๆ (F04-F09,F50-F69,F80,F82-F83,F88-F89,F91-F99 ยกเว้น F638,F988)",F99,1,1: ในเขต มีชื่อ+อยู่จริง,15-29 ปี,1
code,DIAGNOSIS_OPD,ควนโดน,11402,โรงพยาบาลควนโดน,โรคลมชัก (G40-G41),G40,1,1: ในเขต มีชื่อ+อยู่จริง,0-14 ปี,1
code,DIAGNOSIS_OPD,ควนโดน,11402,โรงพยาบาลควนโดน,โรคลมชัก (G40-G41),G40,1,1: ในเขต มีชื่อ+อยู่จริง,15-29 ปี,3
code,DIAGNOSIS_OPD,ควนโดน,11402,โรงพยาบาลควนโดน,โรคลมชัก (G40-G41),G40,1,1: ในเขต มีชื่อ+อยู่จริง,30-44 ปี,1
code,DIAGNOSIS_OPD,ควนโดน,11402,โรงพยาบาลควนโดน,โรคลมชัก (G40-G41),G40,1,1: ในเขต มีชื่อ+อยู่จริง,45-59 ปี,2
code,DIAGNOSIS_OPD,ควนโดน,11402,โรงพยาบาลควนโดน,โรคลมชัก (G40-G41),G40,1,1: ในเขต มีชื่อ+อยู่จริง,60-74 ปี,3
code,DIAGNOSIS_OPD,ควนโดน,11402,โรงพยาบาลควนโดน,โรคลมชัก (G40-G41),G40,1,1: ในเขต มีชื่อ+อยู่จริง,75 ปีขึ้นไป,1
code,DIAGNOSIS_OPD,ควนโดน,11402,โรงพยาบาลควนโดน,โรคลมชัก (G40-G41),G40,3,3: อาศัยในเขต ทะเบียนบ้านอยู่นอกเขต,45-59 ปี,1
code,DIAGNOSIS_OPD,ควนโดน,11402,โรงพยาบาลควนโดน,โรคลมชัก (G40-G41),G40,4,4: นอกเขต มารับบริการ/เคยอยู่ในเขต,0-14 ปี,13
code,DIAGNOSIS_OPD,ควนโดน,11402,โรงพยาบาลควนโดน,โรคลมชัก (G40-G41),G40,4,4: นอกเขต มารับบริการ/เคยอยู่ในเขต,15-29 ปี,17
code,DIAGNOSIS_OPD,ควนโดน,11402,โรงพยาบาลควนโดน,โรคลมชัก (G40-G41),G40,4,4: นอกเขต มารับบริการ/เคยอยู่ในเขต,30-44 ปี,14
code,DIAGNOSIS_OPD,ควนโดน,11402,โรงพยาบาลควนโดน,โรคลมชัก (G40-G41),G40,4,4: นอกเขต มารับบริการ/เคยอยู่ในเขต,45-59 ปี,13
code,DIAGNOSIS_OPD,ควนโดน,11402,โรงพยาบาลควนโดน,โรคลมชัก (G40-G41),G40,4,4: นอกเขต มารับบริการ/เคยอยู่ในเขต,60-74 ปี,13
code,DIAGNOSIS_OPD,ควนโดน,11402,โรงพยาบาลควนโดน,โรคลมชัก (G40-G41),G40,4,4: นอกเขต มารับบริการ/เคยอยู่ในเขต,75 ปีขึ้นไป,6
code,DIAGNOSIS_OPD,ควนโดน,11402,โรงพยาบาลควนโดน,โรคลมชัก (G40-G41),G41,1,1: ในเขต มีชื่อ+อยู่จริง,15-29 ปี,1
code,DIAGNOSIS_OPD,ควนโดน,11402,โรงพยาบาลควนโดน,โรคลมชัก (G40-G41),G41,1,1: ในเขต มีชื่อ+อยู่จริง,45-59 ปี,1
code,DIAGNOSIS_OPD,ควนโดน,11402,โรงพยาบาลควนโดน,โรคลมชัก (G40-G41),G41,1,1: ในเขต มีชื่อ+อยู่จริง,60-74 ปี,1
code,DIAGNOSIS_OPD,ควนโดน,11402,โรงพยาบาลควนโดน,โรคลมชัก (G40-G41),G41,4,4: นอกเขต มารับบริการ/เคยอยู่ในเขต,0-14 ปี,4
code,DIAGNOSIS_OPD,ควนโดน,11402,โรงพยาบาลควนโดน,โรคลมชัก (G40-G41),G41,4,4: นอกเขต มารับบริการ/เคยอยู่ในเขต,15-29 ปี,8
code,DIAGNOSIS_OPD,ควนโดน,11402,โรงพยาบาลควนโดน,โรคลมชัก (G40-G41),G41,4,4: นอกเขต มารับบริการ/เคยอยู่ในเขต,30-44 ปี,3
code,DIAGNOSIS_OPD,ควนโดน,11402,โรงพยาบาลควนโดน,โรคลมชัก (G40-G41),G41,4,4: นอกเขต มารับบริการ/เคยอยู่ในเขต,45-59 ปี,3
code,DIAGNOSIS_OPD,ควนโดน,11402,โรงพยาบาลควนโดน,โรคลมชัก (G40-G41),G41,4,4: นอกเขต มารับบริการ/เคยอยู่ในเขต,60-74 ปี,1
code,DIAGNOSIS_OPD,ควนโดน,11402,โรงพยาบาลควนโดน,โรควิตกกังวล (F40-F48),F40,1,1: ในเขต มีชื่อ+อยู่จริง,30-44 ปี,1
code,DIAGNOSIS_OPD,ควนโดน,11402,โรงพยาบาลควนโดน,โรควิตกกังวล (F40-F48),F40,4,4: นอกเขต มารับบริการ/เคยอยู่ในเขต,15-29 ปี,3
code,DIAGNOSIS_OPD,ควนโดน,11402,โรงพยาบาลควนโดน,โรควิตกกังวล (F40-F48),F40,4,4: นอกเขต มารับบริการ/เคยอยู่ในเขต,30-44 ปี,3
code,DIAGNOSIS_OPD,ควนโดน,11402,โรงพยาบาลควนโดน,โรควิตกกังวล (F40-F48),F40,4,4: นอกเขต มารับบริการ/เคยอยู่ในเขต,45-59 ปี,1
code,DIAGNOSIS_OPD,ควนโดน,11402,โรงพยาบาลควนโดน,โรควิตกกังวล (F40-F48),F40,4,4: นอกเขต มารับบริการ/เคยอยู่ในเขต,75 ปีขึ้นไป,1
code,DIAGNOSIS_OPD,ควนโดน,11402,โรงพยาบาลควนโดน,โรควิตกกังวล (F40-F48),F41,1,1: ในเขต มีชื่อ+อยู่จริง,0-14 ปี,3
code,DIAGNOSIS_OPD,ควนโดน,11402,โรงพยาบาลควนโดน,โรควิตกกังวล (F40-F48),F41,1,1: ในเขต มีชื่อ+อยู่จริง,15-29 ปี,6
code,DIAGNOSIS_OPD,ควนโดน,11402,โรงพยาบาลควนโดน,โรควิตกกังวล (F40-F48),F41,1,1: ในเขต มีชื่อ+อยู่จริง,30-44 ปี,12
code,DIAGNOSIS_OPD,ควนโดน,11402,โรงพยาบาลควนโดน,โรควิตกกังวล (F40-F48),F41,1,1: ในเขต มีชื่อ+อยู่จริง,45-59 ปี,12
code,DIAGNOSIS_OPD,ควนโดน,11402,โรงพยาบาลควนโดน,โรควิตกกังวล (F40-F48),F41,1,1: ในเขต มีชื่อ+อยู่จริง,60-74 ปี,8
code,DIAGNOSIS_OPD,ควนโดน,11402,โรงพยาบาลควนโดน,โรควิตกกังวล (F40-F48),F41,1,1: ในเขต มีชื่อ+อยู่จริง,75 ปีขึ้นไป,3
code,DIAGNOSIS_OPD,ควนโดน,11402,โรงพยาบาลควนโดน,โรควิตกกังวล (F40-F48),F41,2,2: ในเขต มีชื่อ แต่ไม่อยู่จริง,15-29 ปี,2
code,DIAGNOSIS_OPD,ควนโดน,11402,โรงพยาบาลควนโดน,โรควิตกกังวล (F40-F48),F41,2,2: ในเขต มีชื่อ แต่ไม่อยู่จริง,30-44 ปี,2
code,DIAGNOSIS_OPD,ควนโดน,11402,โรงพยาบาลควนโดน,โรควิตกกังวล (F40-F48),F41,3,3: อาศัยในเขต ทะเบียนบ้านอยู่นอกเขต,15-29 ปี,1
code,DIAGNOSIS_OPD,ควนโดน,11402,โรงพยาบาลควนโดน,โรควิตกกังวล (F40-F48),F41,4,4: นอกเขต มารับบริการ/เคยอยู่ในเขต,0-14 ปี,6
code,DIAGNOSIS_OPD,ควนโดน,11402,โรงพยาบาลควนโดน,โรควิตกกังวล (F40-F48),F41,4,4: นอกเขต มารับบริการ/เคยอยู่ในเขต,15-29 ปี,39
code,DIAGNOSIS_OPD,ควนโดน,11402,โรงพยาบาลควนโดน,โรควิตกกังวล (F40-F48),F41,4,4: นอกเขต มารับบริการ/เคยอยู่ในเขต,30-44 ปี,55
code,DIAGNOSIS_OPD,ควนโดน,11402,โรงพยาบาลควนโดน,โรควิตกกังวล (F40-F48),F41,4,4: นอกเขต มารับบริการ/เคยอยู่ในเขต,45-59 ปี,61
code,DIAGNOSIS_OPD,ควนโดน,11402,โรงพยาบาลควนโดน,โรควิตกกังวล (F40-F48),F41,4,4: นอกเขต มารับบริการ/เคยอยู่ในเขต,60-74 ปี,44
code,DIAGNOSIS_OPD,ควนโดน,11402,โรงพยาบาลควนโดน,โรควิตกกังวล (F40-F48),F41,4,4: นอกเขต มารับบริการ/เคยอยู่ในเขต,75 ปีขึ้นไป,11
code,DIAGNOSIS_OPD,ควนโดน,11402,โรงพยาบาลควนโดน,โรควิตกกังวล (F40-F48),F42,4,4: นอกเขต มารับบริการ/เคยอยู่ในเขต,15-29 ปี,5
code,DIAGNOSIS_OPD,ควนโดน,11402,โรงพยาบาลควนโดน,โรควิตกกังวล (F40-F48),F43,1,1: ในเขต มีชื่อ+อยู่จริง,15-29 ปี,2
code,DIAGNOSIS_OPD,ควนโดน,11402,โรงพยาบาลควนโดน,โรควิตกกังวล (F40-F48),F43,1,1: ในเขต มีชื่อ+อยู่จริง,30-44 ปี,1
code,DIAGNOSIS_OPD,ควนโดน,11402,โรงพยาบาลควนโดน,โรควิตกกังวล (F40-F48),F43,1,1: ในเขต มีชื่อ+อยู่จริง,45-59 ปี,1
code,DIAGNOSIS_OPD,ควนโดน,11402,โรงพยาบาลควนโดน,โรควิตกกังวล (F40-F48),F43,4,4: นอกเขต มารับบริการ/เคยอยู่ในเขต,0-14 ปี,4
code,DIAGNOSIS_OPD,ควนโดน,11402,โรงพยาบาลควนโดน,โรควิตกกังวล (F40-F48),F43,4,4: นอกเขต มารับบริการ/เคยอยู่ในเขต,15-29 ปี,9
code,DIAGNOSIS_OPD,ควนโดน,11402,โรงพยาบาลควนโดน,โรควิตกกังวล (F40-F48),F43,4,4: นอกเขต มารับบริการ/เคยอยู่ในเขต,30-44 ปี,12
code,DIAGNOSIS_OPD,ควนโดน,11402,โรงพยาบาลควนโดน,โรควิตกกังวล (F40-F48),F43,4,4: นอกเขต มารับบริการ/เคยอยู่ในเขต,45-59 ปี,4
code,DIAGNOSIS_OPD,ควนโดน,11402,โรงพยาบาลควนโดน,โรควิตกกังวล (F40-F48),F43,4,4: นอกเขต มารับบริการ/เคยอยู่ในเขต,60-74 ปี,3
code,DIAGNOSIS_OPD,ควนโดน,11402,โรงพยาบาลควนโดน,โรควิตกกังวล (F40-F48),F45,1,1: ในเขต มีชื่อ+อยู่จริง,15-29 ปี,1
code,DIAGNOSIS_OPD,ควนโดน,11402,โรงพยาบาลควนโดน,โรควิตกกังวล (F40-F48),F45,4,4: นอกเขต มารับบริการ/เคยอยู่ในเขต,15-29 ปี,2
code,DIAGNOSIS_OPD,ควนโดน,11402,โรงพยาบาลควนโดน,โรควิตกกังวล (F40-F48),F45,4,4: นอกเขต มารับบริการ/เคยอยู่ในเขต,45-59 ปี,1
code,DIAGNOSIS_OPD,ควนโดน,11402,โรงพยาบาลควนโดน,โรควิตกกังวล (F40-F48),F45,4,4: นอกเขต มารับบริการ/เคยอยู่ในเขต,60-74 ปี,1
code,DIAGNOSIS_OPD,ควนโดน,11402,โรงพยาบาลควนโดน,โรคสมองเสื่อม (F00-F03),F00,1,1: ในเขต มีชื่อ+อยู่จริง,60-74 ปี,1
code,DIAGNOSIS_OPD,ควนโดน,11402,โรงพยาบาลควนโดน,โรคสมองเสื่อม (F00-F03),F00,1,1: ในเขต มีชื่อ+อยู่จริง,75 ปีขึ้นไป,3
code,DIAGNOSIS_OPD,ควนโดน,11402,โรงพยาบาลควนโดน,โรคสมองเสื่อม (F00-F03),F00,4,4: นอกเขต มารับบริการ/เคยอยู่ในเขต,75 ปีขึ้นไป,4
code,DIAGNOSIS_OPD,ควนโดน,11402,โรงพยาบาลควนโดน,โรคสมองเสื่อม (F00-F03),F03,1,1: ในเขต มีชื่อ+อยู่จริง,60-74 ปี,3
code,DIAGNOSIS_OPD,ควนโดน,11402,โรงพยาบาลควนโดน,โรคสมองเสื่อม (F00-F03),F03,1,1: ในเขต มีชื่อ+อยู่จริง,75 ปีขึ้นไป,1
code,DIAGNOSIS_OPD,ควนโดน,11402,โรงพยาบาลควนโดน,โรคสมองเสื่อม (F00-F03),F03,4,4: นอกเขต มารับบริการ/เคยอยู่ในเขต,30-44 ปี,1
code,DIAGNOSIS_OPD,ควนโดน,11402,โรงพยาบาลควนโดน,โรคสมองเสื่อม (F00-F03),F03,4,4: นอกเขต มารับบริการ/เคยอยู่ในเขต,45-59 ปี,1
code,DIAGNOSIS_OPD,ควนโดน,11402,โรงพยาบาลควนโดน,โรคสมองเสื่อม (F00-F03),F03,4,4: นอกเขต มารับบริการ/เคยอยู่ในเขต,60-74 ปี,1
code,DIAGNOSIS_OPD,ควนโดน,11402,โรงพยาบาลควนโดน,โรคสมองเสื่อม (F00-F03),F03,4,4: นอกเขต มารับบริการ/เคยอยู่ในเขต,75 ปีขึ้นไป,10
code,DIAGNOSIS_OPD,ควนโดน,11402,โรงพยาบาลควนโดน,โรคสมาธิสั้น (F90),F90,1,1: ในเขต มีชื่อ+อยู่จริง,0-14 ปี,21
code,DIAGNOSIS_OPD,ควนโดน,11402,โรงพยาบาลควนโดน,โรคสมาธิสั้น (F90),F90,1,1: ในเขต มีชื่อ+อยู่จริง,15-29 ปี,2
code,DIAGNOSIS_OPD,ควนโดน,11402,โรงพยาบาลควนโดน,โรคสมาธิสั้น (F90),F90,2,2: ในเขต มีชื่อ แต่ไม่อยู่จริง,0-14 ปี,1
code,DIAGNOSIS_OPD,ควนโดน,11402,โรงพยาบาลควนโดน,โรคสมาธิสั้น (F90),F90,3,3: อาศัยในเขต ทะเบียนบ้านอยู่นอกเขต,0-14 ปี,1
code,DIAGNOSIS_OPD,ควนโดน,11402,โรงพยาบาลควนโดน,โรคสมาธิสั้น (F90),F90,4,4: นอกเขต มารับบริการ/เคยอยู่ในเขต,0-14 ปี,46
code,DIAGNOSIS_OPD,ควนโดน,11402,โรงพยาบาลควนโดน,โรคสมาธิสั้น (F90),F90,4,4: นอกเขต มารับบริการ/เคยอยู่ในเขต,15-29 ปี,6
code,DIAGNOSIS_OPD,ควนโดน,11402,โรงพยาบาลควนโดน,โรคออทิสติก (F84),F84,1,1: ในเขต มีชื่อ+อยู่จริง,0-14 ปี,8
code,DIAGNOSIS_OPD,ควนโดน,11402,โรงพยาบาลควนโดน,โรคออทิสติก (F84),F84,1,1: ในเขต มีชื่อ+อยู่จริง,15-29 ปี,1
code,DIAGNOSIS_OPD,ควนโดน,11402,โรงพยาบาลควนโดน,โรคออทิสติก (F84),F84,4,4: นอกเขต มารับบริการ/เคยอยู่ในเขต,0-14 ปี,31
code,DIAGNOSIS_OPD,ควนโดน,11402,โรงพยาบาลควนโดน,โรคออทิสติก (F84),F84,4,4: นอกเขต มารับบริการ/เคยอยู่ในเขต,15-29 ปี,3
code,DIAGNOSIS_OPD,ควนโดน,11402,โรงพยาบาลควนโดน,โรคอารมณ์สองขั้ว (F31),F31,1,1: ในเขต มีชื่อ+อยู่จริง,30-44 ปี,3
code,DIAGNOSIS_OPD,ควนโดน,11402,โรงพยาบาลควนโดน,โรคอารมณ์สองขั้ว (F31),F31,1,1: ในเขต มีชื่อ+อยู่จริง,60-74 ปี,3
code,DIAGNOSIS_OPD,ควนโดน,11402,โรงพยาบาลควนโดน,โรคอารมณ์สองขั้ว (F31),F31,2,2: ในเขต มีชื่อ แต่ไม่อยู่จริง,15-29 ปี,1
code,DIAGNOSIS_OPD,ควนโดน,11402,โรงพยาบาลควนโดน,โรคอารมณ์สองขั้ว (F31),F31,4,4: นอกเขต มารับบริการ/เคยอยู่ในเขต,15-29 ปี,5
code,DIAGNOSIS_OPD,ควนโดน,11402,โรงพยาบาลควนโดน,โรคอารมณ์สองขั้ว (F31),F31,4,4: นอกเขต มารับบริการ/เคยอยู่ในเขต,30-44 ปี,5
code,DIAGNOSIS_OPD,ควนโดน,11402,โรงพยาบาลควนโดน,โรคอารมณ์สองขั้ว (F31),F31,4,4: นอกเขต มารับบริการ/เคยอยู่ในเขต,45-59 ปี,2
code,DIAGNOSIS_OPD,ควนโดน,11402,โรงพยาบาลควนโดน,โรคอารมณ์สองขั้ว (F31),F31,4,4: นอกเขต มารับบริการ/เคยอยู่ในเขต,60-74 ปี,3
code,DIAGNOSIS_OPD,ควนโดน,11402,โรงพยาบาลควนโดน,โรคอารมณ์สองขั้ว (F31),F31,4,4: นอกเขต มารับบริการ/เคยอยู่ในเขต,75 ปีขึ้นไป,1
code,DIAGNOSIS_OPD,ควนโดน,09621,โรงพยาบาลส่งเสริมสุขภาพตำบลควนโดน,ติดยาบ้า Amphetamine (F15),F15,1,1: ในเขต มีชื่อ+อยู่จริง,45-59 ปี,1
code,DIAGNOSIS_OPD,ควนโดน,09621,โรงพยาบาลส่งเสริมสุขภาพตำบลควนโดน,โรคจิตเภท (F20),F20,1,1: ในเขต มีชื่อ+อยู่จริง,0-14 ปี,1
code,DIAGNOSIS_OPD,ควนโดน,09621,โรงพยาบาลส่งเสริมสุขภาพตำบลควนโดน,โรคจิตเภท (F20),F20,1,1: ในเขต มีชื่อ+อยู่จริง,15-29 ปี,3
code,DIAGNOSIS_OPD,ควนโดน,09621,โรงพยาบาลส่งเสริมสุขภาพตำบลควนโดน,โรคจิตเภท (F20),F20,1,1: ในเขต มีชื่อ+อยู่จริง,30-44 ปี,7
code,DIAGNOSIS_OPD,ควนโดน,09621,โรงพยาบาลส่งเสริมสุขภาพตำบลควนโดน,โรคจิตเภท (F20),F20,1,1: ในเขต มีชื่อ+อยู่จริง,45-59 ปี,7
code,DIAGNOSIS_OPD,ควนโดน,09621,โรงพยาบาลส่งเสริมสุขภาพตำบลควนโดน,โรคจิตเภท (F20),F20,1,1: ในเขต มีชื่อ+อยู่จริง,60-74 ปี,1
code,DIAGNOSIS_OPD,ควนโดน,09621,โรงพยาบาลส่งเสริมสุขภาพตำบลควนโดน,โรคจิตเภท (F20),F20,2,2: ในเขต มีชื่อ แต่ไม่อยู่จริง,15-29 ปี,1
code,DIAGNOSIS_OPD,ควนโดน,09621,โรงพยาบาลส่งเสริมสุขภาพตำบลควนโดน,โรคจิตเภท (F20),F20,2,2: ในเขต มีชื่อ แต่ไม่อยู่จริง,30-44 ปี,4
code,DIAGNOSIS_OPD,ควนโดน,09621,โรงพยาบาลส่งเสริมสุขภาพตำบลควนโดน,โรคจิตเภท (F20),F20,4,4: นอกเขต มารับบริการ/เคยอยู่ในเขต,15-29 ปี,1
code,DIAGNOSIS_OPD,ควนโดน,09621,โรงพยาบาลส่งเสริมสุขภาพตำบลควนโดน,โรคจิตเภท (F20),F20,4,4: นอกเขต มารับบริการ/เคยอยู่ในเขต,45-59 ปี,1
code,DIAGNOSIS_OPD,ควนโดน,09622,โรงพยาบาลส่งเสริมสุขภาพตำบลบ้านกุบังปะโหลด,โรคจิตอื่นๆ (F21-F29),F21,1,1: ในเขต มีชื่อ+อยู่จริง,30-44 ปี,1
code,DIAGNOSIS_OPD,ควนโดน,09622,โรงพยาบาลส่งเสริมสุขภาพตำบลบ้านกุบังปะโหลด,โรคจิตอื่นๆ (F21-F29),F21,3,3: อาศัยในเขต ทะเบียนบ้านอยู่นอกเขต,30-44 ปี,1
code,DIAGNOSIS_OPD,ควนโดน,09622,โรงพยาบาลส่งเสริมสุขภาพตำบลบ้านกุบังปะโหลด,โรคจิตเภท (F20),F20,1,1: ในเขต มีชื่อ+อยู่จริง,30-44 ปี,2
code,DIAGNOSIS_OPD,ควนโดน,09622,โรงพยาบาลส่งเสริมสุขภาพตำบลบ้านกุบังปะโหลด,โรคจิตเภท (F20),F20,2,2: ในเขต มีชื่อ แต่ไม่อยู่จริง,30-44 ปี,1
code,DIAGNOSIS_OPD,ควนโดน,09622,โรงพยาบาลส่งเสริมสุขภาพตำบลบ้านกุบังปะโหลด,โรคจิตเภท (F20),F20,3,3: อาศัยในเขต ทะเบียนบ้านอยู่นอกเขต,30-44 ปี,1
code,DIAGNOSIS_OPD,ควนโดน,09622,โรงพยาบาลส่งเสริมสุขภาพตำบลบ้านกุบังปะโหลด,โรคจิตเภท (F20),F20,4,4: นอกเขต มารับบริการ/เคยอยู่ในเขต,30-44 ปี,1
code,DIAGNOSIS_OPD,ควนโดน,09622,โรงพยาบาลส่งเสริมสุขภาพตำบลบ้านกุบังปะโหลด,"โรคทางจิตเวชอื่นๆ (F04-F09,F50-F69,F80,F82-F83,F88-F89,F91-F99 ยกเว้น F638,F988)",F06,2,2: ในเขต มีชื่อ แต่ไม่อยู่จริง,30-44 ปี,1
code,DIAGNOSIS_OPD,ควนโดน,09622,โรงพยาบาลส่งเสริมสุขภาพตำบลบ้านกุบังปะโหลด,"โรคทางจิตเวชอื่นๆ (F04-F09,F50-F69,F80,F82-F83,F88-F89,F91-F99 ยกเว้น F638,F988)",F55,1,1: ในเขต มีชื่อ+อยู่จริง,60-74 ปี,1
code,DIAGNOSIS_OPD,ควนโดน,09622,โรงพยาบาลส่งเสริมสุขภาพตำบลบ้านกุบังปะโหลด,"โรคทางจิตเวชอื่นๆ (F04-F09,F50-F69,F80,F82-F83,F88-F89,F91-F99 ยกเว้น F638,F988)",F55,4,4: นอกเขต มารับบริการ/เคยอยู่ในเขต,15-29 ปี,1
code,DIAGNOSIS_OPD,ควนโดน,09622,โรงพยาบาลส่งเสริมสุขภาพตำบลบ้านกุบังปะโหลด,"โรคทางจิตเวชอื่นๆ (F04-F09,F50-F69,F80,F82-F83,F88-F89,F91-F99 ยกเว้น F638,F988)",F62,1,1: ในเขต มีชื่อ+อยู่จริง,30-44 ปี,1
code,DIAGNOSIS_OPD,ควนโดน,09622,โรงพยาบาลส่งเสริมสุขภาพตำบลบ้านกุบังปะโหลด,"โรคทางจิตเวชอื่นๆ (F04-F09,F50-F69,F80,F82-F83,F88-F89,F91-F99 ยกเว้น F638,F988)",F99,2,2: ในเขต มีชื่อ แต่ไม่อยู่จริง,30-44 ปี,1
code,DIAGNOSIS_OPD,ควนโดน,09622,โรงพยาบาลส่งเสริมสุขภาพตำบลบ้านกุบังปะโหลด,โรควิตกกังวล (F40-F48),F48,1,1: ในเขต มีชื่อ+อยู่จริง,60-74 ปี,1
code,DIAGNOSIS_OPD,ควนโดน,09624,โรงพยาบาลส่งเสริมสุขภาพตำบลบ้านวังประจัน ตำบลวังประจัน,ติดยาบ้า Amphetamine (F15),F15,1,1: ในเขต มีชื่อ+อยู่จริง,30-44 ปี,1
code,DIAGNOSIS_OPD,ควนโดน,09624,โรงพยาบาลส่งเสริมสุขภาพตำบลบ้านวังประจัน ตำบลวังประจัน,"ติดสารเสพติดอื่นๆ (F11,F12,F13,F14,F16,F17,F18,F19)",F19,1,1: ในเขต มีชื่อ+อยู่จริง,30-44 ปี,2
code,DIAGNOSIS_OPD,ควนโดน,09624,โรงพยาบาลส่งเสริมสุขภาพตำบลบ้านวังประจัน ตำบลวังประจัน,"ติดสารเสพติดอื่นๆ (F11,F12,F13,F14,F16,F17,F18,F19)",F19,1,1: ในเขต มีชื่อ+อยู่จริง,45-59 ปี,1
code,DIAGNOSIS_OPD,ควนโดน,09624,โรงพยาบาลส่งเสริมสุขภาพตำบลบ้านวังประจัน ตำบลวังประจัน,"ติดสารเสพติดอื่นๆ (F11,F12,F13,F14,F16,F17,F18,F19)",F19,4,4: นอกเขต มารับบริการ/เคยอยู่ในเขต,15-29 ปี,2
code,DIAGNOSIS_OPD,ควนโดน,09624,โรงพยาบาลส่งเสริมสุขภาพตำบลบ้านวังประจัน ตำบลวังประจัน,พยายามฆ่าตัวตาย/ตั้งใจทำร้ายตนเอง (X60-X84),X60,4,4: นอกเขต มารับบริการ/เคยอยู่ในเขต,60-74 ปี,1
code,DIAGNOSIS_OPD,ควนโดน,09624,โรงพยาบาลส่งเสริมสุขภาพตำบลบ้านวังประจัน ตำบลวังประจัน,โรคจิตอื่นๆ (F21-F29),F23,4,4: นอกเขต มารับบริการ/เคยอยู่ในเขต,30-44 ปี,1
code,DIAGNOSIS_OPD,ควนโดน,09624,โรงพยาบาลส่งเสริมสุขภาพตำบลบ้านวังประจัน ตำบลวังประจัน,โรคจิตอื่นๆ (F21-F29),F29,1,1: ในเขต มีชื่อ+อยู่จริง,30-44 ปี,2
code,DIAGNOSIS_OPD,ควนโดน,09624,โรงพยาบาลส่งเสริมสุขภาพตำบลบ้านวังประจัน ตำบลวังประจัน,โรคจิตอื่นๆ (F21-F29),F29,1,1: ในเขต มีชื่อ+อยู่จริง,45-59 ปี,1
code,DIAGNOSIS_OPD,ควนโดน,09624,โรงพยาบาลส่งเสริมสุขภาพตำบลบ้านวังประจัน ตำบลวังประจัน,โรคจิตอื่นๆ (F21-F29),F29,1,1: ในเขต มีชื่อ+อยู่จริง,60-74 ปี,1
code,DIAGNOSIS_OPD,ควนโดน,09624,โรงพยาบาลส่งเสริมสุขภาพตำบลบ้านวังประจัน ตำบลวังประจัน,โรคจิตอื่นๆ (F21-F29),F29,2,2: ในเขต มีชื่อ แต่ไม่อยู่จริง,30-44 ปี,1
code,DIAGNOSIS_OPD,ควนโดน,09624,โรงพยาบาลส่งเสริมสุขภาพตำบลบ้านวังประจัน ตำบลวังประจัน,โรคจิตเภท (F20),F20,1,1: ในเขต มีชื่อ+อยู่จริง,45-59 ปี,2
code,DIAGNOSIS_OPD,ควนโดน,09624,โรงพยาบาลส่งเสริมสุขภาพตำบลบ้านวังประจัน ตำบลวังประจัน,โรคจิตเภท (F20),F20,4,4: นอกเขต มารับบริการ/เคยอยู่ในเขต,30-44 ปี,1
code,DIAGNOSIS_OPD,ควนโดน,09624,โรงพยาบาลส่งเสริมสุขภาพตำบลบ้านวังประจัน ตำบลวังประจัน,"โรคซึมเศร้า (F32,F33,F341,F38,F39)",F32,1,1: ในเขต มีชื่อ+อยู่จริง,15-29 ปี,1
code,DIAGNOSIS_OPD,ควนโดน,09624,โรงพยาบาลส่งเสริมสุขภาพตำบลบ้านวังประจัน ตำบลวังประจัน,"โรคทางจิตเวชอื่นๆ (F04-F09,F50-F69,F80,F82-F83,F88-F89,F91-F99 ยกเว้น F638,F988)",F06,1,1: ในเขต มีชื่อ+อยู่จริง,30-44 ปี,1
code,DIAGNOSIS_OPD,ควนโดน,09624,โรงพยาบาลส่งเสริมสุขภาพตำบลบ้านวังประจัน ตำบลวังประจัน,โรควิตกกังวล (F40-F48),F43,1,1: ในเขต มีชื่อ+อยู่จริง,0-14 ปี,1
code,DIAGNOSIS_OPD,ควนโดน,09624,โรงพยาบาลส่งเสริมสุขภาพตำบลบ้านวังประจัน ตำบลวังประจัน,โรควิตกกังวล (F40-F48),F48,1,1: ในเขต มีชื่อ+อยู่จริง,30-44 ปี,1
code,DIAGNOSIS_OPD,ควนโดน,09624,โรงพยาบาลส่งเสริมสุขภาพตำบลบ้านวังประจัน ตำบลวังประจัน,โรควิตกกังวล (F40-F48),F48,3,3: อาศัยในเขต ทะเบียนบ้านอยู่นอกเขต,30-44 ปี,1
code,DIAGNOSIS_OPD,ควนโดน,09624,โรงพยาบาลส่งเสริมสุขภาพตำบลบ้านวังประจัน ตำบลวังประจัน,โรคสมองเสื่อม (F00-F03),F00,1,1: ในเขต มีชื่อ+อยู่จริง,45-59 ปี,1
code,DIAGNOSIS_OPD,ควนโดน,09624,โรงพยาบาลส่งเสริมสุขภาพตำบลบ้านวังประจัน ตำบลวังประจัน,โรคอารมณ์สองขั้ว (F31),F31,1,1: ในเขต มีชื่อ+อยู่จริง,60-74 ปี,1
code,DIAGNOSIS_OPD,ควนโดน,09623,โรงพยาบาลส่งเสริมสุขภาพตำบลย่านซื่อ,"ติดสารเสพติดอื่นๆ (F11,F12,F13,F14,F16,F17,F18,F19)",F17,1,1: ในเขต มีชื่อ+อยู่จริง,30-44 ปี,2
code,DIAGNOSIS_OPD,ควนโดน,09623,โรงพยาบาลส่งเสริมสุขภาพตำบลย่านซื่อ,"ติดสารเสพติดอื่นๆ (F11,F12,F13,F14,F16,F17,F18,F19)",F17,1,1: ในเขต มีชื่อ+อยู่จริง,45-59 ปี,1
code,DIAGNOSIS_OPD,ควนโดน,09623,โรงพยาบาลส่งเสริมสุขภาพตำบลย่านซื่อ,"ติดสารเสพติดอื่นๆ (F11,F12,F13,F14,F16,F17,F18,F19)",F17,2,2: ในเขต มีชื่อ แต่ไม่อยู่จริง,30-44 ปี,1
code,DIAGNOSIS_OPD,ควนโดน,09623,โรงพยาบาลส่งเสริมสุขภาพตำบลย่านซื่อ,"ติดสารเสพติดอื่นๆ (F11,F12,F13,F14,F16,F17,F18,F19)",F19,1,1: ในเขต มีชื่อ+อยู่จริง,30-44 ปี,2
code,DIAGNOSIS_OPD,ควนโดน,09623,โรงพยาบาลส่งเสริมสุขภาพตำบลย่านซื่อ,โรคจิตเภท (F20),F20,1,1: ในเขต มีชื่อ+อยู่จริง,15-29 ปี,1
code,DIAGNOSIS_OPD,ควนโดน,09623,โรงพยาบาลส่งเสริมสุขภาพตำบลย่านซื่อ,โรคจิตเภท (F20),F20,1,1: ในเขต มีชื่อ+อยู่จริง,30-44 ปี,5
code,DIAGNOSIS_OPD,ควนโดน,09623,โรงพยาบาลส่งเสริมสุขภาพตำบลย่านซื่อ,โรคจิตเภท (F20),F20,1,1: ในเขต มีชื่อ+อยู่จริง,45-59 ปี,2
code,DIAGNOSIS_OPD,ควนโดน,09623,โรงพยาบาลส่งเสริมสุขภาพตำบลย่านซื่อ,"โรคซึมเศร้า (F32,F33,F341,F38,F39)",F32,1,1: ในเขต มีชื่อ+อยู่จริง,45-59 ปี,1
code,DIAGNOSIS_OPD,ควนโดน,09623,โรงพยาบาลส่งเสริมสุขภาพตำบลย่านซื่อ,"โรคซึมเศร้า (F32,F33,F341,F38,F39)",F32,1,1: ในเขต มีชื่อ+อยู่จริง,60-74 ปี,1
code,DIAGNOSIS_OPD,ควนโดน,09623,โรงพยาบาลส่งเสริมสุขภาพตำบลย่านซื่อ,โรควิตกกังวล (F40-F48),F45,1,1: ในเขต มีชื่อ+อยู่จริง,75 ปีขึ้นไป,1
code,DIAGNOSIS_OPD,ควนโดน,09623,โรงพยาบาลส่งเสริมสุขภาพตำบลย่านซื่อ,โรควิตกกังวล (F40-F48),F48,1,1: ในเขต มีชื่อ+อยู่จริง,75 ปีขึ้นไป,1
code,DIAGNOSIS_OPD,ทุ่งหว้า,11406,โรงพยาบาลทุ่งหว้า,ความบกพร่องทางการเรียนรู้ (F81),F81,1,1: ในเขต มีชื่อ+อยู่จริง,0-14 ปี,13
code,DIAGNOSIS_OPD,ทุ่งหว้า,11406,โรงพยาบาลทุ่งหว้า,ความบกพร่องทางการเรียนรู้ (F81),F81,1,1: ในเขต มีชื่อ+อยู่จริง,15-29 ปี,1
code,DIAGNOSIS_OPD,ทุ่งหว้า,11406,โรงพยาบาลทุ่งหว้า,ความบกพร่องทางการเรียนรู้ (F81),F81,2,2: ในเขต มีชื่อ แต่ไม่อยู่จริง,0-14 ปี,4
code,DIAGNOSIS_OPD,ทุ่งหว้า,11406,โรงพยาบาลทุ่งหว้า,ความบกพร่องทางการเรียนรู้ (F81),F81,4,4: นอกเขต มารับบริการ/เคยอยู่ในเขต,0-14 ปี,32
code,DIAGNOSIS_OPD,ทุ่งหว้า,11406,โรงพยาบาลทุ่งหว้า,ความบกพร่องทางการเรียนรู้ (F81),F81,4,4: นอกเขต มารับบริการ/เคยอยู่ในเขต,15-29 ปี,3
code,DIAGNOSIS_OPD,ทุ่งหว้า,11406,โรงพยาบาลทุ่งหว้า,ความบกพร่องทางสติปัญญา (F70-F79),F70,1,1: ในเขต มีชื่อ+อยู่จริง,0-14 ปี,1
code,DIAGNOSIS_OPD,ทุ่งหว้า,11406,โรงพยาบาลทุ่งหว้า,ความบกพร่องทางสติปัญญา (F70-F79),F70,4,4: นอกเขต มารับบริการ/เคยอยู่ในเขต,0-14 ปี,3
code,DIAGNOSIS_OPD,ทุ่งหว้า,11406,โรงพยาบาลทุ่งหว้า,ความบกพร่องทางสติปัญญา (F70-F79),F70,4,4: นอกเขต มารับบริการ/เคยอยู่ในเขต,15-29 ปี,1
code,DIAGNOSIS_OPD,ทุ่งหว้า,11406,โรงพยาบาลทุ่งหว้า,ความบกพร่องทางสติปัญญา (F70-F79),F71,1,1: ในเขต มีชื่อ+อยู่จริง,15-29 ปี,1
code,DIAGNOSIS_OPD,ทุ่งหว้า,11406,โรงพยาบาลทุ่งหว้า,ความบกพร่องทางสติปัญญา (F70-F79),F72,4,4: นอกเขต มารับบริการ/เคยอยู่ในเขต,30-44 ปี,1
code,DIAGNOSIS_OPD,ทุ่งหว้า,11406,โรงพยาบาลทุ่งหว้า,ความบกพร่องทางสติปัญญา (F70-F79),F79,2,2: ในเขต มีชื่อ แต่ไม่อยู่จริง,15-29 ปี,1
code,DIAGNOSIS_OPD,ทุ่งหว้า,11406,โรงพยาบาลทุ่งหว้า,ความบกพร่องทางสติปัญญา (F70-F79),F79,4,4: นอกเขต มารับบริการ/เคยอยู่ในเขต,0-14 ปี,3
code,DIAGNOSIS_OPD,ทุ่งหว้า,11406,โรงพยาบาลทุ่งหว้า,ความบกพร่องทางสติปัญญา (F70-F79),F79,4,4: นอกเขต มารับบริการ/เคยอยู่ในเขต,15-29 ปี,4
code,DIAGNOSIS_OPD,ทุ่งหว้า,11406,โรงพยาบาลทุ่งหว้า,ความบกพร่องทางสติปัญญา (F70-F79),F79,4,4: นอกเขต มารับบริการ/เคยอยู่ในเขต,30-44 ปี,1
code,DIAGNOSIS_OPD,ทุ่งหว้า,11406,โรงพยาบาลทุ่งหว้า,ความบกพร่องทางสติปัญญา (F70-F79),F79,4,4: นอกเขต มารับบริการ/เคยอยู่ในเขต,45-59 ปี,2
code,DIAGNOSIS_OPD,ทุ่งหว้า,11406,โรงพยาบาลทุ่งหว้า,ติดยาบ้า Amphetamine (F15),F15,"",อื่นๆ/ไม่ทราบ,30-44 ปี,1
code,DIAGNOSIS_OPD,ทุ่งหว้า,11406,โรงพยาบาลทุ่งหว้า,ติดยาบ้า Amphetamine (F15),F15,1,1: ในเขต มีชื่อ+อยู่จริง,15-29 ปี,10
code,DIAGNOSIS_OPD,ทุ่งหว้า,11406,โรงพยาบาลทุ่งหว้า,ติดยาบ้า Amphetamine (F15),F15,1,1: ในเขต มีชื่อ+อยู่จริง,30-44 ปี,5
code,DIAGNOSIS_OPD,ทุ่งหว้า,11406,โรงพยาบาลทุ่งหว้า,ติดยาบ้า Amphetamine (F15),F15,1,1: ในเขต มีชื่อ+อยู่จริง,45-59 ปี,1
code,DIAGNOSIS_OPD,ทุ่งหว้า,11406,โรงพยาบาลทุ่งหว้า,ติดยาบ้า Amphetamine (F15),F15,2,2: ในเขต มีชื่อ แต่ไม่อยู่จริง,15-29 ปี,1
code,DIAGNOSIS_OPD,ทุ่งหว้า,11406,โรงพยาบาลทุ่งหว้า,ติดยาบ้า Amphetamine (F15),F15,2,2: ในเขต มีชื่อ แต่ไม่อยู่จริง,30-44 ปี,5
code,DIAGNOSIS_OPD,ทุ่งหว้า,11406,โรงพยาบาลทุ่งหว้า,ติดยาบ้า Amphetamine (F15),F15,2,2: ในเขต มีชื่อ แต่ไม่อยู่จริง,45-59 ปี,1
code,DIAGNOSIS_OPD,ทุ่งหว้า,11406,โรงพยาบาลทุ่งหว้า,ติดยาบ้า Amphetamine (F15),F15,3,3: อาศัยในเขต ทะเบียนบ้านอยู่นอกเขต,15-29 ปี,1
code,DIAGNOSIS_OPD,ทุ่งหว้า,11406,โรงพยาบาลทุ่งหว้า,ติดยาบ้า Amphetamine (F15),F15,3,3: อาศัยในเขต ทะเบียนบ้านอยู่นอกเขต,30-44 ปี,1
code,DIAGNOSIS_OPD,ทุ่งหว้า,11406,โรงพยาบาลทุ่งหว้า,ติดยาบ้า Amphetamine (F15),F15,4,4: นอกเขต มารับบริการ/เคยอยู่ในเขต,0-14 ปี,2
code,DIAGNOSIS_OPD,ทุ่งหว้า,11406,โรงพยาบาลทุ่งหว้า,ติดยาบ้า Amphetamine (F15),F15,4,4: นอกเขต มารับบริการ/เคยอยู่ในเขต,15-29 ปี,35
code,DIAGNOSIS_OPD,ทุ่งหว้า,11406,โรงพยาบาลทุ่งหว้า,ติดยาบ้า Amphetamine (F15),F15,4,4: นอกเขต มารับบริการ/เคยอยู่ในเขต,30-44 ปี,36
code,DIAGNOSIS_OPD,ทุ่งหว้า,11406,โรงพยาบาลทุ่งหว้า,ติดยาบ้า Amphetamine (F15),F15,4,4: นอกเขต มารับบริการ/เคยอยู่ในเขต,45-59 ปี,5
code,DIAGNOSIS_OPD,ทุ่งหว้า,11406,โรงพยาบาลทุ่งหว้า,ติดยาบ้า Amphetamine (F15),F15,4,4: นอกเขต มารับบริการ/เคยอยู่ในเขต,60-74 ปี,1
code,DIAGNOSIS_OPD,ทุ่งหว้า,11406,โรงพยาบาลทุ่งหว้า,"ติดสารเสพติดอื่นๆ (F11,F12,F13,F14,F16,F17,F18,F19)",F11,1,1: ในเขต มีชื่อ+อยู่จริง,30-44 ปี,1
code,DIAGNOSIS_OPD,ทุ่งหว้า,11406,โรงพยาบาลทุ่งหว้า,"ติดสารเสพติดอื่นๆ (F11,F12,F13,F14,F16,F17,F18,F19)",F11,4,4: นอกเขต มารับบริการ/เคยอยู่ในเขต,15-29 ปี,1
code,DIAGNOSIS_OPD,ทุ่งหว้า,11406,โรงพยาบาลทุ่งหว้า,"ติดสารเสพติดอื่นๆ (F11,F12,F13,F14,F16,F17,F18,F19)",F11,4,4: นอกเขต มารับบริการ/เคยอยู่ในเขต,30-44 ปี,1
code,DIAGNOSIS_OPD,ทุ่งหว้า,11406,โรงพยาบาลทุ่งหว้า,"ติดสารเสพติดอื่นๆ (F11,F12,F13,F14,F16,F17,F18,F19)",F11,4,4: นอกเขต มารับบริการ/เคยอยู่ในเขต,45-59 ปี,1
code,DIAGNOSIS_OPD,ทุ่งหว้า,11406,โรงพยาบาลทุ่งหว้า,"ติดสารเสพติดอื่นๆ (F11,F12,F13,F14,F16,F17,F18,F19)",F11,4,4: นอกเขต มารับบริการ/เคยอยู่ในเขต,75 ปีขึ้นไป,1
code,DIAGNOSIS_OPD,ทุ่งหว้า,11406,โรงพยาบาลทุ่งหว้า,"ติดสารเสพติดอื่นๆ (F11,F12,F13,F14,F16,F17,F18,F19)",F12,4,4: นอกเขต มารับบริการ/เคยอยู่ในเขต,15-29 ปี,1
code,DIAGNOSIS_OPD,ทุ่งหว้า,11406,โรงพยาบาลทุ่งหว้า,"ติดสารเสพติดอื่นๆ (F11,F12,F13,F14,F16,F17,F18,F19)",F12,4,4: นอกเขต มารับบริการ/เคยอยู่ในเขต,30-44 ปี,1
code,DIAGNOSIS_OPD,ทุ่งหว้า,11406,โรงพยาบาลทุ่งหว้า,"ติดสารเสพติดอื่นๆ (F11,F12,F13,F14,F16,F17,F18,F19)",F12,4,4: นอกเขต มารับบริการ/เคยอยู่ในเขต,60-74 ปี,1
code,DIAGNOSIS_OPD,ทุ่งหว้า,11406,โรงพยาบาลทุ่งหว้า,"ติดสารเสพติดอื่นๆ (F11,F12,F13,F14,F16,F17,F18,F19)",F13,2,2: ในเขต มีชื่อ แต่ไม่อยู่จริง,15-29 ปี,2
code,DIAGNOSIS_OPD,ทุ่งหว้า,11406,โรงพยาบาลทุ่งหว้า,"ติดสารเสพติดอื่นๆ (F11,F12,F13,F14,F16,F17,F18,F19)",F13,2,2: ในเขต มีชื่อ แต่ไม่อยู่จริง,30-44 ปี,1
code,DIAGNOSIS_OPD,ทุ่งหว้า,11406,โรงพยาบาลทุ่งหว้า,"ติดสารเสพติดอื่นๆ (F11,F12,F13,F14,F16,F17,F18,F19)",F13,4,4: นอกเขต มารับบริการ/เคยอยู่ในเขต,0-14 ปี,1
code,DIAGNOSIS_OPD,ทุ่งหว้า,11406,โรงพยาบาลทุ่งหว้า,"ติดสารเสพติดอื่นๆ (F11,F12,F13,F14,F16,F17,F18,F19)",F14,2,2: ในเขต มีชื่อ แต่ไม่อยู่จริง,15-29 ปี,1
code,DIAGNOSIS_OPD,ทุ่งหว้า,11406,โรงพยาบาลทุ่งหว้า,"ติดสารเสพติดอื่นๆ (F11,F12,F13,F14,F16,F17,F18,F19)",F14,4,4: นอกเขต มารับบริการ/เคยอยู่ในเขต,45-59 ปี,1
code,DIAGNOSIS_OPD,ทุ่งหว้า,11406,โรงพยาบาลทุ่งหว้า,"ติดสารเสพติดอื่นๆ (F11,F12,F13,F14,F16,F17,F18,F19)",F16,1,1: ในเขต มีชื่อ+อยู่จริง,0-14 ปี,1
code,DIAGNOSIS_OPD,ทุ่งหว้า,11406,โรงพยาบาลทุ่งหว้า,"ติดสารเสพติดอื่นๆ (F11,F12,F13,F14,F16,F17,F18,F19)",F16,4,4: นอกเขต มารับบริการ/เคยอยู่ในเขต,30-44 ปี,1
code,DIAGNOSIS_OPD,ทุ่งหว้า,11406,โรงพยาบาลทุ่งหว้า,"ติดสารเสพติดอื่นๆ (F11,F12,F13,F14,F16,F17,F18,F19)",F16,4,4: นอกเขต มารับบริการ/เคยอยู่ในเขต,45-59 ปี,1
code,DIAGNOSIS_OPD,ทุ่งหว้า,11406,โรงพยาบาลทุ่งหว้า,"ติดสารเสพติดอื่นๆ (F11,F12,F13,F14,F16,F17,F18,F19)",F17,1,1: ในเขต มีชื่อ+อยู่จริง,15-29 ปี,1
code,DIAGNOSIS_OPD,ทุ่งหว้า,11406,โรงพยาบาลทุ่งหว้า,"ติดสารเสพติดอื่นๆ (F11,F12,F13,F14,F16,F17,F18,F19)",F17,4,4: นอกเขต มารับบริการ/เคยอยู่ในเขต,15-29 ปี,2
code,DIAGNOSIS_OPD,ทุ่งหว้า,11406,โรงพยาบาลทุ่งหว้า,"ติดสารเสพติดอื่นๆ (F11,F12,F13,F14,F16,F17,F18,F19)",F17,4,4: นอกเขต มารับบริการ/เคยอยู่ในเขต,30-44 ปี,3
code,DIAGNOSIS_OPD,ทุ่งหว้า,11406,โรงพยาบาลทุ่งหว้า,"ติดสารเสพติดอื่นๆ (F11,F12,F13,F14,F16,F17,F18,F19)",F17,4,4: นอกเขต มารับบริการ/เคยอยู่ในเขต,45-59 ปี,5
code,DIAGNOSIS_OPD,ทุ่งหว้า,11406,โรงพยาบาลทุ่งหว้า,"ติดสารเสพติดอื่นๆ (F11,F12,F13,F14,F16,F17,F18,F19)",F17,4,4: นอกเขต มารับบริการ/เคยอยู่ในเขต,60-74 ปี,2
code,DIAGNOSIS_OPD,ทุ่งหว้า,11406,โรงพยาบาลทุ่งหว้า,"ติดสารเสพติดอื่นๆ (F11,F12,F13,F14,F16,F17,F18,F19)",F17,4,4: นอกเขต มารับบริการ/เคยอยู่ในเขต,75 ปีขึ้นไป,2
code,DIAGNOSIS_OPD,ทุ่งหว้า,11406,โรงพยาบาลทุ่งหว้า,"ติดสารเสพติดอื่นๆ (F11,F12,F13,F14,F16,F17,F18,F19)",F19,1,1: ในเขต มีชื่อ+อยู่จริง,30-44 ปี,1
code,DIAGNOSIS_OPD,ทุ่งหว้า,11406,โรงพยาบาลทุ่งหว้า,"ติดสารเสพติดอื่นๆ (F11,F12,F13,F14,F16,F17,F18,F19)",F19,4,4: นอกเขต มารับบริการ/เคยอยู่ในเขต,0-14 ปี,2
code,DIAGNOSIS_OPD,ทุ่งหว้า,11406,โรงพยาบาลทุ่งหว้า,"ติดสารเสพติดอื่นๆ (F11,F12,F13,F14,F16,F17,F18,F19)",F19,4,4: นอกเขต มารับบริการ/เคยอยู่ในเขต,15-29 ปี,6
code,DIAGNOSIS_OPD,ทุ่งหว้า,11406,โรงพยาบาลทุ่งหว้า,"ติดสารเสพติดอื่นๆ (F11,F12,F13,F14,F16,F17,F18,F19)",F19,4,4: นอกเขต มารับบริการ/เคยอยู่ในเขต,30-44 ปี,15
code,DIAGNOSIS_OPD,ทุ่งหว้า,11406,โรงพยาบาลทุ่งหว้า,"ติดสารเสพติดอื่นๆ (F11,F12,F13,F14,F16,F17,F18,F19)",F19,4,4: นอกเขต มารับบริการ/เคยอยู่ในเขต,45-59 ปี,4
code,DIAGNOSIS_OPD,ทุ่งหว้า,11406,โรงพยาบาลทุ่งหว้า,"ติดสารเสพติดอื่นๆ (F11,F12,F13,F14,F16,F17,F18,F19)",F19,4,4: นอกเขต มารับบริการ/เคยอยู่ในเขต,60-74 ปี,2
code,DIAGNOSIS_OPD,ทุ่งหว้า,11406,โรงพยาบาลทุ่งหว้า,"ติดสารเสพติดอื่นๆ (F11,F12,F13,F14,F16,F17,F18,F19)",F19,4,4: นอกเขต มารับบริการ/เคยอยู่ในเขต,75 ปีขึ้นไป,1
code,DIAGNOSIS_OPD,ทุ่งหว้า,11406,โรงพยาบาลทุ่งหว้า,ติดแอลกอฮอล์ (F10),F10,1,1: ในเขต มีชื่อ+อยู่จริง,30-44 ปี,1
code,DIAGNOSIS_OPD,ทุ่งหว้า,11406,โรงพยาบาลทุ่งหว้า,ติดแอลกอฮอล์ (F10),F10,4,4: นอกเขต มารับบริการ/เคยอยู่ในเขต,15-29 ปี,1
code,DIAGNOSIS_OPD,ทุ่งหว้า,11406,โรงพยาบาลทุ่งหว้า,ติดแอลกอฮอล์ (F10),F10,4,4: นอกเขต มารับบริการ/เคยอยู่ในเขต,30-44 ปี,8
code,DIAGNOSIS_OPD,ทุ่งหว้า,11406,โรงพยาบาลทุ่งหว้า,ติดแอลกอฮอล์ (F10),F10,4,4: นอกเขต มารับบริการ/เคยอยู่ในเขต,45-59 ปี,5
code,DIAGNOSIS_OPD,ทุ่งหว้า,11406,โรงพยาบาลทุ่งหว้า,ติดแอลกอฮอล์ (F10),F10,4,4: นอกเขต มารับบริการ/เคยอยู่ในเขต,60-74 ปี,5
code,DIAGNOSIS_OPD,ทุ่งหว้า,11406,โรงพยาบาลทุ่งหว้า,พยายามฆ่าตัวตาย/ตั้งใจทำร้ายตนเอง (X60-X84),X60,"",อื่นๆ/ไม่ทราบ,15-29 ปี,1
code,DIAGNOSIS_OPD,ทุ่งหว้า,11406,โรงพยาบาลทุ่งหว้า,พยายามฆ่าตัวตาย/ตั้งใจทำร้ายตนเอง (X60-X84),X60,"",อื่นๆ/ไม่ทราบ,30-44 ปี,1
code,DIAGNOSIS_OPD,ทุ่งหว้า,11406,โรงพยาบาลทุ่งหว้า,พยายามฆ่าตัวตาย/ตั้งใจทำร้ายตนเอง (X60-X84),X60,1,1: ในเขต มีชื่อ+อยู่จริง,0-14 ปี,1
code,DIAGNOSIS_OPD,ทุ่งหว้า,11406,โรงพยาบาลทุ่งหว้า,พยายามฆ่าตัวตาย/ตั้งใจทำร้ายตนเอง (X60-X84),X60,1,1: ในเขต มีชื่อ+อยู่จริง,15-29 ปี,4
code,DIAGNOSIS_OPD,ทุ่งหว้า,11406,โรงพยาบาลทุ่งหว้า,พยายามฆ่าตัวตาย/ตั้งใจทำร้ายตนเอง (X60-X84),X60,4,4: นอกเขต มารับบริการ/เคยอยู่ในเขต,0-14 ปี,2
code,DIAGNOSIS_OPD,ทุ่งหว้า,11406,โรงพยาบาลทุ่งหว้า,พยายามฆ่าตัวตาย/ตั้งใจทำร้ายตนเอง (X60-X84),X60,4,4: นอกเขต มารับบริการ/เคยอยู่ในเขต,15-29 ปี,8
code,DIAGNOSIS_OPD,ทุ่งหว้า,11406,โรงพยาบาลทุ่งหว้า,พยายามฆ่าตัวตาย/ตั้งใจทำร้ายตนเอง (X60-X84),X60,4,4: นอกเขต มารับบริการ/เคยอยู่ในเขต,30-44 ปี,3
code,DIAGNOSIS_OPD,ทุ่งหว้า,11406,โรงพยาบาลทุ่งหว้า,พยายามฆ่าตัวตาย/ตั้งใจทำร้ายตนเอง (X60-X84),X60,4,4: นอกเขต มารับบริการ/เคยอยู่ในเขต,60-74 ปี,1
code,DIAGNOSIS_OPD,ทุ่งหว้า,11406,โรงพยาบาลทุ่งหว้า,พยายามฆ่าตัวตาย/ตั้งใจทำร้ายตนเอง (X60-X84),X60,4,4: นอกเขต มารับบริการ/เคยอยู่ในเขต,75 ปีขึ้นไป,1
code,DIAGNOSIS_OPD,ทุ่งหว้า,11406,โรงพยาบาลทุ่งหว้า,พยายามฆ่าตัวตาย/ตั้งใจทำร้ายตนเอง (X60-X84),X61,1,1: ในเขต มีชื่อ+อยู่จริง,30-44 ปี,1
code,DIAGNOSIS_OPD,ทุ่งหว้า,11406,โรงพยาบาลทุ่งหว้า,พยายามฆ่าตัวตาย/ตั้งใจทำร้ายตนเอง (X60-X84),X61,4,4: นอกเขต มารับบริการ/เคยอยู่ในเขต,0-14 ปี,1
code,DIAGNOSIS_OPD,ทุ่งหว้า,11406,โรงพยาบาลทุ่งหว้า,พยายามฆ่าตัวตาย/ตั้งใจทำร้ายตนเอง (X60-X84),X61,4,4: นอกเขต มารับบริการ/เคยอยู่ในเขต,15-29 ปี,6
code,DIAGNOSIS_OPD,ทุ่งหว้า,11406,โรงพยาบาลทุ่งหว้า,พยายามฆ่าตัวตาย/ตั้งใจทำร้ายตนเอง (X60-X84),X61,4,4: นอกเขต มารับบริการ/เคยอยู่ในเขต,45-59 ปี,1
code,DIAGNOSIS_OPD,ทุ่งหว้า,11406,โรงพยาบาลทุ่งหว้า,พยายามฆ่าตัวตาย/ตั้งใจทำร้ายตนเอง (X60-X84),X63,4,4: นอกเขต มารับบริการ/เคยอยู่ในเขต,15-29 ปี,2
code,DIAGNOSIS_OPD,ทุ่งหว้า,11406,โรงพยาบาลทุ่งหว้า,พยายามฆ่าตัวตาย/ตั้งใจทำร้ายตนเอง (X60-X84),X63,4,4: นอกเขต มารับบริการ/เคยอยู่ในเขต,30-44 ปี,1
code,DIAGNOSIS_OPD,ทุ่งหว้า,11406,โรงพยาบาลทุ่งหว้า,พยายามฆ่าตัวตาย/ตั้งใจทำร้ายตนเอง (X60-X84),X64,1,1: ในเขต มีชื่อ+อยู่จริง,15-29 ปี,1
code,DIAGNOSIS_OPD,ทุ่งหว้า,11406,โรงพยาบาลทุ่งหว้า,พยายามฆ่าตัวตาย/ตั้งใจทำร้ายตนเอง (X60-X84),X64,4,4: นอกเขต มารับบริการ/เคยอยู่ในเขต,0-14 ปี,1
code,DIAGNOSIS_OPD,ทุ่งหว้า,11406,โรงพยาบาลทุ่งหว้า,พยายามฆ่าตัวตาย/ตั้งใจทำร้ายตนเอง (X60-X84),X64,4,4: นอกเขต มารับบริการ/เคยอยู่ในเขต,15-29 ปี,2
code,DIAGNOSIS_OPD,ทุ่งหว้า,11406,โรงพยาบาลทุ่งหว้า,พยายามฆ่าตัวตาย/ตั้งใจทำร้ายตนเอง (X60-X84),X64,4,4: นอกเขต มารับบริการ/เคยอยู่ในเขต,30-44 ปี,1
code,DIAGNOSIS_OPD,ทุ่งหว้า,11406,โรงพยาบาลทุ่งหว้า,พยายามฆ่าตัวตาย/ตั้งใจทำร้ายตนเอง (X60-X84),X64,4,4: นอกเขต มารับบริการ/เคยอยู่ในเขต,45-59 ปี,1
code,DIAGNOSIS_OPD,ทุ่งหว้า,11406,โรงพยาบาลทุ่งหว้า,พยายามฆ่าตัวตาย/ตั้งใจทำร้ายตนเอง (X60-X84),X69,1,1: ในเขต มีชื่อ+อยู่จริง,15-29 ปี,1
code,DIAGNOSIS_OPD,ทุ่งหว้า,11406,โรงพยาบาลทุ่งหว้า,พยายามฆ่าตัวตาย/ตั้งใจทำร้ายตนเอง (X60-X84),X69,2,2: ในเขต มีชื่อ แต่ไม่อยู่จริง,30-44 ปี,1
code,DIAGNOSIS_OPD,ทุ่งหว้า,11406,โรงพยาบาลทุ่งหว้า,พยายามฆ่าตัวตาย/ตั้งใจทำร้ายตนเอง (X60-X84),X69,4,4: นอกเขต มารับบริการ/เคยอยู่ในเขต,15-29 ปี,3
code,DIAGNOSIS_OPD,ทุ่งหว้า,11406,โรงพยาบาลทุ่งหว้า,พยายามฆ่าตัวตาย/ตั้งใจทำร้ายตนเอง (X60-X84),X70,1,1: ในเขต มีชื่อ+อยู่จริง,15-29 ปี,1
code,DIAGNOSIS_OPD,ทุ่งหว้า,11406,โรงพยาบาลทุ่งหว้า,พยายามฆ่าตัวตาย/ตั้งใจทำร้ายตนเอง (X60-X84),X70,2,2: ในเขต มีชื่อ แต่ไม่อยู่จริง,0-14 ปี,1
code,DIAGNOSIS_OPD,ทุ่งหว้า,11406,โรงพยาบาลทุ่งหว้า,พยายามฆ่าตัวตาย/ตั้งใจทำร้ายตนเอง (X60-X84),X70,3,3: อาศัยในเขต ทะเบียนบ้านอยู่นอกเขต,60-74 ปี,1
code,DIAGNOSIS_OPD,ทุ่งหว้า,11406,โรงพยาบาลทุ่งหว้า,พยายามฆ่าตัวตาย/ตั้งใจทำร้ายตนเอง (X60-X84),X70,4,4: นอกเขต มารับบริการ/เคยอยู่ในเขต,15-29 ปี,6
code,DIAGNOSIS_OPD,ทุ่งหว้า,11406,โรงพยาบาลทุ่งหว้า,พยายามฆ่าตัวตาย/ตั้งใจทำร้ายตนเอง (X60-X84),X70,4,4: นอกเขต มารับบริการ/เคยอยู่ในเขต,30-44 ปี,5
code,DIAGNOSIS_OPD,ทุ่งหว้า,11406,โรงพยาบาลทุ่งหว้า,พยายามฆ่าตัวตาย/ตั้งใจทำร้ายตนเอง (X60-X84),X70,4,4: นอกเขต มารับบริการ/เคยอยู่ในเขต,45-59 ปี,4
code,DIAGNOSIS_OPD,ทุ่งหว้า,11406,โรงพยาบาลทุ่งหว้า,พยายามฆ่าตัวตาย/ตั้งใจทำร้ายตนเอง (X60-X84),X70,4,4: นอกเขต มารับบริการ/เคยอยู่ในเขต,60-74 ปี,1
code,DIAGNOSIS_OPD,ทุ่งหว้า,11406,โรงพยาบาลทุ่งหว้า,พยายามฆ่าตัวตาย/ตั้งใจทำร้ายตนเอง (X60-X84),X71,4,4: นอกเขต มารับบริการ/เคยอยู่ในเขต,30-44 ปี,1
code,DIAGNOSIS_OPD,ทุ่งหว้า,11406,โรงพยาบาลทุ่งหว้า,พยายามฆ่าตัวตาย/ตั้งใจทำร้ายตนเอง (X60-X84),X72,"",อื่นๆ/ไม่ทราบ,30-44 ปี,1
code,DIAGNOSIS_OPD,ทุ่งหว้า,11406,โรงพยาบาลทุ่งหว้า,พยายามฆ่าตัวตาย/ตั้งใจทำร้ายตนเอง (X60-X84),X72,1,1: ในเขต มีชื่อ+อยู่จริง,30-44 ปี,1
code,DIAGNOSIS_OPD,ทุ่งหว้า,11406,โรงพยาบาลทุ่งหว้า,พยายามฆ่าตัวตาย/ตั้งใจทำร้ายตนเอง (X60-X84),X73,4,4: นอกเขต มารับบริการ/เคยอยู่ในเขต,60-74 ปี,1
code,DIAGNOSIS_OPD,ทุ่งหว้า,11406,โรงพยาบาลทุ่งหว้า,พยายามฆ่าตัวตาย/ตั้งใจทำร้ายตนเอง (X60-X84),X78,2,2: ในเขต มีชื่อ แต่ไม่อยู่จริง,15-29 ปี,1
code,DIAGNOSIS_OPD,ทุ่งหว้า,11406,โรงพยาบาลทุ่งหว้า,พยายามฆ่าตัวตาย/ตั้งใจทำร้ายตนเอง (X60-X84),X78,4,4: นอกเขต มารับบริการ/เคยอยู่ในเขต,15-29 ปี,3
code,DIAGNOSIS_OPD,ทุ่งหว้า,11406,โรงพยาบาลทุ่งหว้า,พยายามฆ่าตัวตาย/ตั้งใจทำร้ายตนเอง (X60-X84),X78,4,4: นอกเขต มารับบริการ/เคยอยู่ในเขต,30-44 ปี,1
code,DIAGNOSIS_OPD,ทุ่งหว้า,11406,โรงพยาบาลทุ่งหว้า,พยายามฆ่าตัวตาย/ตั้งใจทำร้ายตนเอง (X60-X84),X83,4,4: นอกเขต มารับบริการ/เคยอยู่ในเขต,30-44 ปี,1
code,DIAGNOSIS_OPD,ทุ่งหว้า,11406,โรงพยาบาลทุ่งหว้า,โรคจิตอื่นๆ (F21-F29),F21,4,4: นอกเขต มารับบริการ/เคยอยู่ในเขต,15-29 ปี,1
code,DIAGNOSIS_OPD,ทุ่งหว้า,11406,โรงพยาบาลทุ่งหว้า,โรคจิตอื่นๆ (F21-F29),F22,1,1: ในเขต มีชื่อ+อยู่จริง,75 ปีขึ้นไป,1
code,DIAGNOSIS_OPD,ทุ่งหว้า,11406,โรงพยาบาลทุ่งหว้า,โรคจิตอื่นๆ (F21-F29),F22,4,4: นอกเขต มารับบริการ/เคยอยู่ในเขต,15-29 ปี,1
code,DIAGNOSIS_OPD,ทุ่งหว้า,11406,โรงพยาบาลทุ่งหว้า,โรคจิตอื่นๆ (F21-F29),F22,4,4: นอกเขต มารับบริการ/เคยอยู่ในเขต,45-59 ปี,1
code,DIAGNOSIS_OPD,ทุ่งหว้า,11406,โรงพยาบาลทุ่งหว้า,โรคจิตอื่นๆ (F21-F29),F23,"",อื่นๆ/ไม่ทราบ,30-44 ปี,1
code,DIAGNOSIS_OPD,ทุ่งหว้า,11406,โรงพยาบาลทุ่งหว้า,โรคจิตอื่นๆ (F21-F29),F23,1,1: ในเขต มีชื่อ+อยู่จริง,30-44 ปี,1
code,DIAGNOSIS_OPD,ทุ่งหว้า,11406,โรงพยาบาลทุ่งหว้า,โรคจิตอื่นๆ (F21-F29),F23,1,1: ในเขต มีชื่อ+อยู่จริง,45-59 ปี,2
code,DIAGNOSIS_OPD,ทุ่งหว้า,11406,โรงพยาบาลทุ่งหว้า,โรคจิตอื่นๆ (F21-F29),F23,2,2: ในเขต มีชื่อ แต่ไม่อยู่จริง,45-59 ปี,1
code,DIAGNOSIS_OPD,ทุ่งหว้า,11406,โรงพยาบาลทุ่งหว้า,โรคจิตอื่นๆ (F21-F29),F23,4,4: นอกเขต มารับบริการ/เคยอยู่ในเขต,15-29 ปี,1
code,DIAGNOSIS_OPD,ทุ่งหว้า,11406,โรงพยาบาลทุ่งหว้า,โรคจิตอื่นๆ (F21-F29),F23,4,4: นอกเขต มารับบริการ/เคยอยู่ในเขต,30-44 ปี,8
code,DIAGNOSIS_OPD,ทุ่งหว้า,11406,โรงพยาบาลทุ่งหว้า,โรคจิตอื่นๆ (F21-F29),F23,4,4: นอกเขต มารับบริการ/เคยอยู่ในเขต,45-59 ปี,1
code,DIAGNOSIS_OPD,ทุ่งหว้า,11406,โรงพยาบาลทุ่งหว้า,โรคจิตอื่นๆ (F21-F29),F25,1,1: ในเขต มีชื่อ+อยู่จริง,45-59 ปี,1
code,DIAGNOSIS_OPD,ทุ่งหว้า,11406,โรงพยาบาลทุ่งหว้า,โรคจิตอื่นๆ (F21-F29),F25,1,1: ในเขต มีชื่อ+อยู่จริง,60-74 ปี,1
code,DIAGNOSIS_OPD,ทุ่งหว้า,11406,โรงพยาบาลทุ่งหว้า,โรคจิตอื่นๆ (F21-F29),F25,2,2: ในเขต มีชื่อ แต่ไม่อยู่จริง,30-44 ปี,1
code,DIAGNOSIS_OPD,ทุ่งหว้า,11406,โรงพยาบาลทุ่งหว้า,โรคจิตอื่นๆ (F21-F29),F25,2,2: ในเขต มีชื่อ แต่ไม่อยู่จริง,45-59 ปี,1
code,DIAGNOSIS_OPD,ทุ่งหว้า,11406,โรงพยาบาลทุ่งหว้า,โรคจิตอื่นๆ (F21-F29),F25,4,4: นอกเขต มารับบริการ/เคยอยู่ในเขต,15-29 ปี,1
code,DIAGNOSIS_OPD,ทุ่งหว้า,11406,โรงพยาบาลทุ่งหว้า,โรคจิตอื่นๆ (F21-F29),F25,4,4: นอกเขต มารับบริการ/เคยอยู่ในเขต,30-44 ปี,4
code,DIAGNOSIS_OPD,ทุ่งหว้า,11406,โรงพยาบาลทุ่งหว้า,โรคจิตอื่นๆ (F21-F29),F25,4,4: นอกเขต มารับบริการ/เคยอยู่ในเขต,75 ปีขึ้นไป,2
code,DIAGNOSIS_OPD,ทุ่งหว้า,11406,โรงพยาบาลทุ่งหว้า,โรคจิตอื่นๆ (F21-F29),F28,4,4: นอกเขต มารับบริการ/เคยอยู่ในเขต,60-74 ปี,1
code,DIAGNOSIS_OPD,ทุ่งหว้า,11406,โรงพยาบาลทุ่งหว้า,โรคจิตอื่นๆ (F21-F29),F29,1,1: ในเขต มีชื่อ+อยู่จริง,15-29 ปี,5
code,DIAGNOSIS_OPD,ทุ่งหว้า,11406,โรงพยาบาลทุ่งหว้า,โรคจิตอื่นๆ (F21-F29),F29,1,1: ในเขต มีชื่อ+อยู่จริง,30-44 ปี,7
code,DIAGNOSIS_OPD,ทุ่งหว้า,11406,โรงพยาบาลทุ่งหว้า,โรคจิตอื่นๆ (F21-F29),F29,1,1: ในเขต มีชื่อ+อยู่จริง,45-59 ปี,7
code,DIAGNOSIS_OPD,ทุ่งหว้า,11406,โรงพยาบาลทุ่งหว้า,โรคจิตอื่นๆ (F21-F29),F29,1,1: ในเขต มีชื่อ+อยู่จริง,75 ปีขึ้นไป,1
code,DIAGNOSIS_OPD,ทุ่งหว้า,11406,โรงพยาบาลทุ่งหว้า,โรคจิตอื่นๆ (F21-F29),F29,2,2: ในเขต มีชื่อ แต่ไม่อยู่จริง,15-29 ปี,1
code,DIAGNOSIS_OPD,ทุ่งหว้า,11406,โรงพยาบาลทุ่งหว้า,โรคจิตอื่นๆ (F21-F29),F29,2,2: ในเขต มีชื่อ แต่ไม่อยู่จริง,30-44 ปี,1
code,DIAGNOSIS_OPD,ทุ่งหว้า,11406,โรงพยาบาลทุ่งหว้า,โรคจิตอื่นๆ (F21-F29),F29,3,3: อาศัยในเขต ทะเบียนบ้านอยู่นอกเขต,15-29 ปี,1
code,DIAGNOSIS_OPD,ทุ่งหว้า,11406,โรงพยาบาลทุ่งหว้า,โรคจิตอื่นๆ (F21-F29),F29,4,4: นอกเขต มารับบริการ/เคยอยู่ในเขต,15-29 ปี,22
code,DIAGNOSIS_OPD,ทุ่งหว้า,11406,โรงพยาบาลทุ่งหว้า,โรคจิตอื่นๆ (F21-F29),F29,4,4: นอกเขต มารับบริการ/เคยอยู่ในเขต,30-44 ปี,35
code,DIAGNOSIS_OPD,ทุ่งหว้า,11406,โรงพยาบาลทุ่งหว้า,โรคจิตอื่นๆ (F21-F29),F29,4,4: นอกเขต มารับบริการ/เคยอยู่ในเขต,45-59 ปี,15
code,DIAGNOSIS_OPD,ทุ่งหว้า,11406,โรงพยาบาลทุ่งหว้า,โรคจิตอื่นๆ (F21-F29),F29,4,4: นอกเขต มารับบริการ/เคยอยู่ในเขต,60-74 ปี,1
code,DIAGNOSIS_OPD,ทุ่งหว้า,11406,โรงพยาบาลทุ่งหว้า,โรคจิตอื่นๆ (F21-F29),F29,4,4: นอกเขต มารับบริการ/เคยอยู่ในเขต,75 ปีขึ้นไป,1
code,DIAGNOSIS_OPD,ทุ่งหว้า,11406,โรงพยาบาลทุ่งหว้า,โรคจิตเภท (F20),F20,"",อื่นๆ/ไม่ทราบ,30-44 ปี,1
code,DIAGNOSIS_OPD,ทุ่งหว้า,11406,โรงพยาบาลทุ่งหว้า,โรคจิตเภท (F20),F20,1,1: ในเขต มีชื่อ+อยู่จริง,15-29 ปี,1
code,DIAGNOSIS_OPD,ทุ่งหว้า,11406,โรงพยาบาลทุ่งหว้า,โรคจิตเภท (F20),F20,1,1: ในเขต มีชื่อ+อยู่จริง,30-44 ปี,11
code,DIAGNOSIS_OPD,ทุ่งหว้า,11406,โรงพยาบาลทุ่งหว้า,โรคจิตเภท (F20),F20,1,1: ในเขต มีชื่อ+อยู่จริง,45-59 ปี,22
code,DIAGNOSIS_OPD,ทุ่งหว้า,11406,โรงพยาบาลทุ่งหว้า,โรคจิตเภท (F20),F20,1,1: ในเขต มีชื่อ+อยู่จริง,60-74 ปี,8
code,DIAGNOSIS_OPD,ทุ่งหว้า,11406,โรงพยาบาลทุ่งหว้า,โรคจิตเภท (F20),F20,2,2: ในเขต มีชื่อ แต่ไม่อยู่จริง,15-29 ปี,2
code,DIAGNOSIS_OPD,ทุ่งหว้า,11406,โรงพยาบาลทุ่งหว้า,โรคจิตเภท (F20),F20,2,2: ในเขต มีชื่อ แต่ไม่อยู่จริง,30-44 ปี,3
code,DIAGNOSIS_OPD,ทุ่งหว้า,11406,โรงพยาบาลทุ่งหว้า,โรคจิตเภท (F20),F20,2,2: ในเขต มีชื่อ แต่ไม่อยู่จริง,45-59 ปี,5
code,DIAGNOSIS_OPD,ทุ่งหว้า,11406,โรงพยาบาลทุ่งหว้า,โรคจิตเภท (F20),F20,2,2: ในเขต มีชื่อ แต่ไม่อยู่จริง,60-74 ปี,2
code,DIAGNOSIS_OPD,ทุ่งหว้า,11406,โรงพยาบาลทุ่งหว้า,โรคจิตเภท (F20),F20,4,4: นอกเขต มารับบริการ/เคยอยู่ในเขต,0-14 ปี,1
code,DIAGNOSIS_OPD,ทุ่งหว้า,11406,โรงพยาบาลทุ่งหว้า,โรคจิตเภท (F20),F20,4,4: นอกเขต มารับบริการ/เคยอยู่ในเขต,15-29 ปี,16
code,DIAGNOSIS_OPD,ทุ่งหว้า,11406,โรงพยาบาลทุ่งหว้า,โรคจิตเภท (F20),F20,4,4: นอกเขต มารับบริการ/เคยอยู่ในเขต,30-44 ปี,54
code,DIAGNOSIS_OPD,ทุ่งหว้า,11406,โรงพยาบาลทุ่งหว้า,โรคจิตเภท (F20),F20,4,4: นอกเขต มารับบริการ/เคยอยู่ในเขต,45-59 ปี,39
code,DIAGNOSIS_OPD,ทุ่งหว้า,11406,โรงพยาบาลทุ่งหว้า,โรคจิตเภท (F20),F20,4,4: นอกเขต มารับบริการ/เคยอยู่ในเขต,60-74 ปี,11
code,DIAGNOSIS_OPD,ทุ่งหว้า,11406,โรงพยาบาลทุ่งหว้า,โรคจิตเภท (F20),F20,4,4: นอกเขต มารับบริการ/เคยอยู่ในเขต,75 ปีขึ้นไป,5
code,DIAGNOSIS_OPD,ทุ่งหว้า,11406,โรงพยาบาลทุ่งหว้า,"โรคซึมเศร้า (F32,F33,F341,F38,F39)",F32,"",อื่นๆ/ไม่ทราบ,15-29 ปี,1
code,DIAGNOSIS_OPD,ทุ่งหว้า,11406,โรงพยาบาลทุ่งหว้า,"โรคซึมเศร้า (F32,F33,F341,F38,F39)",F32,1,1: ในเขต มีชื่อ+อยู่จริง,0-14 ปี,4
code,DIAGNOSIS_OPD,ทุ่งหว้า,11406,โรงพยาบาลทุ่งหว้า,"โรคซึมเศร้า (F32,F33,F341,F38,F39)",F32,1,1: ในเขต มีชื่อ+อยู่จริง,15-29 ปี,13
code,DIAGNOSIS_OPD,ทุ่งหว้า,11406,โรงพยาบาลทุ่งหว้า,"โรคซึมเศร้า (F32,F33,F341,F38,F39)",F32,1,1: ในเขต มีชื่อ+อยู่จริง,30-44 ปี,7
code,DIAGNOSIS_OPD,ทุ่งหว้า,11406,โรงพยาบาลทุ่งหว้า,"โรคซึมเศร้า (F32,F33,F341,F38,F39)",F32,1,1: ในเขต มีชื่อ+อยู่จริง,45-59 ปี,27
code,DIAGNOSIS_OPD,ทุ่งหว้า,11406,โรงพยาบาลทุ่งหว้า,"โรคซึมเศร้า (F32,F33,F341,F38,F39)",F32,1,1: ในเขต มีชื่อ+อยู่จริง,60-74 ปี,19
code,DIAGNOSIS_OPD,ทุ่งหว้า,11406,โรงพยาบาลทุ่งหว้า,"โรคซึมเศร้า (F32,F33,F341,F38,F39)",F32,1,1: ในเขต มีชื่อ+อยู่จริง,75 ปีขึ้นไป,11
code,DIAGNOSIS_OPD,ทุ่งหว้า,11406,โรงพยาบาลทุ่งหว้า,"โรคซึมเศร้า (F32,F33,F341,F38,F39)",F32,2,2: ในเขต มีชื่อ แต่ไม่อยู่จริง,0-14 ปี,2
code,DIAGNOSIS_OPD,ทุ่งหว้า,11406,โรงพยาบาลทุ่งหว้า,"โรคซึมเศร้า (F32,F33,F341,F38,F39)",F32,2,2: ในเขต มีชื่อ แต่ไม่อยู่จริง,15-29 ปี,5
code,DIAGNOSIS_OPD,ทุ่งหว้า,11406,โรงพยาบาลทุ่งหว้า,"โรคซึมเศร้า (F32,F33,F341,F38,F39)",F32,2,2: ในเขต มีชื่อ แต่ไม่อยู่จริง,30-44 ปี,6
code,DIAGNOSIS_OPD,ทุ่งหว้า,11406,โรงพยาบาลทุ่งหว้า,"โรคซึมเศร้า (F32,F33,F341,F38,F39)",F32,2,2: ในเขต มีชื่อ แต่ไม่อยู่จริง,45-59 ปี,4
code,DIAGNOSIS_OPD,ทุ่งหว้า,11406,โรงพยาบาลทุ่งหว้า,"โรคซึมเศร้า (F32,F33,F341,F38,F39)",F32,2,2: ในเขต มีชื่อ แต่ไม่อยู่จริง,60-74 ปี,2
code,DIAGNOSIS_OPD,ทุ่งหว้า,11406,โรงพยาบาลทุ่งหว้า,"โรคซึมเศร้า (F32,F33,F341,F38,F39)",F32,4,4: นอกเขต มารับบริการ/เคยอยู่ในเขต,0-14 ปี,9
code,DIAGNOSIS_OPD,ทุ่งหว้า,11406,โรงพยาบาลทุ่งหว้า,"โรคซึมเศร้า (F32,F33,F341,F38,F39)",F32,4,4: นอกเขต มารับบริการ/เคยอยู่ในเขต,15-29 ปี,90
code,DIAGNOSIS_OPD,ทุ่งหว้า,11406,โรงพยาบาลทุ่งหว้า,"โรคซึมเศร้า (F32,F33,F341,F38,F39)",F32,4,4: นอกเขต มารับบริการ/เคยอยู่ในเขต,30-44 ปี,91
code,DIAGNOSIS_OPD,ทุ่งหว้า,11406,โรงพยาบาลทุ่งหว้า,"โรคซึมเศร้า (F32,F33,F341,F38,F39)",F32,4,4: นอกเขต มารับบริการ/เคยอยู่ในเขต,45-59 ปี,99
code,DIAGNOSIS_OPD,ทุ่งหว้า,11406,โรงพยาบาลทุ่งหว้า,"โรคซึมเศร้า (F32,F33,F341,F38,F39)",F32,4,4: นอกเขต มารับบริการ/เคยอยู่ในเขต,60-74 ปี,69
code,DIAGNOSIS_OPD,ทุ่งหว้า,11406,โรงพยาบาลทุ่งหว้า,"โรคซึมเศร้า (F32,F33,F341,F38,F39)",F32,4,4: นอกเขต มารับบริการ/เคยอยู่ในเขต,75 ปีขึ้นไป,28
code,DIAGNOSIS_OPD,ทุ่งหว้า,11406,โรงพยาบาลทุ่งหว้า,"โรคซึมเศร้า (F32,F33,F341,F38,F39)",F33,1,1: ในเขต มีชื่อ+อยู่จริง,15-29 ปี,2
code,DIAGNOSIS_OPD,ทุ่งหว้า,11406,โรงพยาบาลทุ่งหว้า,"โรคซึมเศร้า (F32,F33,F341,F38,F39)",F33,1,1: ในเขต มีชื่อ+อยู่จริง,45-59 ปี,8
code,DIAGNOSIS_OPD,ทุ่งหว้า,11406,โรงพยาบาลทุ่งหว้า,"โรคซึมเศร้า (F32,F33,F341,F38,F39)",F33,1,1: ในเขต มีชื่อ+อยู่จริง,60-74 ปี,5
code,DIAGNOSIS_OPD,ทุ่งหว้า,11406,โรงพยาบาลทุ่งหว้า,"โรคซึมเศร้า (F32,F33,F341,F38,F39)",F33,2,2: ในเขต มีชื่อ แต่ไม่อยู่จริง,30-44 ปี,1
code,DIAGNOSIS_OPD,ทุ่งหว้า,11406,โรงพยาบาลทุ่งหว้า,"โรคซึมเศร้า (F32,F33,F341,F38,F39)",F33,4,4: นอกเขต มารับบริการ/เคยอยู่ในเขต,15-29 ปี,3
code,DIAGNOSIS_OPD,ทุ่งหว้า,11406,โรงพยาบาลทุ่งหว้า,"โรคซึมเศร้า (F32,F33,F341,F38,F39)",F33,4,4: นอกเขต มารับบริการ/เคยอยู่ในเขต,30-44 ปี,8
code,DIAGNOSIS_OPD,ทุ่งหว้า,11406,โรงพยาบาลทุ่งหว้า,"โรคซึมเศร้า (F32,F33,F341,F38,F39)",F33,4,4: นอกเขต มารับบริการ/เคยอยู่ในเขต,45-59 ปี,11
code,DIAGNOSIS_OPD,ทุ่งหว้า,11406,โรงพยาบาลทุ่งหว้า,"โรคซึมเศร้า (F32,F33,F341,F38,F39)",F33,4,4: นอกเขต มารับบริการ/เคยอยู่ในเขต,60-74 ปี,5
code,DIAGNOSIS_OPD,ทุ่งหว้า,11406,โรงพยาบาลทุ่งหว้า,"โรคซึมเศร้า (F32,F33,F341,F38,F39)",F33,4,4: นอกเขต มารับบริการ/เคยอยู่ในเขต,75 ปีขึ้นไป,3
code,DIAGNOSIS_OPD,ทุ่งหว้า,11406,โรงพยาบาลทุ่งหว้า,"โรคซึมเศร้า (F32,F33,F341,F38,F39)",F341,1,1: ในเขต มีชื่อ+อยู่จริง,45-59 ปี,1
code,DIAGNOSIS_OPD,ทุ่งหว้า,11406,โรงพยาบาลทุ่งหว้า,"โรคซึมเศร้า (F32,F33,F341,F38,F39)",F341,1,1: ในเขต มีชื่อ+อยู่จริง,60-74 ปี,3
code,DIAGNOSIS_OPD,ทุ่งหว้า,11406,โรงพยาบาลทุ่งหว้า,"โรคซึมเศร้า (F32,F33,F341,F38,F39)",F341,1,1: ในเขต มีชื่อ+อยู่จริง,75 ปีขึ้นไป,1
code,DIAGNOSIS_OPD,ทุ่งหว้า,11406,โรงพยาบาลทุ่งหว้า,"โรคซึมเศร้า (F32,F33,F341,F38,F39)",F341,4,4: นอกเขต มารับบริการ/เคยอยู่ในเขต,15-29 ปี,1
code,DIAGNOSIS_OPD,ทุ่งหว้า,11406,โรงพยาบาลทุ่งหว้า,"โรคซึมเศร้า (F32,F33,F341,F38,F39)",F341,4,4: นอกเขต มารับบริการ/เคยอยู่ในเขต,30-44 ปี,7
code,DIAGNOSIS_OPD,ทุ่งหว้า,11406,โรงพยาบาลทุ่งหว้า,"โรคซึมเศร้า (F32,F33,F341,F38,F39)",F341,4,4: นอกเขต มารับบริการ/เคยอยู่ในเขต,45-59 ปี,10
code,DIAGNOSIS_OPD,ทุ่งหว้า,11406,โรงพยาบาลทุ่งหว้า,"โรคซึมเศร้า (F32,F33,F341,F38,F39)",F341,4,4: นอกเขต มารับบริการ/เคยอยู่ในเขต,60-74 ปี,3
code,DIAGNOSIS_OPD,ทุ่งหว้า,11406,โรงพยาบาลทุ่งหว้า,"โรคซึมเศร้า (F32,F33,F341,F38,F39)",F38,4,4: นอกเขต มารับบริการ/เคยอยู่ในเขต,15-29 ปี,1
code,DIAGNOSIS_OPD,ทุ่งหว้า,11406,โรงพยาบาลทุ่งหว้า,"โรคซึมเศร้า (F32,F33,F341,F38,F39)",F38,4,4: นอกเขต มารับบริการ/เคยอยู่ในเขต,30-44 ปี,1
code,DIAGNOSIS_OPD,ทุ่งหว้า,11406,โรงพยาบาลทุ่งหว้า,"โรคทางจิตเวชอื่นๆ (F04-F09,F50-F69,F80,F82-F83,F88-F89,F91-F99 ยกเว้น F638,F988)",F05,1,1: ในเขต มีชื่อ+อยู่จริง,30-44 ปี,1
code,DIAGNOSIS_OPD,ทุ่งหว้า,11406,โรงพยาบาลทุ่งหว้า,"โรคทางจิตเวชอื่นๆ (F04-F09,F50-F69,F80,F82-F83,F88-F89,F91-F99 ยกเว้น F638,F988)",F05,1,1: ในเขต มีชื่อ+อยู่จริง,60-74 ปี,1
code,DIAGNOSIS_OPD,ทุ่งหว้า,11406,โรงพยาบาลทุ่งหว้า,"โรคทางจิตเวชอื่นๆ (F04-F09,F50-F69,F80,F82-F83,F88-F89,F91-F99 ยกเว้น F638,F988)",F05,1,1: ในเขต มีชื่อ+อยู่จริง,75 ปีขึ้นไป,6
code,DIAGNOSIS_OPD,ทุ่งหว้า,11406,โรงพยาบาลทุ่งหว้า,"โรคทางจิตเวชอื่นๆ (F04-F09,F50-F69,F80,F82-F83,F88-F89,F91-F99 ยกเว้น F638,F988)",F05,3,3: อาศัยในเขต ทะเบียนบ้านอยู่นอกเขต,75 ปีขึ้นไป,1
code,DIAGNOSIS_OPD,ทุ่งหว้า,11406,โรงพยาบาลทุ่งหว้า,"โรคทางจิตเวชอื่นๆ (F04-F09,F50-F69,F80,F82-F83,F88-F89,F91-F99 ยกเว้น F638,F988)",F05,4,4: นอกเขต มารับบริการ/เคยอยู่ในเขต,60-74 ปี,4
code,DIAGNOSIS_OPD,ทุ่งหว้า,11406,โรงพยาบาลทุ่งหว้า,"โรคทางจิตเวชอื่นๆ (F04-F09,F50-F69,F80,F82-F83,F88-F89,F91-F99 ยกเว้น F638,F988)",F05,4,4: นอกเขต มารับบริการ/เคยอยู่ในเขต,75 ปีขึ้นไป,6
code,DIAGNOSIS_OPD,ทุ่งหว้า,11406,โรงพยาบาลทุ่งหว้า,"โรคทางจิตเวชอื่นๆ (F04-F09,F50-F69,F80,F82-F83,F88-F89,F91-F99 ยกเว้น F638,F988)",F06,1,1: ในเขต มีชื่อ+อยู่จริง,15-29 ปี,1
code,DIAGNOSIS_OPD,ทุ่งหว้า,11406,โรงพยาบาลทุ่งหว้า,"โรคทางจิตเวชอื่นๆ (F04-F09,F50-F69,F80,F82-F83,F88-F89,F91-F99 ยกเว้น F638,F988)",F06,1,1: ในเขต มีชื่อ+อยู่จริง,45-59 ปี,1
code,DIAGNOSIS_OPD,ทุ่งหว้า,11406,โรงพยาบาลทุ่งหว้า,"โรคทางจิตเวชอื่นๆ (F04-F09,F50-F69,F80,F82-F83,F88-F89,F91-F99 ยกเว้น F638,F988)",F06,1,1: ในเขต มีชื่อ+อยู่จริง,75 ปีขึ้นไป,1
code,DIAGNOSIS_OPD,ทุ่งหว้า,11406,โรงพยาบาลทุ่งหว้า,"โรคทางจิตเวชอื่นๆ (F04-F09,F50-F69,F80,F82-F83,F88-F89,F91-F99 ยกเว้น F638,F988)",F06,4,4: นอกเขต มารับบริการ/เคยอยู่ในเขต,0-14 ปี,1
code,DIAGNOSIS_OPD,ทุ่งหว้า,11406,โรงพยาบาลทุ่งหว้า,"โรคทางจิตเวชอื่นๆ (F04-F09,F50-F69,F80,F82-F83,F88-F89,F91-F99 ยกเว้น F638,F988)",F06,4,4: นอกเขต มารับบริการ/เคยอยู่ในเขต,15-29 ปี,3
code,DIAGNOSIS_OPD,ทุ่งหว้า,11406,โรงพยาบาลทุ่งหว้า,"โรคทางจิตเวชอื่นๆ (F04-F09,F50-F69,F80,F82-F83,F88-F89,F91-F99 ยกเว้น F638,F988)",F06,4,4: นอกเขต มารับบริการ/เคยอยู่ในเขต,45-59 ปี,7
code,DIAGNOSIS_OPD,ทุ่งหว้า,11406,โรงพยาบาลทุ่งหว้า,"โรคทางจิตเวชอื่นๆ (F04-F09,F50-F69,F80,F82-F83,F88-F89,F91-F99 ยกเว้น F638,F988)",F06,4,4: นอกเขต มารับบริการ/เคยอยู่ในเขต,60-74 ปี,9
code,DIAGNOSIS_OPD,ทุ่งหว้า,11406,โรงพยาบาลทุ่งหว้า,"โรคทางจิตเวชอื่นๆ (F04-F09,F50-F69,F80,F82-F83,F88-F89,F91-F99 ยกเว้น F638,F988)",F06,4,4: นอกเขต มารับบริการ/เคยอยู่ในเขต,75 ปีขึ้นไป,9
code,DIAGNOSIS_OPD,ทุ่งหว้า,11406,โรงพยาบาลทุ่งหว้า,"โรคทางจิตเวชอื่นๆ (F04-F09,F50-F69,F80,F82-F83,F88-F89,F91-F99 ยกเว้น F638,F988)",F07,4,4: นอกเขต มารับบริการ/เคยอยู่ในเขต,15-29 ปี,1
code,DIAGNOSIS_OPD,ทุ่งหว้า,11406,โรงพยาบาลทุ่งหว้า,"โรคทางจิตเวชอื่นๆ (F04-F09,F50-F69,F80,F82-F83,F88-F89,F91-F99 ยกเว้น F638,F988)",F07,4,4: นอกเขต มารับบริการ/เคยอยู่ในเขต,30-44 ปี,1
code,DIAGNOSIS_OPD,ทุ่งหว้า,11406,โรงพยาบาลทุ่งหว้า,"โรคทางจิตเวชอื่นๆ (F04-F09,F50-F69,F80,F82-F83,F88-F89,F91-F99 ยกเว้น F638,F988)",F09,1,1: ในเขต มีชื่อ+อยู่จริง,15-29 ปี,1
code,DIAGNOSIS_OPD,ทุ่งหว้า,11406,โรงพยาบาลทุ่งหว้า,"โรคทางจิตเวชอื่นๆ (F04-F09,F50-F69,F80,F82-F83,F88-F89,F91-F99 ยกเว้น F638,F988)",F09,1,1: ในเขต มีชื่อ+อยู่จริง,30-44 ปี,3
code,DIAGNOSIS_OPD,ทุ่งหว้า,11406,โรงพยาบาลทุ่งหว้า,"โรคทางจิตเวชอื่นๆ (F04-F09,F50-F69,F80,F82-F83,F88-F89,F91-F99 ยกเว้น F638,F988)",F09,1,1: ในเขต มีชื่อ+อยู่จริง,60-74 ปี,1
code,DIAGNOSIS_OPD,ทุ่งหว้า,11406,โรงพยาบาลทุ่งหว้า,"โรคทางจิตเวชอื่นๆ (F04-F09,F50-F69,F80,F82-F83,F88-F89,F91-F99 ยกเว้น F638,F988)",F09,4,4: นอกเขต มารับบริการ/เคยอยู่ในเขต,15-29 ปี,6
code,DIAGNOSIS_OPD,ทุ่งหว้า,11406,โรงพยาบาลทุ่งหว้า,"โรคทางจิตเวชอื่นๆ (F04-F09,F50-F69,F80,F82-F83,F88-F89,F91-F99 ยกเว้น F638,F988)",F09,4,4: นอกเขต มารับบริการ/เคยอยู่ในเขต,30-44 ปี,9
code,DIAGNOSIS_OPD,ทุ่งหว้า,11406,โรงพยาบาลทุ่งหว้า,"โรคทางจิตเวชอื่นๆ (F04-F09,F50-F69,F80,F82-F83,F88-F89,F91-F99 ยกเว้น F638,F988)",F09,4,4: นอกเขต มารับบริการ/เคยอยู่ในเขต,45-59 ปี,6
code,DIAGNOSIS_OPD,ทุ่งหว้า,11406,โรงพยาบาลทุ่งหว้า,"โรคทางจิตเวชอื่นๆ (F04-F09,F50-F69,F80,F82-F83,F88-F89,F91-F99 ยกเว้น F638,F988)",F09,4,4: นอกเขต มารับบริการ/เคยอยู่ในเขต,60-74 ปี,1
code,DIAGNOSIS_OPD,ทุ่งหว้า,11406,โรงพยาบาลทุ่งหว้า,"โรคทางจิตเวชอื่นๆ (F04-F09,F50-F69,F80,F82-F83,F88-F89,F91-F99 ยกเว้น F638,F988)",F50,1,1: ในเขต มีชื่อ+อยู่จริง,60-74 ปี,1
code,DIAGNOSIS_OPD,ทุ่งหว้า,11406,โรงพยาบาลทุ่งหว้า,"โรคทางจิตเวชอื่นๆ (F04-F09,F50-F69,F80,F82-F83,F88-F89,F91-F99 ยกเว้น F638,F988)",F50,4,4: นอกเขต มารับบริการ/เคยอยู่ในเขต,30-44 ปี,1
code,DIAGNOSIS_OPD,ทุ่งหว้า,11406,โรงพยาบาลทุ่งหว้า,"โรคทางจิตเวชอื่นๆ (F04-F09,F50-F69,F80,F82-F83,F88-F89,F91-F99 ยกเว้น F638,F988)",F50,4,4: นอกเขต มารับบริการ/เคยอยู่ในเขต,60-74 ปี,1
code,DIAGNOSIS_OPD,ทุ่งหว้า,11406,โรงพยาบาลทุ่งหว้า,"โรคทางจิตเวชอื่นๆ (F04-F09,F50-F69,F80,F82-F83,F88-F89,F91-F99 ยกเว้น F638,F988)",F51,"",อื่นๆ/ไม่ทราบ,15-29 ปี,1
code,DIAGNOSIS_OPD,ทุ่งหว้า,11406,โรงพยาบาลทุ่งหว้า,"โรคทางจิตเวชอื่นๆ (F04-F09,F50-F69,F80,F82-F83,F88-F89,F91-F99 ยกเว้น F638,F988)",F51,1,1: ในเขต มีชื่อ+อยู่จริง,15-29 ปี,3
code,DIAGNOSIS_OPD,ทุ่งหว้า,11406,โรงพยาบาลทุ่งหว้า,"โรคทางจิตเวชอื่นๆ (F04-F09,F50-F69,F80,F82-F83,F88-F89,F91-F99 ยกเว้น F638,F988)",F51,1,1: ในเขต มีชื่อ+อยู่จริง,30-44 ปี,12
code,DIAGNOSIS_OPD,ทุ่งหว้า,11406,โรงพยาบาลทุ่งหว้า,"โรคทางจิตเวชอื่นๆ (F04-F09,F50-F69,F80,F82-F83,F88-F89,F91-F99 ยกเว้น F638,F988)",F51,1,1: ในเขต มีชื่อ+อยู่จริง,45-59 ปี,19
code,DIAGNOSIS_OPD,ทุ่งหว้า,11406,โรงพยาบาลทุ่งหว้า,"โรคทางจิตเวชอื่นๆ (F04-F09,F50-F69,F80,F82-F83,F88-F89,F91-F99 ยกเว้น F638,F988)",F51,1,1: ในเขต มีชื่อ+อยู่จริง,60-74 ปี,25
code,DIAGNOSIS_OPD,ทุ่งหว้า,11406,โรงพยาบาลทุ่งหว้า,"โรคทางจิตเวชอื่นๆ (F04-F09,F50-F69,F80,F82-F83,F88-F89,F91-F99 ยกเว้น F638,F988)",F51,1,1: ในเขต มีชื่อ+อยู่จริง,75 ปีขึ้นไป,28
code,DIAGNOSIS_OPD,ทุ่งหว้า,11406,โรงพยาบาลทุ่งหว้า,"โรคทางจิตเวชอื่นๆ (F04-F09,F50-F69,F80,F82-F83,F88-F89,F91-F99 ยกเว้น F638,F988)",F51,2,2: ในเขต มีชื่อ แต่ไม่อยู่จริง,15-29 ปี,3
code,DIAGNOSIS_OPD,ทุ่งหว้า,11406,โรงพยาบาลทุ่งหว้า,"โรคทางจิตเวชอื่นๆ (F04-F09,F50-F69,F80,F82-F83,F88-F89,F91-F99 ยกเว้น F638,F988)",F51,2,2: ในเขต มีชื่อ แต่ไม่อยู่จริง,30-44 ปี,2
code,DIAGNOSIS_OPD,ทุ่งหว้า,11406,โรงพยาบาลทุ่งหว้า,"โรคทางจิตเวชอื่นๆ (F04-F09,F50-F69,F80,F82-F83,F88-F89,F91-F99 ยกเว้น F638,F988)",F51,2,2: ในเขต มีชื่อ แต่ไม่อยู่จริง,45-59 ปี,5
code,DIAGNOSIS_OPD,ทุ่งหว้า,11406,โรงพยาบาลทุ่งหว้า,"โรคทางจิตเวชอื่นๆ (F04-F09,F50-F69,F80,F82-F83,F88-F89,F91-F99 ยกเว้น F638,F988)",F51,2,2: ในเขต มีชื่อ แต่ไม่อยู่จริง,60-74 ปี,3
code,DIAGNOSIS_OPD,ทุ่งหว้า,11406,โรงพยาบาลทุ่งหว้า,"โรคทางจิตเวชอื่นๆ (F04-F09,F50-F69,F80,F82-F83,F88-F89,F91-F99 ยกเว้น F638,F988)",F51,2,2: ในเขต มีชื่อ แต่ไม่อยู่จริง,75 ปีขึ้นไป,4
code,DIAGNOSIS_OPD,ทุ่งหว้า,11406,โรงพยาบาลทุ่งหว้า,"โรคทางจิตเวชอื่นๆ (F04-F09,F50-F69,F80,F82-F83,F88-F89,F91-F99 ยกเว้น F638,F988)",F51,3,3: อาศัยในเขต ทะเบียนบ้านอยู่นอกเขต,30-44 ปี,1
code,DIAGNOSIS_OPD,ทุ่งหว้า,11406,โรงพยาบาลทุ่งหว้า,"โรคทางจิตเวชอื่นๆ (F04-F09,F50-F69,F80,F82-F83,F88-F89,F91-F99 ยกเว้น F638,F988)",F51,4,4: นอกเขต มารับบริการ/เคยอยู่ในเขต,0-14 ปี,2
code,DIAGNOSIS_OPD,ทุ่งหว้า,11406,โรงพยาบาลทุ่งหว้า,"โรคทางจิตเวชอื่นๆ (F04-F09,F50-F69,F80,F82-F83,F88-F89,F91-F99 ยกเว้น F638,F988)",F51,4,4: นอกเขต มารับบริการ/เคยอยู่ในเขต,15-29 ปี,18
code,DIAGNOSIS_OPD,ทุ่งหว้า,11406,โรงพยาบาลทุ่งหว้า,"โรคทางจิตเวชอื่นๆ (F04-F09,F50-F69,F80,F82-F83,F88-F89,F91-F99 ยกเว้น F638,F988)",F51,4,4: นอกเขต มารับบริการ/เคยอยู่ในเขต,30-44 ปี,51
code,DIAGNOSIS_OPD,ทุ่งหว้า,11406,โรงพยาบาลทุ่งหว้า,"โรคทางจิตเวชอื่นๆ (F04-F09,F50-F69,F80,F82-F83,F88-F89,F91-F99 ยกเว้น F638,F988)",F51,4,4: นอกเขต มารับบริการ/เคยอยู่ในเขต,45-59 ปี,77
code,DIAGNOSIS_OPD,ทุ่งหว้า,11406,โรงพยาบาลทุ่งหว้า,"โรคทางจิตเวชอื่นๆ (F04-F09,F50-F69,F80,F82-F83,F88-F89,F91-F99 ยกเว้น F638,F988)",F51,4,4: นอกเขต มารับบริการ/เคยอยู่ในเขต,60-74 ปี,76
code,DIAGNOSIS_OPD,ทุ่งหว้า,11406,โรงพยาบาลทุ่งหว้า,"โรคทางจิตเวชอื่นๆ (F04-F09,F50-F69,F80,F82-F83,F88-F89,F91-F99 ยกเว้น F638,F988)",F51,4,4: นอกเขต มารับบริการ/เคยอยู่ในเขต,75 ปีขึ้นไป,42
code,DIAGNOSIS_OPD,ทุ่งหว้า,11406,โรงพยาบาลทุ่งหว้า,"โรคทางจิตเวชอื่นๆ (F04-F09,F50-F69,F80,F82-F83,F88-F89,F91-F99 ยกเว้น F638,F988)",F51,5,อื่นๆ/ไม่ทราบ,45-59 ปี,1
code,DIAGNOSIS_OPD,ทุ่งหว้า,11406,โรงพยาบาลทุ่งหว้า,"โรคทางจิตเวชอื่นๆ (F04-F09,F50-F69,F80,F82-F83,F88-F89,F91-F99 ยกเว้น F638,F988)",F54,1,1: ในเขต มีชื่อ+อยู่จริง,0-14 ปี,1
code,DIAGNOSIS_OPD,ทุ่งหว้า,11406,โรงพยาบาลทุ่งหว้า,"โรคทางจิตเวชอื่นๆ (F04-F09,F50-F69,F80,F82-F83,F88-F89,F91-F99 ยกเว้น F638,F988)",F54,1,1: ในเขต มีชื่อ+อยู่จริง,15-29 ปี,1
code,DIAGNOSIS_OPD,ทุ่งหว้า,11406,โรงพยาบาลทุ่งหว้า,"โรคทางจิตเวชอื่นๆ (F04-F09,F50-F69,F80,F82-F83,F88-F89,F91-F99 ยกเว้น F638,F988)",F54,1,1: ในเขต มีชื่อ+อยู่จริง,30-44 ปี,2
code,DIAGNOSIS_OPD,ทุ่งหว้า,11406,โรงพยาบาลทุ่งหว้า,"โรคทางจิตเวชอื่นๆ (F04-F09,F50-F69,F80,F82-F83,F88-F89,F91-F99 ยกเว้น F638,F988)",F54,4,4: นอกเขต มารับบริการ/เคยอยู่ในเขต,0-14 ปี,2
code,DIAGNOSIS_OPD,ทุ่งหว้า,11406,โรงพยาบาลทุ่งหว้า,"โรคทางจิตเวชอื่นๆ (F04-F09,F50-F69,F80,F82-F83,F88-F89,F91-F99 ยกเว้น F638,F988)",F54,4,4: นอกเขต มารับบริการ/เคยอยู่ในเขต,15-29 ปี,12
code,DIAGNOSIS_OPD,ทุ่งหว้า,11406,โรงพยาบาลทุ่งหว้า,"โรคทางจิตเวชอื่นๆ (F04-F09,F50-F69,F80,F82-F83,F88-F89,F91-F99 ยกเว้น F638,F988)",F54,4,4: นอกเขต มารับบริการ/เคยอยู่ในเขต,30-44 ปี,9
code,DIAGNOSIS_OPD,ทุ่งหว้า,11406,โรงพยาบาลทุ่งหว้า,"โรคทางจิตเวชอื่นๆ (F04-F09,F50-F69,F80,F82-F83,F88-F89,F91-F99 ยกเว้น F638,F988)",F54,4,4: นอกเขต มารับบริการ/เคยอยู่ในเขต,45-59 ปี,1
code,DIAGNOSIS_OPD,ทุ่งหว้า,11406,โรงพยาบาลทุ่งหว้า,"โรคทางจิตเวชอื่นๆ (F04-F09,F50-F69,F80,F82-F83,F88-F89,F91-F99 ยกเว้น F638,F988)",F55,4,4: นอกเขต มารับบริการ/เคยอยู่ในเขต,15-29 ปี,2
code,DIAGNOSIS_OPD,ทุ่งหว้า,11406,โรงพยาบาลทุ่งหว้า,"โรคทางจิตเวชอื่นๆ (F04-F09,F50-F69,F80,F82-F83,F88-F89,F91-F99 ยกเว้น F638,F988)",F55,4,4: นอกเขต มารับบริการ/เคยอยู่ในเขต,30-44 ปี,5
code,DIAGNOSIS_OPD,ทุ่งหว้า,11406,โรงพยาบาลทุ่งหว้า,"โรคทางจิตเวชอื่นๆ (F04-F09,F50-F69,F80,F82-F83,F88-F89,F91-F99 ยกเว้น F638,F988)",F60,2,2: ในเขต มีชื่อ แต่ไม่อยู่จริง,15-29 ปี,1
code,DIAGNOSIS_OPD,ทุ่งหว้า,11406,โรงพยาบาลทุ่งหว้า,"โรคทางจิตเวชอื่นๆ (F04-F09,F50-F69,F80,F82-F83,F88-F89,F91-F99 ยกเว้น F638,F988)",F60,4,4: นอกเขต มารับบริการ/เคยอยู่ในเขต,0-14 ปี,1
code,DIAGNOSIS_OPD,ทุ่งหว้า,11406,โรงพยาบาลทุ่งหว้า,"โรคทางจิตเวชอื่นๆ (F04-F09,F50-F69,F80,F82-F83,F88-F89,F91-F99 ยกเว้น F638,F988)",F62,1,1: ในเขต มีชื่อ+อยู่จริง,30-44 ปี,1
code,DIAGNOSIS_OPD,ทุ่งหว้า,11406,โรงพยาบาลทุ่งหว้า,"โรคทางจิตเวชอื่นๆ (F04-F09,F50-F69,F80,F82-F83,F88-F89,F91-F99 ยกเว้น F638,F988)",F62,4,4: นอกเขต มารับบริการ/เคยอยู่ในเขต,15-29 ปี,1
code,DIAGNOSIS_OPD,ทุ่งหว้า,11406,โรงพยาบาลทุ่งหว้า,"โรคทางจิตเวชอื่นๆ (F04-F09,F50-F69,F80,F82-F83,F88-F89,F91-F99 ยกเว้น F638,F988)",F62,4,4: นอกเขต มารับบริการ/เคยอยู่ในเขต,30-44 ปี,1
code,DIAGNOSIS_OPD,ทุ่งหว้า,11406,โรงพยาบาลทุ่งหว้า,"โรคทางจิตเวชอื่นๆ (F04-F09,F50-F69,F80,F82-F83,F88-F89,F91-F99 ยกเว้น F638,F988)",F62,4,4: นอกเขต มารับบริการ/เคยอยู่ในเขต,45-59 ปี,1
code,DIAGNOSIS_OPD,ทุ่งหว้า,11406,โรงพยาบาลทุ่งหว้า,"โรคทางจิตเวชอื่นๆ (F04-F09,F50-F69,F80,F82-F83,F88-F89,F91-F99 ยกเว้น F638,F988)",F62,4,4: นอกเขต มารับบริการ/เคยอยู่ในเขต,60-74 ปี,1
code,DIAGNOSIS_OPD,ทุ่งหว้า,11406,โรงพยาบาลทุ่งหว้า,"โรคทางจิตเวชอื่นๆ (F04-F09,F50-F69,F80,F82-F83,F88-F89,F91-F99 ยกเว้น F638,F988)",F66,4,4: นอกเขต มารับบริการ/เคยอยู่ในเขต,75 ปีขึ้นไป,1
code,DIAGNOSIS_OPD,ทุ่งหว้า,11406,โรงพยาบาลทุ่งหว้า,"โรคทางจิตเวชอื่นๆ (F04-F09,F50-F69,F80,F82-F83,F88-F89,F91-F99 ยกเว้น F638,F988)",F80,"",อื่นๆ/ไม่ทราบ,0-14 ปี,1
code,DIAGNOSIS_OPD,ทุ่งหว้า,11406,โรงพยาบาลทุ่งหว้า,"โรคทางจิตเวชอื่นๆ (F04-F09,F50-F69,F80,F82-F83,F88-F89,F91-F99 ยกเว้น F638,F988)",F80,1,1: ในเขต มีชื่อ+อยู่จริง,0-14 ปี,5
code,DIAGNOSIS_OPD,ทุ่งหว้า,11406,โรงพยาบาลทุ่งหว้า,"โรคทางจิตเวชอื่นๆ (F04-F09,F50-F69,F80,F82-F83,F88-F89,F91-F99 ยกเว้น F638,F988)",F80,3,3: อาศัยในเขต ทะเบียนบ้านอยู่นอกเขต,0-14 ปี,2
code,DIAGNOSIS_OPD,ทุ่งหว้า,11406,โรงพยาบาลทุ่งหว้า,"โรคทางจิตเวชอื่นๆ (F04-F09,F50-F69,F80,F82-F83,F88-F89,F91-F99 ยกเว้น F638,F988)",F80,4,4: นอกเขต มารับบริการ/เคยอยู่ในเขต,0-14 ปี,40
code,DIAGNOSIS_OPD,ทุ่งหว้า,11406,โรงพยาบาลทุ่งหว้า,"โรคทางจิตเวชอื่นๆ (F04-F09,F50-F69,F80,F82-F83,F88-F89,F91-F99 ยกเว้น F638,F988)",F88,4,4: นอกเขต มารับบริการ/เคยอยู่ในเขต,0-14 ปี,2
code,DIAGNOSIS_OPD,ทุ่งหว้า,11406,โรงพยาบาลทุ่งหว้า,"โรคทางจิตเวชอื่นๆ (F04-F09,F50-F69,F80,F82-F83,F88-F89,F91-F99 ยกเว้น F638,F988)",F89,4,4: นอกเขต มารับบริการ/เคยอยู่ในเขต,0-14 ปี,5
code,DIAGNOSIS_OPD,ทุ่งหว้า,11406,โรงพยาบาลทุ่งหว้า,"โรคทางจิตเวชอื่นๆ (F04-F09,F50-F69,F80,F82-F83,F88-F89,F91-F99 ยกเว้น F638,F988)",F89,4,4: นอกเขต มารับบริการ/เคยอยู่ในเขต,15-29 ปี,1
code,DIAGNOSIS_OPD,ทุ่งหว้า,11406,โรงพยาบาลทุ่งหว้า,"โรคทางจิตเวชอื่นๆ (F04-F09,F50-F69,F80,F82-F83,F88-F89,F91-F99 ยกเว้น F638,F988)",F89,4,4: นอกเขต มารับบริการ/เคยอยู่ในเขต,60-74 ปี,1
code,DIAGNOSIS_OPD,ทุ่งหว้า,11406,โรงพยาบาลทุ่งหว้า,"โรคทางจิตเวชอื่นๆ (F04-F09,F50-F69,F80,F82-F83,F88-F89,F91-F99 ยกเว้น F638,F988)",F91,4,4: นอกเขต มารับบริการ/เคยอยู่ในเขต,0-14 ปี,2
code,DIAGNOSIS_OPD,ทุ่งหว้า,11406,โรงพยาบาลทุ่งหว้า,"โรคทางจิตเวชอื่นๆ (F04-F09,F50-F69,F80,F82-F83,F88-F89,F91-F99 ยกเว้น F638,F988)",F91,4,4: นอกเขต มารับบริการ/เคยอยู่ในเขต,15-29 ปี,1
code,DIAGNOSIS_OPD,ทุ่งหว้า,11406,โรงพยาบาลทุ่งหว้า,"โรคทางจิตเวชอื่นๆ (F04-F09,F50-F69,F80,F82-F83,F88-F89,F91-F99 ยกเว้น F638,F988)",F91,4,4: นอกเขต มารับบริการ/เคยอยู่ในเขต,30-44 ปี,2
code,DIAGNOSIS_OPD,ทุ่งหว้า,11406,โรงพยาบาลทุ่งหว้า,"โรคทางจิตเวชอื่นๆ (F04-F09,F50-F69,F80,F82-F83,F88-F89,F91-F99 ยกเว้น F638,F988)",F92,4,4: นอกเขต มารับบริการ/เคยอยู่ในเขต,0-14 ปี,1
code,DIAGNOSIS_OPD,ทุ่งหว้า,11406,โรงพยาบาลทุ่งหว้า,"โรคทางจิตเวชอื่นๆ (F04-F09,F50-F69,F80,F82-F83,F88-F89,F91-F99 ยกเว้น F638,F988)",F92,4,4: นอกเขต มารับบริการ/เคยอยู่ในเขต,15-29 ปี,1
code,DIAGNOSIS_OPD,ทุ่งหว้า,11406,โรงพยาบาลทุ่งหว้า,"โรคทางจิตเวชอื่นๆ (F04-F09,F50-F69,F80,F82-F83,F88-F89,F91-F99 ยกเว้น F638,F988)",F92,4,4: นอกเขต มารับบริการ/เคยอยู่ในเขต,30-44 ปี,1
code,DIAGNOSIS_OPD,ทุ่งหว้า,11406,โรงพยาบาลทุ่งหว้า,"โรคทางจิตเวชอื่นๆ (F04-F09,F50-F69,F80,F82-F83,F88-F89,F91-F99 ยกเว้น F638,F988)",F92,4,4: นอกเขต มารับบริการ/เคยอยู่ในเขต,45-59 ปี,1
code,DIAGNOSIS_OPD,ทุ่งหว้า,11406,โรงพยาบาลทุ่งหว้า,"โรคทางจิตเวชอื่นๆ (F04-F09,F50-F69,F80,F82-F83,F88-F89,F91-F99 ยกเว้น F638,F988)",F92,4,4: นอกเขต มารับบริการ/เคยอยู่ในเขต,75 ปีขึ้นไป,1
code,DIAGNOSIS_OPD,ทุ่งหว้า,11406,โรงพยาบาลทุ่งหว้า,"โรคทางจิตเวชอื่นๆ (F04-F09,F50-F69,F80,F82-F83,F88-F89,F91-F99 ยกเว้น F638,F988)",F94,4,4: นอกเขต มารับบริการ/เคยอยู่ในเขต,0-14 ปี,1
code,DIAGNOSIS_OPD,ทุ่งหว้า,11406,โรงพยาบาลทุ่งหว้า,"โรคทางจิตเวชอื่นๆ (F04-F09,F50-F69,F80,F82-F83,F88-F89,F91-F99 ยกเว้น F638,F988)",F95,2,2: ในเขต มีชื่อ แต่ไม่อยู่จริง,0-14 ปี,1
code,DIAGNOSIS_OPD,ทุ่งหว้า,11406,โรงพยาบาลทุ่งหว้า,"โรคทางจิตเวชอื่นๆ (F04-F09,F50-F69,F80,F82-F83,F88-F89,F91-F99 ยกเว้น F638,F988)",F95,4,4: นอกเขต มารับบริการ/เคยอยู่ในเขต,0-14 ปี,1
code,DIAGNOSIS_OPD,ทุ่งหว้า,11406,โรงพยาบาลทุ่งหว้า,โรคลมชัก (G40-G41),G40,"",อื่นๆ/ไม่ทราบ,60-74 ปี,1
code,DIAGNOSIS_OPD,ทุ่งหว้า,11406,โรงพยาบาลทุ่งหว้า,โรคลมชัก (G40-G41),G40,"",อื่นๆ/ไม่ทราบ,75 ปีขึ้นไป,1
code,DIAGNOSIS_OPD,ทุ่งหว้า,11406,โรงพยาบาลทุ่งหว้า,โรคลมชัก (G40-G41),G40,1,1: ในเขต มีชื่อ+อยู่จริง,0-14 ปี,4
code,DIAGNOSIS_OPD,ทุ่งหว้า,11406,โรงพยาบาลทุ่งหว้า,โรคลมชัก (G40-G41),G40,1,1: ในเขต มีชื่อ+อยู่จริง,15-29 ปี,5
code,DIAGNOSIS_OPD,ทุ่งหว้า,11406,โรงพยาบาลทุ่งหว้า,โรคลมชัก (G40-G41),G40,1,1: ในเขต มีชื่อ+อยู่จริง,30-44 ปี,9
code,DIAGNOSIS_OPD,ทุ่งหว้า,11406,โรงพยาบาลทุ่งหว้า,โรคลมชัก (G40-G41),G40,1,1: ในเขต มีชื่อ+อยู่จริง,45-59 ปี,1
code,DIAGNOSIS_OPD,ทุ่งหว้า,11406,โรงพยาบาลทุ่งหว้า,โรคลมชัก (G40-G41),G40,1,1: ในเขต มีชื่อ+อยู่จริง,60-74 ปี,2
code,DIAGNOSIS_OPD,ทุ่งหว้า,11406,โรงพยาบาลทุ่งหว้า,โรคลมชัก (G40-G41),G40,1,1: ในเขต มีชื่อ+อยู่จริง,75 ปีขึ้นไป,2
code,DIAGNOSIS_OPD,ทุ่งหว้า,11406,โรงพยาบาลทุ่งหว้า,โรคลมชัก (G40-G41),G40,2,2: ในเขต มีชื่อ แต่ไม่อยู่จริง,30-44 ปี,2
code,DIAGNOSIS_OPD,ทุ่งหว้า,11406,โรงพยาบาลทุ่งหว้า,โรคลมชัก (G40-G41),G40,2,2: ในเขต มีชื่อ แต่ไม่อยู่จริง,45-59 ปี,1
code,DIAGNOSIS_OPD,ทุ่งหว้า,11406,โรงพยาบาลทุ่งหว้า,โรคลมชัก (G40-G41),G40,2,2: ในเขต มีชื่อ แต่ไม่อยู่จริง,60-74 ปี,1
code,DIAGNOSIS_OPD,ทุ่งหว้า,11406,โรงพยาบาลทุ่งหว้า,โรคลมชัก (G40-G41),G40,2,2: ในเขต มีชื่อ แต่ไม่อยู่จริง,75 ปีขึ้นไป,1
code,DIAGNOSIS_OPD,ทุ่งหว้า,11406,โรงพยาบาลทุ่งหว้า,โรคลมชัก (G40-G41),G40,4,4: นอกเขต มารับบริการ/เคยอยู่ในเขต,0-14 ปี,11
code,DIAGNOSIS_OPD,ทุ่งหว้า,11406,โรงพยาบาลทุ่งหว้า,โรคลมชัก (G40-G41),G40,4,4: นอกเขต มารับบริการ/เคยอยู่ในเขต,15-29 ปี,24
code,DIAGNOSIS_OPD,ทุ่งหว้า,11406,โรงพยาบาลทุ่งหว้า,โรคลมชัก (G40-G41),G40,4,4: นอกเขต มารับบริการ/เคยอยู่ในเขต,30-44 ปี,42
code,DIAGNOSIS_OPD,ทุ่งหว้า,11406,โรงพยาบาลทุ่งหว้า,โรคลมชัก (G40-G41),G40,4,4: นอกเขต มารับบริการ/เคยอยู่ในเขต,45-59 ปี,31
code,DIAGNOSIS_OPD,ทุ่งหว้า,11406,โรงพยาบาลทุ่งหว้า,โรคลมชัก (G40-G41),G40,4,4: นอกเขต มารับบริการ/เคยอยู่ในเขต,60-74 ปี,17
code,DIAGNOSIS_OPD,ทุ่งหว้า,11406,โรงพยาบาลทุ่งหว้า,โรคลมชัก (G40-G41),G40,4,4: นอกเขต มารับบริการ/เคยอยู่ในเขต,75 ปีขึ้นไป,5
code,DIAGNOSIS_OPD,ทุ่งหว้า,11406,โรงพยาบาลทุ่งหว้า,โรคลมชัก (G40-G41),G41,4,4: นอกเขต มารับบริการ/เคยอยู่ในเขต,15-29 ปี,1
code,DIAGNOSIS_OPD,ทุ่งหว้า,11406,โรงพยาบาลทุ่งหว้า,โรควิตกกังวล (F40-F48),F40,1,1: ในเขต มีชื่อ+อยู่จริง,30-44 ปี,3
code,DIAGNOSIS_OPD,ทุ่งหว้า,11406,โรงพยาบาลทุ่งหว้า,โรควิตกกังวล (F40-F48),F40,1,1: ในเขต มีชื่อ+อยู่จริง,45-59 ปี,6
code,DIAGNOSIS_OPD,ทุ่งหว้า,11406,โรงพยาบาลทุ่งหว้า,โรควิตกกังวล (F40-F48),F40,2,2: ในเขต มีชื่อ แต่ไม่อยู่จริง,30-44 ปี,2
code,DIAGNOSIS_OPD,ทุ่งหว้า,11406,โรงพยาบาลทุ่งหว้า,โรควิตกกังวล (F40-F48),F40,4,4: นอกเขต มารับบริการ/เคยอยู่ในเขต,0-14 ปี,1
code,DIAGNOSIS_OPD,ทุ่งหว้า,11406,โรงพยาบาลทุ่งหว้า,โรควิตกกังวล (F40-F48),F40,4,4: นอกเขต มารับบริการ/เคยอยู่ในเขต,15-29 ปี,6
code,DIAGNOSIS_OPD,ทุ่งหว้า,11406,โรงพยาบาลทุ่งหว้า,โรควิตกกังวล (F40-F48),F40,4,4: นอกเขต มารับบริการ/เคยอยู่ในเขต,30-44 ปี,7
code,DIAGNOSIS_OPD,ทุ่งหว้า,11406,โรงพยาบาลทุ่งหว้า,โรควิตกกังวล (F40-F48),F40,4,4: นอกเขต มารับบริการ/เคยอยู่ในเขต,45-59 ปี,7
code,DIAGNOSIS_OPD,ทุ่งหว้า,11406,โรงพยาบาลทุ่งหว้า,โรควิตกกังวล (F40-F48),F40,4,4: นอกเขต มารับบริการ/เคยอยู่ในเขต,60-74 ปี,3
code,DIAGNOSIS_OPD,ทุ่งหว้า,11406,โรงพยาบาลทุ่งหว้า,โรควิตกกังวล (F40-F48),F40,4,4: นอกเขต มารับบริการ/เคยอยู่ในเขต,75 ปีขึ้นไป,1
code,DIAGNOSIS_OPD,ทุ่งหว้า,11406,โรงพยาบาลทุ่งหว้า,โรควิตกกังวล (F40-F48),F41,"",อื่นๆ/ไม่ทราบ,15-29 ปี,2
code,DIAGNOSIS_OPD,ทุ่งหว้า,11406,โรงพยาบาลทุ่งหว้า,โรควิตกกังวล (F40-F48),F41,"",อื่นๆ/ไม่ทราบ,30-44 ปี,2
code,DIAGNOSIS_OPD,ทุ่งหว้า,11406,โรงพยาบาลทุ่งหว้า,โรควิตกกังวล (F40-F48),F41,"",อื่นๆ/ไม่ทราบ,45-59 ปี,3
code,DIAGNOSIS_OPD,ทุ่งหว้า,11406,โรงพยาบาลทุ่งหว้า,โรควิตกกังวล (F40-F48),F41,1,1: ในเขต มีชื่อ+อยู่จริง,0-14 ปี,1
code,DIAGNOSIS_OPD,ทุ่งหว้า,11406,โรงพยาบาลทุ่งหว้า,โรควิตกกังวล (F40-F48),F41,1,1: ในเขต มีชื่อ+อยู่จริง,15-29 ปี,6
code,DIAGNOSIS_OPD,ทุ่งหว้า,11406,โรงพยาบาลทุ่งหว้า,โรควิตกกังวล (F40-F48),F41,1,1: ในเขต มีชื่อ+อยู่จริง,30-44 ปี,18
code,DIAGNOSIS_OPD,ทุ่งหว้า,11406,โรงพยาบาลทุ่งหว้า,โรควิตกกังวล (F40-F48),F41,1,1: ในเขต มีชื่อ+อยู่จริง,45-59 ปี,29
code,DIAGNOSIS_OPD,ทุ่งหว้า,11406,โรงพยาบาลทุ่งหว้า,โรควิตกกังวล (F40-F48),F41,1,1: ในเขต มีชื่อ+อยู่จริง,60-74 ปี,25
code,DIAGNOSIS_OPD,ทุ่งหว้า,11406,โรงพยาบาลทุ่งหว้า,โรควิตกกังวล (F40-F48),F41,1,1: ในเขต มีชื่อ+อยู่จริง,75 ปีขึ้นไป,9
code,DIAGNOSIS_OPD,ทุ่งหว้า,11406,โรงพยาบาลทุ่งหว้า,โรควิตกกังวล (F40-F48),F41,2,2: ในเขต มีชื่อ แต่ไม่อยู่จริง,0-14 ปี,1
code,DIAGNOSIS_OPD,ทุ่งหว้า,11406,โรงพยาบาลทุ่งหว้า,โรควิตกกังวล (F40-F48),F41,2,2: ในเขต มีชื่อ แต่ไม่อยู่จริง,15-29 ปี,5
code,DIAGNOSIS_OPD,ทุ่งหว้า,11406,โรงพยาบาลทุ่งหว้า,โรควิตกกังวล (F40-F48),F41,2,2: ในเขต มีชื่อ แต่ไม่อยู่จริง,30-44 ปี,8
code,DIAGNOSIS_OPD,ทุ่งหว้า,11406,โรงพยาบาลทุ่งหว้า,โรควิตกกังวล (F40-F48),F41,2,2: ในเขต มีชื่อ แต่ไม่อยู่จริง,45-59 ปี,7
code,DIAGNOSIS_OPD,ทุ่งหว้า,11406,โรงพยาบาลทุ่งหว้า,โรควิตกกังวล (F40-F48),F41,2,2: ในเขต มีชื่อ แต่ไม่อยู่จริง,60-74 ปี,5
code,DIAGNOSIS_OPD,ทุ่งหว้า,11406,โรงพยาบาลทุ่งหว้า,โรควิตกกังวล (F40-F48),F41,2,2: ในเขต มีชื่อ แต่ไม่อยู่จริง,75 ปีขึ้นไป,1
code,DIAGNOSIS_OPD,ทุ่งหว้า,11406,โรงพยาบาลทุ่งหว้า,โรควิตกกังวล (F40-F48),F41,4,4: นอกเขต มารับบริการ/เคยอยู่ในเขต,0-14 ปี,7
code,DIAGNOSIS_OPD,ทุ่งหว้า,11406,โรงพยาบาลทุ่งหว้า,โรควิตกกังวล (F40-F48),F41,4,4: นอกเขต มารับบริการ/เคยอยู่ในเขต,15-29 ปี,52
code,DIAGNOSIS_OPD,ทุ่งหว้า,11406,โรงพยาบาลทุ่งหว้า,โรควิตกกังวล (F40-F48),F41,4,4: นอกเขต มารับบริการ/เคยอยู่ในเขต,30-44 ปี,83
code,DIAGNOSIS_OPD,ทุ่งหว้า,11406,โรงพยาบาลทุ่งหว้า,โรควิตกกังวล (F40-F48),F41,4,4: นอกเขต มารับบริการ/เคยอยู่ในเขต,45-59 ปี,124
code,DIAGNOSIS_OPD,ทุ่งหว้า,11406,โรงพยาบาลทุ่งหว้า,โรควิตกกังวล (F40-F48),F41,4,4: นอกเขต มารับบริการ/เคยอยู่ในเขต,60-74 ปี,77
code,DIAGNOSIS_OPD,ทุ่งหว้า,11406,โรงพยาบาลทุ่งหว้า,โรควิตกกังวล (F40-F48),F41,4,4: นอกเขต มารับบริการ/เคยอยู่ในเขต,75 ปีขึ้นไป,32
code,DIAGNOSIS_OPD,ทุ่งหว้า,11406,โรงพยาบาลทุ่งหว้า,โรควิตกกังวล (F40-F48),F42,4,4: นอกเขต มารับบริการ/เคยอยู่ในเขต,15-29 ปี,1
code,DIAGNOSIS_OPD,ทุ่งหว้า,11406,โรงพยาบาลทุ่งหว้า,โรควิตกกังวล (F40-F48),F42,4,4: นอกเขต มารับบริการ/เคยอยู่ในเขต,45-59 ปี,2
code,DIAGNOSIS_OPD,ทุ่งหว้า,11406,โรงพยาบาลทุ่งหว้า,โรควิตกกังวล (F40-F48),F42,4,4: นอกเขต มารับบริการ/เคยอยู่ในเขต,60-74 ปี,1
code,DIAGNOSIS_OPD,ทุ่งหว้า,11406,โรงพยาบาลทุ่งหว้า,โรควิตกกังวล (F40-F48),F43,1,1: ในเขต มีชื่อ+อยู่จริง,15-29 ปี,5
code,DIAGNOSIS_OPD,ทุ่งหว้า,11406,โรงพยาบาลทุ่งหว้า,โรควิตกกังวล (F40-F48),F43,1,1: ในเขต มีชื่อ+อยู่จริง,30-44 ปี,1
code,DIAGNOSIS_OPD,ทุ่งหว้า,11406,โรงพยาบาลทุ่งหว้า,โรควิตกกังวล (F40-F48),F43,1,1: ในเขต มีชื่อ+อยู่จริง,45-59 ปี,4
code,DIAGNOSIS_OPD,ทุ่งหว้า,11406,โรงพยาบาลทุ่งหว้า,โรควิตกกังวล (F40-F48),F43,1,1: ในเขต มีชื่อ+อยู่จริง,60-74 ปี,5
code,DIAGNOSIS_OPD,ทุ่งหว้า,11406,โรงพยาบาลทุ่งหว้า,โรควิตกกังวล (F40-F48),F43,1,1: ในเขต มีชื่อ+อยู่จริง,75 ปีขึ้นไป,1
code,DIAGNOSIS_OPD,ทุ่งหว้า,11406,โรงพยาบาลทุ่งหว้า,โรควิตกกังวล (F40-F48),F43,2,2: ในเขต มีชื่อ แต่ไม่อยู่จริง,15-29 ปี,2
code,DIAGNOSIS_OPD,ทุ่งหว้า,11406,โรงพยาบาลทุ่งหว้า,โรควิตกกังวล (F40-F48),F43,2,2: ในเขต มีชื่อ แต่ไม่อยู่จริง,30-44 ปี,2
code,DIAGNOSIS_OPD,ทุ่งหว้า,11406,โรงพยาบาลทุ่งหว้า,โรควิตกกังวล (F40-F48),F43,4,4: นอกเขต มารับบริการ/เคยอยู่ในเขต,0-14 ปี,7
code,DIAGNOSIS_OPD,ทุ่งหว้า,11406,โรงพยาบาลทุ่งหว้า,โรควิตกกังวล (F40-F48),F43,4,4: นอกเขต มารับบริการ/เคยอยู่ในเขต,15-29 ปี,13
code,DIAGNOSIS_OPD,ทุ่งหว้า,11406,โรงพยาบาลทุ่งหว้า,โรควิตกกังวล (F40-F48),F43,4,4: นอกเขต มารับบริการ/เคยอยู่ในเขต,30-44 ปี,15
code,DIAGNOSIS_OPD,ทุ่งหว้า,11406,โรงพยาบาลทุ่งหว้า,โรควิตกกังวล (F40-F48),F43,4,4: นอกเขต มารับบริการ/เคยอยู่ในเขต,45-59 ปี,26
code,DIAGNOSIS_OPD,ทุ่งหว้า,11406,โรงพยาบาลทุ่งหว้า,โรควิตกกังวล (F40-F48),F43,4,4: นอกเขต มารับบริการ/เคยอยู่ในเขต,60-74 ปี,13
code,DIAGNOSIS_OPD,ทุ่งหว้า,11406,โรงพยาบาลทุ่งหว้า,โรควิตกกังวล (F40-F48),F43,4,4: นอกเขต มารับบริการ/เคยอยู่ในเขต,75 ปีขึ้นไป,6
code,DIAGNOSIS_OPD,ทุ่งหว้า,11406,โรงพยาบาลทุ่งหว้า,โรควิตกกังวล (F40-F48),F45,"",อื่นๆ/ไม่ทราบ,15-29 ปี,2
code,DIAGNOSIS_OPD,ทุ่งหว้า,11406,โรงพยาบาลทุ่งหว้า,โรควิตกกังวล (F40-F48),F45,1,1: ในเขต มีชื่อ+อยู่จริง,0-14 ปี,1
code,DIAGNOSIS_OPD,ทุ่งหว้า,11406,โรงพยาบาลทุ่งหว้า,โรควิตกกังวล (F40-F48),F45,1,1: ในเขต มีชื่อ+อยู่จริง,15-29 ปี,5
code,DIAGNOSIS_OPD,ทุ่งหว้า,11406,โรงพยาบาลทุ่งหว้า,โรควิตกกังวล (F40-F48),F45,1,1: ในเขต มีชื่อ+อยู่จริง,30-44 ปี,3
code,DIAGNOSIS_OPD,ทุ่งหว้า,11406,โรงพยาบาลทุ่งหว้า,โรควิตกกังวล (F40-F48),F45,1,1: ในเขต มีชื่อ+อยู่จริง,45-59 ปี,5
code,DIAGNOSIS_OPD,ทุ่งหว้า,11406,โรงพยาบาลทุ่งหว้า,โรควิตกกังวล (F40-F48),F45,1,1: ในเขต มีชื่อ+อยู่จริง,60-74 ปี,2
code,DIAGNOSIS_OPD,ทุ่งหว้า,11406,โรงพยาบาลทุ่งหว้า,โรควิตกกังวล (F40-F48),F45,1,1: ในเขต มีชื่อ+อยู่จริง,75 ปีขึ้นไป,1
code,DIAGNOSIS_OPD,ทุ่งหว้า,11406,โรงพยาบาลทุ่งหว้า,โรควิตกกังวล (F40-F48),F45,2,2: ในเขต มีชื่อ แต่ไม่อยู่จริง,0-14 ปี,1
code,DIAGNOSIS_OPD,ทุ่งหว้า,11406,โรงพยาบาลทุ่งหว้า,โรควิตกกังวล (F40-F48),F45,4,4: นอกเขต มารับบริการ/เคยอยู่ในเขต,0-14 ปี,19
code,DIAGNOSIS_OPD,ทุ่งหว้า,11406,โรงพยาบาลทุ่งหว้า,โรควิตกกังวล (F40-F48),F45,4,4: นอกเขต มารับบริการ/เคยอยู่ในเขต,15-29 ปี,27
code,DIAGNOSIS_OPD,ทุ่งหว้า,11406,โรงพยาบาลทุ่งหว้า,โรควิตกกังวล (F40-F48),F45,4,4: นอกเขต มารับบริการ/เคยอยู่ในเขต,30-44 ปี,10
code,DIAGNOSIS_OPD,ทุ่งหว้า,11406,โรงพยาบาลทุ่งหว้า,โรควิตกกังวล (F40-F48),F45,4,4: นอกเขต มารับบริการ/เคยอยู่ในเขต,45-59 ปี,7
code,DIAGNOSIS_OPD,ทุ่งหว้า,11406,โรงพยาบาลทุ่งหว้า,โรควิตกกังวล (F40-F48),F45,4,4: นอกเขต มารับบริการ/เคยอยู่ในเขต,60-74 ปี,10
code,DIAGNOSIS_OPD,ทุ่งหว้า,11406,โรงพยาบาลทุ่งหว้า,โรควิตกกังวล (F40-F48),F45,4,4: นอกเขต มารับบริการ/เคยอยู่ในเขต,75 ปีขึ้นไป,3
code,DIAGNOSIS_OPD,ทุ่งหว้า,11406,โรงพยาบาลทุ่งหว้า,โรควิตกกังวล (F40-F48),F48,1,1: ในเขต มีชื่อ+อยู่จริง,75 ปีขึ้นไป,1
code,DIAGNOSIS_OPD,ทุ่งหว้า,11406,โรงพยาบาลทุ่งหว้า,โรควิตกกังวล (F40-F48),F48,4,4: นอกเขต มารับบริการ/เคยอยู่ในเขต,45-59 ปี,2
code,DIAGNOSIS_OPD,ทุ่งหว้า,11406,โรงพยาบาลทุ่งหว้า,โรควิตกกังวล (F40-F48),F48,4,4: นอกเขต มารับบริการ/เคยอยู่ในเขต,60-74 ปี,2
code,DIAGNOSIS_OPD,ทุ่งหว้า,11406,โรงพยาบาลทุ่งหว้า,โรควิตกกังวล (F40-F48),F48,4,4: นอกเขต มารับบริการ/เคยอยู่ในเขต,75 ปีขึ้นไป,2
code,DIAGNOSIS_OPD,ทุ่งหว้า,11406,โรงพยาบาลทุ่งหว้า,โรคสมองเสื่อม (F00-F03),F00,4,4: นอกเขต มารับบริการ/เคยอยู่ในเขต,75 ปีขึ้นไป,4
code,DIAGNOSIS_OPD,ทุ่งหว้า,11406,โรงพยาบาลทุ่งหว้า,โรคสมองเสื่อม (F00-F03),F01,4,4: นอกเขต มารับบริการ/เคยอยู่ในเขต,75 ปีขึ้นไป,1
code,DIAGNOSIS_OPD,ทุ่งหว้า,11406,โรงพยาบาลทุ่งหว้า,โรคสมองเสื่อม (F00-F03),F02,1,1: ในเขต มีชื่อ+อยู่จริง,60-74 ปี,1
code,DIAGNOSIS_OPD,ทุ่งหว้า,11406,โรงพยาบาลทุ่งหว้า,โรคสมองเสื่อม (F00-F03),F02,1,1: ในเขต มีชื่อ+อยู่จริง,75 ปีขึ้นไป,1
code,DIAGNOSIS_OPD,ทุ่งหว้า,11406,โรงพยาบาลทุ่งหว้า,โรคสมองเสื่อม (F00-F03),F02,4,4: นอกเขต มารับบริการ/เคยอยู่ในเขต,45-59 ปี,1
code,DIAGNOSIS_OPD,ทุ่งหว้า,11406,โรงพยาบาลทุ่งหว้า,โรคสมองเสื่อม (F00-F03),F02,4,4: นอกเขต มารับบริการ/เคยอยู่ในเขต,60-74 ปี,3
code,DIAGNOSIS_OPD,ทุ่งหว้า,11406,โรงพยาบาลทุ่งหว้า,โรคสมองเสื่อม (F00-F03),F02,4,4: นอกเขต มารับบริการ/เคยอยู่ในเขต,75 ปีขึ้นไป,2
code,DIAGNOSIS_OPD,ทุ่งหว้า,11406,โรงพยาบาลทุ่งหว้า,โรคสมองเสื่อม (F00-F03),F03,1,1: ในเขต มีชื่อ+อยู่จริง,60-74 ปี,2
code,DIAGNOSIS_OPD,ทุ่งหว้า,11406,โรงพยาบาลทุ่งหว้า,โรคสมองเสื่อม (F00-F03),F03,1,1: ในเขต มีชื่อ+อยู่จริง,75 ปีขึ้นไป,1
code,DIAGNOSIS_OPD,ทุ่งหว้า,11406,โรงพยาบาลทุ่งหว้า,โรคสมองเสื่อม (F00-F03),F03,4,4: นอกเขต มารับบริการ/เคยอยู่ในเขต,75 ปีขึ้นไป,12
code,DIAGNOSIS_OPD,ทุ่งหว้า,11406,โรงพยาบาลทุ่งหว้า,โรคสมาธิสั้น (F90),F90,"",อื่นๆ/ไม่ทราบ,0-14 ปี,1
code,DIAGNOSIS_OPD,ทุ่งหว้า,11406,โรงพยาบาลทุ่งหว้า,โรคสมาธิสั้น (F90),F90,1,1: ในเขต มีชื่อ+อยู่จริง,0-14 ปี,5
code,DIAGNOSIS_OPD,ทุ่งหว้า,11406,โรงพยาบาลทุ่งหว้า,โรคสมาธิสั้น (F90),F90,2,2: ในเขต มีชื่อ แต่ไม่อยู่จริง,0-14 ปี,4
code,DIAGNOSIS_OPD,ทุ่งหว้า,11406,โรงพยาบาลทุ่งหว้า,โรคสมาธิสั้น (F90),F90,4,4: นอกเขต มารับบริการ/เคยอยู่ในเขต,0-14 ปี,26
code,DIAGNOSIS_OPD,ทุ่งหว้า,11406,โรงพยาบาลทุ่งหว้า,โรคสมาธิสั้น (F90),F90,4,4: นอกเขต มารับบริการ/เคยอยู่ในเขต,15-29 ปี,2
code,DIAGNOSIS_OPD,ทุ่งหว้า,11406,โรงพยาบาลทุ่งหว้า,โรคสมาธิสั้น (F90),F90,4,4: นอกเขต มารับบริการ/เคยอยู่ในเขต,45-59 ปี,1
code,DIAGNOSIS_OPD,ทุ่งหว้า,11406,โรงพยาบาลทุ่งหว้า,โรคออทิสติก (F84),F84,4,4: นอกเขต มารับบริการ/เคยอยู่ในเขต,0-14 ปี,2
code,DIAGNOSIS_OPD,ทุ่งหว้า,11406,โรงพยาบาลทุ่งหว้า,โรคออทิสติก (F84),F84,4,4: นอกเขต มารับบริการ/เคยอยู่ในเขต,15-29 ปี,1
code,DIAGNOSIS_OPD,ทุ่งหว้า,11406,โรงพยาบาลทุ่งหว้า,โรคอารมณ์สองขั้ว (F31),F31,"",อื่นๆ/ไม่ทราบ,30-44 ปี,1
code,DIAGNOSIS_OPD,ทุ่งหว้า,11406,โรงพยาบาลทุ่งหว้า,โรคอารมณ์สองขั้ว (F31),F31,1,1: ในเขต มีชื่อ+อยู่จริง,15-29 ปี,1
code,DIAGNOSIS_OPD,ทุ่งหว้า,11406,โรงพยาบาลทุ่งหว้า,โรคอารมณ์สองขั้ว (F31),F31,1,1: ในเขต มีชื่อ+อยู่จริง,45-59 ปี,4
code,DIAGNOSIS_OPD,ทุ่งหว้า,11406,โรงพยาบาลทุ่งหว้า,โรคอารมณ์สองขั้ว (F31),F31,1,1: ในเขต มีชื่อ+อยู่จริง,60-74 ปี,2
code,DIAGNOSIS_OPD,ทุ่งหว้า,11406,โรงพยาบาลทุ่งหว้า,โรคอารมณ์สองขั้ว (F31),F31,4,4: นอกเขต มารับบริการ/เคยอยู่ในเขต,15-29 ปี,2
code,DIAGNOSIS_OPD,ทุ่งหว้า,11406,โรงพยาบาลทุ่งหว้า,โรคอารมณ์สองขั้ว (F31),F31,4,4: นอกเขต มารับบริการ/เคยอยู่ในเขต,30-44 ปี,7
code,DIAGNOSIS_OPD,ทุ่งหว้า,11406,โรงพยาบาลทุ่งหว้า,โรคอารมณ์สองขั้ว (F31),F31,4,4: นอกเขต มารับบริการ/เคยอยู่ในเขต,45-59 ปี,5
code,DIAGNOSIS_OPD,ทุ่งหว้า,11406,โรงพยาบาลทุ่งหว้า,โรคอารมณ์สองขั้ว (F31),F31,4,4: นอกเขต มารับบริการ/เคยอยู่ในเขต,60-74 ปี,3
code,DIAGNOSIS_OPD,ทุ่งหว้า,11406,โรงพยาบาลทุ่งหว้า,โรคอารมณ์สองขั้ว (F31),F31,4,4: นอกเขต มารับบริการ/เคยอยู่ในเขต,75 ปีขึ้นไป,1
code,DIAGNOSIS_OPD,ทุ่งหว้า,09645,โรงพยาบาลส่งเสริมสุขภาพตำบลขอนคลาน,ความบกพร่องทางสติปัญญา (F70-F79),F73,1,1: ในเขต มีชื่อ+อยู่จริง,45-59 ปี,1
code,DIAGNOSIS_OPD,ทุ่งหว้า,09645,โรงพยาบาลส่งเสริมสุขภาพตำบลขอนคลาน,โรคจิตเภท (F20),F20,1,1: ในเขต มีชื่อ+อยู่จริง,30-44 ปี,1
code,DIAGNOSIS_OPD,ทุ่งหว้า,09645,โรงพยาบาลส่งเสริมสุขภาพตำบลขอนคลาน,"โรคซึมเศร้า (F32,F33,F341,F38,F39)",F32,1,1: ในเขต มีชื่อ+อยู่จริง,60-74 ปี,1
code,DIAGNOSIS_OPD,ทุ่งหว้า,09645,โรงพยาบาลส่งเสริมสุขภาพตำบลขอนคลาน,"โรคทางจิตเวชอื่นๆ (F04-F09,F50-F69,F80,F82-F83,F88-F89,F91-F99 ยกเว้น F638,F988)",F06,1,1: ในเขต มีชื่อ+อยู่จริง,30-44 ปี,1
code,DIAGNOSIS_OPD,ทุ่งหว้า,09645,โรงพยาบาลส่งเสริมสุขภาพตำบลขอนคลาน,"โรคทางจิตเวชอื่นๆ (F04-F09,F50-F69,F80,F82-F83,F88-F89,F91-F99 ยกเว้น F638,F988)",F55,1,1: ในเขต มีชื่อ+อยู่จริง,75 ปีขึ้นไป,1
code,DIAGNOSIS_OPD,ทุ่งหว้า,09645,โรงพยาบาลส่งเสริมสุขภาพตำบลขอนคลาน,"โรคทางจิตเวชอื่นๆ (F04-F09,F50-F69,F80,F82-F83,F88-F89,F91-F99 ยกเว้น F638,F988)",F55,3,3: อาศัยในเขต ทะเบียนบ้านอยู่นอกเขต,30-44 ปี,1
code,DIAGNOSIS_OPD,ทุ่งหว้า,09645,โรงพยาบาลส่งเสริมสุขภาพตำบลขอนคลาน,โรควิตกกังวล (F40-F48),F41,1,1: ในเขต มีชื่อ+อยู่จริง,45-59 ปี,1
code,DIAGNOSIS_OPD,ทุ่งหว้า,09645,โรงพยาบาลส่งเสริมสุขภาพตำบลขอนคลาน,โรควิตกกังวล (F40-F48),F41,1,1: ในเขต มีชื่อ+อยู่จริง,60-74 ปี,1
code,DIAGNOSIS_OPD,ทุ่งหว้า,09645,โรงพยาบาลส่งเสริมสุขภาพตำบลขอนคลาน,โรควิตกกังวล (F40-F48),F41,1,1: ในเขต มีชื่อ+อยู่จริง,75 ปีขึ้นไป,1
code,DIAGNOSIS_OPD,ทุ่งหว้า,09645,โรงพยาบาลส่งเสริมสุขภาพตำบลขอนคลาน,โรควิตกกังวล (F40-F48),F45,1,1: ในเขต มีชื่อ+อยู่จริง,60-74 ปี,2
code,DIAGNOSIS_OPD,ทุ่งหว้า,09645,โรงพยาบาลส่งเสริมสุขภาพตำบลขอนคลาน,โรควิตกกังวล (F40-F48),F48,1,1: ในเขต มีชื่อ+อยู่จริง,60-74 ปี,1
code,DIAGNOSIS_OPD,ทุ่งหว้า,09645,โรงพยาบาลส่งเสริมสุขภาพตำบลขอนคลาน,โรควิตกกังวล (F40-F48),F48,1,1: ในเขต มีชื่อ+อยู่จริง,75 ปีขึ้นไป,2
code,DIAGNOSIS_OPD,ทุ่งหว้า,09645,โรงพยาบาลส่งเสริมสุขภาพตำบลขอนคลาน,โรควิตกกังวล (F40-F48),F48,2,2: ในเขต มีชื่อ แต่ไม่อยู่จริง,60-74 ปี,1
code,DIAGNOSIS_OPD,ทุ่งหว้า,09645,โรงพยาบาลส่งเสริมสุขภาพตำบลขอนคลาน,โรคออทิสติก (F84),F84,1,1: ในเขต มีชื่อ+อยู่จริง,30-44 ปี,1
code,DIAGNOSIS_OPD,ทุ่งหว้า,09646,โรงพยาบาลส่งเสริมสุขภาพตำบลทุ่งบุหลัง,โรคจิตเภท (F20),F20,2,2: ในเขต มีชื่อ แต่ไม่อยู่จริง,30-44 ปี,1
code,DIAGNOSIS_OPD,ทุ่งหว้า,09646,โรงพยาบาลส่งเสริมสุขภาพตำบลทุ่งบุหลัง,โรคจิตเภท (F20),F20,4,4: นอกเขต มารับบริการ/เคยอยู่ในเขต,30-44 ปี,1
code,DIAGNOSIS_OPD,ทุ่งหว้า,09646,โรงพยาบาลส่งเสริมสุขภาพตำบลทุ่งบุหลัง,"โรคทางจิตเวชอื่นๆ (F04-F09,F50-F69,F80,F82-F83,F88-F89,F91-F99 ยกเว้น F638,F988)",F51,1,1: ในเขต มีชื่อ+อยู่จริง,45-59 ปี,1
code,DIAGNOSIS_OPD,ทุ่งหว้า,09646,โรงพยาบาลส่งเสริมสุขภาพตำบลทุ่งบุหลัง,โรควิตกกังวล (F40-F48),F45,1,1: ในเขต มีชื่อ+อยู่จริง,75 ปีขึ้นไป,1
code,DIAGNOSIS_OPD,ทุ่งหว้า,09646,โรงพยาบาลส่งเสริมสุขภาพตำบลทุ่งบุหลัง,โรควิตกกังวล (F40-F48),F45,4,4: นอกเขต มารับบริการ/เคยอยู่ในเขต,30-44 ปี,1
code,DIAGNOSIS_OPD,ทุ่งหว้า,09646,โรงพยาบาลส่งเสริมสุขภาพตำบลทุ่งบุหลัง,โรควิตกกังวล (F40-F48),F45,4,4: นอกเขต มารับบริการ/เคยอยู่ในเขต,45-59 ปี,1
code,DIAGNOSIS_OPD,ทุ่งหว้า,09646,โรงพยาบาลส่งเสริมสุขภาพตำบลทุ่งบุหลัง,โรควิตกกังวล (F40-F48),F48,1,1: ในเขต มีชื่อ+อยู่จริง,45-59 ปี,4
code,DIAGNOSIS_OPD,ทุ่งหว้า,09646,โรงพยาบาลส่งเสริมสุขภาพตำบลทุ่งบุหลัง,โรควิตกกังวล (F40-F48),F48,1,1: ในเขต มีชื่อ+อยู่จริง,60-74 ปี,1
code,DIAGNOSIS_OPD,ทุ่งหว้า,09646,โรงพยาบาลส่งเสริมสุขภาพตำบลทุ่งบุหลัง,โรควิตกกังวล (F40-F48),F48,1,1: ในเขต มีชื่อ+อยู่จริง,75 ปีขึ้นไป,1
code,DIAGNOSIS_OPD,ทุ่งหว้า,14715,โรงพยาบาลส่งเสริมสุขภาพตำบลบ้านคีรีวง ตำบลทุ่งหว้า,โรคจิตอื่นๆ (F21-F29),F21,1,1: ในเขต มีชื่อ+อยู่จริง,45-59 ปี,1
code,DIAGNOSIS_OPD,ทุ่งหว้า,14715,โรงพยาบาลส่งเสริมสุขภาพตำบลบ้านคีรีวง ตำบลทุ่งหว้า,โรคจิตเภท (F20),F20,1,1: ในเขต มีชื่อ+อยู่จริง,45-59 ปี,2
code,DIAGNOSIS_OPD,ทุ่งหว้า,14715,โรงพยาบาลส่งเสริมสุขภาพตำบลบ้านคีรีวง ตำบลทุ่งหว้า,โรคจิตเภท (F20),F20,2,2: ในเขต มีชื่อ แต่ไม่อยู่จริง,30-44 ปี,1
code,DIAGNOSIS_OPD,ทุ่งหว้า,14715,โรงพยาบาลส่งเสริมสุขภาพตำบลบ้านคีรีวง ตำบลทุ่งหว้า,"โรคซึมเศร้า (F32,F33,F341,F38,F39)",F32,1,1: ในเขต มีชื่อ+อยู่จริง,45-59 ปี,1
code,DIAGNOSIS_OPD,ทุ่งหว้า,14715,โรงพยาบาลส่งเสริมสุขภาพตำบลบ้านคีรีวง ตำบลทุ่งหว้า,"โรคทางจิตเวชอื่นๆ (F04-F09,F50-F69,F80,F82-F83,F88-F89,F91-F99 ยกเว้น F638,F988)",F06,1,1: ในเขต มีชื่อ+อยู่จริง,45-59 ปี,1
code,DIAGNOSIS_OPD,ทุ่งหว้า,14715,โรงพยาบาลส่งเสริมสุขภาพตำบลบ้านคีรีวง ตำบลทุ่งหว้า,"โรคทางจิตเวชอื่นๆ (F04-F09,F50-F69,F80,F82-F83,F88-F89,F91-F99 ยกเว้น F638,F988)",F06,1,1: ในเขต มีชื่อ+อยู่จริง,60-74 ปี,1
code,DIAGNOSIS_OPD,ทุ่งหว้า,14715,โรงพยาบาลส่งเสริมสุขภาพตำบลบ้านคีรีวง ตำบลทุ่งหว้า,"โรคทางจิตเวชอื่นๆ (F04-F09,F50-F69,F80,F82-F83,F88-F89,F91-F99 ยกเว้น F638,F988)",F51,1,1: ในเขต มีชื่อ+อยู่จริง,30-44 ปี,1
code,DIAGNOSIS_OPD,ทุ่งหว้า,14715,โรงพยาบาลส่งเสริมสุขภาพตำบลบ้านคีรีวง ตำบลทุ่งหว้า,"โรคทางจิตเวชอื่นๆ (F04-F09,F50-F69,F80,F82-F83,F88-F89,F91-F99 ยกเว้น F638,F988)",F51,1,1: ในเขต มีชื่อ+อยู่จริง,45-59 ปี,9
code,DIAGNOSIS_OPD,ทุ่งหว้า,14715,โรงพยาบาลส่งเสริมสุขภาพตำบลบ้านคีรีวง ตำบลทุ่งหว้า,"โรคทางจิตเวชอื่นๆ (F04-F09,F50-F69,F80,F82-F83,F88-F89,F91-F99 ยกเว้น F638,F988)",F51,1,1: ในเขต มีชื่อ+อยู่จริง,60-74 ปี,2
code,DIAGNOSIS_OPD,ทุ่งหว้า,14715,โรงพยาบาลส่งเสริมสุขภาพตำบลบ้านคีรีวง ตำบลทุ่งหว้า,"โรคทางจิตเวชอื่นๆ (F04-F09,F50-F69,F80,F82-F83,F88-F89,F91-F99 ยกเว้น F638,F988)",F51,1,1: ในเขต มีชื่อ+อยู่จริง,75 ปีขึ้นไป,4
code,DIAGNOSIS_OPD,ทุ่งหว้า,14715,โรงพยาบาลส่งเสริมสุขภาพตำบลบ้านคีรีวง ตำบลทุ่งหว้า,"โรคทางจิตเวชอื่นๆ (F04-F09,F50-F69,F80,F82-F83,F88-F89,F91-F99 ยกเว้น F638,F988)",F51,3,3: อาศัยในเขต ทะเบียนบ้านอยู่นอกเขต,15-29 ปี,1
code,DIAGNOSIS_OPD,ทุ่งหว้า,14715,โรงพยาบาลส่งเสริมสุขภาพตำบลบ้านคีรีวง ตำบลทุ่งหว้า,"โรคทางจิตเวชอื่นๆ (F04-F09,F50-F69,F80,F82-F83,F88-F89,F91-F99 ยกเว้น F638,F988)",F51,3,3: อาศัยในเขต ทะเบียนบ้านอยู่นอกเขต,60-74 ปี,1
code,DIAGNOSIS_OPD,ทุ่งหว้า,14715,โรงพยาบาลส่งเสริมสุขภาพตำบลบ้านคีรีวง ตำบลทุ่งหว้า,"โรคทางจิตเวชอื่นๆ (F04-F09,F50-F69,F80,F82-F83,F88-F89,F91-F99 ยกเว้น F638,F988)",F51,4,4: นอกเขต มารับบริการ/เคยอยู่ในเขต,45-59 ปี,2
code,DIAGNOSIS_OPD,ทุ่งหว้า,14715,โรงพยาบาลส่งเสริมสุขภาพตำบลบ้านคีรีวง ตำบลทุ่งหว้า,"โรคทางจิตเวชอื่นๆ (F04-F09,F50-F69,F80,F82-F83,F88-F89,F91-F99 ยกเว้น F638,F988)",F98,1,1: ในเขต มีชื่อ+อยู่จริง,0-14 ปี,1
code,DIAGNOSIS_OPD,ทุ่งหว้า,14715,โรงพยาบาลส่งเสริมสุขภาพตำบลบ้านคีรีวง ตำบลทุ่งหว้า,โรควิตกกังวล (F40-F48),F41,3,3: อาศัยในเขต ทะเบียนบ้านอยู่นอกเขต,45-59 ปี,1
code,DIAGNOSIS_OPD,ทุ่งหว้า,14715,โรงพยาบาลส่งเสริมสุขภาพตำบลบ้านคีรีวง ตำบลทุ่งหว้า,โรควิตกกังวล (F40-F48),F45,1,1: ในเขต มีชื่อ+อยู่จริง,15-29 ปี,1
code,DIAGNOSIS_OPD,ทุ่งหว้า,14715,โรงพยาบาลส่งเสริมสุขภาพตำบลบ้านคีรีวง ตำบลทุ่งหว้า,โรควิตกกังวล (F40-F48),F45,4,4: นอกเขต มารับบริการ/เคยอยู่ในเขต,30-44 ปี,1
code,DIAGNOSIS_OPD,ทุ่งหว้า,09647,โรงพยาบาลส่งเสริมสุขภาพตำบลบ้านทุ่งดินลุ่ม ตำบลป่าแก่บ่อหิน,โรคจิตอื่นๆ (F21-F29),F28,2,2: ในเขต มีชื่อ แต่ไม่อยู่จริง,30-44 ปี,1
code,DIAGNOSIS_OPD,ทุ่งหว้า,09647,โรงพยาบาลส่งเสริมสุขภาพตำบลบ้านทุ่งดินลุ่ม ตำบลป่าแก่บ่อหิน,โรคจิตเภท (F20),F20,1,1: ในเขต มีชื่อ+อยู่จริง,30-44 ปี,1
code,DIAGNOSIS_OPD,ทุ่งหว้า,09647,โรงพยาบาลส่งเสริมสุขภาพตำบลบ้านทุ่งดินลุ่ม ตำบลป่าแก่บ่อหิน,โรคจิตเภท (F20),F20,1,1: ในเขต มีชื่อ+อยู่จริง,45-59 ปี,1
code,DIAGNOSIS_OPD,ทุ่งหว้า,09647,โรงพยาบาลส่งเสริมสุขภาพตำบลบ้านทุ่งดินลุ่ม ตำบลป่าแก่บ่อหิน,โรคจิตเภท (F20),F20,2,2: ในเขต มีชื่อ แต่ไม่อยู่จริง,30-44 ปี,1
code,DIAGNOSIS_OPD,ทุ่งหว้า,09647,โรงพยาบาลส่งเสริมสุขภาพตำบลบ้านทุ่งดินลุ่ม ตำบลป่าแก่บ่อหิน,"โรคซึมเศร้า (F32,F33,F341,F38,F39)",F32,2,2: ในเขต มีชื่อ แต่ไม่อยู่จริง,15-29 ปี,1
code,DIAGNOSIS_OPD,ทุ่งหว้า,09647,โรงพยาบาลส่งเสริมสุขภาพตำบลบ้านทุ่งดินลุ่ม ตำบลป่าแก่บ่อหิน,"โรคทางจิตเวชอื่นๆ (F04-F09,F50-F69,F80,F82-F83,F88-F89,F91-F99 ยกเว้น F638,F988)",F55,1,1: ในเขต มีชื่อ+อยู่จริง,15-29 ปี,1
code,DIAGNOSIS_OPD,ทุ่งหว้า,09643,โรงพยาบาลส่งเสริมสุขภาพตำบลบ้านนาทอน ตำบลนาทอน,"โรคทางจิตเวชอื่นๆ (F04-F09,F50-F69,F80,F82-F83,F88-F89,F91-F99 ยกเว้น F638,F988)",F51,1,1: ในเขต มีชื่อ+อยู่จริง,45-59 ปี,5
code,DIAGNOSIS_OPD,ทุ่งหว้า,09643,โรงพยาบาลส่งเสริมสุขภาพตำบลบ้านนาทอน ตำบลนาทอน,"โรคทางจิตเวชอื่นๆ (F04-F09,F50-F69,F80,F82-F83,F88-F89,F91-F99 ยกเว้น F638,F988)",F51,1,1: ในเขต มีชื่อ+อยู่จริง,60-74 ปี,1
code,DIAGNOSIS_OPD,ทุ่งหว้า,09643,โรงพยาบาลส่งเสริมสุขภาพตำบลบ้านนาทอน ตำบลนาทอน,"โรคทางจิตเวชอื่นๆ (F04-F09,F50-F69,F80,F82-F83,F88-F89,F91-F99 ยกเว้น F638,F988)",F51,1,1: ในเขต มีชื่อ+อยู่จริง,75 ปีขึ้นไป,1
code,DIAGNOSIS_OPD,ทุ่งหว้า,09643,โรงพยาบาลส่งเสริมสุขภาพตำบลบ้านนาทอน ตำบลนาทอน,"โรคทางจิตเวชอื่นๆ (F04-F09,F50-F69,F80,F82-F83,F88-F89,F91-F99 ยกเว้น F638,F988)",F55,1,1: ในเขต มีชื่อ+อยู่จริง,45-59 ปี,1
code,DIAGNOSIS_OPD,ทุ่งหว้า,09643,โรงพยาบาลส่งเสริมสุขภาพตำบลบ้านนาทอน ตำบลนาทอน,โรควิตกกังวล (F40-F48),F43,1,1: ในเขต มีชื่อ+อยู่จริง,30-44 ปี,1
code,DIAGNOSIS_OPD,ทุ่งหว้า,09644,โรงพยาบาลส่งเสริมสุขภาพตำบลบ้านวังตง ตำบลนาทอน,"ติดสารเสพติดอื่นๆ (F11,F12,F13,F14,F16,F17,F18,F19)",F16,1,1: ในเขต มีชื่อ+อยู่จริง,15-29 ปี,1
code,DIAGNOSIS_OPD,ทุ่งหว้า,09644,โรงพยาบาลส่งเสริมสุขภาพตำบลบ้านวังตง ตำบลนาทอน,"ติดสารเสพติดอื่นๆ (F11,F12,F13,F14,F16,F17,F18,F19)",F16,1,1: ในเขต มีชื่อ+อยู่จริง,30-44 ปี,1
code,DIAGNOSIS_OPD,ทุ่งหว้า,09644,โรงพยาบาลส่งเสริมสุขภาพตำบลบ้านวังตง ตำบลนาทอน,ติดแอลกอฮอล์ (F10),F10,4,4: นอกเขต มารับบริการ/เคยอยู่ในเขต,30-44 ปี,1
code,DIAGNOSIS_OPD,ทุ่งหว้า,09644,โรงพยาบาลส่งเสริมสุขภาพตำบลบ้านวังตง ตำบลนาทอน,โรคจิตเภท (F20),F20,4,4: นอกเขต มารับบริการ/เคยอยู่ในเขต,60-74 ปี,1
code,DIAGNOSIS_OPD,ทุ่งหว้า,09644,โรงพยาบาลส่งเสริมสุขภาพตำบลบ้านวังตง ตำบลนาทอน,"โรคซึมเศร้า (F32,F33,F341,F38,F39)",F32,1,1: ในเขต มีชื่อ+อยู่จริง,45-59 ปี,1
code,DIAGNOSIS_OPD,ทุ่งหว้า,09644,โรงพยาบาลส่งเสริมสุขภาพตำบลบ้านวังตง ตำบลนาทอน,"โรคทางจิตเวชอื่นๆ (F04-F09,F50-F69,F80,F82-F83,F88-F89,F91-F99 ยกเว้น F638,F988)",F06,1,1: ในเขต มีชื่อ+อยู่จริง,15-29 ปี,1
code,DIAGNOSIS_OPD,ทุ่งหว้า,09644,โรงพยาบาลส่งเสริมสุขภาพตำบลบ้านวังตง ตำบลนาทอน,"โรคทางจิตเวชอื่นๆ (F04-F09,F50-F69,F80,F82-F83,F88-F89,F91-F99 ยกเว้น F638,F988)",F09,4,4: นอกเขต มารับบริการ/เคยอยู่ในเขต,60-74 ปี,1
code,DIAGNOSIS_OPD,ทุ่งหว้า,09648,โรงพยาบาลส่งเสริมสุขภาพตำบลบ้านเขาแดง ตำบลป่าแก่บ่อหิน,โรคจิตเภท (F20),F20,1,1: ในเขต มีชื่อ+อยู่จริง,75 ปีขึ้นไป,1
code,DIAGNOSIS_OPD,ทุ่งหว้า,09648,โรงพยาบาลส่งเสริมสุขภาพตำบลบ้านเขาแดง ตำบลป่าแก่บ่อหิน,"โรคทางจิตเวชอื่นๆ (F04-F09,F50-F69,F80,F82-F83,F88-F89,F91-F99 ยกเว้น F638,F988)",F06,1,1: ในเขต มีชื่อ+อยู่จริง,45-59 ปี,1
code,DIAGNOSIS_OPD,ทุ่งหว้า,09648,โรงพยาบาลส่งเสริมสุขภาพตำบลบ้านเขาแดง ตำบลป่าแก่บ่อหิน,"โรคทางจิตเวชอื่นๆ (F04-F09,F50-F69,F80,F82-F83,F88-F89,F91-F99 ยกเว้น F638,F988)",F06,4,4: นอกเขต มารับบริการ/เคยอยู่ในเขต,30-44 ปี,1
code,DIAGNOSIS_OPD,ทุ่งหว้า,09648,โรงพยาบาลส่งเสริมสุขภาพตำบลบ้านเขาแดง ตำบลป่าแก่บ่อหิน,"โรคทางจิตเวชอื่นๆ (F04-F09,F50-F69,F80,F82-F83,F88-F89,F91-F99 ยกเว้น F638,F988)",F51,1,1: ในเขต มีชื่อ+อยู่จริง,30-44 ปี,2
code,DIAGNOSIS_OPD,ทุ่งหว้า,09648,โรงพยาบาลส่งเสริมสุขภาพตำบลบ้านเขาแดง ตำบลป่าแก่บ่อหิน,"โรคทางจิตเวชอื่นๆ (F04-F09,F50-F69,F80,F82-F83,F88-F89,F91-F99 ยกเว้น F638,F988)",F51,1,1: ในเขต มีชื่อ+อยู่จริง,60-74 ปี,2
code,DIAGNOSIS_OPD,ทุ่งหว้า,09648,โรงพยาบาลส่งเสริมสุขภาพตำบลบ้านเขาแดง ตำบลป่าแก่บ่อหิน,"โรคทางจิตเวชอื่นๆ (F04-F09,F50-F69,F80,F82-F83,F88-F89,F91-F99 ยกเว้น F638,F988)",F52,1,1: ในเขต มีชื่อ+อยู่จริง,45-59 ปี,1
code,DIAGNOSIS_OPD,ทุ่งหว้า,09648,โรงพยาบาลส่งเสริมสุขภาพตำบลบ้านเขาแดง ตำบลป่าแก่บ่อหิน,"โรคทางจิตเวชอื่นๆ (F04-F09,F50-F69,F80,F82-F83,F88-F89,F91-F99 ยกเว้น F638,F988)",F55,1,1: ในเขต มีชื่อ+อยู่จริง,0-14 ปี,16
code,DIAGNOSIS_OPD,ทุ่งหว้า,09648,โรงพยาบาลส่งเสริมสุขภาพตำบลบ้านเขาแดง ตำบลป่าแก่บ่อหิน,"โรคทางจิตเวชอื่นๆ (F04-F09,F50-F69,F80,F82-F83,F88-F89,F91-F99 ยกเว้น F638,F988)",F55,1,1: ในเขต มีชื่อ+อยู่จริง,15-29 ปี,9
code,DIAGNOSIS_OPD,ทุ่งหว้า,09648,โรงพยาบาลส่งเสริมสุขภาพตำบลบ้านเขาแดง ตำบลป่าแก่บ่อหิน,"โรคทางจิตเวชอื่นๆ (F04-F09,F50-F69,F80,F82-F83,F88-F89,F91-F99 ยกเว้น F638,F988)",F55,1,1: ในเขต มีชื่อ+อยู่จริง,30-44 ปี,14
code,DIAGNOSIS_OPD,ทุ่งหว้า,09648,โรงพยาบาลส่งเสริมสุขภาพตำบลบ้านเขาแดง ตำบลป่าแก่บ่อหิน,"โรคทางจิตเวชอื่นๆ (F04-F09,F50-F69,F80,F82-F83,F88-F89,F91-F99 ยกเว้น F638,F988)",F55,1,1: ในเขต มีชื่อ+อยู่จริง,45-59 ปี,31
code,DIAGNOSIS_OPD,ทุ่งหว้า,09648,โรงพยาบาลส่งเสริมสุขภาพตำบลบ้านเขาแดง ตำบลป่าแก่บ่อหิน,"โรคทางจิตเวชอื่นๆ (F04-F09,F50-F69,F80,F82-F83,F88-F89,F91-F99 ยกเว้น F638,F988)",F55,1,1: ในเขต มีชื่อ+อยู่จริง,60-74 ปี,16
code,DIAGNOSIS_OPD,ทุ่งหว้า,09648,โรงพยาบาลส่งเสริมสุขภาพตำบลบ้านเขาแดง ตำบลป่าแก่บ่อหิน,"โรคทางจิตเวชอื่นๆ (F04-F09,F50-F69,F80,F82-F83,F88-F89,F91-F99 ยกเว้น F638,F988)",F55,1,1: ในเขต มีชื่อ+อยู่จริง,75 ปีขึ้นไป,3
code,DIAGNOSIS_OPD,ทุ่งหว้า,09648,โรงพยาบาลส่งเสริมสุขภาพตำบลบ้านเขาแดง ตำบลป่าแก่บ่อหิน,"โรคทางจิตเวชอื่นๆ (F04-F09,F50-F69,F80,F82-F83,F88-F89,F91-F99 ยกเว้น F638,F988)",F55,2,2: ในเขต มีชื่อ แต่ไม่อยู่จริง,0-14 ปี,1
code,DIAGNOSIS_OPD,ทุ่งหว้า,09648,โรงพยาบาลส่งเสริมสุขภาพตำบลบ้านเขาแดง ตำบลป่าแก่บ่อหิน,"โรคทางจิตเวชอื่นๆ (F04-F09,F50-F69,F80,F82-F83,F88-F89,F91-F99 ยกเว้น F638,F988)",F55,2,2: ในเขต มีชื่อ แต่ไม่อยู่จริง,30-44 ปี,2
code,DIAGNOSIS_OPD,ทุ่งหว้า,09648,โรงพยาบาลส่งเสริมสุขภาพตำบลบ้านเขาแดง ตำบลป่าแก่บ่อหิน,"โรคทางจิตเวชอื่นๆ (F04-F09,F50-F69,F80,F82-F83,F88-F89,F91-F99 ยกเว้น F638,F988)",F55,2,2: ในเขต มีชื่อ แต่ไม่อยู่จริง,45-59 ปี,2
code,DIAGNOSIS_OPD,ทุ่งหว้า,09648,โรงพยาบาลส่งเสริมสุขภาพตำบลบ้านเขาแดง ตำบลป่าแก่บ่อหิน,"โรคทางจิตเวชอื่นๆ (F04-F09,F50-F69,F80,F82-F83,F88-F89,F91-F99 ยกเว้น F638,F988)",F55,2,2: ในเขต มีชื่อ แต่ไม่อยู่จริง,60-74 ปี,2
code,DIAGNOSIS_OPD,ทุ่งหว้า,09648,โรงพยาบาลส่งเสริมสุขภาพตำบลบ้านเขาแดง ตำบลป่าแก่บ่อหิน,"โรคทางจิตเวชอื่นๆ (F04-F09,F50-F69,F80,F82-F83,F88-F89,F91-F99 ยกเว้น F638,F988)",F55,3,3: อาศัยในเขต ทะเบียนบ้านอยู่นอกเขต,0-14 ปี,2
code,DIAGNOSIS_OPD,ทุ่งหว้า,09648,โรงพยาบาลส่งเสริมสุขภาพตำบลบ้านเขาแดง ตำบลป่าแก่บ่อหิน,"โรคทางจิตเวชอื่นๆ (F04-F09,F50-F69,F80,F82-F83,F88-F89,F91-F99 ยกเว้น F638,F988)",F55,3,3: อาศัยในเขต ทะเบียนบ้านอยู่นอกเขต,45-59 ปี,1
code,DIAGNOSIS_OPD,ทุ่งหว้า,09648,โรงพยาบาลส่งเสริมสุขภาพตำบลบ้านเขาแดง ตำบลป่าแก่บ่อหิน,"โรคทางจิตเวชอื่นๆ (F04-F09,F50-F69,F80,F82-F83,F88-F89,F91-F99 ยกเว้น F638,F988)",F55,4,4: นอกเขต มารับบริการ/เคยอยู่ในเขต,15-29 ปี,1
code,DIAGNOSIS_OPD,ทุ่งหว้า,09648,โรงพยาบาลส่งเสริมสุขภาพตำบลบ้านเขาแดง ตำบลป่าแก่บ่อหิน,"โรคทางจิตเวชอื่นๆ (F04-F09,F50-F69,F80,F82-F83,F88-F89,F91-F99 ยกเว้น F638,F988)",F55,4,4: นอกเขต มารับบริการ/เคยอยู่ในเขต,30-44 ปี,1
code,DIAGNOSIS_OPD,ทุ่งหว้า,09648,โรงพยาบาลส่งเสริมสุขภาพตำบลบ้านเขาแดง ตำบลป่าแก่บ่อหิน,"โรคทางจิตเวชอื่นๆ (F04-F09,F50-F69,F80,F82-F83,F88-F89,F91-F99 ยกเว้น F638,F988)",F55,4,4: นอกเขต มารับบริการ/เคยอยู่ในเขต,60-74 ปี,4
code,DIAGNOSIS_OPD,ทุ่งหว้า,09648,โรงพยาบาลส่งเสริมสุขภาพตำบลบ้านเขาแดง ตำบลป่าแก่บ่อหิน,"โรคทางจิตเวชอื่นๆ (F04-F09,F50-F69,F80,F82-F83,F88-F89,F91-F99 ยกเว้น F638,F988)",F55,4,4: นอกเขต มารับบริการ/เคยอยู่ในเขต,75 ปีขึ้นไป,2
code,DIAGNOSIS_OPD,ทุ่งหว้า,09648,โรงพยาบาลส่งเสริมสุขภาพตำบลบ้านเขาแดง ตำบลป่าแก่บ่อหิน,โรควิตกกังวล (F40-F48),F45,1,1: ในเขต มีชื่อ+อยู่จริง,45-59 ปี,2
code,DIAGNOSIS_OPD,ท่าแพ,24058,ศูนย์สุขภาพชุมชนตำบลท่าแพ,"ติดสารเสพติดอื่นๆ (F11,F12,F13,F14,F16,F17,F18,F19)",F11,1,1: ในเขต มีชื่อ+อยู่จริง,45-59 ปี,1
code,DIAGNOSIS_OPD,ท่าแพ,24058,ศูนย์สุขภาพชุมชนตำบลท่าแพ,"ติดสารเสพติดอื่นๆ (F11,F12,F13,F14,F16,F17,F18,F19)",F13,1,1: ในเขต มีชื่อ+อยู่จริง,45-59 ปี,1
code,DIAGNOSIS_OPD,ท่าแพ,24058,ศูนย์สุขภาพชุมชนตำบลท่าแพ,"ติดสารเสพติดอื่นๆ (F11,F12,F13,F14,F16,F17,F18,F19)",F17,1,1: ในเขต มีชื่อ+อยู่จริง,0-14 ปี,5
code,DIAGNOSIS_OPD,ท่าแพ,24058,ศูนย์สุขภาพชุมชนตำบลท่าแพ,"ติดสารเสพติดอื่นๆ (F11,F12,F13,F14,F16,F17,F18,F19)",F17,1,1: ในเขต มีชื่อ+อยู่จริง,15-29 ปี,549
code,DIAGNOSIS_OPD,ท่าแพ,24058,ศูนย์สุขภาพชุมชนตำบลท่าแพ,"ติดสารเสพติดอื่นๆ (F11,F12,F13,F14,F16,F17,F18,F19)",F17,1,1: ในเขต มีชื่อ+อยู่จริง,30-44 ปี,480
code,DIAGNOSIS_OPD,ท่าแพ,24058,ศูนย์สุขภาพชุมชนตำบลท่าแพ,"ติดสารเสพติดอื่นๆ (F11,F12,F13,F14,F16,F17,F18,F19)",F17,1,1: ในเขต มีชื่อ+อยู่จริง,45-59 ปี,552
code,DIAGNOSIS_OPD,ท่าแพ,24058,ศูนย์สุขภาพชุมชนตำบลท่าแพ,"ติดสารเสพติดอื่นๆ (F11,F12,F13,F14,F16,F17,F18,F19)",F17,1,1: ในเขต มีชื่อ+อยู่จริง,60-74 ปี,438
code,DIAGNOSIS_OPD,ท่าแพ,24058,ศูนย์สุขภาพชุมชนตำบลท่าแพ,"ติดสารเสพติดอื่นๆ (F11,F12,F13,F14,F16,F17,F18,F19)",F17,1,1: ในเขต มีชื่อ+อยู่จริง,75 ปีขึ้นไป,122
code,DIAGNOSIS_OPD,ท่าแพ,24058,ศูนย์สุขภาพชุมชนตำบลท่าแพ,"ติดสารเสพติดอื่นๆ (F11,F12,F13,F14,F16,F17,F18,F19)",F17,2,2: ในเขต มีชื่อ แต่ไม่อยู่จริง,15-29 ปี,47
code,DIAGNOSIS_OPD,ท่าแพ,24058,ศูนย์สุขภาพชุมชนตำบลท่าแพ,"ติดสารเสพติดอื่นๆ (F11,F12,F13,F14,F16,F17,F18,F19)",F17,2,2: ในเขต มีชื่อ แต่ไม่อยู่จริง,30-44 ปี,123
code,DIAGNOSIS_OPD,ท่าแพ,24058,ศูนย์สุขภาพชุมชนตำบลท่าแพ,"ติดสารเสพติดอื่นๆ (F11,F12,F13,F14,F16,F17,F18,F19)",F17,2,2: ในเขต มีชื่อ แต่ไม่อยู่จริง,45-59 ปี,42
code,DIAGNOSIS_OPD,ท่าแพ,24058,ศูนย์สุขภาพชุมชนตำบลท่าแพ,"ติดสารเสพติดอื่นๆ (F11,F12,F13,F14,F16,F17,F18,F19)",F17,2,2: ในเขต มีชื่อ แต่ไม่อยู่จริง,60-74 ปี,17
code,DIAGNOSIS_OPD,ท่าแพ,24058,ศูนย์สุขภาพชุมชนตำบลท่าแพ,"ติดสารเสพติดอื่นๆ (F11,F12,F13,F14,F16,F17,F18,F19)",F17,2,2: ในเขต มีชื่อ แต่ไม่อยู่จริง,75 ปีขึ้นไป,3
code,DIAGNOSIS_OPD,ท่าแพ,24058,ศูนย์สุขภาพชุมชนตำบลท่าแพ,"ติดสารเสพติดอื่นๆ (F11,F12,F13,F14,F16,F17,F18,F19)",F17,3,3: อาศัยในเขต ทะเบียนบ้านอยู่นอกเขต,15-29 ปี,3
code,DIAGNOSIS_OPD,ท่าแพ,24058,ศูนย์สุขภาพชุมชนตำบลท่าแพ,"ติดสารเสพติดอื่นๆ (F11,F12,F13,F14,F16,F17,F18,F19)",F17,3,3: อาศัยในเขต ทะเบียนบ้านอยู่นอกเขต,30-44 ปี,6
code,DIAGNOSIS_OPD,ท่าแพ,24058,ศูนย์สุขภาพชุมชนตำบลท่าแพ,"ติดสารเสพติดอื่นๆ (F11,F12,F13,F14,F16,F17,F18,F19)",F17,3,3: อาศัยในเขต ทะเบียนบ้านอยู่นอกเขต,45-59 ปี,5
code,DIAGNOSIS_OPD,ท่าแพ,24058,ศูนย์สุขภาพชุมชนตำบลท่าแพ,"ติดสารเสพติดอื่นๆ (F11,F12,F13,F14,F16,F17,F18,F19)",F17,3,3: อาศัยในเขต ทะเบียนบ้านอยู่นอกเขต,60-74 ปี,1
code,DIAGNOSIS_OPD,ท่าแพ,24058,ศูนย์สุขภาพชุมชนตำบลท่าแพ,"ติดสารเสพติดอื่นๆ (F11,F12,F13,F14,F16,F17,F18,F19)",F17,3,3: อาศัยในเขต ทะเบียนบ้านอยู่นอกเขต,75 ปีขึ้นไป,1
code,DIAGNOSIS_OPD,ท่าแพ,24058,ศูนย์สุขภาพชุมชนตำบลท่าแพ,"ติดสารเสพติดอื่นๆ (F11,F12,F13,F14,F16,F17,F18,F19)",F17,4,4: นอกเขต มารับบริการ/เคยอยู่ในเขต,15-29 ปี,53
code,DIAGNOSIS_OPD,ท่าแพ,24058,ศูนย์สุขภาพชุมชนตำบลท่าแพ,"ติดสารเสพติดอื่นๆ (F11,F12,F13,F14,F16,F17,F18,F19)",F17,4,4: นอกเขต มารับบริการ/เคยอยู่ในเขต,30-44 ปี,67
code,DIAGNOSIS_OPD,ท่าแพ,24058,ศูนย์สุขภาพชุมชนตำบลท่าแพ,"ติดสารเสพติดอื่นๆ (F11,F12,F13,F14,F16,F17,F18,F19)",F17,4,4: นอกเขต มารับบริการ/เคยอยู่ในเขต,45-59 ปี,53
code,DIAGNOSIS_OPD,ท่าแพ,24058,ศูนย์สุขภาพชุมชนตำบลท่าแพ,"ติดสารเสพติดอื่นๆ (F11,F12,F13,F14,F16,F17,F18,F19)",F17,4,4: นอกเขต มารับบริการ/เคยอยู่ในเขต,60-74 ปี,9
code,DIAGNOSIS_OPD,ท่าแพ,24058,ศูนย์สุขภาพชุมชนตำบลท่าแพ,"ติดสารเสพติดอื่นๆ (F11,F12,F13,F14,F16,F17,F18,F19)",F17,4,4: นอกเขต มารับบริการ/เคยอยู่ในเขต,75 ปีขึ้นไป,2
code,DIAGNOSIS_OPD,ท่าแพ,24058,ศูนย์สุขภาพชุมชนตำบลท่าแพ,โรคจิตเภท (F20),F20,1,1: ในเขต มีชื่อ+อยู่จริง,75 ปีขึ้นไป,1
code,DIAGNOSIS_OPD,ท่าแพ,24058,ศูนย์สุขภาพชุมชนตำบลท่าแพ,"โรคซึมเศร้า (F32,F33,F341,F38,F39)",F32,1,1: ในเขต มีชื่อ+อยู่จริง,75 ปีขึ้นไป,1
code,DIAGNOSIS_OPD,ท่าแพ,24058,ศูนย์สุขภาพชุมชนตำบลท่าแพ,"โรคทางจิตเวชอื่นๆ (F04-F09,F50-F69,F80,F82-F83,F88-F89,F91-F99 ยกเว้น F638,F988)",F51,1,1: ในเขต มีชื่อ+อยู่จริง,30-44 ปี,1
code,DIAGNOSIS_OPD,ท่าแพ,24058,ศูนย์สุขภาพชุมชนตำบลท่าแพ,"โรคทางจิตเวชอื่นๆ (F04-F09,F50-F69,F80,F82-F83,F88-F89,F91-F99 ยกเว้น F638,F988)",F51,1,1: ในเขต มีชื่อ+อยู่จริง,45-59 ปี,4
code,DIAGNOSIS_OPD,ท่าแพ,24058,ศูนย์สุขภาพชุมชนตำบลท่าแพ,"โรคทางจิตเวชอื่นๆ (F04-F09,F50-F69,F80,F82-F83,F88-F89,F91-F99 ยกเว้น F638,F988)",F51,1,1: ในเขต มีชื่อ+อยู่จริง,60-74 ปี,8
code,DIAGNOSIS_OPD,ท่าแพ,24058,ศูนย์สุขภาพชุมชนตำบลท่าแพ,"โรคทางจิตเวชอื่นๆ (F04-F09,F50-F69,F80,F82-F83,F88-F89,F91-F99 ยกเว้น F638,F988)",F51,1,1: ในเขต มีชื่อ+อยู่จริง,75 ปีขึ้นไป,7
code,DIAGNOSIS_OPD,ท่าแพ,11404,โรงพยาบาลท่าแพ,ความบกพร่องทางการเรียนรู้ (F81),F81,4,4: นอกเขต มารับบริการ/เคยอยู่ในเขต,0-14 ปี,26
code,DIAGNOSIS_OPD,ท่าแพ,11404,โรงพยาบาลท่าแพ,ความบกพร่องทางการเรียนรู้ (F81),F81,4,4: นอกเขต มารับบริการ/เคยอยู่ในเขต,15-29 ปี,1
code,DIAGNOSIS_OPD,ท่าแพ,11404,โรงพยาบาลท่าแพ,ความบกพร่องทางการเรียนรู้ (F81),F81,4,4: นอกเขต มารับบริการ/เคยอยู่ในเขต,30-44 ปี,4
code,DIAGNOSIS_OPD,ท่าแพ,11404,โรงพยาบาลท่าแพ,ความบกพร่องทางการเรียนรู้ (F81),F81,4,4: นอกเขต มารับบริการ/เคยอยู่ในเขต,45-59 ปี,2
code,DIAGNOSIS_OPD,ท่าแพ,11404,โรงพยาบาลท่าแพ,ความบกพร่องทางการเรียนรู้ (F81),F81,4,4: นอกเขต มารับบริการ/เคยอยู่ในเขต,60-74 ปี,2
code,DIAGNOSIS_OPD,ท่าแพ,11404,โรงพยาบาลท่าแพ,ความบกพร่องทางสติปัญญา (F70-F79),F70,4,4: นอกเขต มารับบริการ/เคยอยู่ในเขต,15-29 ปี,1
code,DIAGNOSIS_OPD,ท่าแพ,11404,โรงพยาบาลท่าแพ,ความบกพร่องทางสติปัญญา (F70-F79),F79,4,4: นอกเขต มารับบริการ/เคยอยู่ในเขต,0-14 ปี,2
code,DIAGNOSIS_OPD,ท่าแพ,11404,โรงพยาบาลท่าแพ,ความบกพร่องทางสติปัญญา (F70-F79),F79,4,4: นอกเขต มารับบริการ/เคยอยู่ในเขต,45-59 ปี,2
code,DIAGNOSIS_OPD,ท่าแพ,11404,โรงพยาบาลท่าแพ,ความบกพร่องทางสติปัญญา (F70-F79),F79,4,4: นอกเขต มารับบริการ/เคยอยู่ในเขต,60-74 ปี,1
code,DIAGNOSIS_OPD,ท่าแพ,11404,โรงพยาบาลท่าแพ,ติดยาบ้า Amphetamine (F15),F15,"",อื่นๆ/ไม่ทราบ,15-29 ปี,11
code,DIAGNOSIS_OPD,ท่าแพ,11404,โรงพยาบาลท่าแพ,ติดยาบ้า Amphetamine (F15),F15,"",อื่นๆ/ไม่ทราบ,30-44 ปี,15
code,DIAGNOSIS_OPD,ท่าแพ,11404,โรงพยาบาลท่าแพ,ติดยาบ้า Amphetamine (F15),F15,"",อื่นๆ/ไม่ทราบ,45-59 ปี,4
code,DIAGNOSIS_OPD,ท่าแพ,11404,โรงพยาบาลท่าแพ,ติดยาบ้า Amphetamine (F15),F15,"",อื่นๆ/ไม่ทราบ,60-74 ปี,1
code,DIAGNOSIS_OPD,ท่าแพ,11404,โรงพยาบาลท่าแพ,ติดยาบ้า Amphetamine (F15),F15,1,1: ในเขต มีชื่อ+อยู่จริง,15-29 ปี,1
code,DIAGNOSIS_OPD,ท่าแพ,11404,โรงพยาบาลท่าแพ,ติดยาบ้า Amphetamine (F15),F15,4,4: นอกเขต มารับบริการ/เคยอยู่ในเขต,0-14 ปี,5
code,DIAGNOSIS_OPD,ท่าแพ,11404,โรงพยาบาลท่าแพ,ติดยาบ้า Amphetamine (F15),F15,4,4: นอกเขต มารับบริการ/เคยอยู่ในเขต,15-29 ปี,103
code,DIAGNOSIS_OPD,ท่าแพ,11404,โรงพยาบาลท่าแพ,ติดยาบ้า Amphetamine (F15),F15,4,4: นอกเขต มารับบริการ/เคยอยู่ในเขต,30-44 ปี,184
code,DIAGNOSIS_OPD,ท่าแพ,11404,โรงพยาบาลท่าแพ,ติดยาบ้า Amphetamine (F15),F15,4,4: นอกเขต มารับบริการ/เคยอยู่ในเขต,45-59 ปี,63
code,DIAGNOSIS_OPD,ท่าแพ,11404,โรงพยาบาลท่าแพ,ติดยาบ้า Amphetamine (F15),F15,4,4: นอกเขต มารับบริการ/เคยอยู่ในเขต,60-74 ปี,9
code,DIAGNOSIS_OPD,ท่าแพ,11404,โรงพยาบาลท่าแพ,ติดยาบ้า Amphetamine (F15),F15,4,4: นอกเขต มารับบริการ/เคยอยู่ในเขต,75 ปีขึ้นไป,8
code,DIAGNOSIS_OPD,ท่าแพ,11404,โรงพยาบาลท่าแพ,"ติดสารเสพติดอื่นๆ (F11,F12,F13,F14,F16,F17,F18,F19)",F12,"",อื่นๆ/ไม่ทราบ,30-44 ปี,2
code,DIAGNOSIS_OPD,ท่าแพ,11404,โรงพยาบาลท่าแพ,"ติดสารเสพติดอื่นๆ (F11,F12,F13,F14,F16,F17,F18,F19)",F12,4,4: นอกเขต มารับบริการ/เคยอยู่ในเขต,15-29 ปี,7
code,DIAGNOSIS_OPD,ท่าแพ,11404,โรงพยาบาลท่าแพ,"ติดสารเสพติดอื่นๆ (F11,F12,F13,F14,F16,F17,F18,F19)",F12,4,4: นอกเขต มารับบริการ/เคยอยู่ในเขต,30-44 ปี,13
code,DIAGNOSIS_OPD,ท่าแพ,11404,โรงพยาบาลท่าแพ,"ติดสารเสพติดอื่นๆ (F11,F12,F13,F14,F16,F17,F18,F19)",F12,4,4: นอกเขต มารับบริการ/เคยอยู่ในเขต,45-59 ปี,5
code,DIAGNOSIS_OPD,ท่าแพ,11404,โรงพยาบาลท่าแพ,"ติดสารเสพติดอื่นๆ (F11,F12,F13,F14,F16,F17,F18,F19)",F13,4,4: นอกเขต มารับบริการ/เคยอยู่ในเขต,45-59 ปี,2
code,DIAGNOSIS_OPD,ท่าแพ,11404,โรงพยาบาลท่าแพ,"ติดสารเสพติดอื่นๆ (F11,F12,F13,F14,F16,F17,F18,F19)",F17,4,4: นอกเขต มารับบริการ/เคยอยู่ในเขต,0-14 ปี,11
code,DIAGNOSIS_OPD,ท่าแพ,11404,โรงพยาบาลท่าแพ,"ติดสารเสพติดอื่นๆ (F11,F12,F13,F14,F16,F17,F18,F19)",F17,4,4: นอกเขต มารับบริการ/เคยอยู่ในเขต,15-29 ปี,42
code,DIAGNOSIS_OPD,ท่าแพ,11404,โรงพยาบาลท่าแพ,"ติดสารเสพติดอื่นๆ (F11,F12,F13,F14,F16,F17,F18,F19)",F17,4,4: นอกเขต มารับบริการ/เคยอยู่ในเขต,30-44 ปี,40
code,DIAGNOSIS_OPD,ท่าแพ,11404,โรงพยาบาลท่าแพ,"ติดสารเสพติดอื่นๆ (F11,F12,F13,F14,F16,F17,F18,F19)",F17,4,4: นอกเขต มารับบริการ/เคยอยู่ในเขต,45-59 ปี,38
code,DIAGNOSIS_OPD,ท่าแพ,11404,โรงพยาบาลท่าแพ,"ติดสารเสพติดอื่นๆ (F11,F12,F13,F14,F16,F17,F18,F19)",F17,4,4: นอกเขต มารับบริการ/เคยอยู่ในเขต,60-74 ปี,17
code,DIAGNOSIS_OPD,ท่าแพ,11404,โรงพยาบาลท่าแพ,"ติดสารเสพติดอื่นๆ (F11,F12,F13,F14,F16,F17,F18,F19)",F17,4,4: นอกเขต มารับบริการ/เคยอยู่ในเขต,75 ปีขึ้นไป,7
code,DIAGNOSIS_OPD,ท่าแพ,11404,โรงพยาบาลท่าแพ,"ติดสารเสพติดอื่นๆ (F11,F12,F13,F14,F16,F17,F18,F19)",F19,"",อื่นๆ/ไม่ทราบ,15-29 ปี,2
code,DIAGNOSIS_OPD,ท่าแพ,11404,โรงพยาบาลท่าแพ,"ติดสารเสพติดอื่นๆ (F11,F12,F13,F14,F16,F17,F18,F19)",F19,"",อื่นๆ/ไม่ทราบ,30-44 ปี,1
code,DIAGNOSIS_OPD,ท่าแพ,11404,โรงพยาบาลท่าแพ,"ติดสารเสพติดอื่นๆ (F11,F12,F13,F14,F16,F17,F18,F19)",F19,"",อื่นๆ/ไม่ทราบ,45-59 ปี,1
code,DIAGNOSIS_OPD,ท่าแพ,11404,โรงพยาบาลท่าแพ,"ติดสารเสพติดอื่นๆ (F11,F12,F13,F14,F16,F17,F18,F19)",F19,4,4: นอกเขต มารับบริการ/เคยอยู่ในเขต,0-14 ปี,11
code,DIAGNOSIS_OPD,ท่าแพ,11404,โรงพยาบาลท่าแพ,"ติดสารเสพติดอื่นๆ (F11,F12,F13,F14,F16,F17,F18,F19)",F19,4,4: นอกเขต มารับบริการ/เคยอยู่ในเขต,15-29 ปี,87
code,DIAGNOSIS_OPD,ท่าแพ,11404,โรงพยาบาลท่าแพ,"ติดสารเสพติดอื่นๆ (F11,F12,F13,F14,F16,F17,F18,F19)",F19,4,4: นอกเขต มารับบริการ/เคยอยู่ในเขต,30-44 ปี,155
code,DIAGNOSIS_OPD,ท่าแพ,11404,โรงพยาบาลท่าแพ,"ติดสารเสพติดอื่นๆ (F11,F12,F13,F14,F16,F17,F18,F19)",F19,4,4: นอกเขต มารับบริการ/เคยอยู่ในเขต,45-59 ปี,44
code,DIAGNOSIS_OPD,ท่าแพ,11404,โรงพยาบาลท่าแพ,"ติดสารเสพติดอื่นๆ (F11,F12,F13,F14,F16,F17,F18,F19)",F19,4,4: นอกเขต มารับบริการ/เคยอยู่ในเขต,60-74 ปี,15
code,DIAGNOSIS_OPD,ท่าแพ,11404,โรงพยาบาลท่าแพ,"ติดสารเสพติดอื่นๆ (F11,F12,F13,F14,F16,F17,F18,F19)",F19,4,4: นอกเขต มารับบริการ/เคยอยู่ในเขต,75 ปีขึ้นไป,12
code,DIAGNOSIS_OPD,ท่าแพ,11404,โรงพยาบาลท่าแพ,ติดแอลกอฮอล์ (F10),F10,4,4: นอกเขต มารับบริการ/เคยอยู่ในเขต,15-29 ปี,3
code,DIAGNOSIS_OPD,ท่าแพ,11404,โรงพยาบาลท่าแพ,ติดแอลกอฮอล์ (F10),F10,4,4: นอกเขต มารับบริการ/เคยอยู่ในเขต,30-44 ปี,5
code,DIAGNOSIS_OPD,ท่าแพ,11404,โรงพยาบาลท่าแพ,ติดแอลกอฮอล์ (F10),F10,4,4: นอกเขต มารับบริการ/เคยอยู่ในเขต,45-59 ปี,3
code,DIAGNOSIS_OPD,ท่าแพ,11404,โรงพยาบาลท่าแพ,ติดแอลกอฮอล์ (F10),F10,4,4: นอกเขต มารับบริการ/เคยอยู่ในเขต,60-74 ปี,4
code,DIAGNOSIS_OPD,ท่าแพ,11404,โรงพยาบาลท่าแพ,ติดแอลกอฮอล์ (F10),F10,4,4: นอกเขต มารับบริการ/เคยอยู่ในเขต,75 ปีขึ้นไป,1
code,DIAGNOSIS_OPD,ท่าแพ,11404,โรงพยาบาลท่าแพ,พยายามฆ่าตัวตาย/ตั้งใจทำร้ายตนเอง (X60-X84),X60,4,4: นอกเขต มารับบริการ/เคยอยู่ในเขต,0-14 ปี,1
code,DIAGNOSIS_OPD,ท่าแพ,11404,โรงพยาบาลท่าแพ,พยายามฆ่าตัวตาย/ตั้งใจทำร้ายตนเอง (X60-X84),X60,4,4: นอกเขต มารับบริการ/เคยอยู่ในเขต,15-29 ปี,2
code,DIAGNOSIS_OPD,ท่าแพ,11404,โรงพยาบาลท่าแพ,พยายามฆ่าตัวตาย/ตั้งใจทำร้ายตนเอง (X60-X84),X60,4,4: นอกเขต มารับบริการ/เคยอยู่ในเขต,30-44 ปี,2
code,DIAGNOSIS_OPD,ท่าแพ,11404,โรงพยาบาลท่าแพ,พยายามฆ่าตัวตาย/ตั้งใจทำร้ายตนเอง (X60-X84),X60,4,4: นอกเขต มารับบริการ/เคยอยู่ในเขต,45-59 ปี,1
code,DIAGNOSIS_OPD,ท่าแพ,11404,โรงพยาบาลท่าแพ,พยายามฆ่าตัวตาย/ตั้งใจทำร้ายตนเอง (X60-X84),X61,4,4: นอกเขต มารับบริการ/เคยอยู่ในเขต,15-29 ปี,1
code,DIAGNOSIS_OPD,ท่าแพ,11404,โรงพยาบาลท่าแพ,พยายามฆ่าตัวตาย/ตั้งใจทำร้ายตนเอง (X60-X84),X64,4,4: นอกเขต มารับบริการ/เคยอยู่ในเขต,0-14 ปี,3
code,DIAGNOSIS_OPD,ท่าแพ,11404,โรงพยาบาลท่าแพ,พยายามฆ่าตัวตาย/ตั้งใจทำร้ายตนเอง (X60-X84),X64,4,4: นอกเขต มารับบริการ/เคยอยู่ในเขต,30-44 ปี,4
code,DIAGNOSIS_OPD,ท่าแพ,11404,โรงพยาบาลท่าแพ,พยายามฆ่าตัวตาย/ตั้งใจทำร้ายตนเอง (X60-X84),X69,4,4: นอกเขต มารับบริการ/เคยอยู่ในเขต,0-14 ปี,2
code,DIAGNOSIS_OPD,ท่าแพ,11404,โรงพยาบาลท่าแพ,พยายามฆ่าตัวตาย/ตั้งใจทำร้ายตนเอง (X60-X84),X69,4,4: นอกเขต มารับบริการ/เคยอยู่ในเขต,30-44 ปี,1
code,DIAGNOSIS_OPD,ท่าแพ,11404,โรงพยาบาลท่าแพ,พยายามฆ่าตัวตาย/ตั้งใจทำร้ายตนเอง (X60-X84),X69,4,4: นอกเขต มารับบริการ/เคยอยู่ในเขต,60-74 ปี,1
code,DIAGNOSIS_OPD,ท่าแพ,11404,โรงพยาบาลท่าแพ,พยายามฆ่าตัวตาย/ตั้งใจทำร้ายตนเอง (X60-X84),X69,4,4: นอกเขต มารับบริการ/เคยอยู่ในเขต,75 ปีขึ้นไป,1
code,DIAGNOSIS_OPD,ท่าแพ,11404,โรงพยาบาลท่าแพ,พยายามฆ่าตัวตาย/ตั้งใจทำร้ายตนเอง (X60-X84),X70,4,4: นอกเขต มารับบริการ/เคยอยู่ในเขต,15-29 ปี,1
code,DIAGNOSIS_OPD,ท่าแพ,11404,โรงพยาบาลท่าแพ,พยายามฆ่าตัวตาย/ตั้งใจทำร้ายตนเอง (X60-X84),X78,4,4: นอกเขต มารับบริการ/เคยอยู่ในเขต,30-44 ปี,1
code,DIAGNOSIS_OPD,ท่าแพ,11404,โรงพยาบาลท่าแพ,พยายามฆ่าตัวตาย/ตั้งใจทำร้ายตนเอง (X60-X84),X84,4,4: นอกเขต มารับบริการ/เคยอยู่ในเขต,15-29 ปี,1
code,DIAGNOSIS_OPD,ท่าแพ,11404,โรงพยาบาลท่าแพ,โรคจิตอื่นๆ (F21-F29),F22,4,4: นอกเขต มารับบริการ/เคยอยู่ในเขต,15-29 ปี,1
code,DIAGNOSIS_OPD,ท่าแพ,11404,โรงพยาบาลท่าแพ,โรคจิตอื่นๆ (F21-F29),F22,4,4: นอกเขต มารับบริการ/เคยอยู่ในเขต,30-44 ปี,3
code,DIAGNOSIS_OPD,ท่าแพ,11404,โรงพยาบาลท่าแพ,โรคจิตอื่นๆ (F21-F29),F22,4,4: นอกเขต มารับบริการ/เคยอยู่ในเขต,60-74 ปี,1
code,DIAGNOSIS_OPD,ท่าแพ,11404,โรงพยาบาลท่าแพ,โรคจิตอื่นๆ (F21-F29),F23,4,4: นอกเขต มารับบริการ/เคยอยู่ในเขต,0-14 ปี,2
code,DIAGNOSIS_OPD,ท่าแพ,11404,โรงพยาบาลท่าแพ,โรคจิตอื่นๆ (F21-F29),F23,4,4: นอกเขต มารับบริการ/เคยอยู่ในเขต,15-29 ปี,1
code,DIAGNOSIS_OPD,ท่าแพ,11404,โรงพยาบาลท่าแพ,โรคจิตอื่นๆ (F21-F29),F23,4,4: นอกเขต มารับบริการ/เคยอยู่ในเขต,30-44 ปี,4
code,DIAGNOSIS_OPD,ท่าแพ,11404,โรงพยาบาลท่าแพ,โรคจิตอื่นๆ (F21-F29),F23,4,4: นอกเขต มารับบริการ/เคยอยู่ในเขต,45-59 ปี,2
code,DIAGNOSIS_OPD,ท่าแพ,11404,โรงพยาบาลท่าแพ,โรคจิตอื่นๆ (F21-F29),F23,4,4: นอกเขต มารับบริการ/เคยอยู่ในเขต,60-74 ปี,2
code,DIAGNOSIS_OPD,ท่าแพ,11404,โรงพยาบาลท่าแพ,โรคจิตอื่นๆ (F21-F29),F23,4,4: นอกเขต มารับบริการ/เคยอยู่ในเขต,75 ปีขึ้นไป,1
code,DIAGNOSIS_OPD,ท่าแพ,11404,โรงพยาบาลท่าแพ,โรคจิตอื่นๆ (F21-F29),F24,4,4: นอกเขต มารับบริการ/เคยอยู่ในเขต,15-29 ปี,1
code,DIAGNOSIS_OPD,ท่าแพ,11404,โรงพยาบาลท่าแพ,โรคจิตอื่นๆ (F21-F29),F29,4,4: นอกเขต มารับบริการ/เคยอยู่ในเขต,0-14 ปี,5
code,DIAGNOSIS_OPD,ท่าแพ,11404,โรงพยาบาลท่าแพ,โรคจิตอื่นๆ (F21-F29),F29,4,4: นอกเขต มารับบริการ/เคยอยู่ในเขต,15-29 ปี,16
code,DIAGNOSIS_OPD,ท่าแพ,11404,โรงพยาบาลท่าแพ,โรคจิตอื่นๆ (F21-F29),F29,4,4: นอกเขต มารับบริการ/เคยอยู่ในเขต,30-44 ปี,21
code,DIAGNOSIS_OPD,ท่าแพ,11404,โรงพยาบาลท่าแพ,โรคจิตอื่นๆ (F21-F29),F29,4,4: นอกเขต มารับบริการ/เคยอยู่ในเขต,45-59 ปี,16
code,DIAGNOSIS_OPD,ท่าแพ,11404,โรงพยาบาลท่าแพ,โรคจิตอื่นๆ (F21-F29),F29,4,4: นอกเขต มารับบริการ/เคยอยู่ในเขต,60-74 ปี,9
code,DIAGNOSIS_OPD,ท่าแพ,11404,โรงพยาบาลท่าแพ,โรคจิตอื่นๆ (F21-F29),F29,4,4: นอกเขต มารับบริการ/เคยอยู่ในเขต,75 ปีขึ้นไป,2
code,DIAGNOSIS_OPD,ท่าแพ,11404,โรงพยาบาลท่าแพ,โรคจิตเภท (F20),F20,"",อื่นๆ/ไม่ทราบ,15-29 ปี,5
code,DIAGNOSIS_OPD,ท่าแพ,11404,โรงพยาบาลท่าแพ,โรคจิตเภท (F20),F20,"",อื่นๆ/ไม่ทราบ,30-44 ปี,7
code,DIAGNOSIS_OPD,ท่าแพ,11404,โรงพยาบาลท่าแพ,โรคจิตเภท (F20),F20,"",อื่นๆ/ไม่ทราบ,45-59 ปี,2
code,DIAGNOSIS_OPD,ท่าแพ,11404,โรงพยาบาลท่าแพ,โรคจิตเภท (F20),F20,4,4: นอกเขต มารับบริการ/เคยอยู่ในเขต,0-14 ปี,12
code,DIAGNOSIS_OPD,ท่าแพ,11404,โรงพยาบาลท่าแพ,โรคจิตเภท (F20),F20,4,4: นอกเขต มารับบริการ/เคยอยู่ในเขต,15-29 ปี,65
code,DIAGNOSIS_OPD,ท่าแพ,11404,โรงพยาบาลท่าแพ,โรคจิตเภท (F20),F20,4,4: นอกเขต มารับบริการ/เคยอยู่ในเขต,30-44 ปี,162
code,DIAGNOSIS_OPD,ท่าแพ,11404,โรงพยาบาลท่าแพ,โรคจิตเภท (F20),F20,4,4: นอกเขต มารับบริการ/เคยอยู่ในเขต,45-59 ปี,84
code,DIAGNOSIS_OPD,ท่าแพ,11404,โรงพยาบาลท่าแพ,โรคจิตเภท (F20),F20,4,4: นอกเขต มารับบริการ/เคยอยู่ในเขต,60-74 ปี,30
code,DIAGNOSIS_OPD,ท่าแพ,11404,โรงพยาบาลท่าแพ,โรคจิตเภท (F20),F20,4,4: นอกเขต มารับบริการ/เคยอยู่ในเขต,75 ปีขึ้นไป,11
code,DIAGNOSIS_OPD,ท่าแพ,11404,โรงพยาบาลท่าแพ,"โรคซึมเศร้า (F32,F33,F341,F38,F39)",F32,"",อื่นๆ/ไม่ทราบ,0-14 ปี,1
code,DIAGNOSIS_OPD,ท่าแพ,11404,โรงพยาบาลท่าแพ,"โรคซึมเศร้า (F32,F33,F341,F38,F39)",F32,4,4: นอกเขต มารับบริการ/เคยอยู่ในเขต,0-14 ปี,52
code,DIAGNOSIS_OPD,ท่าแพ,11404,โรงพยาบาลท่าแพ,"โรคซึมเศร้า (F32,F33,F341,F38,F39)",F32,4,4: นอกเขต มารับบริการ/เคยอยู่ในเขต,15-29 ปี,138
code,DIAGNOSIS_OPD,ท่าแพ,11404,โรงพยาบาลท่าแพ,"โรคซึมเศร้า (F32,F33,F341,F38,F39)",F32,4,4: นอกเขต มารับบริการ/เคยอยู่ในเขต,30-44 ปี,118
code,DIAGNOSIS_OPD,ท่าแพ,11404,โรงพยาบาลท่าแพ,"โรคซึมเศร้า (F32,F33,F341,F38,F39)",F32,4,4: นอกเขต มารับบริการ/เคยอยู่ในเขต,45-59 ปี,94
code,DIAGNOSIS_OPD,ท่าแพ,11404,โรงพยาบาลท่าแพ,"โรคซึมเศร้า (F32,F33,F341,F38,F39)",F32,4,4: นอกเขต มารับบริการ/เคยอยู่ในเขต,60-74 ปี,77
code,DIAGNOSIS_OPD,ท่าแพ,11404,โรงพยาบาลท่าแพ,"โรคซึมเศร้า (F32,F33,F341,F38,F39)",F32,4,4: นอกเขต มารับบริการ/เคยอยู่ในเขต,75 ปีขึ้นไป,27
code,DIAGNOSIS_OPD,ท่าแพ,11404,โรงพยาบาลท่าแพ,"โรคซึมเศร้า (F32,F33,F341,F38,F39)",F33,4,4: นอกเขต มารับบริการ/เคยอยู่ในเขต,0-14 ปี,1
code,DIAGNOSIS_OPD,ท่าแพ,11404,โรงพยาบาลท่าแพ,"โรคซึมเศร้า (F32,F33,F341,F38,F39)",F33,4,4: นอกเขต มารับบริการ/เคยอยู่ในเขต,60-74 ปี,2
code,DIAGNOSIS_OPD,ท่าแพ,11404,โรงพยาบาลท่าแพ,"โรคซึมเศร้า (F32,F33,F341,F38,F39)",F341,4,4: นอกเขต มารับบริการ/เคยอยู่ในเขต,30-44 ปี,2
code,DIAGNOSIS_OPD,ท่าแพ,11404,โรงพยาบาลท่าแพ,"โรคซึมเศร้า (F32,F33,F341,F38,F39)",F39,4,4: นอกเขต มารับบริการ/เคยอยู่ในเขต,0-14 ปี,1
code,DIAGNOSIS_OPD,ท่าแพ,11404,โรงพยาบาลท่าแพ,"โรคซึมเศร้า (F32,F33,F341,F38,F39)",F39,4,4: นอกเขต มารับบริการ/เคยอยู่ในเขต,15-29 ปี,4
code,DIAGNOSIS_OPD,ท่าแพ,11404,โรงพยาบาลท่าแพ,"โรคซึมเศร้า (F32,F33,F341,F38,F39)",F39,4,4: นอกเขต มารับบริการ/เคยอยู่ในเขต,30-44 ปี,3
code,DIAGNOSIS_OPD,ท่าแพ,11404,โรงพยาบาลท่าแพ,"โรคซึมเศร้า (F32,F33,F341,F38,F39)",F39,4,4: นอกเขต มารับบริการ/เคยอยู่ในเขต,45-59 ปี,1
code,DIAGNOSIS_OPD,ท่าแพ,11404,โรงพยาบาลท่าแพ,"โรคซึมเศร้า (F32,F33,F341,F38,F39)",F39,4,4: นอกเขต มารับบริการ/เคยอยู่ในเขต,60-74 ปี,1
code,DIAGNOSIS_OPD,ท่าแพ,11404,โรงพยาบาลท่าแพ,"โรคซึมเศร้า (F32,F33,F341,F38,F39)",F39,4,4: นอกเขต มารับบริการ/เคยอยู่ในเขต,75 ปีขึ้นไป,3
code,DIAGNOSIS_OPD,ท่าแพ,11404,โรงพยาบาลท่าแพ,"โรคทางจิตเวชอื่นๆ (F04-F09,F50-F69,F80,F82-F83,F88-F89,F91-F99 ยกเว้น F638,F988)",F05,4,4: นอกเขต มารับบริการ/เคยอยู่ในเขต,0-14 ปี,1
code,DIAGNOSIS_OPD,ท่าแพ,11404,โรงพยาบาลท่าแพ,"โรคทางจิตเวชอื่นๆ (F04-F09,F50-F69,F80,F82-F83,F88-F89,F91-F99 ยกเว้น F638,F988)",F05,4,4: นอกเขต มารับบริการ/เคยอยู่ในเขต,15-29 ปี,2
code,DIAGNOSIS_OPD,ท่าแพ,11404,โรงพยาบาลท่าแพ,"โรคทางจิตเวชอื่นๆ (F04-F09,F50-F69,F80,F82-F83,F88-F89,F91-F99 ยกเว้น F638,F988)",F05,4,4: นอกเขต มารับบริการ/เคยอยู่ในเขต,45-59 ปี,1
code,DIAGNOSIS_OPD,ท่าแพ,11404,โรงพยาบาลท่าแพ,"โรคทางจิตเวชอื่นๆ (F04-F09,F50-F69,F80,F82-F83,F88-F89,F91-F99 ยกเว้น F638,F988)",F05,4,4: นอกเขต มารับบริการ/เคยอยู่ในเขต,60-74 ปี,2
code,DIAGNOSIS_OPD,ท่าแพ,11404,โรงพยาบาลท่าแพ,"โรคทางจิตเวชอื่นๆ (F04-F09,F50-F69,F80,F82-F83,F88-F89,F91-F99 ยกเว้น F638,F988)",F05,4,4: นอกเขต มารับบริการ/เคยอยู่ในเขต,75 ปีขึ้นไป,2
code,DIAGNOSIS_OPD,ท่าแพ,11404,โรงพยาบาลท่าแพ,"โรคทางจิตเวชอื่นๆ (F04-F09,F50-F69,F80,F82-F83,F88-F89,F91-F99 ยกเว้น F638,F988)",F06,4,4: นอกเขต มารับบริการ/เคยอยู่ในเขต,15-29 ปี,1
code,DIAGNOSIS_OPD,ท่าแพ,11404,โรงพยาบาลท่าแพ,"โรคทางจิตเวชอื่นๆ (F04-F09,F50-F69,F80,F82-F83,F88-F89,F91-F99 ยกเว้น F638,F988)",F06,4,4: นอกเขต มารับบริการ/เคยอยู่ในเขต,30-44 ปี,2
code,DIAGNOSIS_OPD,ท่าแพ,11404,โรงพยาบาลท่าแพ,"โรคทางจิตเวชอื่นๆ (F04-F09,F50-F69,F80,F82-F83,F88-F89,F91-F99 ยกเว้น F638,F988)",F09,4,4: นอกเขต มารับบริการ/เคยอยู่ในเขต,30-44 ปี,1
code,DIAGNOSIS_OPD,ท่าแพ,11404,โรงพยาบาลท่าแพ,"โรคทางจิตเวชอื่นๆ (F04-F09,F50-F69,F80,F82-F83,F88-F89,F91-F99 ยกเว้น F638,F988)",F09,4,4: นอกเขต มารับบริการ/เคยอยู่ในเขต,60-74 ปี,1
code,DIAGNOSIS_OPD,ท่าแพ,11404,โรงพยาบาลท่าแพ,"โรคทางจิตเวชอื่นๆ (F04-F09,F50-F69,F80,F82-F83,F88-F89,F91-F99 ยกเว้น F638,F988)",F51,"",อื่นๆ/ไม่ทราบ,0-14 ปี,1
code,DIAGNOSIS_OPD,ท่าแพ,11404,โรงพยาบาลท่าแพ,"โรคทางจิตเวชอื่นๆ (F04-F09,F50-F69,F80,F82-F83,F88-F89,F91-F99 ยกเว้น F638,F988)",F51,1,1: ในเขต มีชื่อ+อยู่จริง,60-74 ปี,2
code,DIAGNOSIS_OPD,ท่าแพ,11404,โรงพยาบาลท่าแพ,"โรคทางจิตเวชอื่นๆ (F04-F09,F50-F69,F80,F82-F83,F88-F89,F91-F99 ยกเว้น F638,F988)",F51,4,4: นอกเขต มารับบริการ/เคยอยู่ในเขต,0-14 ปี,32
code,DIAGNOSIS_OPD,ท่าแพ,11404,โรงพยาบาลท่าแพ,"โรคทางจิตเวชอื่นๆ (F04-F09,F50-F69,F80,F82-F83,F88-F89,F91-F99 ยกเว้น F638,F988)",F51,4,4: นอกเขต มารับบริการ/เคยอยู่ในเขต,15-29 ปี,64
code,DIAGNOSIS_OPD,ท่าแพ,11404,โรงพยาบาลท่าแพ,"โรคทางจิตเวชอื่นๆ (F04-F09,F50-F69,F80,F82-F83,F88-F89,F91-F99 ยกเว้น F638,F988)",F51,4,4: นอกเขต มารับบริการ/เคยอยู่ในเขต,30-44 ปี,112
code,DIAGNOSIS_OPD,ท่าแพ,11404,โรงพยาบาลท่าแพ,"โรคทางจิตเวชอื่นๆ (F04-F09,F50-F69,F80,F82-F83,F88-F89,F91-F99 ยกเว้น F638,F988)",F51,4,4: นอกเขต มารับบริการ/เคยอยู่ในเขต,45-59 ปี,112
code,DIAGNOSIS_OPD,ท่าแพ,11404,โรงพยาบาลท่าแพ,"โรคทางจิตเวชอื่นๆ (F04-F09,F50-F69,F80,F82-F83,F88-F89,F91-F99 ยกเว้น F638,F988)",F51,4,4: นอกเขต มารับบริการ/เคยอยู่ในเขต,60-74 ปี,93
code,DIAGNOSIS_OPD,ท่าแพ,11404,โรงพยาบาลท่าแพ,"โรคทางจิตเวชอื่นๆ (F04-F09,F50-F69,F80,F82-F83,F88-F89,F91-F99 ยกเว้น F638,F988)",F51,4,4: นอกเขต มารับบริการ/เคยอยู่ในเขต,75 ปีขึ้นไป,43
code,DIAGNOSIS_OPD,ท่าแพ,11404,โรงพยาบาลท่าแพ,"โรคทางจิตเวชอื่นๆ (F04-F09,F50-F69,F80,F82-F83,F88-F89,F91-F99 ยกเว้น F638,F988)",F52,4,4: นอกเขต มารับบริการ/เคยอยู่ในเขต,60-74 ปี,1
code,DIAGNOSIS_OPD,ท่าแพ,11404,โรงพยาบาลท่าแพ,"โรคทางจิตเวชอื่นๆ (F04-F09,F50-F69,F80,F82-F83,F88-F89,F91-F99 ยกเว้น F638,F988)",F54,4,4: นอกเขต มารับบริการ/เคยอยู่ในเขต,15-29 ปี,1
code,DIAGNOSIS_OPD,ท่าแพ,11404,โรงพยาบาลท่าแพ,"โรคทางจิตเวชอื่นๆ (F04-F09,F50-F69,F80,F82-F83,F88-F89,F91-F99 ยกเว้น F638,F988)",F60,4,4: นอกเขต มารับบริการ/เคยอยู่ในเขต,0-14 ปี,2
code,DIAGNOSIS_OPD,ท่าแพ,11404,โรงพยาบาลท่าแพ,"โรคทางจิตเวชอื่นๆ (F04-F09,F50-F69,F80,F82-F83,F88-F89,F91-F99 ยกเว้น F638,F988)",F60,4,4: นอกเขต มารับบริการ/เคยอยู่ในเขต,15-29 ปี,1
code,DIAGNOSIS_OPD,ท่าแพ,11404,โรงพยาบาลท่าแพ,"โรคทางจิตเวชอื่นๆ (F04-F09,F50-F69,F80,F82-F83,F88-F89,F91-F99 ยกเว้น F638,F988)",F63,4,4: นอกเขต มารับบริการ/เคยอยู่ในเขต,0-14 ปี,1
code,DIAGNOSIS_OPD,ท่าแพ,11404,โรงพยาบาลท่าแพ,"โรคทางจิตเวชอื่นๆ (F04-F09,F50-F69,F80,F82-F83,F88-F89,F91-F99 ยกเว้น F638,F988)",F68,4,4: นอกเขต มารับบริการ/เคยอยู่ในเขต,30-44 ปี,1
code,DIAGNOSIS_OPD,ท่าแพ,11404,โรงพยาบาลท่าแพ,"โรคทางจิตเวชอื่นๆ (F04-F09,F50-F69,F80,F82-F83,F88-F89,F91-F99 ยกเว้น F638,F988)",F80,4,4: นอกเขต มารับบริการ/เคยอยู่ในเขต,0-14 ปี,8
code,DIAGNOSIS_OPD,ท่าแพ,11404,โรงพยาบาลท่าแพ,"โรคทางจิตเวชอื่นๆ (F04-F09,F50-F69,F80,F82-F83,F88-F89,F91-F99 ยกเว้น F638,F988)",F80,4,4: นอกเขต มารับบริการ/เคยอยู่ในเขต,30-44 ปี,1
code,DIAGNOSIS_OPD,ท่าแพ,11404,โรงพยาบาลท่าแพ,"โรคทางจิตเวชอื่นๆ (F04-F09,F50-F69,F80,F82-F83,F88-F89,F91-F99 ยกเว้น F638,F988)",F80,4,4: นอกเขต มารับบริการ/เคยอยู่ในเขต,45-59 ปี,1
code,DIAGNOSIS_OPD,ท่าแพ,11404,โรงพยาบาลท่าแพ,"โรคทางจิตเวชอื่นๆ (F04-F09,F50-F69,F80,F82-F83,F88-F89,F91-F99 ยกเว้น F638,F988)",F89,4,4: นอกเขต มารับบริการ/เคยอยู่ในเขต,0-14 ปี,1
code,DIAGNOSIS_OPD,ท่าแพ,11404,โรงพยาบาลท่าแพ,"โรคทางจิตเวชอื่นๆ (F04-F09,F50-F69,F80,F82-F83,F88-F89,F91-F99 ยกเว้น F638,F988)",F91,4,4: นอกเขต มารับบริการ/เคยอยู่ในเขต,0-14 ปี,1
code,DIAGNOSIS_OPD,ท่าแพ,11404,โรงพยาบาลท่าแพ,"โรคทางจิตเวชอื่นๆ (F04-F09,F50-F69,F80,F82-F83,F88-F89,F91-F99 ยกเว้น F638,F988)",F91,4,4: นอกเขต มารับบริการ/เคยอยู่ในเขต,15-29 ปี,1
code,DIAGNOSIS_OPD,ท่าแพ,11404,โรงพยาบาลท่าแพ,"โรคทางจิตเวชอื่นๆ (F04-F09,F50-F69,F80,F82-F83,F88-F89,F91-F99 ยกเว้น F638,F988)",F95,4,4: นอกเขต มารับบริการ/เคยอยู่ในเขต,0-14 ปี,1
code,DIAGNOSIS_OPD,ท่าแพ,11404,โรงพยาบาลท่าแพ,"โรคทางจิตเวชอื่นๆ (F04-F09,F50-F69,F80,F82-F83,F88-F89,F91-F99 ยกเว้น F638,F988)",F95,4,4: นอกเขต มารับบริการ/เคยอยู่ในเขต,30-44 ปี,3
code,DIAGNOSIS_OPD,ท่าแพ,11404,โรงพยาบาลท่าแพ,"โรคทางจิตเวชอื่นๆ (F04-F09,F50-F69,F80,F82-F83,F88-F89,F91-F99 ยกเว้น F638,F988)",F95,4,4: นอกเขต มารับบริการ/เคยอยู่ในเขต,45-59 ปี,1
code,DIAGNOSIS_OPD,ท่าแพ,11404,โรงพยาบาลท่าแพ,"โรคทางจิตเวชอื่นๆ (F04-F09,F50-F69,F80,F82-F83,F88-F89,F91-F99 ยกเว้น F638,F988)",F95,4,4: นอกเขต มารับบริการ/เคยอยู่ในเขต,60-74 ปี,1
code,DIAGNOSIS_OPD,ท่าแพ,11404,โรงพยาบาลท่าแพ,"โรคทางจิตเวชอื่นๆ (F04-F09,F50-F69,F80,F82-F83,F88-F89,F91-F99 ยกเว้น F638,F988)",F98,4,4: นอกเขต มารับบริการ/เคยอยู่ในเขต,0-14 ปี,1
code,DIAGNOSIS_OPD,ท่าแพ,11404,โรงพยาบาลท่าแพ,"โรคทางจิตเวชอื่นๆ (F04-F09,F50-F69,F80,F82-F83,F88-F89,F91-F99 ยกเว้น F638,F988)",F99,4,4: นอกเขต มารับบริการ/เคยอยู่ในเขต,15-29 ปี,1
code,DIAGNOSIS_OPD,ท่าแพ,11404,โรงพยาบาลท่าแพ,"โรคทางจิตเวชอื่นๆ (F04-F09,F50-F69,F80,F82-F83,F88-F89,F91-F99 ยกเว้น F638,F988)",F99,4,4: นอกเขต มารับบริการ/เคยอยู่ในเขต,30-44 ปี,1
code,DIAGNOSIS_OPD,ท่าแพ,11404,โรงพยาบาลท่าแพ,โรคลมชัก (G40-G41),G40,4,4: นอกเขต มารับบริการ/เคยอยู่ในเขต,0-14 ปี,16
code,DIAGNOSIS_OPD,ท่าแพ,11404,โรงพยาบาลท่าแพ,โรคลมชัก (G40-G41),G40,4,4: นอกเขต มารับบริการ/เคยอยู่ในเขต,15-29 ปี,25
code,DIAGNOSIS_OPD,ท่าแพ,11404,โรงพยาบาลท่าแพ,โรคลมชัก (G40-G41),G40,4,4: นอกเขต มารับบริการ/เคยอยู่ในเขต,30-44 ปี,45
code,DIAGNOSIS_OPD,ท่าแพ,11404,โรงพยาบาลท่าแพ,โรคลมชัก (G40-G41),G40,4,4: นอกเขต มารับบริการ/เคยอยู่ในเขต,45-59 ปี,19
code,DIAGNOSIS_OPD,ท่าแพ,11404,โรงพยาบาลท่าแพ,โรคลมชัก (G40-G41),G40,4,4: นอกเขต มารับบริการ/เคยอยู่ในเขต,60-74 ปี,22
code,DIAGNOSIS_OPD,ท่าแพ,11404,โรงพยาบาลท่าแพ,โรคลมชัก (G40-G41),G40,4,4: นอกเขต มารับบริการ/เคยอยู่ในเขต,75 ปีขึ้นไป,7
code,DIAGNOSIS_OPD,ท่าแพ,11404,โรงพยาบาลท่าแพ,โรคลมชัก (G40-G41),G41,4,4: นอกเขต มารับบริการ/เคยอยู่ในเขต,0-14 ปี,1
code,DIAGNOSIS_OPD,ท่าแพ,11404,โรงพยาบาลท่าแพ,โรคลมชัก (G40-G41),G41,4,4: นอกเขต มารับบริการ/เคยอยู่ในเขต,15-29 ปี,3
code,DIAGNOSIS_OPD,ท่าแพ,11404,โรงพยาบาลท่าแพ,โรคลมชัก (G40-G41),G41,4,4: นอกเขต มารับบริการ/เคยอยู่ในเขต,30-44 ปี,1
code,DIAGNOSIS_OPD,ท่าแพ,11404,โรงพยาบาลท่าแพ,โรคลมชัก (G40-G41),G41,4,4: นอกเขต มารับบริการ/เคยอยู่ในเขต,45-59 ปี,1
code,DIAGNOSIS_OPD,ท่าแพ,11404,โรงพยาบาลท่าแพ,โรคลมชัก (G40-G41),G41,4,4: นอกเขต มารับบริการ/เคยอยู่ในเขต,60-74 ปี,2
code,DIAGNOSIS_OPD,ท่าแพ,11404,โรงพยาบาลท่าแพ,โรควิตกกังวล (F40-F48),F40,4,4: นอกเขต มารับบริการ/เคยอยู่ในเขต,0-14 ปี,2
code,DIAGNOSIS_OPD,ท่าแพ,11404,โรงพยาบาลท่าแพ,โรควิตกกังวล (F40-F48),F40,4,4: นอกเขต มารับบริการ/เคยอยู่ในเขต,45-59 ปี,1
code,DIAGNOSIS_OPD,ท่าแพ,11404,โรงพยาบาลท่าแพ,โรควิตกกังวล (F40-F48),F41,4,4: นอกเขต มารับบริการ/เคยอยู่ในเขต,0-14 ปี,28
code,DIAGNOSIS_OPD,ท่าแพ,11404,โรงพยาบาลท่าแพ,โรควิตกกังวล (F40-F48),F41,4,4: นอกเขต มารับบริการ/เคยอยู่ในเขต,15-29 ปี,62
code,DIAGNOSIS_OPD,ท่าแพ,11404,โรงพยาบาลท่าแพ,โรควิตกกังวล (F40-F48),F41,4,4: นอกเขต มารับบริการ/เคยอยู่ในเขต,30-44 ปี,98
code,DIAGNOSIS_OPD,ท่าแพ,11404,โรงพยาบาลท่าแพ,โรควิตกกังวล (F40-F48),F41,4,4: นอกเขต มารับบริการ/เคยอยู่ในเขต,45-59 ปี,87
code,DIAGNOSIS_OPD,ท่าแพ,11404,โรงพยาบาลท่าแพ,โรควิตกกังวล (F40-F48),F41,4,4: นอกเขต มารับบริการ/เคยอยู่ในเขต,60-74 ปี,56
code,DIAGNOSIS_OPD,ท่าแพ,11404,โรงพยาบาลท่าแพ,โรควิตกกังวล (F40-F48),F41,4,4: นอกเขต มารับบริการ/เคยอยู่ในเขต,75 ปีขึ้นไป,25
code,DIAGNOSIS_OPD,ท่าแพ,11404,โรงพยาบาลท่าแพ,โรควิตกกังวล (F40-F48),F42,4,4: นอกเขต มารับบริการ/เคยอยู่ในเขต,15-29 ปี,1
code,DIAGNOSIS_OPD,ท่าแพ,11404,โรงพยาบาลท่าแพ,โรควิตกกังวล (F40-F48),F42,4,4: นอกเขต มารับบริการ/เคยอยู่ในเขต,30-44 ปี,2
code,DIAGNOSIS_OPD,ท่าแพ,11404,โรงพยาบาลท่าแพ,โรควิตกกังวล (F40-F48),F43,1,1: ในเขต มีชื่อ+อยู่จริง,60-74 ปี,1
code,DIAGNOSIS_OPD,ท่าแพ,11404,โรงพยาบาลท่าแพ,โรควิตกกังวล (F40-F48),F43,4,4: นอกเขต มารับบริการ/เคยอยู่ในเขต,0-14 ปี,19
code,DIAGNOSIS_OPD,ท่าแพ,11404,โรงพยาบาลท่าแพ,โรควิตกกังวล (F40-F48),F43,4,4: นอกเขต มารับบริการ/เคยอยู่ในเขต,15-29 ปี,27
code,DIAGNOSIS_OPD,ท่าแพ,11404,โรงพยาบาลท่าแพ,โรควิตกกังวล (F40-F48),F43,4,4: นอกเขต มารับบริการ/เคยอยู่ในเขต,30-44 ปี,31
code,DIAGNOSIS_OPD,ท่าแพ,11404,โรงพยาบาลท่าแพ,โรควิตกกังวล (F40-F48),F43,4,4: นอกเขต มารับบริการ/เคยอยู่ในเขต,45-59 ปี,29
code,DIAGNOSIS_OPD,ท่าแพ,11404,โรงพยาบาลท่าแพ,โรควิตกกังวล (F40-F48),F43,4,4: นอกเขต มารับบริการ/เคยอยู่ในเขต,60-74 ปี,24
code,DIAGNOSIS_OPD,ท่าแพ,11404,โรงพยาบาลท่าแพ,โรควิตกกังวล (F40-F48),F43,4,4: นอกเขต มารับบริการ/เคยอยู่ในเขต,75 ปีขึ้นไป,5
code,DIAGNOSIS_OPD,ท่าแพ,11404,โรงพยาบาลท่าแพ,โรควิตกกังวล (F40-F48),F45,"",อื่นๆ/ไม่ทราบ,30-44 ปี,1
code,DIAGNOSIS_OPD,ท่าแพ,11404,โรงพยาบาลท่าแพ,โรควิตกกังวล (F40-F48),F45,4,4: นอกเขต มารับบริการ/เคยอยู่ในเขต,0-14 ปี,6
code,DIAGNOSIS_OPD,ท่าแพ,11404,โรงพยาบาลท่าแพ,โรควิตกกังวล (F40-F48),F45,4,4: นอกเขต มารับบริการ/เคยอยู่ในเขต,15-29 ปี,14
code,DIAGNOSIS_OPD,ท่าแพ,11404,โรงพยาบาลท่าแพ,โรควิตกกังวล (F40-F48),F45,4,4: นอกเขต มารับบริการ/เคยอยู่ในเขต,30-44 ปี,6
code,DIAGNOSIS_OPD,ท่าแพ,11404,โรงพยาบาลท่าแพ,โรควิตกกังวล (F40-F48),F45,4,4: นอกเขต มารับบริการ/เคยอยู่ในเขต,45-59 ปี,7
code,DIAGNOSIS_OPD,ท่าแพ,11404,โรงพยาบาลท่าแพ,โรควิตกกังวล (F40-F48),F45,4,4: นอกเขต มารับบริการ/เคยอยู่ในเขต,60-74 ปี,3
code,DIAGNOSIS_OPD,ท่าแพ,11404,โรงพยาบาลท่าแพ,โรควิตกกังวล (F40-F48),F45,4,4: นอกเขต มารับบริการ/เคยอยู่ในเขต,75 ปีขึ้นไป,1
code,DIAGNOSIS_OPD,ท่าแพ,11404,โรงพยาบาลท่าแพ,โรคสมองเสื่อม (F00-F03),F00,4,4: นอกเขต มารับบริการ/เคยอยู่ในเขต,15-29 ปี,1
code,DIAGNOSIS_OPD,ท่าแพ,11404,โรงพยาบาลท่าแพ,โรคสมองเสื่อม (F00-F03),F00,4,4: นอกเขต มารับบริการ/เคยอยู่ในเขต,60-74 ปี,2
code,DIAGNOSIS_OPD,ท่าแพ,11404,โรงพยาบาลท่าแพ,โรคสมองเสื่อม (F00-F03),F00,4,4: นอกเขต มารับบริการ/เคยอยู่ในเขต,75 ปีขึ้นไป,1
code,DIAGNOSIS_OPD,ท่าแพ,11404,โรงพยาบาลท่าแพ,โรคสมองเสื่อม (F00-F03),F03,4,4: นอกเขต มารับบริการ/เคยอยู่ในเขต,0-14 ปี,2
code,DIAGNOSIS_OPD,ท่าแพ,11404,โรงพยาบาลท่าแพ,โรคสมองเสื่อม (F00-F03),F03,4,4: นอกเขต มารับบริการ/เคยอยู่ในเขต,15-29 ปี,6
code,DIAGNOSIS_OPD,ท่าแพ,11404,โรงพยาบาลท่าแพ,โรคสมองเสื่อม (F00-F03),F03,4,4: นอกเขต มารับบริการ/เคยอยู่ในเขต,30-44 ปี,6
code,DIAGNOSIS_OPD,ท่าแพ,11404,โรงพยาบาลท่าแพ,โรคสมองเสื่อม (F00-F03),F03,4,4: นอกเขต มารับบริการ/เคยอยู่ในเขต,45-59 ปี,5
code,DIAGNOSIS_OPD,ท่าแพ,11404,โรงพยาบาลท่าแพ,โรคสมองเสื่อม (F00-F03),F03,4,4: นอกเขต มารับบริการ/เคยอยู่ในเขต,60-74 ปี,11
code,DIAGNOSIS_OPD,ท่าแพ,11404,โรงพยาบาลท่าแพ,โรคสมองเสื่อม (F00-F03),F03,4,4: นอกเขต มารับบริการ/เคยอยู่ในเขต,75 ปีขึ้นไป,9
code,DIAGNOSIS_OPD,ท่าแพ,11404,โรงพยาบาลท่าแพ,โรคสมาธิสั้น (F90),F90,"",อื่นๆ/ไม่ทราบ,0-14 ปี,1
code,DIAGNOSIS_OPD,ท่าแพ,11404,โรงพยาบาลท่าแพ,โรคสมาธิสั้น (F90),F90,4,4: นอกเขต มารับบริการ/เคยอยู่ในเขต,0-14 ปี,35
code,DIAGNOSIS_OPD,ท่าแพ,11404,โรงพยาบาลท่าแพ,โรคสมาธิสั้น (F90),F90,4,4: นอกเขต มารับบริการ/เคยอยู่ในเขต,15-29 ปี,13
code,DIAGNOSIS_OPD,ท่าแพ,11404,โรงพยาบาลท่าแพ,โรคสมาธิสั้น (F90),F90,4,4: นอกเขต มารับบริการ/เคยอยู่ในเขต,30-44 ปี,15
code,DIAGNOSIS_OPD,ท่าแพ,11404,โรงพยาบาลท่าแพ,โรคสมาธิสั้น (F90),F90,4,4: นอกเขต มารับบริการ/เคยอยู่ในเขต,45-59 ปี,12
code,DIAGNOSIS_OPD,ท่าแพ,11404,โรงพยาบาลท่าแพ,โรคสมาธิสั้น (F90),F90,4,4: นอกเขต มารับบริการ/เคยอยู่ในเขต,60-74 ปี,4
code,DIAGNOSIS_OPD,ท่าแพ,11404,โรงพยาบาลท่าแพ,โรคสมาธิสั้น (F90),F90,4,4: นอกเขต มารับบริการ/เคยอยู่ในเขต,75 ปีขึ้นไป,2
code,DIAGNOSIS_OPD,ท่าแพ,11404,โรงพยาบาลท่าแพ,โรคออทิสติก (F84),F84,4,4: นอกเขต มารับบริการ/เคยอยู่ในเขต,0-14 ปี,19
code,DIAGNOSIS_OPD,ท่าแพ,11404,โรงพยาบาลท่าแพ,โรคออทิสติก (F84),F84,4,4: นอกเขต มารับบริการ/เคยอยู่ในเขต,15-29 ปี,6
code,DIAGNOSIS_OPD,ท่าแพ,11404,โรงพยาบาลท่าแพ,โรคออทิสติก (F84),F84,4,4: นอกเขต มารับบริการ/เคยอยู่ในเขต,30-44 ปี,7
code,DIAGNOSIS_OPD,ท่าแพ,11404,โรงพยาบาลท่าแพ,โรคออทิสติก (F84),F84,4,4: นอกเขต มารับบริการ/เคยอยู่ในเขต,45-59 ปี,2
code,DIAGNOSIS_OPD,ท่าแพ,11404,โรงพยาบาลท่าแพ,โรคออทิสติก (F84),F84,4,4: นอกเขต มารับบริการ/เคยอยู่ในเขต,60-74 ปี,1
code,DIAGNOSIS_OPD,ท่าแพ,11404,โรงพยาบาลท่าแพ,โรคอารมณ์สองขั้ว (F31),F31,4,4: นอกเขต มารับบริการ/เคยอยู่ในเขต,0-14 ปี,2
code,DIAGNOSIS_OPD,ท่าแพ,11404,โรงพยาบาลท่าแพ,โรคอารมณ์สองขั้ว (F31),F31,4,4: นอกเขต มารับบริการ/เคยอยู่ในเขต,15-29 ปี,10
code,DIAGNOSIS_OPD,ท่าแพ,11404,โรงพยาบาลท่าแพ,โรคอารมณ์สองขั้ว (F31),F31,4,4: นอกเขต มารับบริการ/เคยอยู่ในเขต,30-44 ปี,12
code,DIAGNOSIS_OPD,ท่าแพ,11404,โรงพยาบาลท่าแพ,โรคอารมณ์สองขั้ว (F31),F31,4,4: นอกเขต มารับบริการ/เคยอยู่ในเขต,45-59 ปี,12
code,DIAGNOSIS_OPD,ท่าแพ,11404,โรงพยาบาลท่าแพ,โรคอารมณ์สองขั้ว (F31),F31,4,4: นอกเขต มารับบริการ/เคยอยู่ในเขต,60-74 ปี,6
code,DIAGNOSIS_OPD,ท่าแพ,11404,โรงพยาบาลท่าแพ,โรคอารมณ์สองขั้ว (F31),F31,4,4: นอกเขต มารับบริการ/เคยอยู่ในเขต,75 ปีขึ้นไป,2
code,DIAGNOSIS_OPD,ท่าแพ,14098,โรงพยาบาลส่งเสริมสุขภาพตำบลท่าเรือ,โรคจิตเภท (F20),F20,1,1: ในเขต มีชื่อ+อยู่จริง,15-29 ปี,1
code,DIAGNOSIS_OPD,ท่าแพ,14098,โรงพยาบาลส่งเสริมสุขภาพตำบลท่าเรือ,โรคจิตเภท (F20),F20,1,1: ในเขต มีชื่อ+อยู่จริง,30-44 ปี,3
code,DIAGNOSIS_OPD,ท่าแพ,14098,โรงพยาบาลส่งเสริมสุขภาพตำบลท่าเรือ,โรคจิตเภท (F20),F20,1,1: ในเขต มีชื่อ+อยู่จริง,45-59 ปี,1
code,DIAGNOSIS_OPD,ท่าแพ,14098,โรงพยาบาลส่งเสริมสุขภาพตำบลท่าเรือ,"โรคทางจิตเวชอื่นๆ (F04-F09,F50-F69,F80,F82-F83,F88-F89,F91-F99 ยกเว้น F638,F988)",F09,1,1: ในเขต มีชื่อ+อยู่จริง,30-44 ปี,1
code,DIAGNOSIS_OPD,ท่าแพ,14098,โรงพยาบาลส่งเสริมสุขภาพตำบลท่าเรือ,"โรคทางจิตเวชอื่นๆ (F04-F09,F50-F69,F80,F82-F83,F88-F89,F91-F99 ยกเว้น F638,F988)",F50,2,2: ในเขต มีชื่อ แต่ไม่อยู่จริง,0-14 ปี,1
code,DIAGNOSIS_OPD,ท่าแพ,14098,โรงพยาบาลส่งเสริมสุขภาพตำบลท่าเรือ,"โรคทางจิตเวชอื่นๆ (F04-F09,F50-F69,F80,F82-F83,F88-F89,F91-F99 ยกเว้น F638,F988)",F55,1,1: ในเขต มีชื่อ+อยู่จริง,15-29 ปี,1
code,DIAGNOSIS_OPD,ท่าแพ,14098,โรงพยาบาลส่งเสริมสุขภาพตำบลท่าเรือ,โรควิตกกังวล (F40-F48),F41,1,1: ในเขต มีชื่อ+อยู่จริง,30-44 ปี,1
code,DIAGNOSIS_OPD,ท่าแพ,14098,โรงพยาบาลส่งเสริมสุขภาพตำบลท่าเรือ,โรควิตกกังวล (F40-F48),F45,1,1: ในเขต มีชื่อ+อยู่จริง,30-44 ปี,1
code,DIAGNOSIS_OPD,ท่าแพ,14098,โรงพยาบาลส่งเสริมสุขภาพตำบลท่าเรือ,โรควิตกกังวล (F40-F48),F48,4,4: นอกเขต มารับบริการ/เคยอยู่ในเขต,60-74 ปี,1
code,DIAGNOSIS_OPD,ท่าแพ,09632,โรงพยาบาลส่งเสริมสุขภาพตำบลบ้านทางยาง ตำบลสาคร,โรคจิตเภท (F20),F20,1,1: ในเขต มีชื่อ+อยู่จริง,30-44 ปี,3
code,DIAGNOSIS_OPD,ท่าแพ,09632,โรงพยาบาลส่งเสริมสุขภาพตำบลบ้านทางยาง ตำบลสาคร,"โรคซึมเศร้า (F32,F33,F341,F38,F39)",F32,1,1: ในเขต มีชื่อ+อยู่จริง,45-59 ปี,1
code,DIAGNOSIS_OPD,ท่าแพ,09632,โรงพยาบาลส่งเสริมสุขภาพตำบลบ้านทางยาง ตำบลสาคร,"โรคทางจิตเวชอื่นๆ (F04-F09,F50-F69,F80,F82-F83,F88-F89,F91-F99 ยกเว้น F638,F988)",F51,1,1: ในเขต มีชื่อ+อยู่จริง,45-59 ปี,1
code,DIAGNOSIS_OPD,ท่าแพ,09632,โรงพยาบาลส่งเสริมสุขภาพตำบลบ้านทางยาง ตำบลสาคร,"โรคทางจิตเวชอื่นๆ (F04-F09,F50-F69,F80,F82-F83,F88-F89,F91-F99 ยกเว้น F638,F988)",F51,1,1: ในเขต มีชื่อ+อยู่จริง,60-74 ปี,2
code,DIAGNOSIS_OPD,ท่าแพ,09632,โรงพยาบาลส่งเสริมสุขภาพตำบลบ้านทางยาง ตำบลสาคร,"โรคทางจิตเวชอื่นๆ (F04-F09,F50-F69,F80,F82-F83,F88-F89,F91-F99 ยกเว้น F638,F988)",F55,1,1: ในเขต มีชื่อ+อยู่จริง,15-29 ปี,1
code,DIAGNOSIS_OPD,ท่าแพ,09632,โรงพยาบาลส่งเสริมสุขภาพตำบลบ้านทางยาง ตำบลสาคร,"โรคทางจิตเวชอื่นๆ (F04-F09,F50-F69,F80,F82-F83,F88-F89,F91-F99 ยกเว้น F638,F988)",F62,1,1: ในเขต มีชื่อ+อยู่จริง,15-29 ปี,1
code,DIAGNOSIS_OPD,ท่าแพ,09632,โรงพยาบาลส่งเสริมสุขภาพตำบลบ้านทางยาง ตำบลสาคร,"โรคทางจิตเวชอื่นๆ (F04-F09,F50-F69,F80,F82-F83,F88-F89,F91-F99 ยกเว้น F638,F988)",F62,1,1: ในเขต มีชื่อ+อยู่จริง,30-44 ปี,2
code,DIAGNOSIS_OPD,ท่าแพ,09632,โรงพยาบาลส่งเสริมสุขภาพตำบลบ้านทางยาง ตำบลสาคร,"โรคทางจิตเวชอื่นๆ (F04-F09,F50-F69,F80,F82-F83,F88-F89,F91-F99 ยกเว้น F638,F988)",F62,4,4: นอกเขต มารับบริการ/เคยอยู่ในเขต,30-44 ปี,1
code,DIAGNOSIS_OPD,ท่าแพ,09632,โรงพยาบาลส่งเสริมสุขภาพตำบลบ้านทางยาง ตำบลสาคร,โรควิตกกังวล (F40-F48),F41,1,1: ในเขต มีชื่อ+อยู่จริง,45-59 ปี,2
code,DIAGNOSIS_OPD,ท่าแพ,09632,โรงพยาบาลส่งเสริมสุขภาพตำบลบ้านทางยาง ตำบลสาคร,โรควิตกกังวล (F40-F48),F41,1,1: ในเขต มีชื่อ+อยู่จริง,60-74 ปี,1
code,DIAGNOSIS_OPD,ท่าแพ,09632,โรงพยาบาลส่งเสริมสุขภาพตำบลบ้านทางยาง ตำบลสาคร,โรควิตกกังวล (F40-F48),F48,1,1: ในเขต มีชื่อ+อยู่จริง,60-74 ปี,2
code,DIAGNOSIS_OPD,ท่าแพ,09633,โรงพยาบาลส่งเสริมสุขภาพตำบลบ้านแป-ระใต้,"ติดสารเสพติดอื่นๆ (F11,F12,F13,F14,F16,F17,F18,F19)",F14,1,1: ในเขต มีชื่อ+อยู่จริง,30-44 ปี,1
code,DIAGNOSIS_OPD,ท่าแพ,09633,โรงพยาบาลส่งเสริมสุขภาพตำบลบ้านแป-ระใต้,โรควิตกกังวล (F40-F48),F41,1,1: ในเขต มีชื่อ+อยู่จริง,15-29 ปี,1
code,DIAGNOSIS_OPD,ท่าแพ,09633,โรงพยาบาลส่งเสริมสุขภาพตำบลบ้านแป-ระใต้,โรควิตกกังวล (F40-F48),F41,1,1: ในเขต มีชื่อ+อยู่จริง,30-44 ปี,2
code,DIAGNOSIS_OPD,ท่าแพ,09633,โรงพยาบาลส่งเสริมสุขภาพตำบลบ้านแป-ระใต้,โรควิตกกังวล (F40-F48),F41,1,1: ในเขต มีชื่อ+อยู่จริง,45-59 ปี,2
code,DIAGNOSIS_OPD,ท่าแพ,09631,โรงพยาบาลส่งเสริมสุขภาพตำบลสาคร,"ติดสารเสพติดอื่นๆ (F11,F12,F13,F14,F16,F17,F18,F19)",F17,1,1: ในเขต มีชื่อ+อยู่จริง,15-29 ปี,1
code,DIAGNOSIS_OPD,ท่าแพ,09631,โรงพยาบาลส่งเสริมสุขภาพตำบลสาคร,"ติดสารเสพติดอื่นๆ (F11,F12,F13,F14,F16,F17,F18,F19)",F17,1,1: ในเขต มีชื่อ+อยู่จริง,30-44 ปี,1
code,DIAGNOSIS_OPD,ท่าแพ,09631,โรงพยาบาลส่งเสริมสุขภาพตำบลสาคร,"ติดสารเสพติดอื่นๆ (F11,F12,F13,F14,F16,F17,F18,F19)",F17,2,2: ในเขต มีชื่อ แต่ไม่อยู่จริง,30-44 ปี,1
code,DIAGNOSIS_OPD,ท่าแพ,09631,โรงพยาบาลส่งเสริมสุขภาพตำบลสาคร,โรคจิตเภท (F20),F20,1,1: ในเขต มีชื่อ+อยู่จริง,30-44 ปี,1
code,DIAGNOSIS_OPD,ท่าแพ,09631,โรงพยาบาลส่งเสริมสุขภาพตำบลสาคร,โรคจิตเภท (F20),F20,3,3: อาศัยในเขต ทะเบียนบ้านอยู่นอกเขต,15-29 ปี,1
code,DIAGNOSIS_OPD,ท่าแพ,09631,โรงพยาบาลส่งเสริมสุขภาพตำบลสาคร,โรคจิตเภท (F20),F20,3,3: อาศัยในเขต ทะเบียนบ้านอยู่นอกเขต,30-44 ปี,1
code,DIAGNOSIS_OPD,ท่าแพ,09631,โรงพยาบาลส่งเสริมสุขภาพตำบลสาคร,"โรคซึมเศร้า (F32,F33,F341,F38,F39)",F32,1,1: ในเขต มีชื่อ+อยู่จริง,60-74 ปี,1
code,DIAGNOSIS_OPD,ท่าแพ,09631,โรงพยาบาลส่งเสริมสุขภาพตำบลสาคร,"โรคทางจิตเวชอื่นๆ (F04-F09,F50-F69,F80,F82-F83,F88-F89,F91-F99 ยกเว้น F638,F988)",F52,3,3: อาศัยในเขต ทะเบียนบ้านอยู่นอกเขต,30-44 ปี,1
code,DIAGNOSIS_OPD,ท่าแพ,09631,โรงพยาบาลส่งเสริมสุขภาพตำบลสาคร,"โรคทางจิตเวชอื่นๆ (F04-F09,F50-F69,F80,F82-F83,F88-F89,F91-F99 ยกเว้น F638,F988)",F55,1,1: ในเขต มีชื่อ+อยู่จริง,15-29 ปี,1
code,DIAGNOSIS_OPD,ท่าแพ,09631,โรงพยาบาลส่งเสริมสุขภาพตำบลสาคร,"โรคทางจิตเวชอื่นๆ (F04-F09,F50-F69,F80,F82-F83,F88-F89,F91-F99 ยกเว้น F638,F988)",F55,1,1: ในเขต มีชื่อ+อยู่จริง,30-44 ปี,1
code,DIAGNOSIS_OPD,ท่าแพ,09631,โรงพยาบาลส่งเสริมสุขภาพตำบลสาคร,"โรคทางจิตเวชอื่นๆ (F04-F09,F50-F69,F80,F82-F83,F88-F89,F91-F99 ยกเว้น F638,F988)",F55,1,1: ในเขต มีชื่อ+อยู่จริง,75 ปีขึ้นไป,1
code,DIAGNOSIS_OPD,ท่าแพ,09631,โรงพยาบาลส่งเสริมสุขภาพตำบลสาคร,โรควิตกกังวล (F40-F48),F41,1,1: ในเขต มีชื่อ+อยู่จริง,30-44 ปี,3
code,DIAGNOSIS_OPD,ท่าแพ,09631,โรงพยาบาลส่งเสริมสุขภาพตำบลสาคร,โรควิตกกังวล (F40-F48),F41,1,1: ในเขต มีชื่อ+อยู่จริง,45-59 ปี,2
code,DIAGNOSIS_OPD,ท่าแพ,09631,โรงพยาบาลส่งเสริมสุขภาพตำบลสาคร,โรควิตกกังวล (F40-F48),F41,4,4: นอกเขต มารับบริการ/เคยอยู่ในเขต,45-59 ปี,1
code,DIAGNOSIS_OPD,ท่าแพ,09631,โรงพยาบาลส่งเสริมสุขภาพตำบลสาคร,โรคอารมณ์สองขั้ว (F31),F31,1,1: ในเขต มีชื่อ+อยู่จริง,30-44 ปี,1
code,DIAGNOSIS_OPD,ท่าแพ,09630,โรงพยาบาลส่งเสริมสุขภาพตำบลแป-ระ,ติดยาบ้า Amphetamine (F15),F15,1,1: ในเขต มีชื่อ+อยู่จริง,15-29 ปี,1
code,DIAGNOSIS_OPD,ท่าแพ,09630,โรงพยาบาลส่งเสริมสุขภาพตำบลแป-ระ,"ติดสารเสพติดอื่นๆ (F11,F12,F13,F14,F16,F17,F18,F19)",F13,4,4: นอกเขต มารับบริการ/เคยอยู่ในเขต,30-44 ปี,1
code,DIAGNOSIS_OPD,ท่าแพ,09630,โรงพยาบาลส่งเสริมสุขภาพตำบลแป-ระ,"ติดสารเสพติดอื่นๆ (F11,F12,F13,F14,F16,F17,F18,F19)",F18,1,1: ในเขต มีชื่อ+อยู่จริง,15-29 ปี,1
code,DIAGNOSIS_OPD,ท่าแพ,09630,โรงพยาบาลส่งเสริมสุขภาพตำบลแป-ระ,"ติดสารเสพติดอื่นๆ (F11,F12,F13,F14,F16,F17,F18,F19)",F19,1,1: ในเขต มีชื่อ+อยู่จริง,15-29 ปี,1
code,DIAGNOSIS_OPD,ท่าแพ,09630,โรงพยาบาลส่งเสริมสุขภาพตำบลแป-ระ,โรคจิตอื่นๆ (F21-F29),F21,1,1: ในเขต มีชื่อ+อยู่จริง,30-44 ปี,3
code,DIAGNOSIS_OPD,ท่าแพ,09630,โรงพยาบาลส่งเสริมสุขภาพตำบลแป-ระ,โรคจิตอื่นๆ (F21-F29),F23,1,1: ในเขต มีชื่อ+อยู่จริง,30-44 ปี,1
code,DIAGNOSIS_OPD,ท่าแพ,09630,โรงพยาบาลส่งเสริมสุขภาพตำบลแป-ระ,โรคจิตอื่นๆ (F21-F29),F23,3,3: อาศัยในเขต ทะเบียนบ้านอยู่นอกเขต,30-44 ปี,1
code,DIAGNOSIS_OPD,ท่าแพ,09630,โรงพยาบาลส่งเสริมสุขภาพตำบลแป-ระ,โรคจิตอื่นๆ (F21-F29),F25,1,1: ในเขต มีชื่อ+อยู่จริง,30-44 ปี,1
code,DIAGNOSIS_OPD,ท่าแพ,09630,โรงพยาบาลส่งเสริมสุขภาพตำบลแป-ระ,โรคจิตเภท (F20),F20,1,1: ในเขต มีชื่อ+อยู่จริง,15-29 ปี,2
code,DIAGNOSIS_OPD,ท่าแพ,09630,โรงพยาบาลส่งเสริมสุขภาพตำบลแป-ระ,โรคจิตเภท (F20),F20,1,1: ในเขต มีชื่อ+อยู่จริง,30-44 ปี,4
code,DIAGNOSIS_OPD,ท่าแพ,09630,โรงพยาบาลส่งเสริมสุขภาพตำบลแป-ระ,โรคจิตเภท (F20),F20,2,2: ในเขต มีชื่อ แต่ไม่อยู่จริง,30-44 ปี,1
code,DIAGNOSIS_OPD,ท่าแพ,09630,โรงพยาบาลส่งเสริมสุขภาพตำบลแป-ระ,โรคจิตเภท (F20),F20,4,4: นอกเขต มารับบริการ/เคยอยู่ในเขต,30-44 ปี,3
code,DIAGNOSIS_OPD,ท่าแพ,09630,โรงพยาบาลส่งเสริมสุขภาพตำบลแป-ระ,"โรคซึมเศร้า (F32,F33,F341,F38,F39)",F32,1,1: ในเขต มีชื่อ+อยู่จริง,30-44 ปี,1
code,DIAGNOSIS_OPD,ท่าแพ,09630,โรงพยาบาลส่งเสริมสุขภาพตำบลแป-ระ,"โรคทางจิตเวชอื่นๆ (F04-F09,F50-F69,F80,F82-F83,F88-F89,F91-F99 ยกเว้น F638,F988)",F06,1,1: ในเขต มีชื่อ+อยู่จริง,15-29 ปี,1
code,DIAGNOSIS_OPD,ท่าแพ,09630,โรงพยาบาลส่งเสริมสุขภาพตำบลแป-ระ,"โรคทางจิตเวชอื่นๆ (F04-F09,F50-F69,F80,F82-F83,F88-F89,F91-F99 ยกเว้น F638,F988)",F09,1,1: ในเขต มีชื่อ+อยู่จริง,15-29 ปี,1
code,DIAGNOSIS_OPD,ท่าแพ,09630,โรงพยาบาลส่งเสริมสุขภาพตำบลแป-ระ,"โรคทางจิตเวชอื่นๆ (F04-F09,F50-F69,F80,F82-F83,F88-F89,F91-F99 ยกเว้น F638,F988)",F50,1,1: ในเขต มีชื่อ+อยู่จริง,45-59 ปี,1
code,DIAGNOSIS_OPD,ท่าแพ,09630,โรงพยาบาลส่งเสริมสุขภาพตำบลแป-ระ,"โรคทางจิตเวชอื่นๆ (F04-F09,F50-F69,F80,F82-F83,F88-F89,F91-F99 ยกเว้น F638,F988)",F55,1,1: ในเขต มีชื่อ+อยู่จริง,30-44 ปี,1
code,DIAGNOSIS_OPD,ท่าแพ,09630,โรงพยาบาลส่งเสริมสุขภาพตำบลแป-ระ,"โรคทางจิตเวชอื่นๆ (F04-F09,F50-F69,F80,F82-F83,F88-F89,F91-F99 ยกเว้น F638,F988)",F55,1,1: ในเขต มีชื่อ+อยู่จริง,60-74 ปี,1
code,DIAGNOSIS_OPD,ท่าแพ,09630,โรงพยาบาลส่งเสริมสุขภาพตำบลแป-ระ,โรควิตกกังวล (F40-F48),F41,1,1: ในเขต มีชื่อ+อยู่จริง,30-44 ปี,1
code,DIAGNOSIS_OPD,ท่าแพ,09630,โรงพยาบาลส่งเสริมสุขภาพตำบลแป-ระ,โรควิตกกังวล (F40-F48),F44,1,1: ในเขต มีชื่อ+อยู่จริง,30-44 ปี,1
code,DIAGNOSIS_OPD,ท่าแพ,09630,โรงพยาบาลส่งเสริมสุขภาพตำบลแป-ระ,โรควิตกกังวล (F40-F48),F45,4,4: นอกเขต มารับบริการ/เคยอยู่ในเขต,60-74 ปี,1
code,DIAGNOSIS_OPD,ท่าแพ,09630,โรงพยาบาลส่งเสริมสุขภาพตำบลแป-ระ,โรควิตกกังวล (F40-F48),F48,1,1: ในเขต มีชื่อ+อยู่จริง,45-59 ปี,1
code,DIAGNOSIS_OPD,มะนัง,09652,สถานีอนามัยเฉลิมพระเกียรติ 60 พรรษา นวมินทราชินี ,"โรคทางจิตเวชอื่นๆ (F04-F09,F50-F69,F80,F82-F83,F88-F89,F91-F99 ยกเว้น F638,F988)",F06,1,1: ในเขต มีชื่อ+อยู่จริง,15-29 ปี,1
code,DIAGNOSIS_OPD,มะนัง,09652,สถานีอนามัยเฉลิมพระเกียรติ 60 พรรษา นวมินทราชินี ,"โรคทางจิตเวชอื่นๆ (F04-F09,F50-F69,F80,F82-F83,F88-F89,F91-F99 ยกเว้น F638,F988)",F51,1,1: ในเขต มีชื่อ+อยู่จริง,45-59 ปี,1
code,DIAGNOSIS_OPD,มะนัง,09652,สถานีอนามัยเฉลิมพระเกียรติ 60 พรรษา นวมินทราชินี ,"โรคทางจิตเวชอื่นๆ (F04-F09,F50-F69,F80,F82-F83,F88-F89,F91-F99 ยกเว้น F638,F988)",F51,1,1: ในเขต มีชื่อ+อยู่จริง,60-74 ปี,3
code,DIAGNOSIS_OPD,มะนัง,09652,สถานีอนามัยเฉลิมพระเกียรติ 60 พรรษา นวมินทราชินี ,"โรคทางจิตเวชอื่นๆ (F04-F09,F50-F69,F80,F82-F83,F88-F89,F91-F99 ยกเว้น F638,F988)",F51,1,1: ในเขต มีชื่อ+อยู่จริง,75 ปีขึ้นไป,3
code,DIAGNOSIS_OPD,มะนัง,09652,สถานีอนามัยเฉลิมพระเกียรติ 60 พรรษา นวมินทราชินี ,"โรคทางจิตเวชอื่นๆ (F04-F09,F50-F69,F80,F82-F83,F88-F89,F91-F99 ยกเว้น F638,F988)",F55,1,1: ในเขต มีชื่อ+อยู่จริง,45-59 ปี,1
code,DIAGNOSIS_OPD,มะนัง,09652,สถานีอนามัยเฉลิมพระเกียรติ 60 พรรษา นวมินทราชินี ,"โรคทางจิตเวชอื่นๆ (F04-F09,F50-F69,F80,F82-F83,F88-F89,F91-F99 ยกเว้น F638,F988)",F55,2,2: ในเขต มีชื่อ แต่ไม่อยู่จริง,45-59 ปี,1
code,DIAGNOSIS_OPD,มะนัง,09652,สถานีอนามัยเฉลิมพระเกียรติ 60 พรรษา นวมินทราชินี ,"โรคทางจิตเวชอื่นๆ (F04-F09,F50-F69,F80,F82-F83,F88-F89,F91-F99 ยกเว้น F638,F988)",F55,4,4: นอกเขต มารับบริการ/เคยอยู่ในเขต,30-44 ปี,1
code,DIAGNOSIS_OPD,มะนัง,09652,สถานีอนามัยเฉลิมพระเกียรติ 60 พรรษา นวมินทราชินี ,โรควิตกกังวล (F40-F48),F41,1,1: ในเขต มีชื่อ+อยู่จริง,15-29 ปี,1
code,DIAGNOSIS_OPD,มะนัง,09652,สถานีอนามัยเฉลิมพระเกียรติ 60 พรรษา นวมินทราชินี ,โรควิตกกังวล (F40-F48),F41,1,1: ในเขต มีชื่อ+อยู่จริง,75 ปีขึ้นไป,1
code,DIAGNOSIS_OPD,มะนัง,09652,สถานีอนามัยเฉลิมพระเกียรติ 60 พรรษา นวมินทราชินี ,โรควิตกกังวล (F40-F48),F48,1,1: ในเขต มีชื่อ+อยู่จริง,15-29 ปี,1
code,DIAGNOSIS_OPD,มะนัง,09652,สถานีอนามัยเฉลิมพระเกียรติ 60 พรรษา นวมินทราชินี ,โรควิตกกังวล (F40-F48),F48,1,1: ในเขต มีชื่อ+อยู่จริง,60-74 ปี,3
code,DIAGNOSIS_OPD,มะนัง,09652,สถานีอนามัยเฉลิมพระเกียรติ 60 พรรษา นวมินทราชินี ,โรควิตกกังวล (F40-F48),F48,3,3: อาศัยในเขต ทะเบียนบ้านอยู่นอกเขต,60-74 ปี,1
code,DIAGNOSIS_OPD,มะนัง,28786,โรงพยาบาลมะนัง,ความบกพร่องทางการเรียนรู้ (F81),F81,1,1: ในเขต มีชื่อ+อยู่จริง,0-14 ปี,4
code,DIAGNOSIS_OPD,มะนัง,28786,โรงพยาบาลมะนัง,ความบกพร่องทางการเรียนรู้ (F81),F81,2,2: ในเขต มีชื่อ แต่ไม่อยู่จริง,0-14 ปี,1
code,DIAGNOSIS_OPD,มะนัง,28786,โรงพยาบาลมะนัง,ความบกพร่องทางการเรียนรู้ (F81),F81,3,3: อาศัยในเขต ทะเบียนบ้านอยู่นอกเขต,0-14 ปี,1
code,DIAGNOSIS_OPD,มะนัง,28786,โรงพยาบาลมะนัง,ความบกพร่องทางการเรียนรู้ (F81),F81,4,4: นอกเขต มารับบริการ/เคยอยู่ในเขต,0-14 ปี,31
code,DIAGNOSIS_OPD,มะนัง,28786,โรงพยาบาลมะนัง,ความบกพร่องทางการเรียนรู้ (F81),F81,4,4: นอกเขต มารับบริการ/เคยอยู่ในเขต,15-29 ปี,5
code,DIAGNOSIS_OPD,มะนัง,28786,โรงพยาบาลมะนัง,ความบกพร่องทางสติปัญญา (F70-F79),F70,1,1: ในเขต มีชื่อ+อยู่จริง,45-59 ปี,1
code,DIAGNOSIS_OPD,มะนัง,28786,โรงพยาบาลมะนัง,ความบกพร่องทางสติปัญญา (F70-F79),F70,4,4: นอกเขต มารับบริการ/เคยอยู่ในเขต,15-29 ปี,2
code,DIAGNOSIS_OPD,มะนัง,28786,โรงพยาบาลมะนัง,ความบกพร่องทางสติปัญญา (F70-F79),F71,4,4: นอกเขต มารับบริการ/เคยอยู่ในเขต,0-14 ปี,2
code,DIAGNOSIS_OPD,มะนัง,28786,โรงพยาบาลมะนัง,ความบกพร่องทางสติปัญญา (F70-F79),F72,4,4: นอกเขต มารับบริการ/เคยอยู่ในเขต,15-29 ปี,1
code,DIAGNOSIS_OPD,มะนัง,28786,โรงพยาบาลมะนัง,ความบกพร่องทางสติปัญญา (F70-F79),F79,4,4: นอกเขต มารับบริการ/เคยอยู่ในเขต,15-29 ปี,2
code,DIAGNOSIS_OPD,มะนัง,28786,โรงพยาบาลมะนัง,ความบกพร่องทางสติปัญญา (F70-F79),F79,4,4: นอกเขต มารับบริการ/เคยอยู่ในเขต,30-44 ปี,2
code,DIAGNOSIS_OPD,มะนัง,28786,โรงพยาบาลมะนัง,ติดยาบ้า Amphetamine (F15),F15,"",อื่นๆ/ไม่ทราบ,30-44 ปี,1
code,DIAGNOSIS_OPD,มะนัง,28786,โรงพยาบาลมะนัง,ติดยาบ้า Amphetamine (F15),F15,1,1: ในเขต มีชื่อ+อยู่จริง,15-29 ปี,10
code,DIAGNOSIS_OPD,มะนัง,28786,โรงพยาบาลมะนัง,ติดยาบ้า Amphetamine (F15),F15,1,1: ในเขต มีชื่อ+อยู่จริง,30-44 ปี,6
code,DIAGNOSIS_OPD,มะนัง,28786,โรงพยาบาลมะนัง,ติดยาบ้า Amphetamine (F15),F15,1,1: ในเขต มีชื่อ+อยู่จริง,45-59 ปี,1
code,DIAGNOSIS_OPD,มะนัง,28786,โรงพยาบาลมะนัง,ติดยาบ้า Amphetamine (F15),F15,2,2: ในเขต มีชื่อ แต่ไม่อยู่จริง,15-29 ปี,5
code,DIAGNOSIS_OPD,มะนัง,28786,โรงพยาบาลมะนัง,ติดยาบ้า Amphetamine (F15),F15,4,4: นอกเขต มารับบริการ/เคยอยู่ในเขต,0-14 ปี,2
code,DIAGNOSIS_OPD,มะนัง,28786,โรงพยาบาลมะนัง,ติดยาบ้า Amphetamine (F15),F15,4,4: นอกเขต มารับบริการ/เคยอยู่ในเขต,15-29 ปี,51
code,DIAGNOSIS_OPD,มะนัง,28786,โรงพยาบาลมะนัง,ติดยาบ้า Amphetamine (F15),F15,4,4: นอกเขต มารับบริการ/เคยอยู่ในเขต,30-44 ปี,44
code,DIAGNOSIS_OPD,มะนัง,28786,โรงพยาบาลมะนัง,ติดยาบ้า Amphetamine (F15),F15,4,4: นอกเขต มารับบริการ/เคยอยู่ในเขต,45-59 ปี,12
code,DIAGNOSIS_OPD,มะนัง,28786,โรงพยาบาลมะนัง,ติดยาบ้า Amphetamine (F15),F15,4,4: นอกเขต มารับบริการ/เคยอยู่ในเขต,60-74 ปี,2
code,DIAGNOSIS_OPD,มะนัง,28786,โรงพยาบาลมะนัง,ติดยาบ้า Amphetamine (F15),F15,4,4: นอกเขต มารับบริการ/เคยอยู่ในเขต,75 ปีขึ้นไป,1
code,DIAGNOSIS_OPD,มะนัง,28786,โรงพยาบาลมะนัง,"ติดสารเสพติดอื่นๆ (F11,F12,F13,F14,F16,F17,F18,F19)",F11,1,1: ในเขต มีชื่อ+อยู่จริง,30-44 ปี,1
code,DIAGNOSIS_OPD,มะนัง,28786,โรงพยาบาลมะนัง,"ติดสารเสพติดอื่นๆ (F11,F12,F13,F14,F16,F17,F18,F19)",F11,2,2: ในเขต มีชื่อ แต่ไม่อยู่จริง,30-44 ปี,1
code,DIAGNOSIS_OPD,มะนัง,28786,โรงพยาบาลมะนัง,"ติดสารเสพติดอื่นๆ (F11,F12,F13,F14,F16,F17,F18,F19)",F11,4,4: นอกเขต มารับบริการ/เคยอยู่ในเขต,15-29 ปี,1
code,DIAGNOSIS_OPD,มะนัง,28786,โรงพยาบาลมะนัง,"ติดสารเสพติดอื่นๆ (F11,F12,F13,F14,F16,F17,F18,F19)",F12,1,1: ในเขต มีชื่อ+อยู่จริง,15-29 ปี,1
code,DIAGNOSIS_OPD,มะนัง,28786,โรงพยาบาลมะนัง,"ติดสารเสพติดอื่นๆ (F11,F12,F13,F14,F16,F17,F18,F19)",F12,4,4: นอกเขต มารับบริการ/เคยอยู่ในเขต,15-29 ปี,3
code,DIAGNOSIS_OPD,มะนัง,28786,โรงพยาบาลมะนัง,"ติดสารเสพติดอื่นๆ (F11,F12,F13,F14,F16,F17,F18,F19)",F12,4,4: นอกเขต มารับบริการ/เคยอยู่ในเขต,30-44 ปี,2
code,DIAGNOSIS_OPD,มะนัง,28786,โรงพยาบาลมะนัง,"ติดสารเสพติดอื่นๆ (F11,F12,F13,F14,F16,F17,F18,F19)",F12,4,4: นอกเขต มารับบริการ/เคยอยู่ในเขต,45-59 ปี,1
code,DIAGNOSIS_OPD,มะนัง,28786,โรงพยาบาลมะนัง,"ติดสารเสพติดอื่นๆ (F11,F12,F13,F14,F16,F17,F18,F19)",F13,2,2: ในเขต มีชื่อ แต่ไม่อยู่จริง,75 ปีขึ้นไป,1
code,DIAGNOSIS_OPD,มะนัง,28786,โรงพยาบาลมะนัง,"ติดสารเสพติดอื่นๆ (F11,F12,F13,F14,F16,F17,F18,F19)",F16,1,1: ในเขต มีชื่อ+อยู่จริง,30-44 ปี,1
code,DIAGNOSIS_OPD,มะนัง,28786,โรงพยาบาลมะนัง,"ติดสารเสพติดอื่นๆ (F11,F12,F13,F14,F16,F17,F18,F19)",F16,2,2: ในเขต มีชื่อ แต่ไม่อยู่จริง,45-59 ปี,1
code,DIAGNOSIS_OPD,มะนัง,28786,โรงพยาบาลมะนัง,"ติดสารเสพติดอื่นๆ (F11,F12,F13,F14,F16,F17,F18,F19)",F16,4,4: นอกเขต มารับบริการ/เคยอยู่ในเขต,0-14 ปี,1
code,DIAGNOSIS_OPD,มะนัง,28786,โรงพยาบาลมะนัง,"ติดสารเสพติดอื่นๆ (F11,F12,F13,F14,F16,F17,F18,F19)",F16,4,4: นอกเขต มารับบริการ/เคยอยู่ในเขต,15-29 ปี,2
code,DIAGNOSIS_OPD,มะนัง,28786,โรงพยาบาลมะนัง,"ติดสารเสพติดอื่นๆ (F11,F12,F13,F14,F16,F17,F18,F19)",F16,4,4: นอกเขต มารับบริการ/เคยอยู่ในเขต,30-44 ปี,1
code,DIAGNOSIS_OPD,มะนัง,28786,โรงพยาบาลมะนัง,"ติดสารเสพติดอื่นๆ (F11,F12,F13,F14,F16,F17,F18,F19)",F16,4,4: นอกเขต มารับบริการ/เคยอยู่ในเขต,45-59 ปี,1
code,DIAGNOSIS_OPD,มะนัง,28786,โรงพยาบาลมะนัง,"ติดสารเสพติดอื่นๆ (F11,F12,F13,F14,F16,F17,F18,F19)",F17,1,1: ในเขต มีชื่อ+อยู่จริง,15-29 ปี,1
code,DIAGNOSIS_OPD,มะนัง,28786,โรงพยาบาลมะนัง,"ติดสารเสพติดอื่นๆ (F11,F12,F13,F14,F16,F17,F18,F19)",F17,1,1: ในเขต มีชื่อ+อยู่จริง,30-44 ปี,3
code,DIAGNOSIS_OPD,มะนัง,28786,โรงพยาบาลมะนัง,"ติดสารเสพติดอื่นๆ (F11,F12,F13,F14,F16,F17,F18,F19)",F17,1,1: ในเขต มีชื่อ+อยู่จริง,45-59 ปี,3
code,DIAGNOSIS_OPD,มะนัง,28786,โรงพยาบาลมะนัง,"ติดสารเสพติดอื่นๆ (F11,F12,F13,F14,F16,F17,F18,F19)",F17,1,1: ในเขต มีชื่อ+อยู่จริง,60-74 ปี,1
code,DIAGNOSIS_OPD,มะนัง,28786,โรงพยาบาลมะนัง,"ติดสารเสพติดอื่นๆ (F11,F12,F13,F14,F16,F17,F18,F19)",F17,1,1: ในเขต มีชื่อ+อยู่จริง,75 ปีขึ้นไป,1
code,DIAGNOSIS_OPD,มะนัง,28786,โรงพยาบาลมะนัง,"ติดสารเสพติดอื่นๆ (F11,F12,F13,F14,F16,F17,F18,F19)",F17,2,2: ในเขต มีชื่อ แต่ไม่อยู่จริง,45-59 ปี,1
code,DIAGNOSIS_OPD,มะนัง,28786,โรงพยาบาลมะนัง,"ติดสารเสพติดอื่นๆ (F11,F12,F13,F14,F16,F17,F18,F19)",F17,4,4: นอกเขต มารับบริการ/เคยอยู่ในเขต,0-14 ปี,1
code,DIAGNOSIS_OPD,มะนัง,28786,โรงพยาบาลมะนัง,"ติดสารเสพติดอื่นๆ (F11,F12,F13,F14,F16,F17,F18,F19)",F17,4,4: นอกเขต มารับบริการ/เคยอยู่ในเขต,15-29 ปี,1
code,DIAGNOSIS_OPD,มะนัง,28786,โรงพยาบาลมะนัง,"ติดสารเสพติดอื่นๆ (F11,F12,F13,F14,F16,F17,F18,F19)",F17,4,4: นอกเขต มารับบริการ/เคยอยู่ในเขต,30-44 ปี,3
code,DIAGNOSIS_OPD,มะนัง,28786,โรงพยาบาลมะนัง,"ติดสารเสพติดอื่นๆ (F11,F12,F13,F14,F16,F17,F18,F19)",F17,4,4: นอกเขต มารับบริการ/เคยอยู่ในเขต,45-59 ปี,6
code,DIAGNOSIS_OPD,มะนัง,28786,โรงพยาบาลมะนัง,"ติดสารเสพติดอื่นๆ (F11,F12,F13,F14,F16,F17,F18,F19)",F17,4,4: นอกเขต มารับบริการ/เคยอยู่ในเขต,60-74 ปี,13
code,DIAGNOSIS_OPD,มะนัง,28786,โรงพยาบาลมะนัง,"ติดสารเสพติดอื่นๆ (F11,F12,F13,F14,F16,F17,F18,F19)",F17,4,4: นอกเขต มารับบริการ/เคยอยู่ในเขต,75 ปีขึ้นไป,1
code,DIAGNOSIS_OPD,มะนัง,28786,โรงพยาบาลมะนัง,"ติดสารเสพติดอื่นๆ (F11,F12,F13,F14,F16,F17,F18,F19)",F19,"",อื่นๆ/ไม่ทราบ,30-44 ปี,1
code,DIAGNOSIS_OPD,มะนัง,28786,โรงพยาบาลมะนัง,"ติดสารเสพติดอื่นๆ (F11,F12,F13,F14,F16,F17,F18,F19)",F19,1,1: ในเขต มีชื่อ+อยู่จริง,15-29 ปี,1
code,DIAGNOSIS_OPD,มะนัง,28786,โรงพยาบาลมะนัง,"ติดสารเสพติดอื่นๆ (F11,F12,F13,F14,F16,F17,F18,F19)",F19,1,1: ในเขต มีชื่อ+อยู่จริง,30-44 ปี,6
code,DIAGNOSIS_OPD,มะนัง,28786,โรงพยาบาลมะนัง,"ติดสารเสพติดอื่นๆ (F11,F12,F13,F14,F16,F17,F18,F19)",F19,1,1: ในเขต มีชื่อ+อยู่จริง,45-59 ปี,2
code,DIAGNOSIS_OPD,มะนัง,28786,โรงพยาบาลมะนัง,"ติดสารเสพติดอื่นๆ (F11,F12,F13,F14,F16,F17,F18,F19)",F19,2,2: ในเขต มีชื่อ แต่ไม่อยู่จริง,30-44 ปี,1
code,DIAGNOSIS_OPD,มะนัง,28786,โรงพยาบาลมะนัง,"ติดสารเสพติดอื่นๆ (F11,F12,F13,F14,F16,F17,F18,F19)",F19,3,3: อาศัยในเขต ทะเบียนบ้านอยู่นอกเขต,15-29 ปี,1
code,DIAGNOSIS_OPD,มะนัง,28786,โรงพยาบาลมะนัง,"ติดสารเสพติดอื่นๆ (F11,F12,F13,F14,F16,F17,F18,F19)",F19,4,4: นอกเขต มารับบริการ/เคยอยู่ในเขต,15-29 ปี,17
code,DIAGNOSIS_OPD,มะนัง,28786,โรงพยาบาลมะนัง,"ติดสารเสพติดอื่นๆ (F11,F12,F13,F14,F16,F17,F18,F19)",F19,4,4: นอกเขต มารับบริการ/เคยอยู่ในเขต,30-44 ปี,35
code,DIAGNOSIS_OPD,มะนัง,28786,โรงพยาบาลมะนัง,"ติดสารเสพติดอื่นๆ (F11,F12,F13,F14,F16,F17,F18,F19)",F19,4,4: นอกเขต มารับบริการ/เคยอยู่ในเขต,45-59 ปี,4
code,DIAGNOSIS_OPD,มะนัง,28786,โรงพยาบาลมะนัง,ติดแอลกอฮอล์ (F10),F10,1,1: ในเขต มีชื่อ+อยู่จริง,45-59 ปี,4
code,DIAGNOSIS_OPD,มะนัง,28786,โรงพยาบาลมะนัง,ติดแอลกอฮอล์ (F10),F10,1,1: ในเขต มีชื่อ+อยู่จริง,60-74 ปี,2
code,DIAGNOSIS_OPD,มะนัง,28786,โรงพยาบาลมะนัง,ติดแอลกอฮอล์ (F10),F10,4,4: นอกเขต มารับบริการ/เคยอยู่ในเขต,30-44 ปี,5
code,DIAGNOSIS_OPD,มะนัง,28786,โรงพยาบาลมะนัง,ติดแอลกอฮอล์ (F10),F10,4,4: นอกเขต มารับบริการ/เคยอยู่ในเขต,45-59 ปี,10
code,DIAGNOSIS_OPD,มะนัง,28786,โรงพยาบาลมะนัง,ติดแอลกอฮอล์ (F10),F10,4,4: นอกเขต มารับบริการ/เคยอยู่ในเขต,60-74 ปี,13
code,DIAGNOSIS_OPD,มะนัง,28786,โรงพยาบาลมะนัง,ติดแอลกอฮอล์ (F10),F10,4,4: นอกเขต มารับบริการ/เคยอยู่ในเขต,75 ปีขึ้นไป,3
code,DIAGNOSIS_OPD,มะนัง,28786,โรงพยาบาลมะนัง,พยายามฆ่าตัวตาย/ตั้งใจทำร้ายตนเอง (X60-X84),X60,2,2: ในเขต มีชื่อ แต่ไม่อยู่จริง,0-14 ปี,1
code,DIAGNOSIS_OPD,มะนัง,28786,โรงพยาบาลมะนัง,พยายามฆ่าตัวตาย/ตั้งใจทำร้ายตนเอง (X60-X84),X60,3,3: อาศัยในเขต ทะเบียนบ้านอยู่นอกเขต,15-29 ปี,1
code,DIAGNOSIS_OPD,มะนัง,28786,โรงพยาบาลมะนัง,พยายามฆ่าตัวตาย/ตั้งใจทำร้ายตนเอง (X60-X84),X60,4,4: นอกเขต มารับบริการ/เคยอยู่ในเขต,0-14 ปี,2
code,DIAGNOSIS_OPD,มะนัง,28786,โรงพยาบาลมะนัง,พยายามฆ่าตัวตาย/ตั้งใจทำร้ายตนเอง (X60-X84),X60,4,4: นอกเขต มารับบริการ/เคยอยู่ในเขต,15-29 ปี,10
code,DIAGNOSIS_OPD,มะนัง,28786,โรงพยาบาลมะนัง,พยายามฆ่าตัวตาย/ตั้งใจทำร้ายตนเอง (X60-X84),X60,4,4: นอกเขต มารับบริการ/เคยอยู่ในเขต,30-44 ปี,1
code,DIAGNOSIS_OPD,มะนัง,28786,โรงพยาบาลมะนัง,พยายามฆ่าตัวตาย/ตั้งใจทำร้ายตนเอง (X60-X84),X61,1,1: ในเขต มีชื่อ+อยู่จริง,0-14 ปี,1
code,DIAGNOSIS_OPD,มะนัง,28786,โรงพยาบาลมะนัง,พยายามฆ่าตัวตาย/ตั้งใจทำร้ายตนเอง (X60-X84),X61,4,4: นอกเขต มารับบริการ/เคยอยู่ในเขต,15-29 ปี,4
code,DIAGNOSIS_OPD,มะนัง,28786,โรงพยาบาลมะนัง,พยายามฆ่าตัวตาย/ตั้งใจทำร้ายตนเอง (X60-X84),X63,4,4: นอกเขต มารับบริการ/เคยอยู่ในเขต,45-59 ปี,1
code,DIAGNOSIS_OPD,มะนัง,28786,โรงพยาบาลมะนัง,พยายามฆ่าตัวตาย/ตั้งใจทำร้ายตนเอง (X60-X84),X64,2,2: ในเขต มีชื่อ แต่ไม่อยู่จริง,15-29 ปี,1
code,DIAGNOSIS_OPD,มะนัง,28786,โรงพยาบาลมะนัง,พยายามฆ่าตัวตาย/ตั้งใจทำร้ายตนเอง (X60-X84),X64,4,4: นอกเขต มารับบริการ/เคยอยู่ในเขต,15-29 ปี,3
code,DIAGNOSIS_OPD,มะนัง,28786,โรงพยาบาลมะนัง,พยายามฆ่าตัวตาย/ตั้งใจทำร้ายตนเอง (X60-X84),X66,1,1: ในเขต มีชื่อ+อยู่จริง,30-44 ปี,1
code,DIAGNOSIS_OPD,มะนัง,28786,โรงพยาบาลมะนัง,พยายามฆ่าตัวตาย/ตั้งใจทำร้ายตนเอง (X60-X84),X68,4,4: นอกเขต มารับบริการ/เคยอยู่ในเขต,15-29 ปี,1
code,DIAGNOSIS_OPD,มะนัง,28786,โรงพยาบาลมะนัง,พยายามฆ่าตัวตาย/ตั้งใจทำร้ายตนเอง (X60-X84),X68,4,4: นอกเขต มารับบริการ/เคยอยู่ในเขต,30-44 ปี,1
code,DIAGNOSIS_OPD,มะนัง,28786,โรงพยาบาลมะนัง,พยายามฆ่าตัวตาย/ตั้งใจทำร้ายตนเอง (X60-X84),X68,4,4: นอกเขต มารับบริการ/เคยอยู่ในเขต,45-59 ปี,1
code,DIAGNOSIS_OPD,มะนัง,28786,โรงพยาบาลมะนัง,พยายามฆ่าตัวตาย/ตั้งใจทำร้ายตนเอง (X60-X84),X69,1,1: ในเขต มีชื่อ+อยู่จริง,45-59 ปี,1
code,DIAGNOSIS_OPD,มะนัง,28786,โรงพยาบาลมะนัง,พยายามฆ่าตัวตาย/ตั้งใจทำร้ายตนเอง (X60-X84),X69,4,4: นอกเขต มารับบริการ/เคยอยู่ในเขต,0-14 ปี,1
code,DIAGNOSIS_OPD,มะนัง,28786,โรงพยาบาลมะนัง,พยายามฆ่าตัวตาย/ตั้งใจทำร้ายตนเอง (X60-X84),X69,4,4: นอกเขต มารับบริการ/เคยอยู่ในเขต,30-44 ปี,1
code,DIAGNOSIS_OPD,มะนัง,28786,โรงพยาบาลมะนัง,พยายามฆ่าตัวตาย/ตั้งใจทำร้ายตนเอง (X60-X84),X70,2,2: ในเขต มีชื่อ แต่ไม่อยู่จริง,30-44 ปี,1
code,DIAGNOSIS_OPD,มะนัง,28786,โรงพยาบาลมะนัง,พยายามฆ่าตัวตาย/ตั้งใจทำร้ายตนเอง (X60-X84),X70,4,4: นอกเขต มารับบริการ/เคยอยู่ในเขต,15-29 ปี,1
code,DIAGNOSIS_OPD,มะนัง,28786,โรงพยาบาลมะนัง,พยายามฆ่าตัวตาย/ตั้งใจทำร้ายตนเอง (X60-X84),X70,4,4: นอกเขต มารับบริการ/เคยอยู่ในเขต,30-44 ปี,3
code,DIAGNOSIS_OPD,มะนัง,28786,โรงพยาบาลมะนัง,พยายามฆ่าตัวตาย/ตั้งใจทำร้ายตนเอง (X60-X84),X70,4,4: นอกเขต มารับบริการ/เคยอยู่ในเขต,45-59 ปี,2
code,DIAGNOSIS_OPD,มะนัง,28786,โรงพยาบาลมะนัง,พยายามฆ่าตัวตาย/ตั้งใจทำร้ายตนเอง (X60-X84),X70,4,4: นอกเขต มารับบริการ/เคยอยู่ในเขต,60-74 ปี,1
code,DIAGNOSIS_OPD,มะนัง,28786,โรงพยาบาลมะนัง,พยายามฆ่าตัวตาย/ตั้งใจทำร้ายตนเอง (X60-X84),X74,4,4: นอกเขต มารับบริการ/เคยอยู่ในเขต,15-29 ปี,1
code,DIAGNOSIS_OPD,มะนัง,28786,โรงพยาบาลมะนัง,พยายามฆ่าตัวตาย/ตั้งใจทำร้ายตนเอง (X60-X84),X77,4,4: นอกเขต มารับบริการ/เคยอยู่ในเขต,30-44 ปี,1
code,DIAGNOSIS_OPD,มะนัง,28786,โรงพยาบาลมะนัง,พยายามฆ่าตัวตาย/ตั้งใจทำร้ายตนเอง (X60-X84),X77,4,4: นอกเขต มารับบริการ/เคยอยู่ในเขต,45-59 ปี,1
code,DIAGNOSIS_OPD,มะนัง,28786,โรงพยาบาลมะนัง,พยายามฆ่าตัวตาย/ตั้งใจทำร้ายตนเอง (X60-X84),X78,4,4: นอกเขต มารับบริการ/เคยอยู่ในเขต,0-14 ปี,1
code,DIAGNOSIS_OPD,มะนัง,28786,โรงพยาบาลมะนัง,พยายามฆ่าตัวตาย/ตั้งใจทำร้ายตนเอง (X60-X84),X78,4,4: นอกเขต มารับบริการ/เคยอยู่ในเขต,15-29 ปี,1
code,DIAGNOSIS_OPD,มะนัง,28786,โรงพยาบาลมะนัง,พยายามฆ่าตัวตาย/ตั้งใจทำร้ายตนเอง (X60-X84),X79,1,1: ในเขต มีชื่อ+อยู่จริง,0-14 ปี,1
code,DIAGNOSIS_OPD,มะนัง,28786,โรงพยาบาลมะนัง,พยายามฆ่าตัวตาย/ตั้งใจทำร้ายตนเอง (X60-X84),X79,4,4: นอกเขต มารับบริการ/เคยอยู่ในเขต,30-44 ปี,1
code,DIAGNOSIS_OPD,มะนัง,28786,โรงพยาบาลมะนัง,พยายามฆ่าตัวตาย/ตั้งใจทำร้ายตนเอง (X60-X84),X81,4,4: นอกเขต มารับบริการ/เคยอยู่ในเขต,45-59 ปี,1
code,DIAGNOSIS_OPD,มะนัง,28786,โรงพยาบาลมะนัง,พยายามฆ่าตัวตาย/ตั้งใจทำร้ายตนเอง (X60-X84),X83,3,3: อาศัยในเขต ทะเบียนบ้านอยู่นอกเขต,15-29 ปี,1
code,DIAGNOSIS_OPD,มะนัง,28786,โรงพยาบาลมะนัง,พยายามฆ่าตัวตาย/ตั้งใจทำร้ายตนเอง (X60-X84),X83,4,4: นอกเขต มารับบริการ/เคยอยู่ในเขต,15-29 ปี,1
code,DIAGNOSIS_OPD,มะนัง,28786,โรงพยาบาลมะนัง,พยายามฆ่าตัวตาย/ตั้งใจทำร้ายตนเอง (X60-X84),X84,1,1: ในเขต มีชื่อ+อยู่จริง,15-29 ปี,1
code,DIAGNOSIS_OPD,มะนัง,28786,โรงพยาบาลมะนัง,โรคจิตอื่นๆ (F21-F29),F22,4,4: นอกเขต มารับบริการ/เคยอยู่ในเขต,0-14 ปี,1
code,DIAGNOSIS_OPD,มะนัง,28786,โรงพยาบาลมะนัง,โรคจิตอื่นๆ (F21-F29),F22,4,4: นอกเขต มารับบริการ/เคยอยู่ในเขต,30-44 ปี,1
code,DIAGNOSIS_OPD,มะนัง,28786,โรงพยาบาลมะนัง,โรคจิตอื่นๆ (F21-F29),F22,4,4: นอกเขต มารับบริการ/เคยอยู่ในเขต,60-74 ปี,1
code,DIAGNOSIS_OPD,มะนัง,28786,โรงพยาบาลมะนัง,โรคจิตอื่นๆ (F21-F29),F23,4,4: นอกเขต มารับบริการ/เคยอยู่ในเขต,45-59 ปี,1
code,DIAGNOSIS_OPD,มะนัง,28786,โรงพยาบาลมะนัง,โรคจิตอื่นๆ (F21-F29),F24,4,4: นอกเขต มารับบริการ/เคยอยู่ในเขต,15-29 ปี,1
code,DIAGNOSIS_OPD,มะนัง,28786,โรงพยาบาลมะนัง,โรคจิตอื่นๆ (F21-F29),F25,4,4: นอกเขต มารับบริการ/เคยอยู่ในเขต,30-44 ปี,2
code,DIAGNOSIS_OPD,มะนัง,28786,โรงพยาบาลมะนัง,โรคจิตอื่นๆ (F21-F29),F25,4,4: นอกเขต มารับบริการ/เคยอยู่ในเขต,45-59 ปี,3
code,DIAGNOSIS_OPD,มะนัง,28786,โรงพยาบาลมะนัง,โรคจิตอื่นๆ (F21-F29),F28,1,1: ในเขต มีชื่อ+อยู่จริง,45-59 ปี,1
code,DIAGNOSIS_OPD,มะนัง,28786,โรงพยาบาลมะนัง,โรคจิตอื่นๆ (F21-F29),F28,4,4: นอกเขต มารับบริการ/เคยอยู่ในเขต,0-14 ปี,1
code,DIAGNOSIS_OPD,มะนัง,28786,โรงพยาบาลมะนัง,โรคจิตอื่นๆ (F21-F29),F28,4,4: นอกเขต มารับบริการ/เคยอยู่ในเขต,30-44 ปี,1
code,DIAGNOSIS_OPD,มะนัง,28786,โรงพยาบาลมะนัง,โรคจิตอื่นๆ (F21-F29),F28,4,4: นอกเขต มารับบริการ/เคยอยู่ในเขต,60-74 ปี,1
code,DIAGNOSIS_OPD,มะนัง,28786,โรงพยาบาลมะนัง,โรคจิตอื่นๆ (F21-F29),F28,4,4: นอกเขต มารับบริการ/เคยอยู่ในเขต,75 ปีขึ้นไป,2
code,DIAGNOSIS_OPD,มะนัง,28786,โรงพยาบาลมะนัง,โรคจิตอื่นๆ (F21-F29),F29,1,1: ในเขต มีชื่อ+อยู่จริง,15-29 ปี,1
code,DIAGNOSIS_OPD,มะนัง,28786,โรงพยาบาลมะนัง,โรคจิตอื่นๆ (F21-F29),F29,1,1: ในเขต มีชื่อ+อยู่จริง,30-44 ปี,5
code,DIAGNOSIS_OPD,มะนัง,28786,โรงพยาบาลมะนัง,โรคจิตอื่นๆ (F21-F29),F29,1,1: ในเขต มีชื่อ+อยู่จริง,45-59 ปี,1
code,DIAGNOSIS_OPD,มะนัง,28786,โรงพยาบาลมะนัง,โรคจิตอื่นๆ (F21-F29),F29,2,2: ในเขต มีชื่อ แต่ไม่อยู่จริง,30-44 ปี,1
code,DIAGNOSIS_OPD,มะนัง,28786,โรงพยาบาลมะนัง,โรคจิตอื่นๆ (F21-F29),F29,4,4: นอกเขต มารับบริการ/เคยอยู่ในเขต,0-14 ปี,1
code,DIAGNOSIS_OPD,มะนัง,28786,โรงพยาบาลมะนัง,โรคจิตอื่นๆ (F21-F29),F29,4,4: นอกเขต มารับบริการ/เคยอยู่ในเขต,15-29 ปี,13
code,DIAGNOSIS_OPD,มะนัง,28786,โรงพยาบาลมะนัง,โรคจิตอื่นๆ (F21-F29),F29,4,4: นอกเขต มารับบริการ/เคยอยู่ในเขต,30-44 ปี,30
code,DIAGNOSIS_OPD,มะนัง,28786,โรงพยาบาลมะนัง,โรคจิตอื่นๆ (F21-F29),F29,4,4: นอกเขต มารับบริการ/เคยอยู่ในเขต,45-59 ปี,12
code,DIAGNOSIS_OPD,มะนัง,28786,โรงพยาบาลมะนัง,โรคจิตอื่นๆ (F21-F29),F29,4,4: นอกเขต มารับบริการ/เคยอยู่ในเขต,60-74 ปี,6
code,DIAGNOSIS_OPD,มะนัง,28786,โรงพยาบาลมะนัง,โรคจิตอื่นๆ (F21-F29),F29,4,4: นอกเขต มารับบริการ/เคยอยู่ในเขต,75 ปีขึ้นไป,1
code,DIAGNOSIS_OPD,มะนัง,28786,โรงพยาบาลมะนัง,โรคจิตเภท (F20),F20,1,1: ในเขต มีชื่อ+อยู่จริง,15-29 ปี,4
code,DIAGNOSIS_OPD,มะนัง,28786,โรงพยาบาลมะนัง,โรคจิตเภท (F20),F20,1,1: ในเขต มีชื่อ+อยู่จริง,30-44 ปี,8
code,DIAGNOSIS_OPD,มะนัง,28786,โรงพยาบาลมะนัง,โรคจิตเภท (F20),F20,1,1: ในเขต มีชื่อ+อยู่จริง,45-59 ปี,6
code,DIAGNOSIS_OPD,มะนัง,28786,โรงพยาบาลมะนัง,โรคจิตเภท (F20),F20,2,2: ในเขต มีชื่อ แต่ไม่อยู่จริง,30-44 ปี,1
code,DIAGNOSIS_OPD,มะนัง,28786,โรงพยาบาลมะนัง,โรคจิตเภท (F20),F20,2,2: ในเขต มีชื่อ แต่ไม่อยู่จริง,45-59 ปี,1
code,DIAGNOSIS_OPD,มะนัง,28786,โรงพยาบาลมะนัง,โรคจิตเภท (F20),F20,4,4: นอกเขต มารับบริการ/เคยอยู่ในเขต,0-14 ปี,1
code,DIAGNOSIS_OPD,มะนัง,28786,โรงพยาบาลมะนัง,โรคจิตเภท (F20),F20,4,4: นอกเขต มารับบริการ/เคยอยู่ในเขต,15-29 ปี,12
code,DIAGNOSIS_OPD,มะนัง,28786,โรงพยาบาลมะนัง,โรคจิตเภท (F20),F20,4,4: นอกเขต มารับบริการ/เคยอยู่ในเขต,30-44 ปี,54
code,DIAGNOSIS_OPD,มะนัง,28786,โรงพยาบาลมะนัง,โรคจิตเภท (F20),F20,4,4: นอกเขต มารับบริการ/เคยอยู่ในเขต,45-59 ปี,31
code,DIAGNOSIS_OPD,มะนัง,28786,โรงพยาบาลมะนัง,โรคจิตเภท (F20),F20,4,4: นอกเขต มารับบริการ/เคยอยู่ในเขต,60-74 ปี,14
code,DIAGNOSIS_OPD,มะนัง,28786,โรงพยาบาลมะนัง,โรคจิตเภท (F20),F20,4,4: นอกเขต มารับบริการ/เคยอยู่ในเขต,75 ปีขึ้นไป,1
code,DIAGNOSIS_OPD,มะนัง,28786,โรงพยาบาลมะนัง,"โรคซึมเศร้า (F32,F33,F341,F38,F39)",F32,"",อื่นๆ/ไม่ทราบ,30-44 ปี,2
code,DIAGNOSIS_OPD,มะนัง,28786,โรงพยาบาลมะนัง,"โรคซึมเศร้า (F32,F33,F341,F38,F39)",F32,"",อื่นๆ/ไม่ทราบ,45-59 ปี,1
code,DIAGNOSIS_OPD,มะนัง,28786,โรงพยาบาลมะนัง,"โรคซึมเศร้า (F32,F33,F341,F38,F39)",F32,1,1: ในเขต มีชื่อ+อยู่จริง,0-14 ปี,4
code,DIAGNOSIS_OPD,มะนัง,28786,โรงพยาบาลมะนัง,"โรคซึมเศร้า (F32,F33,F341,F38,F39)",F32,1,1: ในเขต มีชื่อ+อยู่จริง,15-29 ปี,6
code,DIAGNOSIS_OPD,มะนัง,28786,โรงพยาบาลมะนัง,"โรคซึมเศร้า (F32,F33,F341,F38,F39)",F32,1,1: ในเขต มีชื่อ+อยู่จริง,30-44 ปี,7
code,DIAGNOSIS_OPD,มะนัง,28786,โรงพยาบาลมะนัง,"โรคซึมเศร้า (F32,F33,F341,F38,F39)",F32,1,1: ในเขต มีชื่อ+อยู่จริง,45-59 ปี,6
code,DIAGNOSIS_OPD,มะนัง,28786,โรงพยาบาลมะนัง,"โรคซึมเศร้า (F32,F33,F341,F38,F39)",F32,1,1: ในเขต มีชื่อ+อยู่จริง,60-74 ปี,8
code,DIAGNOSIS_OPD,มะนัง,28786,โรงพยาบาลมะนัง,"โรคซึมเศร้า (F32,F33,F341,F38,F39)",F32,1,1: ในเขต มีชื่อ+อยู่จริง,75 ปีขึ้นไป,1
code,DIAGNOSIS_OPD,มะนัง,28786,โรงพยาบาลมะนัง,"โรคซึมเศร้า (F32,F33,F341,F38,F39)",F32,2,2: ในเขต มีชื่อ แต่ไม่อยู่จริง,0-14 ปี,1
code,DIAGNOSIS_OPD,มะนัง,28786,โรงพยาบาลมะนัง,"โรคซึมเศร้า (F32,F33,F341,F38,F39)",F32,2,2: ในเขต มีชื่อ แต่ไม่อยู่จริง,15-29 ปี,2
code,DIAGNOSIS_OPD,มะนัง,28786,โรงพยาบาลมะนัง,"โรคซึมเศร้า (F32,F33,F341,F38,F39)",F32,2,2: ในเขต มีชื่อ แต่ไม่อยู่จริง,30-44 ปี,1
code,DIAGNOSIS_OPD,มะนัง,28786,โรงพยาบาลมะนัง,"โรคซึมเศร้า (F32,F33,F341,F38,F39)",F32,2,2: ในเขต มีชื่อ แต่ไม่อยู่จริง,45-59 ปี,2
code,DIAGNOSIS_OPD,มะนัง,28786,โรงพยาบาลมะนัง,"โรคซึมเศร้า (F32,F33,F341,F38,F39)",F32,3,3: อาศัยในเขต ทะเบียนบ้านอยู่นอกเขต,0-14 ปี,1
code,DIAGNOSIS_OPD,มะนัง,28786,โรงพยาบาลมะนัง,"โรคซึมเศร้า (F32,F33,F341,F38,F39)",F32,3,3: อาศัยในเขต ทะเบียนบ้านอยู่นอกเขต,15-29 ปี,2
code,DIAGNOSIS_OPD,มะนัง,28786,โรงพยาบาลมะนัง,"โรคซึมเศร้า (F32,F33,F341,F38,F39)",F32,3,3: อาศัยในเขต ทะเบียนบ้านอยู่นอกเขต,60-74 ปี,1
code,DIAGNOSIS_OPD,มะนัง,28786,โรงพยาบาลมะนัง,"โรคซึมเศร้า (F32,F33,F341,F38,F39)",F32,4,4: นอกเขต มารับบริการ/เคยอยู่ในเขต,0-14 ปี,25
code,DIAGNOSIS_OPD,มะนัง,28786,โรงพยาบาลมะนัง,"โรคซึมเศร้า (F32,F33,F341,F38,F39)",F32,4,4: นอกเขต มารับบริการ/เคยอยู่ในเขต,15-29 ปี,77
code,DIAGNOSIS_OPD,มะนัง,28786,โรงพยาบาลมะนัง,"โรคซึมเศร้า (F32,F33,F341,F38,F39)",F32,4,4: นอกเขต มารับบริการ/เคยอยู่ในเขต,30-44 ปี,64
code,DIAGNOSIS_OPD,มะนัง,28786,โรงพยาบาลมะนัง,"โรคซึมเศร้า (F32,F33,F341,F38,F39)",F32,4,4: นอกเขต มารับบริการ/เคยอยู่ในเขต,45-59 ปี,69
code,DIAGNOSIS_OPD,มะนัง,28786,โรงพยาบาลมะนัง,"โรคซึมเศร้า (F32,F33,F341,F38,F39)",F32,4,4: นอกเขต มารับบริการ/เคยอยู่ในเขต,60-74 ปี,35
code,DIAGNOSIS_OPD,มะนัง,28786,โรงพยาบาลมะนัง,"โรคซึมเศร้า (F32,F33,F341,F38,F39)",F32,4,4: นอกเขต มารับบริการ/เคยอยู่ในเขต,75 ปีขึ้นไป,15
code,DIAGNOSIS_OPD,มะนัง,28786,โรงพยาบาลมะนัง,"โรคซึมเศร้า (F32,F33,F341,F38,F39)",F33,1,1: ในเขต มีชื่อ+อยู่จริง,30-44 ปี,2
code,DIAGNOSIS_OPD,มะนัง,28786,โรงพยาบาลมะนัง,"โรคซึมเศร้า (F32,F33,F341,F38,F39)",F33,1,1: ในเขต มีชื่อ+อยู่จริง,60-74 ปี,2
code,DIAGNOSIS_OPD,มะนัง,28786,โรงพยาบาลมะนัง,"โรคซึมเศร้า (F32,F33,F341,F38,F39)",F33,2,2: ในเขต มีชื่อ แต่ไม่อยู่จริง,30-44 ปี,1
code,DIAGNOSIS_OPD,มะนัง,28786,โรงพยาบาลมะนัง,"โรคซึมเศร้า (F32,F33,F341,F38,F39)",F33,4,4: นอกเขต มารับบริการ/เคยอยู่ในเขต,0-14 ปี,4
code,DIAGNOSIS_OPD,มะนัง,28786,โรงพยาบาลมะนัง,"โรคซึมเศร้า (F32,F33,F341,F38,F39)",F33,4,4: นอกเขต มารับบริการ/เคยอยู่ในเขต,15-29 ปี,14
code,DIAGNOSIS_OPD,มะนัง,28786,โรงพยาบาลมะนัง,"โรคซึมเศร้า (F32,F33,F341,F38,F39)",F33,4,4: นอกเขต มารับบริการ/เคยอยู่ในเขต,30-44 ปี,13
code,DIAGNOSIS_OPD,มะนัง,28786,โรงพยาบาลมะนัง,"โรคซึมเศร้า (F32,F33,F341,F38,F39)",F33,4,4: นอกเขต มารับบริการ/เคยอยู่ในเขต,45-59 ปี,13
code,DIAGNOSIS_OPD,มะนัง,28786,โรงพยาบาลมะนัง,"โรคซึมเศร้า (F32,F33,F341,F38,F39)",F33,4,4: นอกเขต มารับบริการ/เคยอยู่ในเขต,60-74 ปี,6
code,DIAGNOSIS_OPD,มะนัง,28786,โรงพยาบาลมะนัง,"โรคซึมเศร้า (F32,F33,F341,F38,F39)",F33,4,4: นอกเขต มารับบริการ/เคยอยู่ในเขต,75 ปีขึ้นไป,1
code,DIAGNOSIS_OPD,มะนัง,28786,โรงพยาบาลมะนัง,"โรคซึมเศร้า (F32,F33,F341,F38,F39)",F341,4,4: นอกเขต มารับบริการ/เคยอยู่ในเขต,0-14 ปี,2
code,DIAGNOSIS_OPD,มะนัง,28786,โรงพยาบาลมะนัง,"โรคซึมเศร้า (F32,F33,F341,F38,F39)",F341,4,4: นอกเขต มารับบริการ/เคยอยู่ในเขต,15-29 ปี,1
code,DIAGNOSIS_OPD,มะนัง,28786,โรงพยาบาลมะนัง,"โรคซึมเศร้า (F32,F33,F341,F38,F39)",F341,4,4: นอกเขต มารับบริการ/เคยอยู่ในเขต,30-44 ปี,1
code,DIAGNOSIS_OPD,มะนัง,28786,โรงพยาบาลมะนัง,"โรคซึมเศร้า (F32,F33,F341,F38,F39)",F38,4,4: นอกเขต มารับบริการ/เคยอยู่ในเขต,60-74 ปี,1
code,DIAGNOSIS_OPD,มะนัง,28786,โรงพยาบาลมะนัง,"โรคซึมเศร้า (F32,F33,F341,F38,F39)",F39,4,4: นอกเขต มารับบริการ/เคยอยู่ในเขต,45-59 ปี,1
code,DIAGNOSIS_OPD,มะนัง,28786,โรงพยาบาลมะนัง,"โรคซึมเศร้า (F32,F33,F341,F38,F39)",F39,4,4: นอกเขต มารับบริการ/เคยอยู่ในเขต,60-74 ปี,1
code,DIAGNOSIS_OPD,มะนัง,28786,โรงพยาบาลมะนัง,"โรคทางจิตเวชอื่นๆ (F04-F09,F50-F69,F80,F82-F83,F88-F89,F91-F99 ยกเว้น F638,F988)",F04,1,1: ในเขต มีชื่อ+อยู่จริง,75 ปีขึ้นไป,1
code,DIAGNOSIS_OPD,มะนัง,28786,โรงพยาบาลมะนัง,"โรคทางจิตเวชอื่นๆ (F04-F09,F50-F69,F80,F82-F83,F88-F89,F91-F99 ยกเว้น F638,F988)",F04,4,4: นอกเขต มารับบริการ/เคยอยู่ในเขต,75 ปีขึ้นไป,2
code,DIAGNOSIS_OPD,มะนัง,28786,โรงพยาบาลมะนัง,"โรคทางจิตเวชอื่นๆ (F04-F09,F50-F69,F80,F82-F83,F88-F89,F91-F99 ยกเว้น F638,F988)",F05,4,4: นอกเขต มารับบริการ/เคยอยู่ในเขต,0-14 ปี,1
code,DIAGNOSIS_OPD,มะนัง,28786,โรงพยาบาลมะนัง,"โรคทางจิตเวชอื่นๆ (F04-F09,F50-F69,F80,F82-F83,F88-F89,F91-F99 ยกเว้น F638,F988)",F05,4,4: นอกเขต มารับบริการ/เคยอยู่ในเขต,30-44 ปี,1
code,DIAGNOSIS_OPD,มะนัง,28786,โรงพยาบาลมะนัง,"โรคทางจิตเวชอื่นๆ (F04-F09,F50-F69,F80,F82-F83,F88-F89,F91-F99 ยกเว้น F638,F988)",F05,4,4: นอกเขต มารับบริการ/เคยอยู่ในเขต,75 ปีขึ้นไป,5
code,DIAGNOSIS_OPD,มะนัง,28786,โรงพยาบาลมะนัง,"โรคทางจิตเวชอื่นๆ (F04-F09,F50-F69,F80,F82-F83,F88-F89,F91-F99 ยกเว้น F638,F988)",F06,1,1: ในเขต มีชื่อ+อยู่จริง,30-44 ปี,1
code,DIAGNOSIS_OPD,มะนัง,28786,โรงพยาบาลมะนัง,"โรคทางจิตเวชอื่นๆ (F04-F09,F50-F69,F80,F82-F83,F88-F89,F91-F99 ยกเว้น F638,F988)",F06,1,1: ในเขต มีชื่อ+อยู่จริง,60-74 ปี,1
code,DIAGNOSIS_OPD,มะนัง,28786,โรงพยาบาลมะนัง,"โรคทางจิตเวชอื่นๆ (F04-F09,F50-F69,F80,F82-F83,F88-F89,F91-F99 ยกเว้น F638,F988)",F06,4,4: นอกเขต มารับบริการ/เคยอยู่ในเขต,0-14 ปี,1
code,DIAGNOSIS_OPD,มะนัง,28786,โรงพยาบาลมะนัง,"โรคทางจิตเวชอื่นๆ (F04-F09,F50-F69,F80,F82-F83,F88-F89,F91-F99 ยกเว้น F638,F988)",F06,4,4: นอกเขต มารับบริการ/เคยอยู่ในเขต,30-44 ปี,2
code,DIAGNOSIS_OPD,มะนัง,28786,โรงพยาบาลมะนัง,"โรคทางจิตเวชอื่นๆ (F04-F09,F50-F69,F80,F82-F83,F88-F89,F91-F99 ยกเว้น F638,F988)",F06,4,4: นอกเขต มารับบริการ/เคยอยู่ในเขต,60-74 ปี,2
code,DIAGNOSIS_OPD,มะนัง,28786,โรงพยาบาลมะนัง,"โรคทางจิตเวชอื่นๆ (F04-F09,F50-F69,F80,F82-F83,F88-F89,F91-F99 ยกเว้น F638,F988)",F06,4,4: นอกเขต มารับบริการ/เคยอยู่ในเขต,75 ปีขึ้นไป,2
code,DIAGNOSIS_OPD,มะนัง,28786,โรงพยาบาลมะนัง,"โรคทางจิตเวชอื่นๆ (F04-F09,F50-F69,F80,F82-F83,F88-F89,F91-F99 ยกเว้น F638,F988)",F09,1,1: ในเขต มีชื่อ+อยู่จริง,15-29 ปี,2
code,DIAGNOSIS_OPD,มะนัง,28786,โรงพยาบาลมะนัง,"โรคทางจิตเวชอื่นๆ (F04-F09,F50-F69,F80,F82-F83,F88-F89,F91-F99 ยกเว้น F638,F988)",F09,1,1: ในเขต มีชื่อ+อยู่จริง,30-44 ปี,1
code,DIAGNOSIS_OPD,มะนัง,28786,โรงพยาบาลมะนัง,"โรคทางจิตเวชอื่นๆ (F04-F09,F50-F69,F80,F82-F83,F88-F89,F91-F99 ยกเว้น F638,F988)",F09,1,1: ในเขต มีชื่อ+อยู่จริง,45-59 ปี,2
code,DIAGNOSIS_OPD,มะนัง,28786,โรงพยาบาลมะนัง,"โรคทางจิตเวชอื่นๆ (F04-F09,F50-F69,F80,F82-F83,F88-F89,F91-F99 ยกเว้น F638,F988)",F09,2,2: ในเขต มีชื่อ แต่ไม่อยู่จริง,30-44 ปี,1
code,DIAGNOSIS_OPD,มะนัง,28786,โรงพยาบาลมะนัง,"โรคทางจิตเวชอื่นๆ (F04-F09,F50-F69,F80,F82-F83,F88-F89,F91-F99 ยกเว้น F638,F988)",F09,4,4: นอกเขต มารับบริการ/เคยอยู่ในเขต,0-14 ปี,1
code,DIAGNOSIS_OPD,มะนัง,28786,โรงพยาบาลมะนัง,"โรคทางจิตเวชอื่นๆ (F04-F09,F50-F69,F80,F82-F83,F88-F89,F91-F99 ยกเว้น F638,F988)",F09,4,4: นอกเขต มารับบริการ/เคยอยู่ในเขต,15-29 ปี,5
code,DIAGNOSIS_OPD,มะนัง,28786,โรงพยาบาลมะนัง,"โรคทางจิตเวชอื่นๆ (F04-F09,F50-F69,F80,F82-F83,F88-F89,F91-F99 ยกเว้น F638,F988)",F09,4,4: นอกเขต มารับบริการ/เคยอยู่ในเขต,30-44 ปี,7
code,DIAGNOSIS_OPD,มะนัง,28786,โรงพยาบาลมะนัง,"โรคทางจิตเวชอื่นๆ (F04-F09,F50-F69,F80,F82-F83,F88-F89,F91-F99 ยกเว้น F638,F988)",F09,4,4: นอกเขต มารับบริการ/เคยอยู่ในเขต,75 ปีขึ้นไป,4
code,DIAGNOSIS_OPD,มะนัง,28786,โรงพยาบาลมะนัง,"โรคทางจิตเวชอื่นๆ (F04-F09,F50-F69,F80,F82-F83,F88-F89,F91-F99 ยกเว้น F638,F988)",F51,1,1: ในเขต มีชื่อ+อยู่จริง,15-29 ปี,3
code,DIAGNOSIS_OPD,มะนัง,28786,โรงพยาบาลมะนัง,"โรคทางจิตเวชอื่นๆ (F04-F09,F50-F69,F80,F82-F83,F88-F89,F91-F99 ยกเว้น F638,F988)",F51,1,1: ในเขต มีชื่อ+อยู่จริง,30-44 ปี,8
code,DIAGNOSIS_OPD,มะนัง,28786,โรงพยาบาลมะนัง,"โรคทางจิตเวชอื่นๆ (F04-F09,F50-F69,F80,F82-F83,F88-F89,F91-F99 ยกเว้น F638,F988)",F51,1,1: ในเขต มีชื่อ+อยู่จริง,45-59 ปี,34
code,DIAGNOSIS_OPD,มะนัง,28786,โรงพยาบาลมะนัง,"โรคทางจิตเวชอื่นๆ (F04-F09,F50-F69,F80,F82-F83,F88-F89,F91-F99 ยกเว้น F638,F988)",F51,1,1: ในเขต มีชื่อ+อยู่จริง,60-74 ปี,30
code,DIAGNOSIS_OPD,มะนัง,28786,โรงพยาบาลมะนัง,"โรคทางจิตเวชอื่นๆ (F04-F09,F50-F69,F80,F82-F83,F88-F89,F91-F99 ยกเว้น F638,F988)",F51,1,1: ในเขต มีชื่อ+อยู่จริง,75 ปีขึ้นไป,14
code,DIAGNOSIS_OPD,มะนัง,28786,โรงพยาบาลมะนัง,"โรคทางจิตเวชอื่นๆ (F04-F09,F50-F69,F80,F82-F83,F88-F89,F91-F99 ยกเว้น F638,F988)",F51,2,2: ในเขต มีชื่อ แต่ไม่อยู่จริง,30-44 ปี,3
code,DIAGNOSIS_OPD,มะนัง,28786,โรงพยาบาลมะนัง,"โรคทางจิตเวชอื่นๆ (F04-F09,F50-F69,F80,F82-F83,F88-F89,F91-F99 ยกเว้น F638,F988)",F51,2,2: ในเขต มีชื่อ แต่ไม่อยู่จริง,45-59 ปี,5
code,DIAGNOSIS_OPD,มะนัง,28786,โรงพยาบาลมะนัง,"โรคทางจิตเวชอื่นๆ (F04-F09,F50-F69,F80,F82-F83,F88-F89,F91-F99 ยกเว้น F638,F988)",F51,2,2: ในเขต มีชื่อ แต่ไม่อยู่จริง,60-74 ปี,4
code,DIAGNOSIS_OPD,มะนัง,28786,โรงพยาบาลมะนัง,"โรคทางจิตเวชอื่นๆ (F04-F09,F50-F69,F80,F82-F83,F88-F89,F91-F99 ยกเว้น F638,F988)",F51,2,2: ในเขต มีชื่อ แต่ไม่อยู่จริง,75 ปีขึ้นไป,4
code,DIAGNOSIS_OPD,มะนัง,28786,โรงพยาบาลมะนัง,"โรคทางจิตเวชอื่นๆ (F04-F09,F50-F69,F80,F82-F83,F88-F89,F91-F99 ยกเว้น F638,F988)",F51,3,3: อาศัยในเขต ทะเบียนบ้านอยู่นอกเขต,30-44 ปี,2
code,DIAGNOSIS_OPD,มะนัง,28786,โรงพยาบาลมะนัง,"โรคทางจิตเวชอื่นๆ (F04-F09,F50-F69,F80,F82-F83,F88-F89,F91-F99 ยกเว้น F638,F988)",F51,3,3: อาศัยในเขต ทะเบียนบ้านอยู่นอกเขต,45-59 ปี,2
code,DIAGNOSIS_OPD,มะนัง,28786,โรงพยาบาลมะนัง,"โรคทางจิตเวชอื่นๆ (F04-F09,F50-F69,F80,F82-F83,F88-F89,F91-F99 ยกเว้น F638,F988)",F51,3,3: อาศัยในเขต ทะเบียนบ้านอยู่นอกเขต,60-74 ปี,1
code,DIAGNOSIS_OPD,มะนัง,28786,โรงพยาบาลมะนัง,"โรคทางจิตเวชอื่นๆ (F04-F09,F50-F69,F80,F82-F83,F88-F89,F91-F99 ยกเว้น F638,F988)",F51,4,4: นอกเขต มารับบริการ/เคยอยู่ในเขต,0-14 ปี,1
code,DIAGNOSIS_OPD,มะนัง,28786,โรงพยาบาลมะนัง,"โรคทางจิตเวชอื่นๆ (F04-F09,F50-F69,F80,F82-F83,F88-F89,F91-F99 ยกเว้น F638,F988)",F51,4,4: นอกเขต มารับบริการ/เคยอยู่ในเขต,15-29 ปี,16
code,DIAGNOSIS_OPD,มะนัง,28786,โรงพยาบาลมะนัง,"โรคทางจิตเวชอื่นๆ (F04-F09,F50-F69,F80,F82-F83,F88-F89,F91-F99 ยกเว้น F638,F988)",F51,4,4: นอกเขต มารับบริการ/เคยอยู่ในเขต,30-44 ปี,81
code,DIAGNOSIS_OPD,มะนัง,28786,โรงพยาบาลมะนัง,"โรคทางจิตเวชอื่นๆ (F04-F09,F50-F69,F80,F82-F83,F88-F89,F91-F99 ยกเว้น F638,F988)",F51,4,4: นอกเขต มารับบริการ/เคยอยู่ในเขต,45-59 ปี,158
code,DIAGNOSIS_OPD,มะนัง,28786,โรงพยาบาลมะนัง,"โรคทางจิตเวชอื่นๆ (F04-F09,F50-F69,F80,F82-F83,F88-F89,F91-F99 ยกเว้น F638,F988)",F51,4,4: นอกเขต มารับบริการ/เคยอยู่ในเขต,60-74 ปี,188
code,DIAGNOSIS_OPD,มะนัง,28786,โรงพยาบาลมะนัง,"โรคทางจิตเวชอื่นๆ (F04-F09,F50-F69,F80,F82-F83,F88-F89,F91-F99 ยกเว้น F638,F988)",F51,4,4: นอกเขต มารับบริการ/เคยอยู่ในเขต,75 ปีขึ้นไป,98
code,DIAGNOSIS_OPD,มะนัง,28786,โรงพยาบาลมะนัง,"โรคทางจิตเวชอื่นๆ (F04-F09,F50-F69,F80,F82-F83,F88-F89,F91-F99 ยกเว้น F638,F988)",F52,4,4: นอกเขต มารับบริการ/เคยอยู่ในเขต,45-59 ปี,1
code,DIAGNOSIS_OPD,มะนัง,28786,โรงพยาบาลมะนัง,"โรคทางจิตเวชอื่นๆ (F04-F09,F50-F69,F80,F82-F83,F88-F89,F91-F99 ยกเว้น F638,F988)",F53,4,4: นอกเขต มารับบริการ/เคยอยู่ในเขต,15-29 ปี,1
code,DIAGNOSIS_OPD,มะนัง,28786,โรงพยาบาลมะนัง,"โรคทางจิตเวชอื่นๆ (F04-F09,F50-F69,F80,F82-F83,F88-F89,F91-F99 ยกเว้น F638,F988)",F54,1,1: ในเขต มีชื่อ+อยู่จริง,0-14 ปี,1
code,DIAGNOSIS_OPD,มะนัง,28786,โรงพยาบาลมะนัง,"โรคทางจิตเวชอื่นๆ (F04-F09,F50-F69,F80,F82-F83,F88-F89,F91-F99 ยกเว้น F638,F988)",F54,1,1: ในเขต มีชื่อ+อยู่จริง,15-29 ปี,3
code,DIAGNOSIS_OPD,มะนัง,28786,โรงพยาบาลมะนัง,"โรคทางจิตเวชอื่นๆ (F04-F09,F50-F69,F80,F82-F83,F88-F89,F91-F99 ยกเว้น F638,F988)",F54,1,1: ในเขต มีชื่อ+อยู่จริง,30-44 ปี,3
code,DIAGNOSIS_OPD,มะนัง,28786,โรงพยาบาลมะนัง,"โรคทางจิตเวชอื่นๆ (F04-F09,F50-F69,F80,F82-F83,F88-F89,F91-F99 ยกเว้น F638,F988)",F54,1,1: ในเขต มีชื่อ+อยู่จริง,45-59 ปี,1
code,DIAGNOSIS_OPD,มะนัง,28786,โรงพยาบาลมะนัง,"โรคทางจิตเวชอื่นๆ (F04-F09,F50-F69,F80,F82-F83,F88-F89,F91-F99 ยกเว้น F638,F988)",F54,2,2: ในเขต มีชื่อ แต่ไม่อยู่จริง,30-44 ปี,2
code,DIAGNOSIS_OPD,มะนัง,28786,โรงพยาบาลมะนัง,"โรคทางจิตเวชอื่นๆ (F04-F09,F50-F69,F80,F82-F83,F88-F89,F91-F99 ยกเว้น F638,F988)",F54,3,3: อาศัยในเขต ทะเบียนบ้านอยู่นอกเขต,15-29 ปี,1
code,DIAGNOSIS_OPD,มะนัง,28786,โรงพยาบาลมะนัง,"โรคทางจิตเวชอื่นๆ (F04-F09,F50-F69,F80,F82-F83,F88-F89,F91-F99 ยกเว้น F638,F988)",F54,4,4: นอกเขต มารับบริการ/เคยอยู่ในเขต,0-14 ปี,2
code,DIAGNOSIS_OPD,มะนัง,28786,โรงพยาบาลมะนัง,"โรคทางจิตเวชอื่นๆ (F04-F09,F50-F69,F80,F82-F83,F88-F89,F91-F99 ยกเว้น F638,F988)",F54,4,4: นอกเขต มารับบริการ/เคยอยู่ในเขต,15-29 ปี,22
code,DIAGNOSIS_OPD,มะนัง,28786,โรงพยาบาลมะนัง,"โรคทางจิตเวชอื่นๆ (F04-F09,F50-F69,F80,F82-F83,F88-F89,F91-F99 ยกเว้น F638,F988)",F54,4,4: นอกเขต มารับบริการ/เคยอยู่ในเขต,30-44 ปี,13
code,DIAGNOSIS_OPD,มะนัง,28786,โรงพยาบาลมะนัง,"โรคทางจิตเวชอื่นๆ (F04-F09,F50-F69,F80,F82-F83,F88-F89,F91-F99 ยกเว้น F638,F988)",F54,4,4: นอกเขต มารับบริการ/เคยอยู่ในเขต,45-59 ปี,4
code,DIAGNOSIS_OPD,มะนัง,28786,โรงพยาบาลมะนัง,"โรคทางจิตเวชอื่นๆ (F04-F09,F50-F69,F80,F82-F83,F88-F89,F91-F99 ยกเว้น F638,F988)",F55,4,4: นอกเขต มารับบริการ/เคยอยู่ในเขต,30-44 ปี,1
code,DIAGNOSIS_OPD,มะนัง,28786,โรงพยาบาลมะนัง,"โรคทางจิตเวชอื่นๆ (F04-F09,F50-F69,F80,F82-F83,F88-F89,F91-F99 ยกเว้น F638,F988)",F60,4,4: นอกเขต มารับบริการ/เคยอยู่ในเขต,0-14 ปี,1
code,DIAGNOSIS_OPD,มะนัง,28786,โรงพยาบาลมะนัง,"โรคทางจิตเวชอื่นๆ (F04-F09,F50-F69,F80,F82-F83,F88-F89,F91-F99 ยกเว้น F638,F988)",F62,2,2: ในเขต มีชื่อ แต่ไม่อยู่จริง,0-14 ปี,1
code,DIAGNOSIS_OPD,มะนัง,28786,โรงพยาบาลมะนัง,"โรคทางจิตเวชอื่นๆ (F04-F09,F50-F69,F80,F82-F83,F88-F89,F91-F99 ยกเว้น F638,F988)",F62,4,4: นอกเขต มารับบริการ/เคยอยู่ในเขต,15-29 ปี,1
code,DIAGNOSIS_OPD,มะนัง,28786,โรงพยาบาลมะนัง,"โรคทางจิตเวชอื่นๆ (F04-F09,F50-F69,F80,F82-F83,F88-F89,F91-F99 ยกเว้น F638,F988)",F63,4,4: นอกเขต มารับบริการ/เคยอยู่ในเขต,0-14 ปี,1
code,DIAGNOSIS_OPD,มะนัง,28786,โรงพยาบาลมะนัง,"โรคทางจิตเวชอื่นๆ (F04-F09,F50-F69,F80,F82-F83,F88-F89,F91-F99 ยกเว้น F638,F988)",F64,4,4: นอกเขต มารับบริการ/เคยอยู่ในเขต,30-44 ปี,1
code,DIAGNOSIS_OPD,มะนัง,28786,โรงพยาบาลมะนัง,"โรคทางจิตเวชอื่นๆ (F04-F09,F50-F69,F80,F82-F83,F88-F89,F91-F99 ยกเว้น F638,F988)",F80,1,1: ในเขต มีชื่อ+อยู่จริง,0-14 ปี,1
code,DIAGNOSIS_OPD,มะนัง,28786,โรงพยาบาลมะนัง,"โรคทางจิตเวชอื่นๆ (F04-F09,F50-F69,F80,F82-F83,F88-F89,F91-F99 ยกเว้น F638,F988)",F80,4,4: นอกเขต มารับบริการ/เคยอยู่ในเขต,0-14 ปี,2
code,DIAGNOSIS_OPD,มะนัง,28786,โรงพยาบาลมะนัง,"โรคทางจิตเวชอื่นๆ (F04-F09,F50-F69,F80,F82-F83,F88-F89,F91-F99 ยกเว้น F638,F988)",F80,4,4: นอกเขต มารับบริการ/เคยอยู่ในเขต,15-29 ปี,1
code,DIAGNOSIS_OPD,มะนัง,28786,โรงพยาบาลมะนัง,"โรคทางจิตเวชอื่นๆ (F04-F09,F50-F69,F80,F82-F83,F88-F89,F91-F99 ยกเว้น F638,F988)",F83,"",อื่นๆ/ไม่ทราบ,0-14 ปี,1
code,DIAGNOSIS_OPD,มะนัง,28786,โรงพยาบาลมะนัง,"โรคทางจิตเวชอื่นๆ (F04-F09,F50-F69,F80,F82-F83,F88-F89,F91-F99 ยกเว้น F638,F988)",F83,1,1: ในเขต มีชื่อ+อยู่จริง,0-14 ปี,15
code,DIAGNOSIS_OPD,มะนัง,28786,โรงพยาบาลมะนัง,"โรคทางจิตเวชอื่นๆ (F04-F09,F50-F69,F80,F82-F83,F88-F89,F91-F99 ยกเว้น F638,F988)",F83,4,4: นอกเขต มารับบริการ/เคยอยู่ในเขต,0-14 ปี,22
code,DIAGNOSIS_OPD,มะนัง,28786,โรงพยาบาลมะนัง,"โรคทางจิตเวชอื่นๆ (F04-F09,F50-F69,F80,F82-F83,F88-F89,F91-F99 ยกเว้น F638,F988)",F83,4,4: นอกเขต มารับบริการ/เคยอยู่ในเขต,15-29 ปี,2
code,DIAGNOSIS_OPD,มะนัง,28786,โรงพยาบาลมะนัง,"โรคทางจิตเวชอื่นๆ (F04-F09,F50-F69,F80,F82-F83,F88-F89,F91-F99 ยกเว้น F638,F988)",F89,1,1: ในเขต มีชื่อ+อยู่จริง,0-14 ปี,5
code,DIAGNOSIS_OPD,มะนัง,28786,โรงพยาบาลมะนัง,"โรคทางจิตเวชอื่นๆ (F04-F09,F50-F69,F80,F82-F83,F88-F89,F91-F99 ยกเว้น F638,F988)",F89,4,4: นอกเขต มารับบริการ/เคยอยู่ในเขต,0-14 ปี,8
code,DIAGNOSIS_OPD,มะนัง,28786,โรงพยาบาลมะนัง,"โรคทางจิตเวชอื่นๆ (F04-F09,F50-F69,F80,F82-F83,F88-F89,F91-F99 ยกเว้น F638,F988)",F89,4,4: นอกเขต มารับบริการ/เคยอยู่ในเขต,15-29 ปี,1
code,DIAGNOSIS_OPD,มะนัง,28786,โรงพยาบาลมะนัง,"โรคทางจิตเวชอื่นๆ (F04-F09,F50-F69,F80,F82-F83,F88-F89,F91-F99 ยกเว้น F638,F988)",F98,1,1: ในเขต มีชื่อ+อยู่จริง,15-29 ปี,1
code,DIAGNOSIS_OPD,มะนัง,28786,โรงพยาบาลมะนัง,"โรคทางจิตเวชอื่นๆ (F04-F09,F50-F69,F80,F82-F83,F88-F89,F91-F99 ยกเว้น F638,F988)",F98,4,4: นอกเขต มารับบริการ/เคยอยู่ในเขต,0-14 ปี,2
code,DIAGNOSIS_OPD,มะนัง,28786,โรงพยาบาลมะนัง,โรคลมชัก (G40-G41),G40,1,1: ในเขต มีชื่อ+อยู่จริง,0-14 ปี,4
code,DIAGNOSIS_OPD,มะนัง,28786,โรงพยาบาลมะนัง,โรคลมชัก (G40-G41),G40,1,1: ในเขต มีชื่อ+อยู่จริง,15-29 ปี,2
code,DIAGNOSIS_OPD,มะนัง,28786,โรงพยาบาลมะนัง,โรคลมชัก (G40-G41),G40,1,1: ในเขต มีชื่อ+อยู่จริง,30-44 ปี,3
code,DIAGNOSIS_OPD,มะนัง,28786,โรงพยาบาลมะนัง,โรคลมชัก (G40-G41),G40,1,1: ในเขต มีชื่อ+อยู่จริง,45-59 ปี,1
code,DIAGNOSIS_OPD,มะนัง,28786,โรงพยาบาลมะนัง,โรคลมชัก (G40-G41),G40,1,1: ในเขต มีชื่อ+อยู่จริง,60-74 ปี,1
code,DIAGNOSIS_OPD,มะนัง,28786,โรงพยาบาลมะนัง,โรคลมชัก (G40-G41),G40,2,2: ในเขต มีชื่อ แต่ไม่อยู่จริง,15-29 ปี,2
code,DIAGNOSIS_OPD,มะนัง,28786,โรงพยาบาลมะนัง,โรคลมชัก (G40-G41),G40,4,4: นอกเขต มารับบริการ/เคยอยู่ในเขต,0-14 ปี,17
code,DIAGNOSIS_OPD,มะนัง,28786,โรงพยาบาลมะนัง,โรคลมชัก (G40-G41),G40,4,4: นอกเขต มารับบริการ/เคยอยู่ในเขต,15-29 ปี,18
code,DIAGNOSIS_OPD,มะนัง,28786,โรงพยาบาลมะนัง,โรคลมชัก (G40-G41),G40,4,4: นอกเขต มารับบริการ/เคยอยู่ในเขต,30-44 ปี,20
code,DIAGNOSIS_OPD,มะนัง,28786,โรงพยาบาลมะนัง,โรคลมชัก (G40-G41),G40,4,4: นอกเขต มารับบริการ/เคยอยู่ในเขต,45-59 ปี,11
code,DIAGNOSIS_OPD,มะนัง,28786,โรงพยาบาลมะนัง,โรคลมชัก (G40-G41),G40,4,4: นอกเขต มารับบริการ/เคยอยู่ในเขต,60-74 ปี,7
code,DIAGNOSIS_OPD,มะนัง,28786,โรงพยาบาลมะนัง,โรคลมชัก (G40-G41),G40,4,4: นอกเขต มารับบริการ/เคยอยู่ในเขต,75 ปีขึ้นไป,3
code,DIAGNOSIS_OPD,มะนัง,28786,โรงพยาบาลมะนัง,โรคลมชัก (G40-G41),G41,1,1: ในเขต มีชื่อ+อยู่จริง,0-14 ปี,1
code,DIAGNOSIS_OPD,มะนัง,28786,โรงพยาบาลมะนัง,โรคลมชัก (G40-G41),G41,4,4: นอกเขต มารับบริการ/เคยอยู่ในเขต,30-44 ปี,1
code,DIAGNOSIS_OPD,มะนัง,28786,โรงพยาบาลมะนัง,โรคลมชัก (G40-G41),G41,4,4: นอกเขต มารับบริการ/เคยอยู่ในเขต,45-59 ปี,1
code,DIAGNOSIS_OPD,มะนัง,28786,โรงพยาบาลมะนัง,โรควิตกกังวล (F40-F48),F40,1,1: ในเขต มีชื่อ+อยู่จริง,15-29 ปี,1
code,DIAGNOSIS_OPD,มะนัง,28786,โรงพยาบาลมะนัง,โรควิตกกังวล (F40-F48),F40,4,4: นอกเขต มารับบริการ/เคยอยู่ในเขต,15-29 ปี,3
code,DIAGNOSIS_OPD,มะนัง,28786,โรงพยาบาลมะนัง,โรควิตกกังวล (F40-F48),F40,4,4: นอกเขต มารับบริการ/เคยอยู่ในเขต,30-44 ปี,4
code,DIAGNOSIS_OPD,มะนัง,28786,โรงพยาบาลมะนัง,โรควิตกกังวล (F40-F48),F40,4,4: นอกเขต มารับบริการ/เคยอยู่ในเขต,60-74 ปี,1
code,DIAGNOSIS_OPD,มะนัง,28786,โรงพยาบาลมะนัง,โรควิตกกังวล (F40-F48),F41,"",อื่นๆ/ไม่ทราบ,15-29 ปี,5
code,DIAGNOSIS_OPD,มะนัง,28786,โรงพยาบาลมะนัง,โรควิตกกังวล (F40-F48),F41,1,1: ในเขต มีชื่อ+อยู่จริง,0-14 ปี,2
code,DIAGNOSIS_OPD,มะนัง,28786,โรงพยาบาลมะนัง,โรควิตกกังวล (F40-F48),F41,1,1: ในเขต มีชื่อ+อยู่จริง,15-29 ปี,6
code,DIAGNOSIS_OPD,มะนัง,28786,โรงพยาบาลมะนัง,โรควิตกกังวล (F40-F48),F41,1,1: ในเขต มีชื่อ+อยู่จริง,30-44 ปี,18
code,DIAGNOSIS_OPD,มะนัง,28786,โรงพยาบาลมะนัง,โรควิตกกังวล (F40-F48),F41,1,1: ในเขต มีชื่อ+อยู่จริง,45-59 ปี,44
code,DIAGNOSIS_OPD,มะนัง,28786,โรงพยาบาลมะนัง,โรควิตกกังวล (F40-F48),F41,1,1: ในเขต มีชื่อ+อยู่จริง,60-74 ปี,40
code,DIAGNOSIS_OPD,มะนัง,28786,โรงพยาบาลมะนัง,โรควิตกกังวล (F40-F48),F41,1,1: ในเขต มีชื่อ+อยู่จริง,75 ปีขึ้นไป,13
code,DIAGNOSIS_OPD,มะนัง,28786,โรงพยาบาลมะนัง,โรควิตกกังวล (F40-F48),F41,2,2: ในเขต มีชื่อ แต่ไม่อยู่จริง,0-14 ปี,1
code,DIAGNOSIS_OPD,มะนัง,28786,โรงพยาบาลมะนัง,โรควิตกกังวล (F40-F48),F41,2,2: ในเขต มีชื่อ แต่ไม่อยู่จริง,15-29 ปี,3
code,DIAGNOSIS_OPD,มะนัง,28786,โรงพยาบาลมะนัง,โรควิตกกังวล (F40-F48),F41,2,2: ในเขต มีชื่อ แต่ไม่อยู่จริง,30-44 ปี,2
code,DIAGNOSIS_OPD,มะนัง,28786,โรงพยาบาลมะนัง,โรควิตกกังวล (F40-F48),F41,2,2: ในเขต มีชื่อ แต่ไม่อยู่จริง,45-59 ปี,2
code,DIAGNOSIS_OPD,มะนัง,28786,โรงพยาบาลมะนัง,โรควิตกกังวล (F40-F48),F41,2,2: ในเขต มีชื่อ แต่ไม่อยู่จริง,60-74 ปี,4
code,DIAGNOSIS_OPD,มะนัง,28786,โรงพยาบาลมะนัง,โรควิตกกังวล (F40-F48),F41,2,2: ในเขต มีชื่อ แต่ไม่อยู่จริง,75 ปีขึ้นไป,1
code,DIAGNOSIS_OPD,มะนัง,28786,โรงพยาบาลมะนัง,โรควิตกกังวล (F40-F48),F41,3,3: อาศัยในเขต ทะเบียนบ้านอยู่นอกเขต,15-29 ปี,2
code,DIAGNOSIS_OPD,มะนัง,28786,โรงพยาบาลมะนัง,โรควิตกกังวล (F40-F48),F41,3,3: อาศัยในเขต ทะเบียนบ้านอยู่นอกเขต,30-44 ปี,1
code,DIAGNOSIS_OPD,มะนัง,28786,โรงพยาบาลมะนัง,โรควิตกกังวล (F40-F48),F41,3,3: อาศัยในเขต ทะเบียนบ้านอยู่นอกเขต,45-59 ปี,2
code,DIAGNOSIS_OPD,มะนัง,28786,โรงพยาบาลมะนัง,โรควิตกกังวล (F40-F48),F41,3,3: อาศัยในเขต ทะเบียนบ้านอยู่นอกเขต,60-74 ปี,1
code,DIAGNOSIS_OPD,มะนัง,28786,โรงพยาบาลมะนัง,โรควิตกกังวล (F40-F48),F41,4,4: นอกเขต มารับบริการ/เคยอยู่ในเขต,0-14 ปี,20
code,DIAGNOSIS_OPD,มะนัง,28786,โรงพยาบาลมะนัง,โรควิตกกังวล (F40-F48),F41,4,4: นอกเขต มารับบริการ/เคยอยู่ในเขต,15-29 ปี,78
code,DIAGNOSIS_OPD,มะนัง,28786,โรงพยาบาลมะนัง,โรควิตกกังวล (F40-F48),F41,4,4: นอกเขต มารับบริการ/เคยอยู่ในเขต,30-44 ปี,119
code,DIAGNOSIS_OPD,มะนัง,28786,โรงพยาบาลมะนัง,โรควิตกกังวล (F40-F48),F41,4,4: นอกเขต มารับบริการ/เคยอยู่ในเขต,45-59 ปี,139
code,DIAGNOSIS_OPD,มะนัง,28786,โรงพยาบาลมะนัง,โรควิตกกังวล (F40-F48),F41,4,4: นอกเขต มารับบริการ/เคยอยู่ในเขต,60-74 ปี,156
code,DIAGNOSIS_OPD,มะนัง,28786,โรงพยาบาลมะนัง,โรควิตกกังวล (F40-F48),F41,4,4: นอกเขต มารับบริการ/เคยอยู่ในเขต,75 ปีขึ้นไป,57
code,DIAGNOSIS_OPD,มะนัง,28786,โรงพยาบาลมะนัง,โรควิตกกังวล (F40-F48),F42,4,4: นอกเขต มารับบริการ/เคยอยู่ในเขต,15-29 ปี,1
code,DIAGNOSIS_OPD,มะนัง,28786,โรงพยาบาลมะนัง,โรควิตกกังวล (F40-F48),F42,4,4: นอกเขต มารับบริการ/เคยอยู่ในเขต,30-44 ปี,1
code,DIAGNOSIS_OPD,มะนัง,28786,โรงพยาบาลมะนัง,โรควิตกกังวล (F40-F48),F43,1,1: ในเขต มีชื่อ+อยู่จริง,0-14 ปี,4
code,DIAGNOSIS_OPD,มะนัง,28786,โรงพยาบาลมะนัง,โรควิตกกังวล (F40-F48),F43,1,1: ในเขต มีชื่อ+อยู่จริง,15-29 ปี,3
code,DIAGNOSIS_OPD,มะนัง,28786,โรงพยาบาลมะนัง,โรควิตกกังวล (F40-F48),F43,1,1: ในเขต มีชื่อ+อยู่จริง,30-44 ปี,1
code,DIAGNOSIS_OPD,มะนัง,28786,โรงพยาบาลมะนัง,โรควิตกกังวล (F40-F48),F43,1,1: ในเขต มีชื่อ+อยู่จริง,45-59 ปี,2
code,DIAGNOSIS_OPD,มะนัง,28786,โรงพยาบาลมะนัง,โรควิตกกังวล (F40-F48),F43,1,1: ในเขต มีชื่อ+อยู่จริง,60-74 ปี,1
code,DIAGNOSIS_OPD,มะนัง,28786,โรงพยาบาลมะนัง,โรควิตกกังวล (F40-F48),F43,2,2: ในเขต มีชื่อ แต่ไม่อยู่จริง,15-29 ปี,1
code,DIAGNOSIS_OPD,มะนัง,28786,โรงพยาบาลมะนัง,โรควิตกกังวล (F40-F48),F43,3,3: อาศัยในเขต ทะเบียนบ้านอยู่นอกเขต,0-14 ปี,1
code,DIAGNOSIS_OPD,มะนัง,28786,โรงพยาบาลมะนัง,โรควิตกกังวล (F40-F48),F43,4,4: นอกเขต มารับบริการ/เคยอยู่ในเขต,0-14 ปี,20
code,DIAGNOSIS_OPD,มะนัง,28786,โรงพยาบาลมะนัง,โรควิตกกังวล (F40-F48),F43,4,4: นอกเขต มารับบริการ/เคยอยู่ในเขต,15-29 ปี,27
code,DIAGNOSIS_OPD,มะนัง,28786,โรงพยาบาลมะนัง,โรควิตกกังวล (F40-F48),F43,4,4: นอกเขต มารับบริการ/เคยอยู่ในเขต,30-44 ปี,20
code,DIAGNOSIS_OPD,มะนัง,28786,โรงพยาบาลมะนัง,โรควิตกกังวล (F40-F48),F43,4,4: นอกเขต มารับบริการ/เคยอยู่ในเขต,45-59 ปี,13
code,DIAGNOSIS_OPD,มะนัง,28786,โรงพยาบาลมะนัง,โรควิตกกังวล (F40-F48),F43,4,4: นอกเขต มารับบริการ/เคยอยู่ในเขต,60-74 ปี,4
code,DIAGNOSIS_OPD,มะนัง,28786,โรงพยาบาลมะนัง,โรควิตกกังวล (F40-F48),F43,4,4: นอกเขต มารับบริการ/เคยอยู่ในเขต,75 ปีขึ้นไป,3
code,DIAGNOSIS_OPD,มะนัง,28786,โรงพยาบาลมะนัง,โรควิตกกังวล (F40-F48),F44,4,4: นอกเขต มารับบริการ/เคยอยู่ในเขต,30-44 ปี,1
code,DIAGNOSIS_OPD,มะนัง,28786,โรงพยาบาลมะนัง,โรควิตกกังวล (F40-F48),F44,4,4: นอกเขต มารับบริการ/เคยอยู่ในเขต,45-59 ปี,1
code,DIAGNOSIS_OPD,มะนัง,28786,โรงพยาบาลมะนัง,โรควิตกกังวล (F40-F48),F45,"",อื่นๆ/ไม่ทราบ,15-29 ปี,2
code,DIAGNOSIS_OPD,มะนัง,28786,โรงพยาบาลมะนัง,โรควิตกกังวล (F40-F48),F45,1,1: ในเขต มีชื่อ+อยู่จริง,0-14 ปี,5
code,DIAGNOSIS_OPD,มะนัง,28786,โรงพยาบาลมะนัง,โรควิตกกังวล (F40-F48),F45,1,1: ในเขต มีชื่อ+อยู่จริง,15-29 ปี,4
code,DIAGNOSIS_OPD,มะนัง,28786,โรงพยาบาลมะนัง,โรควิตกกังวล (F40-F48),F45,1,1: ในเขต มีชื่อ+อยู่จริง,30-44 ปี,1
code,DIAGNOSIS_OPD,มะนัง,28786,โรงพยาบาลมะนัง,โรควิตกกังวล (F40-F48),F45,2,2: ในเขต มีชื่อ แต่ไม่อยู่จริง,0-14 ปี,1
code,DIAGNOSIS_OPD,มะนัง,28786,โรงพยาบาลมะนัง,โรควิตกกังวล (F40-F48),F45,2,2: ในเขต มีชื่อ แต่ไม่อยู่จริง,15-29 ปี,2
code,DIAGNOSIS_OPD,มะนัง,28786,โรงพยาบาลมะนัง,โรควิตกกังวล (F40-F48),F45,4,4: นอกเขต มารับบริการ/เคยอยู่ในเขต,0-14 ปี,26
code,DIAGNOSIS_OPD,มะนัง,28786,โรงพยาบาลมะนัง,โรควิตกกังวล (F40-F48),F45,4,4: นอกเขต มารับบริการ/เคยอยู่ในเขต,15-29 ปี,26
code,DIAGNOSIS_OPD,มะนัง,28786,โรงพยาบาลมะนัง,โรควิตกกังวล (F40-F48),F45,4,4: นอกเขต มารับบริการ/เคยอยู่ในเขต,30-44 ปี,13
code,DIAGNOSIS_OPD,มะนัง,28786,โรงพยาบาลมะนัง,โรควิตกกังวล (F40-F48),F45,4,4: นอกเขต มารับบริการ/เคยอยู่ในเขต,45-59 ปี,7
code,DIAGNOSIS_OPD,มะนัง,28786,โรงพยาบาลมะนัง,โรควิตกกังวล (F40-F48),F45,4,4: นอกเขต มารับบริการ/เคยอยู่ในเขต,60-74 ปี,4
code,DIAGNOSIS_OPD,มะนัง,28786,โรงพยาบาลมะนัง,โรควิตกกังวล (F40-F48),F45,4,4: นอกเขต มารับบริการ/เคยอยู่ในเขต,75 ปีขึ้นไป,3
code,DIAGNOSIS_OPD,มะนัง,28786,โรงพยาบาลมะนัง,โรคสมองเสื่อม (F00-F03),F00,4,4: นอกเขต มารับบริการ/เคยอยู่ในเขต,75 ปีขึ้นไป,4
code,DIAGNOSIS_OPD,มะนัง,28786,โรงพยาบาลมะนัง,โรคสมองเสื่อม (F00-F03),F02,1,1: ในเขต มีชื่อ+อยู่จริง,60-74 ปี,1
code,DIAGNOSIS_OPD,มะนัง,28786,โรงพยาบาลมะนัง,โรคสมองเสื่อม (F00-F03),F02,4,4: นอกเขต มารับบริการ/เคยอยู่ในเขต,75 ปีขึ้นไป,1
code,DIAGNOSIS_OPD,มะนัง,28786,โรงพยาบาลมะนัง,โรคสมองเสื่อม (F00-F03),F03,1,1: ในเขต มีชื่อ+อยู่จริง,60-74 ปี,1
code,DIAGNOSIS_OPD,มะนัง,28786,โรงพยาบาลมะนัง,โรคสมองเสื่อม (F00-F03),F03,4,4: นอกเขต มารับบริการ/เคยอยู่ในเขต,60-74 ปี,6
code,DIAGNOSIS_OPD,มะนัง,28786,โรงพยาบาลมะนัง,โรคสมองเสื่อม (F00-F03),F03,4,4: นอกเขต มารับบริการ/เคยอยู่ในเขต,75 ปีขึ้นไป,12
code,DIAGNOSIS_OPD,มะนัง,28786,โรงพยาบาลมะนัง,โรคสมาธิสั้น (F90),F90,1,1: ในเขต มีชื่อ+อยู่จริง,0-14 ปี,12
code,DIAGNOSIS_OPD,มะนัง,28786,โรงพยาบาลมะนัง,โรคสมาธิสั้น (F90),F90,1,1: ในเขต มีชื่อ+อยู่จริง,15-29 ปี,1
code,DIAGNOSIS_OPD,มะนัง,28786,โรงพยาบาลมะนัง,โรคสมาธิสั้น (F90),F90,2,2: ในเขต มีชื่อ แต่ไม่อยู่จริง,0-14 ปี,2
code,DIAGNOSIS_OPD,มะนัง,28786,โรงพยาบาลมะนัง,โรคสมาธิสั้น (F90),F90,3,3: อาศัยในเขต ทะเบียนบ้านอยู่นอกเขต,0-14 ปี,4
code,DIAGNOSIS_OPD,มะนัง,28786,โรงพยาบาลมะนัง,โรคสมาธิสั้น (F90),F90,4,4: นอกเขต มารับบริการ/เคยอยู่ในเขต,0-14 ปี,100
code,DIAGNOSIS_OPD,มะนัง,28786,โรงพยาบาลมะนัง,โรคสมาธิสั้น (F90),F90,4,4: นอกเขต มารับบริการ/เคยอยู่ในเขต,15-29 ปี,7
code,DIAGNOSIS_OPD,มะนัง,28786,โรงพยาบาลมะนัง,โรคออทิสติก (F84),F84,1,1: ในเขต มีชื่อ+อยู่จริง,0-14 ปี,3
code,DIAGNOSIS_OPD,มะนัง,28786,โรงพยาบาลมะนัง,โรคออทิสติก (F84),F84,2,2: ในเขต มีชื่อ แต่ไม่อยู่จริง,0-14 ปี,1
code,DIAGNOSIS_OPD,มะนัง,28786,โรงพยาบาลมะนัง,โรคออทิสติก (F84),F84,4,4: นอกเขต มารับบริการ/เคยอยู่ในเขต,0-14 ปี,14
code,DIAGNOSIS_OPD,มะนัง,28786,โรงพยาบาลมะนัง,โรคอารมณ์สองขั้ว (F31),F31,4,4: นอกเขต มารับบริการ/เคยอยู่ในเขต,30-44 ปี,10
code,DIAGNOSIS_OPD,มะนัง,28786,โรงพยาบาลมะนัง,โรคอารมณ์สองขั้ว (F31),F31,4,4: นอกเขต มารับบริการ/เคยอยู่ในเขต,45-59 ปี,4
code,DIAGNOSIS_OPD,มะนัง,28786,โรงพยาบาลมะนัง,โรคอารมณ์สองขั้ว (F31),F31,4,4: นอกเขต มารับบริการ/เคยอยู่ในเขต,60-74 ปี,1
code,DIAGNOSIS_OPD,มะนัง,28786,โรงพยาบาลมะนัง,โรคอารมณ์สองขั้ว (F31),F31,4,4: นอกเขต มารับบริการ/เคยอยู่ในเขต,75 ปีขึ้นไป,2
code,DIAGNOSIS_OPD,มะนัง,09651,โรงพยาบาลส่งเสริมสุขภาพตำบลบ้านผัง 50 ตำบลนิคมพัฒนา,โรคจิตอื่นๆ (F21-F29),F21,3,3: อาศัยในเขต ทะเบียนบ้านอยู่นอกเขต,30-44 ปี,1
code,DIAGNOSIS_OPD,มะนัง,09651,โรงพยาบาลส่งเสริมสุขภาพตำบลบ้านผัง 50 ตำบลนิคมพัฒนา,โรคจิตเภท (F20),F20,1,1: ในเขต มีชื่อ+อยู่จริง,30-44 ปี,2
code,DIAGNOSIS_OPD,มะนัง,09651,โรงพยาบาลส่งเสริมสุขภาพตำบลบ้านผัง 50 ตำบลนิคมพัฒนา,โรคจิตเภท (F20),F20,1,1: ในเขต มีชื่อ+อยู่จริง,45-59 ปี,2
code,DIAGNOSIS_OPD,มะนัง,09651,โรงพยาบาลส่งเสริมสุขภาพตำบลบ้านผัง 50 ตำบลนิคมพัฒนา,"โรคทางจิตเวชอื่นๆ (F04-F09,F50-F69,F80,F82-F83,F88-F89,F91-F99 ยกเว้น F638,F988)",F51,1,1: ในเขต มีชื่อ+อยู่จริง,15-29 ปี,1
code,DIAGNOSIS_OPD,มะนัง,09651,โรงพยาบาลส่งเสริมสุขภาพตำบลบ้านผัง 50 ตำบลนิคมพัฒนา,"โรคทางจิตเวชอื่นๆ (F04-F09,F50-F69,F80,F82-F83,F88-F89,F91-F99 ยกเว้น F638,F988)",F51,1,1: ในเขต มีชื่อ+อยู่จริง,30-44 ปี,4
code,DIAGNOSIS_OPD,มะนัง,09651,โรงพยาบาลส่งเสริมสุขภาพตำบลบ้านผัง 50 ตำบลนิคมพัฒนา,"โรคทางจิตเวชอื่นๆ (F04-F09,F50-F69,F80,F82-F83,F88-F89,F91-F99 ยกเว้น F638,F988)",F51,1,1: ในเขต มีชื่อ+อยู่จริง,45-59 ปี,6
code,DIAGNOSIS_OPD,มะนัง,09651,โรงพยาบาลส่งเสริมสุขภาพตำบลบ้านผัง 50 ตำบลนิคมพัฒนา,"โรคทางจิตเวชอื่นๆ (F04-F09,F50-F69,F80,F82-F83,F88-F89,F91-F99 ยกเว้น F638,F988)",F51,1,1: ในเขต มีชื่อ+อยู่จริง,60-74 ปี,13
code,DIAGNOSIS_OPD,มะนัง,09651,โรงพยาบาลส่งเสริมสุขภาพตำบลบ้านผัง 50 ตำบลนิคมพัฒนา,"โรคทางจิตเวชอื่นๆ (F04-F09,F50-F69,F80,F82-F83,F88-F89,F91-F99 ยกเว้น F638,F988)",F51,1,1: ในเขต มีชื่อ+อยู่จริง,75 ปีขึ้นไป,2
code,DIAGNOSIS_OPD,มะนัง,09651,โรงพยาบาลส่งเสริมสุขภาพตำบลบ้านผัง 50 ตำบลนิคมพัฒนา,"โรคทางจิตเวชอื่นๆ (F04-F09,F50-F69,F80,F82-F83,F88-F89,F91-F99 ยกเว้น F638,F988)",F51,2,2: ในเขต มีชื่อ แต่ไม่อยู่จริง,15-29 ปี,1
code,DIAGNOSIS_OPD,มะนัง,09651,โรงพยาบาลส่งเสริมสุขภาพตำบลบ้านผัง 50 ตำบลนิคมพัฒนา,"โรคทางจิตเวชอื่นๆ (F04-F09,F50-F69,F80,F82-F83,F88-F89,F91-F99 ยกเว้น F638,F988)",F62,1,1: ในเขต มีชื่อ+อยู่จริง,30-44 ปี,1
code,DIAGNOSIS_OPD,มะนัง,09651,โรงพยาบาลส่งเสริมสุขภาพตำบลบ้านผัง 50 ตำบลนิคมพัฒนา,"โรคทางจิตเวชอื่นๆ (F04-F09,F50-F69,F80,F82-F83,F88-F89,F91-F99 ยกเว้น F638,F988)",F64,2,2: ในเขต มีชื่อ แต่ไม่อยู่จริง,30-44 ปี,1
code,DIAGNOSIS_OPD,มะนัง,09651,โรงพยาบาลส่งเสริมสุขภาพตำบลบ้านผัง 50 ตำบลนิคมพัฒนา,โรควิตกกังวล (F40-F48),F40,1,1: ในเขต มีชื่อ+อยู่จริง,60-74 ปี,1
code,DIAGNOSIS_OPD,มะนัง,09651,โรงพยาบาลส่งเสริมสุขภาพตำบลบ้านผัง 50 ตำบลนิคมพัฒนา,โรควิตกกังวล (F40-F48),F41,1,1: ในเขต มีชื่อ+อยู่จริง,30-44 ปี,3
code,DIAGNOSIS_OPD,มะนัง,09651,โรงพยาบาลส่งเสริมสุขภาพตำบลบ้านผัง 50 ตำบลนิคมพัฒนา,โรควิตกกังวล (F40-F48),F41,1,1: ในเขต มีชื่อ+อยู่จริง,45-59 ปี,1
code,DIAGNOSIS_OPD,มะนัง,09651,โรงพยาบาลส่งเสริมสุขภาพตำบลบ้านผัง 50 ตำบลนิคมพัฒนา,โรควิตกกังวล (F40-F48),F41,1,1: ในเขต มีชื่อ+อยู่จริง,60-74 ปี,1
code,DIAGNOSIS_OPD,มะนัง,09651,โรงพยาบาลส่งเสริมสุขภาพตำบลบ้านผัง 50 ตำบลนิคมพัฒนา,โรควิตกกังวล (F40-F48),F41,2,2: ในเขต มีชื่อ แต่ไม่อยู่จริง,60-74 ปี,1
code,DIAGNOSIS_OPD,มะนัง,09651,โรงพยาบาลส่งเสริมสุขภาพตำบลบ้านผัง 50 ตำบลนิคมพัฒนา,โรควิตกกังวล (F40-F48),F48,1,1: ในเขต มีชื่อ+อยู่จริง,15-29 ปี,1
code,DIAGNOSIS_OPD,มะนัง,09651,โรงพยาบาลส่งเสริมสุขภาพตำบลบ้านผัง 50 ตำบลนิคมพัฒนา,โรควิตกกังวล (F40-F48),F48,3,3: อาศัยในเขต ทะเบียนบ้านอยู่นอกเขต,0-14 ปี,1
code,DIAGNOSIS_OPD,มะนัง,09650,โรงพยาบาลส่งเสริมสุขภาพตำบลบ้านมะนัง ตำบลปาล์มพัฒนา,โรคจิตอื่นๆ (F21-F29),F21,1,1: ในเขต มีชื่อ+อยู่จริง,30-44 ปี,1
code,DIAGNOSIS_OPD,มะนัง,09650,โรงพยาบาลส่งเสริมสุขภาพตำบลบ้านมะนัง ตำบลปาล์มพัฒนา,"โรคซึมเศร้า (F32,F33,F341,F38,F39)",F32,1,1: ในเขต มีชื่อ+อยู่จริง,45-59 ปี,1
code,DIAGNOSIS_OPD,มะนัง,09650,โรงพยาบาลส่งเสริมสุขภาพตำบลบ้านมะนัง ตำบลปาล์มพัฒนา,"โรคทางจิตเวชอื่นๆ (F04-F09,F50-F69,F80,F82-F83,F88-F89,F91-F99 ยกเว้น F638,F988)",F06,1,1: ในเขต มีชื่อ+อยู่จริง,30-44 ปี,1
code,DIAGNOSIS_OPD,มะนัง,09650,โรงพยาบาลส่งเสริมสุขภาพตำบลบ้านมะนัง ตำบลปาล์มพัฒนา,"โรคทางจิตเวชอื่นๆ (F04-F09,F50-F69,F80,F82-F83,F88-F89,F91-F99 ยกเว้น F638,F988)",F06,1,1: ในเขต มีชื่อ+อยู่จริง,45-59 ปี,2
code,DIAGNOSIS_OPD,มะนัง,09650,โรงพยาบาลส่งเสริมสุขภาพตำบลบ้านมะนัง ตำบลปาล์มพัฒนา,"โรคทางจิตเวชอื่นๆ (F04-F09,F50-F69,F80,F82-F83,F88-F89,F91-F99 ยกเว้น F638,F988)",F06,3,3: อาศัยในเขต ทะเบียนบ้านอยู่นอกเขต,30-44 ปี,1
code,DIAGNOSIS_OPD,มะนัง,09650,โรงพยาบาลส่งเสริมสุขภาพตำบลบ้านมะนัง ตำบลปาล์มพัฒนา,"โรคทางจิตเวชอื่นๆ (F04-F09,F50-F69,F80,F82-F83,F88-F89,F91-F99 ยกเว้น F638,F988)",F50,1,1: ในเขต มีชื่อ+อยู่จริง,45-59 ปี,1
code,DIAGNOSIS_OPD,มะนัง,09650,โรงพยาบาลส่งเสริมสุขภาพตำบลบ้านมะนัง ตำบลปาล์มพัฒนา,"โรคทางจิตเวชอื่นๆ (F04-F09,F50-F69,F80,F82-F83,F88-F89,F91-F99 ยกเว้น F638,F988)",F51,1,1: ในเขต มีชื่อ+อยู่จริง,30-44 ปี,1
code,DIAGNOSIS_OPD,มะนัง,09650,โรงพยาบาลส่งเสริมสุขภาพตำบลบ้านมะนัง ตำบลปาล์มพัฒนา,"โรคทางจิตเวชอื่นๆ (F04-F09,F50-F69,F80,F82-F83,F88-F89,F91-F99 ยกเว้น F638,F988)",F51,1,1: ในเขต มีชื่อ+อยู่จริง,45-59 ปี,2
code,DIAGNOSIS_OPD,มะนัง,09650,โรงพยาบาลส่งเสริมสุขภาพตำบลบ้านมะนัง ตำบลปาล์มพัฒนา,"โรคทางจิตเวชอื่นๆ (F04-F09,F50-F69,F80,F82-F83,F88-F89,F91-F99 ยกเว้น F638,F988)",F51,1,1: ในเขต มีชื่อ+อยู่จริง,60-74 ปี,2
code,DIAGNOSIS_OPD,มะนัง,09650,โรงพยาบาลส่งเสริมสุขภาพตำบลบ้านมะนัง ตำบลปาล์มพัฒนา,"โรคทางจิตเวชอื่นๆ (F04-F09,F50-F69,F80,F82-F83,F88-F89,F91-F99 ยกเว้น F638,F988)",F51,1,1: ในเขต มีชื่อ+อยู่จริง,75 ปีขึ้นไป,2
code,DIAGNOSIS_OPD,มะนัง,09650,โรงพยาบาลส่งเสริมสุขภาพตำบลบ้านมะนัง ตำบลปาล์มพัฒนา,"โรคทางจิตเวชอื่นๆ (F04-F09,F50-F69,F80,F82-F83,F88-F89,F91-F99 ยกเว้น F638,F988)",F51,4,4: นอกเขต มารับบริการ/เคยอยู่ในเขต,45-59 ปี,1
code,DIAGNOSIS_OPD,มะนัง,09650,โรงพยาบาลส่งเสริมสุขภาพตำบลบ้านมะนัง ตำบลปาล์มพัฒนา,"โรคทางจิตเวชอื่นๆ (F04-F09,F50-F69,F80,F82-F83,F88-F89,F91-F99 ยกเว้น F638,F988)",F55,1,1: ในเขต มีชื่อ+อยู่จริง,15-29 ปี,2
code,DIAGNOSIS_OPD,มะนัง,09650,โรงพยาบาลส่งเสริมสุขภาพตำบลบ้านมะนัง ตำบลปาล์มพัฒนา,"โรคทางจิตเวชอื่นๆ (F04-F09,F50-F69,F80,F82-F83,F88-F89,F91-F99 ยกเว้น F638,F988)",F55,1,1: ในเขต มีชื่อ+อยู่จริง,45-59 ปี,4
code,DIAGNOSIS_OPD,มะนัง,09650,โรงพยาบาลส่งเสริมสุขภาพตำบลบ้านมะนัง ตำบลปาล์มพัฒนา,"โรคทางจิตเวชอื่นๆ (F04-F09,F50-F69,F80,F82-F83,F88-F89,F91-F99 ยกเว้น F638,F988)",F55,1,1: ในเขต มีชื่อ+อยู่จริง,60-74 ปี,2
code,DIAGNOSIS_OPD,มะนัง,09650,โรงพยาบาลส่งเสริมสุขภาพตำบลบ้านมะนัง ตำบลปาล์มพัฒนา,"โรคทางจิตเวชอื่นๆ (F04-F09,F50-F69,F80,F82-F83,F88-F89,F91-F99 ยกเว้น F638,F988)",F55,1,1: ในเขต มีชื่อ+อยู่จริง,75 ปีขึ้นไป,2
code,DIAGNOSIS_OPD,มะนัง,09650,โรงพยาบาลส่งเสริมสุขภาพตำบลบ้านมะนัง ตำบลปาล์มพัฒนา,"โรคทางจิตเวชอื่นๆ (F04-F09,F50-F69,F80,F82-F83,F88-F89,F91-F99 ยกเว้น F638,F988)",F55,3,3: อาศัยในเขต ทะเบียนบ้านอยู่นอกเขต,0-14 ปี,1
code,DIAGNOSIS_OPD,มะนัง,09650,โรงพยาบาลส่งเสริมสุขภาพตำบลบ้านมะนัง ตำบลปาล์มพัฒนา,"โรคทางจิตเวชอื่นๆ (F04-F09,F50-F69,F80,F82-F83,F88-F89,F91-F99 ยกเว้น F638,F988)",F55,4,4: นอกเขต มารับบริการ/เคยอยู่ในเขต,15-29 ปี,1
code,DIAGNOSIS_OPD,มะนัง,09650,โรงพยาบาลส่งเสริมสุขภาพตำบลบ้านมะนัง ตำบลปาล์มพัฒนา,โรควิตกกังวล (F40-F48),F40,1,1: ในเขต มีชื่อ+อยู่จริง,45-59 ปี,1
code,DIAGNOSIS_OPD,มะนัง,09650,โรงพยาบาลส่งเสริมสุขภาพตำบลบ้านมะนัง ตำบลปาล์มพัฒนา,โรควิตกกังวล (F40-F48),F41,1,1: ในเขต มีชื่อ+อยู่จริง,30-44 ปี,1
code,DIAGNOSIS_OPD,มะนัง,09650,โรงพยาบาลส่งเสริมสุขภาพตำบลบ้านมะนัง ตำบลปาล์มพัฒนา,โรควิตกกังวล (F40-F48),F41,1,1: ในเขต มีชื่อ+อยู่จริง,45-59 ปี,3
code,DIAGNOSIS_OPD,มะนัง,09650,โรงพยาบาลส่งเสริมสุขภาพตำบลบ้านมะนัง ตำบลปาล์มพัฒนา,โรควิตกกังวล (F40-F48),F41,1,1: ในเขต มีชื่อ+อยู่จริง,60-74 ปี,1
code,DIAGNOSIS_OPD,มะนัง,09650,โรงพยาบาลส่งเสริมสุขภาพตำบลบ้านมะนัง ตำบลปาล์มพัฒนา,โรควิตกกังวล (F40-F48),F45,1,1: ในเขต มีชื่อ+อยู่จริง,15-29 ปี,1
code,DIAGNOSIS_OPD,มะนัง,09650,โรงพยาบาลส่งเสริมสุขภาพตำบลบ้านมะนัง ตำบลปาล์มพัฒนา,โรควิตกกังวล (F40-F48),F45,1,1: ในเขต มีชื่อ+อยู่จริง,45-59 ปี,1
code,DIAGNOSIS_OPD,มะนัง,09650,โรงพยาบาลส่งเสริมสุขภาพตำบลบ้านมะนัง ตำบลปาล์มพัฒนา,โรควิตกกังวล (F40-F48),F45,1,1: ในเขต มีชื่อ+อยู่จริง,60-74 ปี,1
code,DIAGNOSIS_OPD,มะนัง,09650,โรงพยาบาลส่งเสริมสุขภาพตำบลบ้านมะนัง ตำบลปาล์มพัฒนา,โรควิตกกังวล (F40-F48),F45,1,1: ในเขต มีชื่อ+อยู่จริง,75 ปีขึ้นไป,2
code,DIAGNOSIS_OPD,มะนัง,09650,โรงพยาบาลส่งเสริมสุขภาพตำบลบ้านมะนัง ตำบลปาล์มพัฒนา,โรควิตกกังวล (F40-F48),F45,2,2: ในเขต มีชื่อ แต่ไม่อยู่จริง,45-59 ปี,1
code,DIAGNOSIS_OPD,มะนัง,09650,โรงพยาบาลส่งเสริมสุขภาพตำบลบ้านมะนัง ตำบลปาล์มพัฒนา,โรควิตกกังวล (F40-F48),F45,2,2: ในเขต มีชื่อ แต่ไม่อยู่จริง,60-74 ปี,1
code,DIAGNOSIS_OPD,มะนัง,09650,โรงพยาบาลส่งเสริมสุขภาพตำบลบ้านมะนัง ตำบลปาล์มพัฒนา,โรควิตกกังวล (F40-F48),F48,1,1: ในเขต มีชื่อ+อยู่จริง,60-74 ปี,1
code,DIAGNOSIS_OPD,มะนัง,09650,โรงพยาบาลส่งเสริมสุขภาพตำบลบ้านมะนัง ตำบลปาล์มพัฒนา,โรควิตกกังวล (F40-F48),F48,1,1: ในเขต มีชื่อ+อยู่จริง,75 ปีขึ้นไป,1
code,DIAGNOSIS_OPD,มะนัง,09650,โรงพยาบาลส่งเสริมสุขภาพตำบลบ้านมะนัง ตำบลปาล์มพัฒนา,โรควิตกกังวล (F40-F48),F48,3,3: อาศัยในเขต ทะเบียนบ้านอยู่นอกเขต,30-44 ปี,1
code,DIAGNOSIS_OPD,มะนัง,09650,โรงพยาบาลส่งเสริมสุขภาพตำบลบ้านมะนัง ตำบลปาล์มพัฒนา,โรควิตกกังวล (F40-F48),F48,4,4: นอกเขต มารับบริการ/เคยอยู่ในเขต,75 ปีขึ้นไป,1
code,DIAGNOSIS_OPD,มะนัง,09649,โรงพยาบาลส่งเสริมสุขภาพตำบลปาล์มพัฒนา ,โรคจิตเภท (F20),F20,1,1: ในเขต มีชื่อ+อยู่จริง,15-29 ปี,1
code,DIAGNOSIS_OPD,มะนัง,09649,โรงพยาบาลส่งเสริมสุขภาพตำบลปาล์มพัฒนา ,โรคจิตเภท (F20),F20,4,4: นอกเขต มารับบริการ/เคยอยู่ในเขต,30-44 ปี,1
code,DIAGNOSIS_OPD,มะนัง,09649,โรงพยาบาลส่งเสริมสุขภาพตำบลปาล์มพัฒนา ,"โรคทางจิตเวชอื่นๆ (F04-F09,F50-F69,F80,F82-F83,F88-F89,F91-F99 ยกเว้น F638,F988)",F51,1,1: ในเขต มีชื่อ+อยู่จริง,30-44 ปี,2
code,DIAGNOSIS_OPD,ละงู,77707,ศูนย์สุขภาพชุมชนกำแพง,โรคจิตเภท (F20),F20,1,1: ในเขต มีชื่อ+อยู่จริง,15-29 ปี,1
code,DIAGNOSIS_OPD,ละงู,77707,ศูนย์สุขภาพชุมชนกำแพง,โรคจิตเภท (F20),F20,1,1: ในเขต มีชื่อ+อยู่จริง,30-44 ปี,3
code,DIAGNOSIS_OPD,ละงู,77707,ศูนย์สุขภาพชุมชนกำแพง,โรคจิตเภท (F20),F20,1,1: ในเขต มีชื่อ+อยู่จริง,45-59 ปี,2
code,DIAGNOSIS_OPD,ละงู,77707,ศูนย์สุขภาพชุมชนกำแพง,"โรคซึมเศร้า (F32,F33,F341,F38,F39)",F32,1,1: ในเขต มีชื่อ+อยู่จริง,30-44 ปี,1
code,DIAGNOSIS_OPD,ละงู,77707,ศูนย์สุขภาพชุมชนกำแพง,"โรคซึมเศร้า (F32,F33,F341,F38,F39)",F32,1,1: ในเขต มีชื่อ+อยู่จริง,45-59 ปี,2
code,DIAGNOSIS_OPD,ละงู,77707,ศูนย์สุขภาพชุมชนกำแพง,"โรคซึมเศร้า (F32,F33,F341,F38,F39)",F32,1,1: ในเขต มีชื่อ+อยู่จริง,60-74 ปี,1
code,DIAGNOSIS_OPD,ละงู,77707,ศูนย์สุขภาพชุมชนกำแพง,"โรคซึมเศร้า (F32,F33,F341,F38,F39)",F32,1,1: ในเขต มีชื่อ+อยู่จริง,75 ปีขึ้นไป,2
code,DIAGNOSIS_OPD,ละงู,77707,ศูนย์สุขภาพชุมชนกำแพง,"โรคทางจิตเวชอื่นๆ (F04-F09,F50-F69,F80,F82-F83,F88-F89,F91-F99 ยกเว้น F638,F988)",F06,1,1: ในเขต มีชื่อ+อยู่จริง,30-44 ปี,2
code,DIAGNOSIS_OPD,ละงู,77707,ศูนย์สุขภาพชุมชนกำแพง,"โรคทางจิตเวชอื่นๆ (F04-F09,F50-F69,F80,F82-F83,F88-F89,F91-F99 ยกเว้น F638,F988)",F06,1,1: ในเขต มีชื่อ+อยู่จริง,45-59 ปี,1
code,DIAGNOSIS_OPD,ละงู,77707,ศูนย์สุขภาพชุมชนกำแพง,"โรคทางจิตเวชอื่นๆ (F04-F09,F50-F69,F80,F82-F83,F88-F89,F91-F99 ยกเว้น F638,F988)",F06,1,1: ในเขต มีชื่อ+อยู่จริง,60-74 ปี,1
code,DIAGNOSIS_OPD,ละงู,77707,ศูนย์สุขภาพชุมชนกำแพง,"โรคทางจิตเวชอื่นๆ (F04-F09,F50-F69,F80,F82-F83,F88-F89,F91-F99 ยกเว้น F638,F988)",F51,1,1: ในเขต มีชื่อ+อยู่จริง,30-44 ปี,1
code,DIAGNOSIS_OPD,ละงู,77707,ศูนย์สุขภาพชุมชนกำแพง,"โรคทางจิตเวชอื่นๆ (F04-F09,F50-F69,F80,F82-F83,F88-F89,F91-F99 ยกเว้น F638,F988)",F51,1,1: ในเขต มีชื่อ+อยู่จริง,45-59 ปี,5
code,DIAGNOSIS_OPD,ละงู,77707,ศูนย์สุขภาพชุมชนกำแพง,"โรคทางจิตเวชอื่นๆ (F04-F09,F50-F69,F80,F82-F83,F88-F89,F91-F99 ยกเว้น F638,F988)",F51,1,1: ในเขต มีชื่อ+อยู่จริง,60-74 ปี,6
code,DIAGNOSIS_OPD,ละงู,77707,ศูนย์สุขภาพชุมชนกำแพง,"โรคทางจิตเวชอื่นๆ (F04-F09,F50-F69,F80,F82-F83,F88-F89,F91-F99 ยกเว้น F638,F988)",F51,1,1: ในเขต มีชื่อ+อยู่จริง,75 ปีขึ้นไป,2
code,DIAGNOSIS_OPD,ละงู,77707,ศูนย์สุขภาพชุมชนกำแพง,"โรคทางจิตเวชอื่นๆ (F04-F09,F50-F69,F80,F82-F83,F88-F89,F91-F99 ยกเว้น F638,F988)",F55,1,1: ในเขต มีชื่อ+อยู่จริง,75 ปีขึ้นไป,1
code,DIAGNOSIS_OPD,ละงู,77707,ศูนย์สุขภาพชุมชนกำแพง,โรคลมชัก (G40-G41),G40,1,1: ในเขต มีชื่อ+อยู่จริง,30-44 ปี,1
code,DIAGNOSIS_OPD,ละงู,77707,ศูนย์สุขภาพชุมชนกำแพง,โรควิตกกังวล (F40-F48),F40,1,1: ในเขต มีชื่อ+อยู่จริง,45-59 ปี,2
code,DIAGNOSIS_OPD,ละงู,77707,ศูนย์สุขภาพชุมชนกำแพง,โรควิตกกังวล (F40-F48),F41,1,1: ในเขต มีชื่อ+อยู่จริง,0-14 ปี,1
code,DIAGNOSIS_OPD,ละงู,77707,ศูนย์สุขภาพชุมชนกำแพง,โรควิตกกังวล (F40-F48),F41,1,1: ในเขต มีชื่อ+อยู่จริง,15-29 ปี,1
code,DIAGNOSIS_OPD,ละงู,77707,ศูนย์สุขภาพชุมชนกำแพง,โรควิตกกังวล (F40-F48),F41,1,1: ในเขต มีชื่อ+อยู่จริง,30-44 ปี,1
code,DIAGNOSIS_OPD,ละงู,77707,ศูนย์สุขภาพชุมชนกำแพง,โรควิตกกังวล (F40-F48),F41,1,1: ในเขต มีชื่อ+อยู่จริง,45-59 ปี,7
code,DIAGNOSIS_OPD,ละงู,77707,ศูนย์สุขภาพชุมชนกำแพง,โรควิตกกังวล (F40-F48),F41,1,1: ในเขต มีชื่อ+อยู่จริง,60-74 ปี,1
code,DIAGNOSIS_OPD,ละงู,77707,ศูนย์สุขภาพชุมชนกำแพง,โรควิตกกังวล (F40-F48),F41,2,2: ในเขต มีชื่อ แต่ไม่อยู่จริง,30-44 ปี,1
code,DIAGNOSIS_OPD,ละงู,77707,ศูนย์สุขภาพชุมชนกำแพง,โรควิตกกังวล (F40-F48),F43,1,1: ในเขต มีชื่อ+อยู่จริง,60-74 ปี,1
code,DIAGNOSIS_OPD,ละงู,77707,ศูนย์สุขภาพชุมชนกำแพง,โรคสมองเสื่อม (F00-F03),F00,2,2: ในเขต มีชื่อ แต่ไม่อยู่จริง,75 ปีขึ้นไป,1
code,DIAGNOSIS_OPD,ละงู,77707,ศูนย์สุขภาพชุมชนกำแพง,โรคสมองเสื่อม (F00-F03),F03,1,1: ในเขต มีชื่อ+อยู่จริง,60-74 ปี,1
code,DIAGNOSIS_OPD,ละงู,77707,ศูนย์สุขภาพชุมชนกำแพง,โรคสมองเสื่อม (F00-F03),F03,1,1: ในเขต มีชื่อ+อยู่จริง,75 ปีขึ้นไป,1
code,DIAGNOSIS_OPD,ละงู,11405,โรงพยาบาลละงู,ความบกพร่องทางการเรียนรู้ (F81),F81,4,4: นอกเขต มารับบริการ/เคยอยู่ในเขต,0-14 ปี,216
code,DIAGNOSIS_OPD,ละงู,11405,โรงพยาบาลละงู,ความบกพร่องทางการเรียนรู้ (F81),F81,4,4: นอกเขต มารับบริการ/เคยอยู่ในเขต,15-29 ปี,6
code,DIAGNOSIS_OPD,ละงู,11405,โรงพยาบาลละงู,ความบกพร่องทางการเรียนรู้ (F81),F81,4,4: นอกเขต มารับบริการ/เคยอยู่ในเขต,30-44 ปี,1
code,DIAGNOSIS_OPD,ละงู,11405,โรงพยาบาลละงู,ความบกพร่องทางการเรียนรู้ (F81),F81,4,4: นอกเขต มารับบริการ/เคยอยู่ในเขต,45-59 ปี,1
code,DIAGNOSIS_OPD,ละงู,11405,โรงพยาบาลละงู,ความบกพร่องทางสติปัญญา (F70-F79),F70,4,4: นอกเขต มารับบริการ/เคยอยู่ในเขต,0-14 ปี,121
code,DIAGNOSIS_OPD,ละงู,11405,โรงพยาบาลละงู,ความบกพร่องทางสติปัญญา (F70-F79),F70,4,4: นอกเขต มารับบริการ/เคยอยู่ในเขต,15-29 ปี,14
code,DIAGNOSIS_OPD,ละงู,11405,โรงพยาบาลละงู,ความบกพร่องทางสติปัญญา (F70-F79),F70,4,4: นอกเขต มารับบริการ/เคยอยู่ในเขต,30-44 ปี,4
code,DIAGNOSIS_OPD,ละงู,11405,โรงพยาบาลละงู,ความบกพร่องทางสติปัญญา (F70-F79),F70,4,4: นอกเขต มารับบริการ/เคยอยู่ในเขต,45-59 ปี,2
code,DIAGNOSIS_OPD,ละงู,11405,โรงพยาบาลละงู,ความบกพร่องทางสติปัญญา (F70-F79),F70,4,4: นอกเขต มารับบริการ/เคยอยู่ในเขต,75 ปีขึ้นไป,1
code,DIAGNOSIS_OPD,ละงู,11405,โรงพยาบาลละงู,ความบกพร่องทางสติปัญญา (F70-F79),F71,4,4: นอกเขต มารับบริการ/เคยอยู่ในเขต,0-14 ปี,1
code,DIAGNOSIS_OPD,ละงู,11405,โรงพยาบาลละงู,ความบกพร่องทางสติปัญญา (F70-F79),F71,4,4: นอกเขต มารับบริการ/เคยอยู่ในเขต,15-29 ปี,1
code,DIAGNOSIS_OPD,ละงู,11405,โรงพยาบาลละงู,ความบกพร่องทางสติปัญญา (F70-F79),F78,4,4: นอกเขต มารับบริการ/เคยอยู่ในเขต,15-29 ปี,1
code,DIAGNOSIS_OPD,ละงู,11405,โรงพยาบาลละงู,ความบกพร่องทางสติปัญญา (F70-F79),F78,4,4: นอกเขต มารับบริการ/เคยอยู่ในเขต,30-44 ปี,1
code,DIAGNOSIS_OPD,ละงู,11405,โรงพยาบาลละงู,ความบกพร่องทางสติปัญญา (F70-F79),F79,4,4: นอกเขต มารับบริการ/เคยอยู่ในเขต,0-14 ปี,14
code,DIAGNOSIS_OPD,ละงู,11405,โรงพยาบาลละงู,ความบกพร่องทางสติปัญญา (F70-F79),F79,4,4: นอกเขต มารับบริการ/เคยอยู่ในเขต,15-29 ปี,1
code,DIAGNOSIS_OPD,ละงู,11405,โรงพยาบาลละงู,ความบกพร่องทางสติปัญญา (F70-F79),F79,4,4: นอกเขต มารับบริการ/เคยอยู่ในเขต,30-44 ปี,1
code,DIAGNOSIS_OPD,ละงู,11405,โรงพยาบาลละงู,ติดยาบ้า Amphetamine (F15),F15,4,4: นอกเขต มารับบริการ/เคยอยู่ในเขต,0-14 ปี,1
code,DIAGNOSIS_OPD,ละงู,11405,โรงพยาบาลละงู,ติดยาบ้า Amphetamine (F15),F15,4,4: นอกเขต มารับบริการ/เคยอยู่ในเขต,15-29 ปี,87
code,DIAGNOSIS_OPD,ละงู,11405,โรงพยาบาลละงู,ติดยาบ้า Amphetamine (F15),F15,4,4: นอกเขต มารับบริการ/เคยอยู่ในเขต,30-44 ปี,95
code,DIAGNOSIS_OPD,ละงู,11405,โรงพยาบาลละงู,ติดยาบ้า Amphetamine (F15),F15,4,4: นอกเขต มารับบริการ/เคยอยู่ในเขต,45-59 ปี,16
code,DIAGNOSIS_OPD,ละงู,11405,โรงพยาบาลละงู,ติดยาบ้า Amphetamine (F15),F15,4,4: นอกเขต มารับบริการ/เคยอยู่ในเขต,60-74 ปี,1
code,DIAGNOSIS_OPD,ละงู,11405,โรงพยาบาลละงู,"ติดสารเสพติดอื่นๆ (F11,F12,F13,F14,F16,F17,F18,F19)",F11,4,4: นอกเขต มารับบริการ/เคยอยู่ในเขต,15-29 ปี,1
code,DIAGNOSIS_OPD,ละงู,11405,โรงพยาบาลละงู,"ติดสารเสพติดอื่นๆ (F11,F12,F13,F14,F16,F17,F18,F19)",F11,4,4: นอกเขต มารับบริการ/เคยอยู่ในเขต,30-44 ปี,5
code,DIAGNOSIS_OPD,ละงู,11405,โรงพยาบาลละงู,"ติดสารเสพติดอื่นๆ (F11,F12,F13,F14,F16,F17,F18,F19)",F11,4,4: นอกเขต มารับบริการ/เคยอยู่ในเขต,45-59 ปี,4
code,DIAGNOSIS_OPD,ละงู,11405,โรงพยาบาลละงู,"ติดสารเสพติดอื่นๆ (F11,F12,F13,F14,F16,F17,F18,F19)",F11,4,4: นอกเขต มารับบริการ/เคยอยู่ในเขต,60-74 ปี,2
code,DIAGNOSIS_OPD,ละงู,11405,โรงพยาบาลละงู,"ติดสารเสพติดอื่นๆ (F11,F12,F13,F14,F16,F17,F18,F19)",F12,4,4: นอกเขต มารับบริการ/เคยอยู่ในเขต,15-29 ปี,5
code,DIAGNOSIS_OPD,ละงู,11405,โรงพยาบาลละงู,"ติดสารเสพติดอื่นๆ (F11,F12,F13,F14,F16,F17,F18,F19)",F12,4,4: นอกเขต มารับบริการ/เคยอยู่ในเขต,30-44 ปี,5
code,DIAGNOSIS_OPD,ละงู,11405,โรงพยาบาลละงู,"ติดสารเสพติดอื่นๆ (F11,F12,F13,F14,F16,F17,F18,F19)",F12,4,4: นอกเขต มารับบริการ/เคยอยู่ในเขต,45-59 ปี,1
code,DIAGNOSIS_OPD,ละงู,11405,โรงพยาบาลละงู,"ติดสารเสพติดอื่นๆ (F11,F12,F13,F14,F16,F17,F18,F19)",F13,4,4: นอกเขต มารับบริการ/เคยอยู่ในเขต,15-29 ปี,1
code,DIAGNOSIS_OPD,ละงู,11405,โรงพยาบาลละงู,"ติดสารเสพติดอื่นๆ (F11,F12,F13,F14,F16,F17,F18,F19)",F13,4,4: นอกเขต มารับบริการ/เคยอยู่ในเขต,30-44 ปี,2
code,DIAGNOSIS_OPD,ละงู,11405,โรงพยาบาลละงู,"ติดสารเสพติดอื่นๆ (F11,F12,F13,F14,F16,F17,F18,F19)",F13,4,4: นอกเขต มารับบริการ/เคยอยู่ในเขต,45-59 ปี,1
code,DIAGNOSIS_OPD,ละงู,11405,โรงพยาบาลละงู,"ติดสารเสพติดอื่นๆ (F11,F12,F13,F14,F16,F17,F18,F19)",F14,4,4: นอกเขต มารับบริการ/เคยอยู่ในเขต,30-44 ปี,1
code,DIAGNOSIS_OPD,ละงู,11405,โรงพยาบาลละงู,"ติดสารเสพติดอื่นๆ (F11,F12,F13,F14,F16,F17,F18,F19)",F14,4,4: นอกเขต มารับบริการ/เคยอยู่ในเขต,45-59 ปี,1
code,DIAGNOSIS_OPD,ละงู,11405,โรงพยาบาลละงู,"ติดสารเสพติดอื่นๆ (F11,F12,F13,F14,F16,F17,F18,F19)",F17,4,4: นอกเขต มารับบริการ/เคยอยู่ในเขต,15-29 ปี,8
code,DIAGNOSIS_OPD,ละงู,11405,โรงพยาบาลละงู,"ติดสารเสพติดอื่นๆ (F11,F12,F13,F14,F16,F17,F18,F19)",F17,4,4: นอกเขต มารับบริการ/เคยอยู่ในเขต,45-59 ปี,5
code,DIAGNOSIS_OPD,ละงู,11405,โรงพยาบาลละงู,"ติดสารเสพติดอื่นๆ (F11,F12,F13,F14,F16,F17,F18,F19)",F17,4,4: นอกเขต มารับบริการ/เคยอยู่ในเขต,60-74 ปี,5
code,DIAGNOSIS_OPD,ละงู,11405,โรงพยาบาลละงู,"ติดสารเสพติดอื่นๆ (F11,F12,F13,F14,F16,F17,F18,F19)",F19,4,4: นอกเขต มารับบริการ/เคยอยู่ในเขต,15-29 ปี,116
code,DIAGNOSIS_OPD,ละงู,11405,โรงพยาบาลละงู,"ติดสารเสพติดอื่นๆ (F11,F12,F13,F14,F16,F17,F18,F19)",F19,4,4: นอกเขต มารับบริการ/เคยอยู่ในเขต,30-44 ปี,135
code,DIAGNOSIS_OPD,ละงู,11405,โรงพยาบาลละงู,"ติดสารเสพติดอื่นๆ (F11,F12,F13,F14,F16,F17,F18,F19)",F19,4,4: นอกเขต มารับบริการ/เคยอยู่ในเขต,45-59 ปี,25
code,DIAGNOSIS_OPD,ละงู,11405,โรงพยาบาลละงู,"ติดสารเสพติดอื่นๆ (F11,F12,F13,F14,F16,F17,F18,F19)",F19,4,4: นอกเขต มารับบริการ/เคยอยู่ในเขต,60-74 ปี,1
code,DIAGNOSIS_OPD,ละงู,11405,โรงพยาบาลละงู,ติดแอลกอฮอล์ (F10),F10,4,4: นอกเขต มารับบริการ/เคยอยู่ในเขต,15-29 ปี,5
code,DIAGNOSIS_OPD,ละงู,11405,โรงพยาบาลละงู,ติดแอลกอฮอล์ (F10),F10,4,4: นอกเขต มารับบริการ/เคยอยู่ในเขต,30-44 ปี,12
code,DIAGNOSIS_OPD,ละงู,11405,โรงพยาบาลละงู,ติดแอลกอฮอล์ (F10),F10,4,4: นอกเขต มารับบริการ/เคยอยู่ในเขต,45-59 ปี,9
code,DIAGNOSIS_OPD,ละงู,11405,โรงพยาบาลละงู,ติดแอลกอฮอล์ (F10),F10,4,4: นอกเขต มารับบริการ/เคยอยู่ในเขต,60-74 ปี,6
code,DIAGNOSIS_OPD,ละงู,11405,โรงพยาบาลละงู,พยายามฆ่าตัวตาย/ตั้งใจทำร้ายตนเอง (X60-X84),X60,4,4: นอกเขต มารับบริการ/เคยอยู่ในเขต,0-14 ปี,4
code,DIAGNOSIS_OPD,ละงู,11405,โรงพยาบาลละงู,พยายามฆ่าตัวตาย/ตั้งใจทำร้ายตนเอง (X60-X84),X60,4,4: นอกเขต มารับบริการ/เคยอยู่ในเขต,15-29 ปี,39
code,DIAGNOSIS_OPD,ละงู,11405,โรงพยาบาลละงู,พยายามฆ่าตัวตาย/ตั้งใจทำร้ายตนเอง (X60-X84),X60,4,4: นอกเขต มารับบริการ/เคยอยู่ในเขต,30-44 ปี,6
code,DIAGNOSIS_OPD,ละงู,11405,โรงพยาบาลละงู,พยายามฆ่าตัวตาย/ตั้งใจทำร้ายตนเอง (X60-X84),X61,4,4: นอกเขต มารับบริการ/เคยอยู่ในเขต,0-14 ปี,4
code,DIAGNOSIS_OPD,ละงู,11405,โรงพยาบาลละงู,พยายามฆ่าตัวตาย/ตั้งใจทำร้ายตนเอง (X60-X84),X61,4,4: นอกเขต มารับบริการ/เคยอยู่ในเขต,15-29 ปี,29
code,DIAGNOSIS_OPD,ละงู,11405,โรงพยาบาลละงู,พยายามฆ่าตัวตาย/ตั้งใจทำร้ายตนเอง (X60-X84),X61,4,4: นอกเขต มารับบริการ/เคยอยู่ในเขต,30-44 ปี,6
code,DIAGNOSIS_OPD,ละงู,11405,โรงพยาบาลละงู,พยายามฆ่าตัวตาย/ตั้งใจทำร้ายตนเอง (X60-X84),X63,4,4: นอกเขต มารับบริการ/เคยอยู่ในเขต,15-29 ปี,3
code,DIAGNOSIS_OPD,ละงู,11405,โรงพยาบาลละงู,พยายามฆ่าตัวตาย/ตั้งใจทำร้ายตนเอง (X60-X84),X64,4,4: นอกเขต มารับบริการ/เคยอยู่ในเขต,15-29 ปี,7
code,DIAGNOSIS_OPD,ละงู,11405,โรงพยาบาลละงู,พยายามฆ่าตัวตาย/ตั้งใจทำร้ายตนเอง (X60-X84),X64,4,4: นอกเขต มารับบริการ/เคยอยู่ในเขต,30-44 ปี,5
code,DIAGNOSIS_OPD,ละงู,11405,โรงพยาบาลละงู,พยายามฆ่าตัวตาย/ตั้งใจทำร้ายตนเอง (X60-X84),X68,4,4: นอกเขต มารับบริการ/เคยอยู่ในเขต,15-29 ปี,2
code,DIAGNOSIS_OPD,ละงู,11405,โรงพยาบาลละงู,พยายามฆ่าตัวตาย/ตั้งใจทำร้ายตนเอง (X60-X84),X68,4,4: นอกเขต มารับบริการ/เคยอยู่ในเขต,30-44 ปี,1
code,DIAGNOSIS_OPD,ละงู,11405,โรงพยาบาลละงู,พยายามฆ่าตัวตาย/ตั้งใจทำร้ายตนเอง (X60-X84),X69,4,4: นอกเขต มารับบริการ/เคยอยู่ในเขต,0-14 ปี,1
code,DIAGNOSIS_OPD,ละงู,11405,โรงพยาบาลละงู,พยายามฆ่าตัวตาย/ตั้งใจทำร้ายตนเอง (X60-X84),X69,4,4: นอกเขต มารับบริการ/เคยอยู่ในเขต,15-29 ปี,8
code,DIAGNOSIS_OPD,ละงู,11405,โรงพยาบาลละงู,พยายามฆ่าตัวตาย/ตั้งใจทำร้ายตนเอง (X60-X84),X69,4,4: นอกเขต มารับบริการ/เคยอยู่ในเขต,30-44 ปี,6
code,DIAGNOSIS_OPD,ละงู,11405,โรงพยาบาลละงู,พยายามฆ่าตัวตาย/ตั้งใจทำร้ายตนเอง (X60-X84),X69,4,4: นอกเขต มารับบริการ/เคยอยู่ในเขต,45-59 ปี,3
code,DIAGNOSIS_OPD,ละงู,11405,โรงพยาบาลละงู,พยายามฆ่าตัวตาย/ตั้งใจทำร้ายตนเอง (X60-X84),X69,4,4: นอกเขต มารับบริการ/เคยอยู่ในเขต,60-74 ปี,1
code,DIAGNOSIS_OPD,ละงู,11405,โรงพยาบาลละงู,พยายามฆ่าตัวตาย/ตั้งใจทำร้ายตนเอง (X60-X84),X70,4,4: นอกเขต มารับบริการ/เคยอยู่ในเขต,15-29 ปี,4
code,DIAGNOSIS_OPD,ละงู,11405,โรงพยาบาลละงู,พยายามฆ่าตัวตาย/ตั้งใจทำร้ายตนเอง (X60-X84),X70,4,4: นอกเขต มารับบริการ/เคยอยู่ในเขต,30-44 ปี,1
code,DIAGNOSIS_OPD,ละงู,11405,โรงพยาบาลละงู,พยายามฆ่าตัวตาย/ตั้งใจทำร้ายตนเอง (X60-X84),X70,4,4: นอกเขต มารับบริการ/เคยอยู่ในเขต,45-59 ปี,2
code,DIAGNOSIS_OPD,ละงู,11405,โรงพยาบาลละงู,พยายามฆ่าตัวตาย/ตั้งใจทำร้ายตนเอง (X60-X84),X70,4,4: นอกเขต มารับบริการ/เคยอยู่ในเขต,75 ปีขึ้นไป,1
code,DIAGNOSIS_OPD,ละงู,11405,โรงพยาบาลละงู,พยายามฆ่าตัวตาย/ตั้งใจทำร้ายตนเอง (X60-X84),X78,4,4: นอกเขต มารับบริการ/เคยอยู่ในเขต,0-14 ปี,1
code,DIAGNOSIS_OPD,ละงู,11405,โรงพยาบาลละงู,พยายามฆ่าตัวตาย/ตั้งใจทำร้ายตนเอง (X60-X84),X78,4,4: นอกเขต มารับบริการ/เคยอยู่ในเขต,15-29 ปี,5
code,DIAGNOSIS_OPD,ละงู,11405,โรงพยาบาลละงู,พยายามฆ่าตัวตาย/ตั้งใจทำร้ายตนเอง (X60-X84),X78,4,4: นอกเขต มารับบริการ/เคยอยู่ในเขต,30-44 ปี,5
code,DIAGNOSIS_OPD,ละงู,11405,โรงพยาบาลละงู,พยายามฆ่าตัวตาย/ตั้งใจทำร้ายตนเอง (X60-X84),X78,4,4: นอกเขต มารับบริการ/เคยอยู่ในเขต,60-74 ปี,1
code,DIAGNOSIS_OPD,ละงู,11405,โรงพยาบาลละงู,พยายามฆ่าตัวตาย/ตั้งใจทำร้ายตนเอง (X60-X84),X79,4,4: นอกเขต มารับบริการ/เคยอยู่ในเขต,15-29 ปี,1
code,DIAGNOSIS_OPD,ละงู,11405,โรงพยาบาลละงู,พยายามฆ่าตัวตาย/ตั้งใจทำร้ายตนเอง (X60-X84),X83,4,4: นอกเขต มารับบริการ/เคยอยู่ในเขต,15-29 ปี,1
code,DIAGNOSIS_OPD,ละงู,11405,โรงพยาบาลละงู,พยายามฆ่าตัวตาย/ตั้งใจทำร้ายตนเอง (X60-X84),X84,4,4: นอกเขต มารับบริการ/เคยอยู่ในเขต,0-14 ปี,1
code,DIAGNOSIS_OPD,ละงู,11405,โรงพยาบาลละงู,พยายามฆ่าตัวตาย/ตั้งใจทำร้ายตนเอง (X60-X84),X84,4,4: นอกเขต มารับบริการ/เคยอยู่ในเขต,15-29 ปี,1
code,DIAGNOSIS_OPD,ละงู,11405,โรงพยาบาลละงู,โรคจิตอื่นๆ (F21-F29),F22,4,4: นอกเขต มารับบริการ/เคยอยู่ในเขต,30-44 ปี,1
code,DIAGNOSIS_OPD,ละงู,11405,โรงพยาบาลละงู,โรคจิตอื่นๆ (F21-F29),F22,4,4: นอกเขต มารับบริการ/เคยอยู่ในเขต,45-59 ปี,5
code,DIAGNOSIS_OPD,ละงู,11405,โรงพยาบาลละงู,โรคจิตอื่นๆ (F21-F29),F22,4,4: นอกเขต มารับบริการ/เคยอยู่ในเขต,60-74 ปี,4
code,DIAGNOSIS_OPD,ละงู,11405,โรงพยาบาลละงู,โรคจิตอื่นๆ (F21-F29),F23,4,4: นอกเขต มารับบริการ/เคยอยู่ในเขต,15-29 ปี,19
code,DIAGNOSIS_OPD,ละงู,11405,โรงพยาบาลละงู,โรคจิตอื่นๆ (F21-F29),F23,4,4: นอกเขต มารับบริการ/เคยอยู่ในเขต,30-44 ปี,17
code,DIAGNOSIS_OPD,ละงู,11405,โรงพยาบาลละงู,โรคจิตอื่นๆ (F21-F29),F23,4,4: นอกเขต มารับบริการ/เคยอยู่ในเขต,45-59 ปี,4
code,DIAGNOSIS_OPD,ละงู,11405,โรงพยาบาลละงู,โรคจิตอื่นๆ (F21-F29),F23,4,4: นอกเขต มารับบริการ/เคยอยู่ในเขต,60-74 ปี,2
code,DIAGNOSIS_OPD,ละงู,11405,โรงพยาบาลละงู,โรคจิตอื่นๆ (F21-F29),F23,4,4: นอกเขต มารับบริการ/เคยอยู่ในเขต,75 ปีขึ้นไป,1
code,DIAGNOSIS_OPD,ละงู,11405,โรงพยาบาลละงู,โรคจิตอื่นๆ (F21-F29),F24,4,4: นอกเขต มารับบริการ/เคยอยู่ในเขต,15-29 ปี,1
code,DIAGNOSIS_OPD,ละงู,11405,โรงพยาบาลละงู,โรคจิตอื่นๆ (F21-F29),F25,4,4: นอกเขต มารับบริการ/เคยอยู่ในเขต,15-29 ปี,3
code,DIAGNOSIS_OPD,ละงู,11405,โรงพยาบาลละงู,โรคจิตอื่นๆ (F21-F29),F25,4,4: นอกเขต มารับบริการ/เคยอยู่ในเขต,30-44 ปี,2
code,DIAGNOSIS_OPD,ละงู,11405,โรงพยาบาลละงู,โรคจิตอื่นๆ (F21-F29),F25,4,4: นอกเขต มารับบริการ/เคยอยู่ในเขต,45-59 ปี,2
code,DIAGNOSIS_OPD,ละงู,11405,โรงพยาบาลละงู,โรคจิตอื่นๆ (F21-F29),F29,4,4: นอกเขต มารับบริการ/เคยอยู่ในเขต,0-14 ปี,2
code,DIAGNOSIS_OPD,ละงู,11405,โรงพยาบาลละงู,โรคจิตอื่นๆ (F21-F29),F29,4,4: นอกเขต มารับบริการ/เคยอยู่ในเขต,15-29 ปี,80
code,DIAGNOSIS_OPD,ละงู,11405,โรงพยาบาลละงู,โรคจิตอื่นๆ (F21-F29),F29,4,4: นอกเขต มารับบริการ/เคยอยู่ในเขต,30-44 ปี,87
code,DIAGNOSIS_OPD,ละงู,11405,โรงพยาบาลละงู,โรคจิตอื่นๆ (F21-F29),F29,4,4: นอกเขต มารับบริการ/เคยอยู่ในเขต,45-59 ปี,33
code,DIAGNOSIS_OPD,ละงู,11405,โรงพยาบาลละงู,โรคจิตอื่นๆ (F21-F29),F29,4,4: นอกเขต มารับบริการ/เคยอยู่ในเขต,60-74 ปี,7
code,DIAGNOSIS_OPD,ละงู,11405,โรงพยาบาลละงู,โรคจิตอื่นๆ (F21-F29),F29,4,4: นอกเขต มารับบริการ/เคยอยู่ในเขต,75 ปีขึ้นไป,1
code,DIAGNOSIS_OPD,ละงู,11405,โรงพยาบาลละงู,โรคจิตเภท (F20),F20,4,4: นอกเขต มารับบริการ/เคยอยู่ในเขต,15-29 ปี,136
code,DIAGNOSIS_OPD,ละงู,11405,โรงพยาบาลละงู,โรคจิตเภท (F20),F20,4,4: นอกเขต มารับบริการ/เคยอยู่ในเขต,30-44 ปี,295
code,DIAGNOSIS_OPD,ละงู,11405,โรงพยาบาลละงู,โรคจิตเภท (F20),F20,4,4: นอกเขต มารับบริการ/เคยอยู่ในเขต,45-59 ปี,163
code,DIAGNOSIS_OPD,ละงู,11405,โรงพยาบาลละงู,โรคจิตเภท (F20),F20,4,4: นอกเขต มารับบริการ/เคยอยู่ในเขต,60-74 ปี,69
code,DIAGNOSIS_OPD,ละงู,11405,โรงพยาบาลละงู,โรคจิตเภท (F20),F20,4,4: นอกเขต มารับบริการ/เคยอยู่ในเขต,75 ปีขึ้นไป,13
code,DIAGNOSIS_OPD,ละงู,11405,โรงพยาบาลละงู,"โรคซึมเศร้า (F32,F33,F341,F38,F39)",F32,4,4: นอกเขต มารับบริการ/เคยอยู่ในเขต,0-14 ปี,51
code,DIAGNOSIS_OPD,ละงู,11405,โรงพยาบาลละงู,"โรคซึมเศร้า (F32,F33,F341,F38,F39)",F32,4,4: นอกเขต มารับบริการ/เคยอยู่ในเขต,15-29 ปี,341
code,DIAGNOSIS_OPD,ละงู,11405,โรงพยาบาลละงู,"โรคซึมเศร้า (F32,F33,F341,F38,F39)",F32,4,4: นอกเขต มารับบริการ/เคยอยู่ในเขต,30-44 ปี,268
code,DIAGNOSIS_OPD,ละงู,11405,โรงพยาบาลละงู,"โรคซึมเศร้า (F32,F33,F341,F38,F39)",F32,4,4: นอกเขต มารับบริการ/เคยอยู่ในเขต,45-59 ปี,269
code,DIAGNOSIS_OPD,ละงู,11405,โรงพยาบาลละงู,"โรคซึมเศร้า (F32,F33,F341,F38,F39)",F32,4,4: นอกเขต มารับบริการ/เคยอยู่ในเขต,60-74 ปี,197
code,DIAGNOSIS_OPD,ละงู,11405,โรงพยาบาลละงู,"โรคซึมเศร้า (F32,F33,F341,F38,F39)",F32,4,4: นอกเขต มารับบริการ/เคยอยู่ในเขต,75 ปีขึ้นไป,61
code,DIAGNOSIS_OPD,ละงู,11405,โรงพยาบาลละงู,"โรคซึมเศร้า (F32,F33,F341,F38,F39)",F33,4,4: นอกเขต มารับบริการ/เคยอยู่ในเขต,0-14 ปี,1
code,DIAGNOSIS_OPD,ละงู,11405,โรงพยาบาลละงู,"โรคซึมเศร้า (F32,F33,F341,F38,F39)",F33,4,4: นอกเขต มารับบริการ/เคยอยู่ในเขต,15-29 ปี,9
code,DIAGNOSIS_OPD,ละงู,11405,โรงพยาบาลละงู,"โรคซึมเศร้า (F32,F33,F341,F38,F39)",F33,4,4: นอกเขต มารับบริการ/เคยอยู่ในเขต,30-44 ปี,3
code,DIAGNOSIS_OPD,ละงู,11405,โรงพยาบาลละงู,"โรคซึมเศร้า (F32,F33,F341,F38,F39)",F33,4,4: นอกเขต มารับบริการ/เคยอยู่ในเขต,45-59 ปี,4
code,DIAGNOSIS_OPD,ละงู,11405,โรงพยาบาลละงู,"โรคซึมเศร้า (F32,F33,F341,F38,F39)",F33,4,4: นอกเขต มารับบริการ/เคยอยู่ในเขต,60-74 ปี,1
code,DIAGNOSIS_OPD,ละงู,11405,โรงพยาบาลละงู,"โรคซึมเศร้า (F32,F33,F341,F38,F39)",F341,4,4: นอกเขต มารับบริการ/เคยอยู่ในเขต,15-29 ปี,2
code,DIAGNOSIS_OPD,ละงู,11405,โรงพยาบาลละงู,"โรคซึมเศร้า (F32,F33,F341,F38,F39)",F341,4,4: นอกเขต มารับบริการ/เคยอยู่ในเขต,30-44 ปี,2
code,DIAGNOSIS_OPD,ละงู,11405,โรงพยาบาลละงู,"โรคซึมเศร้า (F32,F33,F341,F38,F39)",F341,4,4: นอกเขต มารับบริการ/เคยอยู่ในเขต,45-59 ปี,3
code,DIAGNOSIS_OPD,ละงู,11405,โรงพยาบาลละงู,"โรคซึมเศร้า (F32,F33,F341,F38,F39)",F39,4,4: นอกเขต มารับบริการ/เคยอยู่ในเขต,15-29 ปี,3
code,DIAGNOSIS_OPD,ละงู,11405,โรงพยาบาลละงู,"โรคซึมเศร้า (F32,F33,F341,F38,F39)",F39,4,4: นอกเขต มารับบริการ/เคยอยู่ในเขต,45-59 ปี,1
code,DIAGNOSIS_OPD,ละงู,11405,โรงพยาบาลละงู,"โรคทางจิตเวชอื่นๆ (F04-F09,F50-F69,F80,F82-F83,F88-F89,F91-F99 ยกเว้น F638,F988)",F05,4,4: นอกเขต มารับบริการ/เคยอยู่ในเขต,30-44 ปี,3
code,DIAGNOSIS_OPD,ละงู,11405,โรงพยาบาลละงู,"โรคทางจิตเวชอื่นๆ (F04-F09,F50-F69,F80,F82-F83,F88-F89,F91-F99 ยกเว้น F638,F988)",F05,4,4: นอกเขต มารับบริการ/เคยอยู่ในเขต,45-59 ปี,3
code,DIAGNOSIS_OPD,ละงู,11405,โรงพยาบาลละงู,"โรคทางจิตเวชอื่นๆ (F04-F09,F50-F69,F80,F82-F83,F88-F89,F91-F99 ยกเว้น F638,F988)",F05,4,4: นอกเขต มารับบริการ/เคยอยู่ในเขต,60-74 ปี,14
code,DIAGNOSIS_OPD,ละงู,11405,โรงพยาบาลละงู,"โรคทางจิตเวชอื่นๆ (F04-F09,F50-F69,F80,F82-F83,F88-F89,F91-F99 ยกเว้น F638,F988)",F05,4,4: นอกเขต มารับบริการ/เคยอยู่ในเขต,75 ปีขึ้นไป,22
code,DIAGNOSIS_OPD,ละงู,11405,โรงพยาบาลละงู,"โรคทางจิตเวชอื่นๆ (F04-F09,F50-F69,F80,F82-F83,F88-F89,F91-F99 ยกเว้น F638,F988)",F06,4,4: นอกเขต มารับบริการ/เคยอยู่ในเขต,45-59 ปี,2
code,DIAGNOSIS_OPD,ละงู,11405,โรงพยาบาลละงู,"โรคทางจิตเวชอื่นๆ (F04-F09,F50-F69,F80,F82-F83,F88-F89,F91-F99 ยกเว้น F638,F988)",F06,4,4: นอกเขต มารับบริการ/เคยอยู่ในเขต,60-74 ปี,1
code,DIAGNOSIS_OPD,ละงู,11405,โรงพยาบาลละงู,"โรคทางจิตเวชอื่นๆ (F04-F09,F50-F69,F80,F82-F83,F88-F89,F91-F99 ยกเว้น F638,F988)",F07,4,4: นอกเขต มารับบริการ/เคยอยู่ในเขต,0-14 ปี,1
code,DIAGNOSIS_OPD,ละงู,11405,โรงพยาบาลละงู,"โรคทางจิตเวชอื่นๆ (F04-F09,F50-F69,F80,F82-F83,F88-F89,F91-F99 ยกเว้น F638,F988)",F09,4,4: นอกเขต มารับบริการ/เคยอยู่ในเขต,15-29 ปี,9
code,DIAGNOSIS_OPD,ละงู,11405,โรงพยาบาลละงู,"โรคทางจิตเวชอื่นๆ (F04-F09,F50-F69,F80,F82-F83,F88-F89,F91-F99 ยกเว้น F638,F988)",F09,4,4: นอกเขต มารับบริการ/เคยอยู่ในเขต,30-44 ปี,13
code,DIAGNOSIS_OPD,ละงู,11405,โรงพยาบาลละงู,"โรคทางจิตเวชอื่นๆ (F04-F09,F50-F69,F80,F82-F83,F88-F89,F91-F99 ยกเว้น F638,F988)",F09,4,4: นอกเขต มารับบริการ/เคยอยู่ในเขต,45-59 ปี,2
code,DIAGNOSIS_OPD,ละงู,11405,โรงพยาบาลละงู,"โรคทางจิตเวชอื่นๆ (F04-F09,F50-F69,F80,F82-F83,F88-F89,F91-F99 ยกเว้น F638,F988)",F09,4,4: นอกเขต มารับบริการ/เคยอยู่ในเขต,60-74 ปี,2
code,DIAGNOSIS_OPD,ละงู,11405,โรงพยาบาลละงู,"โรคทางจิตเวชอื่นๆ (F04-F09,F50-F69,F80,F82-F83,F88-F89,F91-F99 ยกเว้น F638,F988)",F50,4,4: นอกเขต มารับบริการ/เคยอยู่ในเขต,0-14 ปี,1
code,DIAGNOSIS_OPD,ละงู,11405,โรงพยาบาลละงู,"โรคทางจิตเวชอื่นๆ (F04-F09,F50-F69,F80,F82-F83,F88-F89,F91-F99 ยกเว้น F638,F988)",F50,4,4: นอกเขต มารับบริการ/เคยอยู่ในเขต,15-29 ปี,3
code,DIAGNOSIS_OPD,ละงู,11405,โรงพยาบาลละงู,"โรคทางจิตเวชอื่นๆ (F04-F09,F50-F69,F80,F82-F83,F88-F89,F91-F99 ยกเว้น F638,F988)",F50,4,4: นอกเขต มารับบริการ/เคยอยู่ในเขต,30-44 ปี,2
code,DIAGNOSIS_OPD,ละงู,11405,โรงพยาบาลละงู,"โรคทางจิตเวชอื่นๆ (F04-F09,F50-F69,F80,F82-F83,F88-F89,F91-F99 ยกเว้น F638,F988)",F50,4,4: นอกเขต มารับบริการ/เคยอยู่ในเขต,45-59 ปี,1
code,DIAGNOSIS_OPD,ละงู,11405,โรงพยาบาลละงู,"โรคทางจิตเวชอื่นๆ (F04-F09,F50-F69,F80,F82-F83,F88-F89,F91-F99 ยกเว้น F638,F988)",F50,4,4: นอกเขต มารับบริการ/เคยอยู่ในเขต,60-74 ปี,1
code,DIAGNOSIS_OPD,ละงู,11405,โรงพยาบาลละงู,"โรคทางจิตเวชอื่นๆ (F04-F09,F50-F69,F80,F82-F83,F88-F89,F91-F99 ยกเว้น F638,F988)",F51,4,4: นอกเขต มารับบริการ/เคยอยู่ในเขต,0-14 ปี,3
code,DIAGNOSIS_OPD,ละงู,11405,โรงพยาบาลละงู,"โรคทางจิตเวชอื่นๆ (F04-F09,F50-F69,F80,F82-F83,F88-F89,F91-F99 ยกเว้น F638,F988)",F51,4,4: นอกเขต มารับบริการ/เคยอยู่ในเขต,15-29 ปี,21
code,DIAGNOSIS_OPD,ละงู,11405,โรงพยาบาลละงู,"โรคทางจิตเวชอื่นๆ (F04-F09,F50-F69,F80,F82-F83,F88-F89,F91-F99 ยกเว้น F638,F988)",F51,4,4: นอกเขต มารับบริการ/เคยอยู่ในเขต,30-44 ปี,62
code,DIAGNOSIS_OPD,ละงู,11405,โรงพยาบาลละงู,"โรคทางจิตเวชอื่นๆ (F04-F09,F50-F69,F80,F82-F83,F88-F89,F91-F99 ยกเว้น F638,F988)",F51,4,4: นอกเขต มารับบริการ/เคยอยู่ในเขต,45-59 ปี,121
code,DIAGNOSIS_OPD,ละงู,11405,โรงพยาบาลละงู,"โรคทางจิตเวชอื่นๆ (F04-F09,F50-F69,F80,F82-F83,F88-F89,F91-F99 ยกเว้น F638,F988)",F51,4,4: นอกเขต มารับบริการ/เคยอยู่ในเขต,60-74 ปี,139
code,DIAGNOSIS_OPD,ละงู,11405,โรงพยาบาลละงู,"โรคทางจิตเวชอื่นๆ (F04-F09,F50-F69,F80,F82-F83,F88-F89,F91-F99 ยกเว้น F638,F988)",F51,4,4: นอกเขต มารับบริการ/เคยอยู่ในเขต,75 ปีขึ้นไป,47
code,DIAGNOSIS_OPD,ละงู,11405,โรงพยาบาลละงู,"โรคทางจิตเวชอื่นๆ (F04-F09,F50-F69,F80,F82-F83,F88-F89,F91-F99 ยกเว้น F638,F988)",F53,4,4: นอกเขต มารับบริการ/เคยอยู่ในเขต,15-29 ปี,1
code,DIAGNOSIS_OPD,ละงู,11405,โรงพยาบาลละงู,"โรคทางจิตเวชอื่นๆ (F04-F09,F50-F69,F80,F82-F83,F88-F89,F91-F99 ยกเว้น F638,F988)",F53,4,4: นอกเขต มารับบริการ/เคยอยู่ในเขต,30-44 ปี,1
code,DIAGNOSIS_OPD,ละงู,11405,โรงพยาบาลละงู,"โรคทางจิตเวชอื่นๆ (F04-F09,F50-F69,F80,F82-F83,F88-F89,F91-F99 ยกเว้น F638,F988)",F54,4,4: นอกเขต มารับบริการ/เคยอยู่ในเขต,0-14 ปี,2
code,DIAGNOSIS_OPD,ละงู,11405,โรงพยาบาลละงู,"โรคทางจิตเวชอื่นๆ (F04-F09,F50-F69,F80,F82-F83,F88-F89,F91-F99 ยกเว้น F638,F988)",F54,4,4: นอกเขต มารับบริการ/เคยอยู่ในเขต,15-29 ปี,25
code,DIAGNOSIS_OPD,ละงู,11405,โรงพยาบาลละงู,"โรคทางจิตเวชอื่นๆ (F04-F09,F50-F69,F80,F82-F83,F88-F89,F91-F99 ยกเว้น F638,F988)",F54,4,4: นอกเขต มารับบริการ/เคยอยู่ในเขต,30-44 ปี,13
code,DIAGNOSIS_OPD,ละงู,11405,โรงพยาบาลละงู,"โรคทางจิตเวชอื่นๆ (F04-F09,F50-F69,F80,F82-F83,F88-F89,F91-F99 ยกเว้น F638,F988)",F54,4,4: นอกเขต มารับบริการ/เคยอยู่ในเขต,45-59 ปี,3
code,DIAGNOSIS_OPD,ละงู,11405,โรงพยาบาลละงู,"โรคทางจิตเวชอื่นๆ (F04-F09,F50-F69,F80,F82-F83,F88-F89,F91-F99 ยกเว้น F638,F988)",F55,4,4: นอกเขต มารับบริการ/เคยอยู่ในเขต,15-29 ปี,4
code,DIAGNOSIS_OPD,ละงู,11405,โรงพยาบาลละงู,"โรคทางจิตเวชอื่นๆ (F04-F09,F50-F69,F80,F82-F83,F88-F89,F91-F99 ยกเว้น F638,F988)",F55,4,4: นอกเขต มารับบริการ/เคยอยู่ในเขต,30-44 ปี,3
code,DIAGNOSIS_OPD,ละงู,11405,โรงพยาบาลละงู,"โรคทางจิตเวชอื่นๆ (F04-F09,F50-F69,F80,F82-F83,F88-F89,F91-F99 ยกเว้น F638,F988)",F60,4,4: นอกเขต มารับบริการ/เคยอยู่ในเขต,15-29 ปี,1
code,DIAGNOSIS_OPD,ละงู,11405,โรงพยาบาลละงู,"โรคทางจิตเวชอื่นๆ (F04-F09,F50-F69,F80,F82-F83,F88-F89,F91-F99 ยกเว้น F638,F988)",F60,4,4: นอกเขต มารับบริการ/เคยอยู่ในเขต,45-59 ปี,1
code,DIAGNOSIS_OPD,ละงู,11405,โรงพยาบาลละงู,"โรคทางจิตเวชอื่นๆ (F04-F09,F50-F69,F80,F82-F83,F88-F89,F91-F99 ยกเว้น F638,F988)",F60,4,4: นอกเขต มารับบริการ/เคยอยู่ในเขต,60-74 ปี,1
code,DIAGNOSIS_OPD,ละงู,11405,โรงพยาบาลละงู,"โรคทางจิตเวชอื่นๆ (F04-F09,F50-F69,F80,F82-F83,F88-F89,F91-F99 ยกเว้น F638,F988)",F62,4,4: นอกเขต มารับบริการ/เคยอยู่ในเขต,15-29 ปี,1
code,DIAGNOSIS_OPD,ละงู,11405,โรงพยาบาลละงู,"โรคทางจิตเวชอื่นๆ (F04-F09,F50-F69,F80,F82-F83,F88-F89,F91-F99 ยกเว้น F638,F988)",F62,4,4: นอกเขต มารับบริการ/เคยอยู่ในเขต,30-44 ปี,1
code,DIAGNOSIS_OPD,ละงู,11405,โรงพยาบาลละงู,"โรคทางจิตเวชอื่นๆ (F04-F09,F50-F69,F80,F82-F83,F88-F89,F91-F99 ยกเว้น F638,F988)",F63,4,4: นอกเขต มารับบริการ/เคยอยู่ในเขต,75 ปีขึ้นไป,1
code,DIAGNOSIS_OPD,ละงู,11405,โรงพยาบาลละงู,"โรคทางจิตเวชอื่นๆ (F04-F09,F50-F69,F80,F82-F83,F88-F89,F91-F99 ยกเว้น F638,F988)",F65,4,4: นอกเขต มารับบริการ/เคยอยู่ในเขต,30-44 ปี,1
code,DIAGNOSIS_OPD,ละงู,11405,โรงพยาบาลละงู,"โรคทางจิตเวชอื่นๆ (F04-F09,F50-F69,F80,F82-F83,F88-F89,F91-F99 ยกเว้น F638,F988)",F65,4,4: นอกเขต มารับบริการ/เคยอยู่ในเขต,45-59 ปี,1
code,DIAGNOSIS_OPD,ละงู,11405,โรงพยาบาลละงู,"โรคทางจิตเวชอื่นๆ (F04-F09,F50-F69,F80,F82-F83,F88-F89,F91-F99 ยกเว้น F638,F988)",F80,4,4: นอกเขต มารับบริการ/เคยอยู่ในเขต,0-14 ปี,39
code,DIAGNOSIS_OPD,ละงู,11405,โรงพยาบาลละงู,"โรคทางจิตเวชอื่นๆ (F04-F09,F50-F69,F80,F82-F83,F88-F89,F91-F99 ยกเว้น F638,F988)",F80,4,4: นอกเขต มารับบริการ/เคยอยู่ในเขต,60-74 ปี,1
code,DIAGNOSIS_OPD,ละงู,11405,โรงพยาบาลละงู,"โรคทางจิตเวชอื่นๆ (F04-F09,F50-F69,F80,F82-F83,F88-F89,F91-F99 ยกเว้น F638,F988)",F82,4,4: นอกเขต มารับบริการ/เคยอยู่ในเขต,0-14 ปี,4
code,DIAGNOSIS_OPD,ละงู,11405,โรงพยาบาลละงู,"โรคทางจิตเวชอื่นๆ (F04-F09,F50-F69,F80,F82-F83,F88-F89,F91-F99 ยกเว้น F638,F988)",F83,4,4: นอกเขต มารับบริการ/เคยอยู่ในเขต,0-14 ปี,26
code,DIAGNOSIS_OPD,ละงู,11405,โรงพยาบาลละงู,"โรคทางจิตเวชอื่นๆ (F04-F09,F50-F69,F80,F82-F83,F88-F89,F91-F99 ยกเว้น F638,F988)",F83,4,4: นอกเขต มารับบริการ/เคยอยู่ในเขต,15-29 ปี,3
code,DIAGNOSIS_OPD,ละงู,11405,โรงพยาบาลละงู,"โรคทางจิตเวชอื่นๆ (F04-F09,F50-F69,F80,F82-F83,F88-F89,F91-F99 ยกเว้น F638,F988)",F91,4,4: นอกเขต มารับบริการ/เคยอยู่ในเขต,0-14 ปี,2
code,DIAGNOSIS_OPD,ละงู,11405,โรงพยาบาลละงู,"โรคทางจิตเวชอื่นๆ (F04-F09,F50-F69,F80,F82-F83,F88-F89,F91-F99 ยกเว้น F638,F988)",F91,4,4: นอกเขต มารับบริการ/เคยอยู่ในเขต,15-29 ปี,2
code,DIAGNOSIS_OPD,ละงู,11405,โรงพยาบาลละงู,"โรคทางจิตเวชอื่นๆ (F04-F09,F50-F69,F80,F82-F83,F88-F89,F91-F99 ยกเว้น F638,F988)",F91,4,4: นอกเขต มารับบริการ/เคยอยู่ในเขต,45-59 ปี,3
code,DIAGNOSIS_OPD,ละงู,11405,โรงพยาบาลละงู,"โรคทางจิตเวชอื่นๆ (F04-F09,F50-F69,F80,F82-F83,F88-F89,F91-F99 ยกเว้น F638,F988)",F91,4,4: นอกเขต มารับบริการ/เคยอยู่ในเขต,75 ปีขึ้นไป,1
code,DIAGNOSIS_OPD,ละงู,11405,โรงพยาบาลละงู,"โรคทางจิตเวชอื่นๆ (F04-F09,F50-F69,F80,F82-F83,F88-F89,F91-F99 ยกเว้น F638,F988)",F93,4,4: นอกเขต มารับบริการ/เคยอยู่ในเขต,0-14 ปี,1
code,DIAGNOSIS_OPD,ละงู,11405,โรงพยาบาลละงู,"โรคทางจิตเวชอื่นๆ (F04-F09,F50-F69,F80,F82-F83,F88-F89,F91-F99 ยกเว้น F638,F988)",F95,4,4: นอกเขต มารับบริการ/เคยอยู่ในเขต,0-14 ปี,5
code,DIAGNOSIS_OPD,ละงู,11405,โรงพยาบาลละงู,"โรคทางจิตเวชอื่นๆ (F04-F09,F50-F69,F80,F82-F83,F88-F89,F91-F99 ยกเว้น F638,F988)",F95,4,4: นอกเขต มารับบริการ/เคยอยู่ในเขต,15-29 ปี,2
code,DIAGNOSIS_OPD,ละงู,11405,โรงพยาบาลละงู,"โรคทางจิตเวชอื่นๆ (F04-F09,F50-F69,F80,F82-F83,F88-F89,F91-F99 ยกเว้น F638,F988)",F95,4,4: นอกเขต มารับบริการ/เคยอยู่ในเขต,45-59 ปี,1
code,DIAGNOSIS_OPD,ละงู,11405,โรงพยาบาลละงู,"โรคทางจิตเวชอื่นๆ (F04-F09,F50-F69,F80,F82-F83,F88-F89,F91-F99 ยกเว้น F638,F988)",F95,4,4: นอกเขต มารับบริการ/เคยอยู่ในเขต,60-74 ปี,1
code,DIAGNOSIS_OPD,ละงู,11405,โรงพยาบาลละงู,"โรคทางจิตเวชอื่นๆ (F04-F09,F50-F69,F80,F82-F83,F88-F89,F91-F99 ยกเว้น F638,F988)",F98,4,4: นอกเขต มารับบริการ/เคยอยู่ในเขต,0-14 ปี,2
code,DIAGNOSIS_OPD,ละงู,11405,โรงพยาบาลละงู,"โรคทางจิตเวชอื่นๆ (F04-F09,F50-F69,F80,F82-F83,F88-F89,F91-F99 ยกเว้น F638,F988)",F98,4,4: นอกเขต มารับบริการ/เคยอยู่ในเขต,15-29 ปี,1
code,DIAGNOSIS_OPD,ละงู,11405,โรงพยาบาลละงู,"โรคทางจิตเวชอื่นๆ (F04-F09,F50-F69,F80,F82-F83,F88-F89,F91-F99 ยกเว้น F638,F988)",F99,4,4: นอกเขต มารับบริการ/เคยอยู่ในเขต,0-14 ปี,1
code,DIAGNOSIS_OPD,ละงู,11405,โรงพยาบาลละงู,โรคลมชัก (G40-G41),G40,4,4: นอกเขต มารับบริการ/เคยอยู่ในเขต,0-14 ปี,76
code,DIAGNOSIS_OPD,ละงู,11405,โรงพยาบาลละงู,โรคลมชัก (G40-G41),G40,4,4: นอกเขต มารับบริการ/เคยอยู่ในเขต,15-29 ปี,84
code,DIAGNOSIS_OPD,ละงู,11405,โรงพยาบาลละงู,โรคลมชัก (G40-G41),G40,4,4: นอกเขต มารับบริการ/เคยอยู่ในเขต,30-44 ปี,88
code,DIAGNOSIS_OPD,ละงู,11405,โรงพยาบาลละงู,โรคลมชัก (G40-G41),G40,4,4: นอกเขต มารับบริการ/เคยอยู่ในเขต,45-59 ปี,52
code,DIAGNOSIS_OPD,ละงู,11405,โรงพยาบาลละงู,โรคลมชัก (G40-G41),G40,4,4: นอกเขต มารับบริการ/เคยอยู่ในเขต,60-74 ปี,35
code,DIAGNOSIS_OPD,ละงู,11405,โรงพยาบาลละงู,โรคลมชัก (G40-G41),G40,4,4: นอกเขต มารับบริการ/เคยอยู่ในเขต,75 ปีขึ้นไป,20
code,DIAGNOSIS_OPD,ละงู,11405,โรงพยาบาลละงู,โรคลมชัก (G40-G41),G41,4,4: นอกเขต มารับบริการ/เคยอยู่ในเขต,0-14 ปี,1
code,DIAGNOSIS_OPD,ละงู,11405,โรงพยาบาลละงู,โรคลมชัก (G40-G41),G41,4,4: นอกเขต มารับบริการ/เคยอยู่ในเขต,15-29 ปี,1
code,DIAGNOSIS_OPD,ละงู,11405,โรงพยาบาลละงู,โรคลมชัก (G40-G41),G41,4,4: นอกเขต มารับบริการ/เคยอยู่ในเขต,30-44 ปี,2
code,DIAGNOSIS_OPD,ละงู,11405,โรงพยาบาลละงู,โรคลมชัก (G40-G41),G41,4,4: นอกเขต มารับบริการ/เคยอยู่ในเขต,45-59 ปี,2
code,DIAGNOSIS_OPD,ละงู,11405,โรงพยาบาลละงู,โรคลมชัก (G40-G41),G41,4,4: นอกเขต มารับบริการ/เคยอยู่ในเขต,60-74 ปี,3
code,DIAGNOSIS_OPD,ละงู,11405,โรงพยาบาลละงู,โรควิตกกังวล (F40-F48),F40,4,4: นอกเขต มารับบริการ/เคยอยู่ในเขต,0-14 ปี,2
code,DIAGNOSIS_OPD,ละงู,11405,โรงพยาบาลละงู,โรควิตกกังวล (F40-F48),F40,4,4: นอกเขต มารับบริการ/เคยอยู่ในเขต,15-29 ปี,3
code,DIAGNOSIS_OPD,ละงู,11405,โรงพยาบาลละงู,โรควิตกกังวล (F40-F48),F40,4,4: นอกเขต มารับบริการ/เคยอยู่ในเขต,30-44 ปี,1
code,DIAGNOSIS_OPD,ละงู,11405,โรงพยาบาลละงู,โรควิตกกังวล (F40-F48),F40,4,4: นอกเขต มารับบริการ/เคยอยู่ในเขต,45-59 ปี,2
code,DIAGNOSIS_OPD,ละงู,11405,โรงพยาบาลละงู,โรควิตกกังวล (F40-F48),F40,4,4: นอกเขต มารับบริการ/เคยอยู่ในเขต,60-74 ปี,3
code,DIAGNOSIS_OPD,ละงู,11405,โรงพยาบาลละงู,โรควิตกกังวล (F40-F48),F41,4,4: นอกเขต มารับบริการ/เคยอยู่ในเขต,0-14 ปี,22
code,DIAGNOSIS_OPD,ละงู,11405,โรงพยาบาลละงู,โรควิตกกังวล (F40-F48),F41,4,4: นอกเขต มารับบริการ/เคยอยู่ในเขต,15-29 ปี,142
code,DIAGNOSIS_OPD,ละงู,11405,โรงพยาบาลละงู,โรควิตกกังวล (F40-F48),F41,4,4: นอกเขต มารับบริการ/เคยอยู่ในเขต,30-44 ปี,241
code,DIAGNOSIS_OPD,ละงู,11405,โรงพยาบาลละงู,โรควิตกกังวล (F40-F48),F41,4,4: นอกเขต มารับบริการ/เคยอยู่ในเขต,45-59 ปี,286
code,DIAGNOSIS_OPD,ละงู,11405,โรงพยาบาลละงู,โรควิตกกังวล (F40-F48),F41,4,4: นอกเขต มารับบริการ/เคยอยู่ในเขต,60-74 ปี,193
code,DIAGNOSIS_OPD,ละงู,11405,โรงพยาบาลละงู,โรควิตกกังวล (F40-F48),F41,4,4: นอกเขต มารับบริการ/เคยอยู่ในเขต,75 ปีขึ้นไป,48
code,DIAGNOSIS_OPD,ละงู,11405,โรงพยาบาลละงู,โรควิตกกังวล (F40-F48),F42,4,4: นอกเขต มารับบริการ/เคยอยู่ในเขต,15-29 ปี,7
code,DIAGNOSIS_OPD,ละงู,11405,โรงพยาบาลละงู,โรควิตกกังวล (F40-F48),F42,4,4: นอกเขต มารับบริการ/เคยอยู่ในเขต,30-44 ปี,3
code,DIAGNOSIS_OPD,ละงู,11405,โรงพยาบาลละงู,โรควิตกกังวล (F40-F48),F42,4,4: นอกเขต มารับบริการ/เคยอยู่ในเขต,45-59 ปี,1
code,DIAGNOSIS_OPD,ละงู,11405,โรงพยาบาลละงู,โรควิตกกังวล (F40-F48),F42,4,4: นอกเขต มารับบริการ/เคยอยู่ในเขต,60-74 ปี,1
code,DIAGNOSIS_OPD,ละงู,11405,โรงพยาบาลละงู,โรควิตกกังวล (F40-F48),F42,4,4: นอกเขต มารับบริการ/เคยอยู่ในเขต,75 ปีขึ้นไป,1
code,DIAGNOSIS_OPD,ละงู,11405,โรงพยาบาลละงู,โรควิตกกังวล (F40-F48),F43,4,4: นอกเขต มารับบริการ/เคยอยู่ในเขต,0-14 ปี,32
code,DIAGNOSIS_OPD,ละงู,11405,โรงพยาบาลละงู,โรควิตกกังวล (F40-F48),F43,4,4: นอกเขต มารับบริการ/เคยอยู่ในเขต,15-29 ปี,81
code,DIAGNOSIS_OPD,ละงู,11405,โรงพยาบาลละงู,โรควิตกกังวล (F40-F48),F43,4,4: นอกเขต มารับบริการ/เคยอยู่ในเขต,30-44 ปี,44
code,DIAGNOSIS_OPD,ละงู,11405,โรงพยาบาลละงู,โรควิตกกังวล (F40-F48),F43,4,4: นอกเขต มารับบริการ/เคยอยู่ในเขต,45-59 ปี,33
code,DIAGNOSIS_OPD,ละงู,11405,โรงพยาบาลละงู,โรควิตกกังวล (F40-F48),F43,4,4: นอกเขต มารับบริการ/เคยอยู่ในเขต,60-74 ปี,19
code,DIAGNOSIS_OPD,ละงู,11405,โรงพยาบาลละงู,โรควิตกกังวล (F40-F48),F43,4,4: นอกเขต มารับบริการ/เคยอยู่ในเขต,75 ปีขึ้นไป,4
code,DIAGNOSIS_OPD,ละงู,11405,โรงพยาบาลละงู,โรควิตกกังวล (F40-F48),F44,4,4: นอกเขต มารับบริการ/เคยอยู่ในเขต,45-59 ปี,1
code,DIAGNOSIS_OPD,ละงู,11405,โรงพยาบาลละงู,โรควิตกกังวล (F40-F48),F45,4,4: นอกเขต มารับบริการ/เคยอยู่ในเขต,0-14 ปี,30
code,DIAGNOSIS_OPD,ละงู,11405,โรงพยาบาลละงู,โรควิตกกังวล (F40-F48),F45,4,4: นอกเขต มารับบริการ/เคยอยู่ในเขต,15-29 ปี,103
code,DIAGNOSIS_OPD,ละงู,11405,โรงพยาบาลละงู,โรควิตกกังวล (F40-F48),F45,4,4: นอกเขต มารับบริการ/เคยอยู่ในเขต,30-44 ปี,25
code,DIAGNOSIS_OPD,ละงู,11405,โรงพยาบาลละงู,โรควิตกกังวล (F40-F48),F45,4,4: นอกเขต มารับบริการ/เคยอยู่ในเขต,45-59 ปี,13
code,DIAGNOSIS_OPD,ละงู,11405,โรงพยาบาลละงู,โรควิตกกังวล (F40-F48),F45,4,4: นอกเขต มารับบริการ/เคยอยู่ในเขต,60-74 ปี,6
code,DIAGNOSIS_OPD,ละงู,11405,โรงพยาบาลละงู,โรควิตกกังวล (F40-F48),F45,4,4: นอกเขต มารับบริการ/เคยอยู่ในเขต,75 ปีขึ้นไป,3
code,DIAGNOSIS_OPD,ละงู,11405,โรงพยาบาลละงู,โรควิตกกังวล (F40-F48),F48,4,4: นอกเขต มารับบริการ/เคยอยู่ในเขต,75 ปีขึ้นไป,1
code,DIAGNOSIS_OPD,ละงู,11405,โรงพยาบาลละงู,โรคสมองเสื่อม (F00-F03),F00,4,4: นอกเขต มารับบริการ/เคยอยู่ในเขต,45-59 ปี,1
code,DIAGNOSIS_OPD,ละงู,11405,โรงพยาบาลละงู,โรคสมองเสื่อม (F00-F03),F00,4,4: นอกเขต มารับบริการ/เคยอยู่ในเขต,60-74 ปี,9
code,DIAGNOSIS_OPD,ละงู,11405,โรงพยาบาลละงู,โรคสมองเสื่อม (F00-F03),F00,4,4: นอกเขต มารับบริการ/เคยอยู่ในเขต,75 ปีขึ้นไป,5
code,DIAGNOSIS_OPD,ละงู,11405,โรงพยาบาลละงู,โรคสมองเสื่อม (F00-F03),F01,4,4: นอกเขต มารับบริการ/เคยอยู่ในเขต,60-74 ปี,13
code,DIAGNOSIS_OPD,ละงู,11405,โรงพยาบาลละงู,โรคสมองเสื่อม (F00-F03),F01,4,4: นอกเขต มารับบริการ/เคยอยู่ในเขต,75 ปีขึ้นไป,25
code,DIAGNOSIS_OPD,ละงู,11405,โรงพยาบาลละงู,โรคสมองเสื่อม (F00-F03),F02,4,4: นอกเขต มารับบริการ/เคยอยู่ในเขต,60-74 ปี,3
code,DIAGNOSIS_OPD,ละงู,11405,โรงพยาบาลละงู,โรคสมองเสื่อม (F00-F03),F02,4,4: นอกเขต มารับบริการ/เคยอยู่ในเขต,75 ปีขึ้นไป,9
code,DIAGNOSIS_OPD,ละงู,11405,โรงพยาบาลละงู,โรคสมองเสื่อม (F00-F03),F03,4,4: นอกเขต มารับบริการ/เคยอยู่ในเขต,45-59 ปี,2
code,DIAGNOSIS_OPD,ละงู,11405,โรงพยาบาลละงู,โรคสมองเสื่อม (F00-F03),F03,4,4: นอกเขต มารับบริการ/เคยอยู่ในเขต,60-74 ปี,27
code,DIAGNOSIS_OPD,ละงู,11405,โรงพยาบาลละงู,โรคสมองเสื่อม (F00-F03),F03,4,4: นอกเขต มารับบริการ/เคยอยู่ในเขต,75 ปีขึ้นไป,37
code,DIAGNOSIS_OPD,ละงู,11405,โรงพยาบาลละงู,โรคสมาธิสั้น (F90),F90,4,4: นอกเขต มารับบริการ/เคยอยู่ในเขต,0-14 ปี,77
code,DIAGNOSIS_OPD,ละงู,11405,โรงพยาบาลละงู,โรคสมาธิสั้น (F90),F90,4,4: นอกเขต มารับบริการ/เคยอยู่ในเขต,15-29 ปี,18
code,DIAGNOSIS_OPD,ละงู,11405,โรงพยาบาลละงู,โรคสมาธิสั้น (F90),F90,4,4: นอกเขต มารับบริการ/เคยอยู่ในเขต,30-44 ปี,1
code,DIAGNOSIS_OPD,ละงู,11405,โรงพยาบาลละงู,โรคสมาธิสั้น (F90),F90,4,4: นอกเขต มารับบริการ/เคยอยู่ในเขต,60-74 ปี,1
code,DIAGNOSIS_OPD,ละงู,11405,โรงพยาบาลละงู,โรคสมาธิสั้น (F90),F90,4,4: นอกเขต มารับบริการ/เคยอยู่ในเขต,75 ปีขึ้นไป,2
code,DIAGNOSIS_OPD,ละงู,11405,โรงพยาบาลละงู,โรคออทิสติก (F84),F84,4,4: นอกเขต มารับบริการ/เคยอยู่ในเขต,0-14 ปี,33
code,DIAGNOSIS_OPD,ละงู,11405,โรงพยาบาลละงู,โรคออทิสติก (F84),F84,4,4: นอกเขต มารับบริการ/เคยอยู่ในเขต,15-29 ปี,3
code,DIAGNOSIS_OPD,ละงู,11405,โรงพยาบาลละงู,โรคออทิสติก (F84),F84,4,4: นอกเขต มารับบริการ/เคยอยู่ในเขต,30-44 ปี,1
code,DIAGNOSIS_OPD,ละงู,11405,โรงพยาบาลละงู,โรคอารมณ์สองขั้ว (F31),F31,4,4: นอกเขต มารับบริการ/เคยอยู่ในเขต,0-14 ปี,2
code,DIAGNOSIS_OPD,ละงู,11405,โรงพยาบาลละงู,โรคอารมณ์สองขั้ว (F31),F31,4,4: นอกเขต มารับบริการ/เคยอยู่ในเขต,15-29 ปี,22
code,DIAGNOSIS_OPD,ละงู,11405,โรงพยาบาลละงู,โรคอารมณ์สองขั้ว (F31),F31,4,4: นอกเขต มารับบริการ/เคยอยู่ในเขต,30-44 ปี,24
code,DIAGNOSIS_OPD,ละงู,11405,โรงพยาบาลละงู,โรคอารมณ์สองขั้ว (F31),F31,4,4: นอกเขต มารับบริการ/เคยอยู่ในเขต,45-59 ปี,20
code,DIAGNOSIS_OPD,ละงู,11405,โรงพยาบาลละงู,โรคอารมณ์สองขั้ว (F31),F31,4,4: นอกเขต มารับบริการ/เคยอยู่ในเขต,60-74 ปี,3
code,DIAGNOSIS_OPD,ละงู,11405,โรงพยาบาลละงู,โรคอารมณ์สองขั้ว (F31),F31,4,4: นอกเขต มารับบริการ/เคยอยู่ในเขต,75 ปีขึ้นไป,4
code,DIAGNOSIS_OPD,ละงู,09641,โรงพยาบาลส่งเสริมสุขภาพตำบลน้ำผุด,โรคจิตเภท (F20),F20,1,1: ในเขต มีชื่อ+อยู่จริง,30-44 ปี,4
code,DIAGNOSIS_OPD,ละงู,09641,โรงพยาบาลส่งเสริมสุขภาพตำบลน้ำผุด,โรคจิตเภท (F20),F20,4,4: นอกเขต มารับบริการ/เคยอยู่ในเขต,45-59 ปี,1
code,DIAGNOSIS_OPD,ละงู,09641,โรงพยาบาลส่งเสริมสุขภาพตำบลน้ำผุด,"โรคทางจิตเวชอื่นๆ (F04-F09,F50-F69,F80,F82-F83,F88-F89,F91-F99 ยกเว้น F638,F988)",F50,1,1: ในเขต มีชื่อ+อยู่จริง,75 ปีขึ้นไป,1
code,DIAGNOSIS_OPD,ละงู,09641,โรงพยาบาลส่งเสริมสุขภาพตำบลน้ำผุด,"โรคทางจิตเวชอื่นๆ (F04-F09,F50-F69,F80,F82-F83,F88-F89,F91-F99 ยกเว้น F638,F988)",F51,1,1: ในเขต มีชื่อ+อยู่จริง,45-59 ปี,1
code,DIAGNOSIS_OPD,ละงู,22015,โรงพยาบาลส่งเสริมสุขภาพตำบลบ้านตันหยงละไน้ ตำบลแหลมสน,โรคจิตเภท (F20),F20,1,1: ในเขต มีชื่อ+อยู่จริง,30-44 ปี,1
code,DIAGNOSIS_OPD,ละงู,22015,โรงพยาบาลส่งเสริมสุขภาพตำบลบ้านตันหยงละไน้ ตำบลแหลมสน,"โรคทางจิตเวชอื่นๆ (F04-F09,F50-F69,F80,F82-F83,F88-F89,F91-F99 ยกเว้น F638,F988)",F51,1,1: ในเขต มีชื่อ+อยู่จริง,45-59 ปี,1
code,DIAGNOSIS_OPD,ละงู,22015,โรงพยาบาลส่งเสริมสุขภาพตำบลบ้านตันหยงละไน้ ตำบลแหลมสน,โรคลมชัก (G40-G41),G40,1,1: ในเขต มีชื่อ+อยู่จริง,60-74 ปี,1
code,DIAGNOSIS_OPD,ละงู,22015,โรงพยาบาลส่งเสริมสุขภาพตำบลบ้านตันหยงละไน้ ตำบลแหลมสน,โรคลมชัก (G40-G41),G40,1,1: ในเขต มีชื่อ+อยู่จริง,75 ปีขึ้นไป,1
code,DIAGNOSIS_OPD,ละงู,22015,โรงพยาบาลส่งเสริมสุขภาพตำบลบ้านตันหยงละไน้ ตำบลแหลมสน,โรควิตกกังวล (F40-F48),F41,1,1: ในเขต มีชื่อ+อยู่จริง,60-74 ปี,1
code,DIAGNOSIS_OPD,ละงู,09638,โรงพยาบาลส่งเสริมสุขภาพตำบลบ้านบ่อเจ็ดลูก,โรคจิตอื่นๆ (F21-F29),F24,1,1: ในเขต มีชื่อ+อยู่จริง,30-44 ปี,1
code,DIAGNOSIS_OPD,ละงู,09638,โรงพยาบาลส่งเสริมสุขภาพตำบลบ้านบ่อเจ็ดลูก,โรคจิตเภท (F20),F20,1,1: ในเขต มีชื่อ+อยู่จริง,30-44 ปี,1
code,DIAGNOSIS_OPD,ละงู,09638,โรงพยาบาลส่งเสริมสุขภาพตำบลบ้านบ่อเจ็ดลูก,โรคจิตเภท (F20),F20,2,2: ในเขต มีชื่อ แต่ไม่อยู่จริง,30-44 ปี,2
code,DIAGNOSIS_OPD,ละงู,09638,โรงพยาบาลส่งเสริมสุขภาพตำบลบ้านบ่อเจ็ดลูก,โรคจิตเภท (F20),F20,4,4: นอกเขต มารับบริการ/เคยอยู่ในเขต,15-29 ปี,1
code,DIAGNOSIS_OPD,ละงู,09635,โรงพยาบาลส่งเสริมสุขภาพตำบลบ้านห้วยไทร ตำบลละงู,โรคจิตเภท (F20),F20,1,1: ในเขต มีชื่อ+อยู่จริง,30-44 ปี,1
code,DIAGNOSIS_OPD,ละงู,09635,โรงพยาบาลส่งเสริมสุขภาพตำบลบ้านห้วยไทร ตำบลละงู,"โรคทางจิตเวชอื่นๆ (F04-F09,F50-F69,F80,F82-F83,F88-F89,F91-F99 ยกเว้น F638,F988)",F50,2,2: ในเขต มีชื่อ แต่ไม่อยู่จริง,0-14 ปี,1
code,DIAGNOSIS_OPD,ละงู,09635,โรงพยาบาลส่งเสริมสุขภาพตำบลบ้านห้วยไทร ตำบลละงู,"โรคทางจิตเวชอื่นๆ (F04-F09,F50-F69,F80,F82-F83,F88-F89,F91-F99 ยกเว้น F638,F988)",F62,1,1: ในเขต มีชื่อ+อยู่จริง,60-74 ปี,1
code,DIAGNOSIS_OPD,ละงู,09635,โรงพยาบาลส่งเสริมสุขภาพตำบลบ้านห้วยไทร ตำบลละงู,"โรคทางจิตเวชอื่นๆ (F04-F09,F50-F69,F80,F82-F83,F88-F89,F91-F99 ยกเว้น F638,F988)",F99,1,1: ในเขต มีชื่อ+อยู่จริง,30-44 ปี,1
code,DIAGNOSIS_OPD,ละงู,09635,โรงพยาบาลส่งเสริมสุขภาพตำบลบ้านห้วยไทร ตำบลละงู,"โรคทางจิตเวชอื่นๆ (F04-F09,F50-F69,F80,F82-F83,F88-F89,F91-F99 ยกเว้น F638,F988)",F99,1,1: ในเขต มีชื่อ+อยู่จริง,60-74 ปี,1
code,DIAGNOSIS_OPD,ละงู,09635,โรงพยาบาลส่งเสริมสุขภาพตำบลบ้านห้วยไทร ตำบลละงู,โรควิตกกังวล (F40-F48),F41,1,1: ในเขต มีชื่อ+อยู่จริง,45-59 ปี,1
code,DIAGNOSIS_OPD,ละงู,09636,โรงพยาบาลส่งเสริมสุขภาพตำบลบ้านในเมือง ตำบลละงู,"โรคทางจิตเวชอื่นๆ (F04-F09,F50-F69,F80,F82-F83,F88-F89,F91-F99 ยกเว้น F638,F988)",F06,2,2: ในเขต มีชื่อ แต่ไม่อยู่จริง,30-44 ปี,1
code,DIAGNOSIS_OPD,ละงู,09636,โรงพยาบาลส่งเสริมสุขภาพตำบลบ้านในเมือง ตำบลละงู,"โรคทางจิตเวชอื่นๆ (F04-F09,F50-F69,F80,F82-F83,F88-F89,F91-F99 ยกเว้น F638,F988)",F51,1,1: ในเขต มีชื่อ+อยู่จริง,15-29 ปี,1
code,DIAGNOSIS_OPD,ละงู,09636,โรงพยาบาลส่งเสริมสุขภาพตำบลบ้านในเมือง ตำบลละงู,"โรคทางจิตเวชอื่นๆ (F04-F09,F50-F69,F80,F82-F83,F88-F89,F91-F99 ยกเว้น F638,F988)",F51,1,1: ในเขต มีชื่อ+อยู่จริง,30-44 ปี,3
code,DIAGNOSIS_OPD,ละงู,09636,โรงพยาบาลส่งเสริมสุขภาพตำบลบ้านในเมือง ตำบลละงู,"โรคทางจิตเวชอื่นๆ (F04-F09,F50-F69,F80,F82-F83,F88-F89,F91-F99 ยกเว้น F638,F988)",F51,1,1: ในเขต มีชื่อ+อยู่จริง,45-59 ปี,5
code,DIAGNOSIS_OPD,ละงู,09636,โรงพยาบาลส่งเสริมสุขภาพตำบลบ้านในเมือง ตำบลละงู,"โรคทางจิตเวชอื่นๆ (F04-F09,F50-F69,F80,F82-F83,F88-F89,F91-F99 ยกเว้น F638,F988)",F51,1,1: ในเขต มีชื่อ+อยู่จริง,60-74 ปี,11
code,DIAGNOSIS_OPD,ละงู,09636,โรงพยาบาลส่งเสริมสุขภาพตำบลบ้านในเมือง ตำบลละงู,"โรคทางจิตเวชอื่นๆ (F04-F09,F50-F69,F80,F82-F83,F88-F89,F91-F99 ยกเว้น F638,F988)",F51,1,1: ในเขต มีชื่อ+อยู่จริง,75 ปีขึ้นไป,3
code,DIAGNOSIS_OPD,ละงู,09636,โรงพยาบาลส่งเสริมสุขภาพตำบลบ้านในเมือง ตำบลละงู,"โรคทางจิตเวชอื่นๆ (F04-F09,F50-F69,F80,F82-F83,F88-F89,F91-F99 ยกเว้น F638,F988)",F51,2,2: ในเขต มีชื่อ แต่ไม่อยู่จริง,30-44 ปี,1
code,DIAGNOSIS_OPD,ละงู,09636,โรงพยาบาลส่งเสริมสุขภาพตำบลบ้านในเมือง ตำบลละงู,"โรคทางจิตเวชอื่นๆ (F04-F09,F50-F69,F80,F82-F83,F88-F89,F91-F99 ยกเว้น F638,F988)",F51,2,2: ในเขต มีชื่อ แต่ไม่อยู่จริง,60-74 ปี,3
code,DIAGNOSIS_OPD,ละงู,09639,โรงพยาบาลส่งเสริมสุขภาพตำบลปากน้ำ,โรคจิตเภท (F20),F20,1,1: ในเขต มีชื่อ+อยู่จริง,30-44 ปี,1
code,DIAGNOSIS_OPD,ละงู,09639,โรงพยาบาลส่งเสริมสุขภาพตำบลปากน้ำ,โรคจิตเภท (F20),F20,1,1: ในเขต มีชื่อ+อยู่จริง,45-59 ปี,2
code,DIAGNOSIS_OPD,ละงู,09639,โรงพยาบาลส่งเสริมสุขภาพตำบลปากน้ำ,โรคจิตเภท (F20),F20,1,1: ในเขต มีชื่อ+อยู่จริง,60-74 ปี,1
code,DIAGNOSIS_OPD,ละงู,09639,โรงพยาบาลส่งเสริมสุขภาพตำบลปากน้ำ,โรคจิตเภท (F20),F20,2,2: ในเขต มีชื่อ แต่ไม่อยู่จริง,15-29 ปี,1
code,DIAGNOSIS_OPD,ละงู,09639,โรงพยาบาลส่งเสริมสุขภาพตำบลปากน้ำ,โรคจิตเภท (F20),F20,2,2: ในเขต มีชื่อ แต่ไม่อยู่จริง,30-44 ปี,3
code,DIAGNOSIS_OPD,ละงู,09639,โรงพยาบาลส่งเสริมสุขภาพตำบลปากน้ำ,โรคจิตเภท (F20),F20,4,4: นอกเขต มารับบริการ/เคยอยู่ในเขต,15-29 ปี,1
code,DIAGNOSIS_OPD,ละงู,09639,โรงพยาบาลส่งเสริมสุขภาพตำบลปากน้ำ,"โรคซึมเศร้า (F32,F33,F341,F38,F39)",F32,1,1: ในเขต มีชื่อ+อยู่จริง,15-29 ปี,1
code,DIAGNOSIS_OPD,ละงู,09639,โรงพยาบาลส่งเสริมสุขภาพตำบลปากน้ำ,"โรคทางจิตเวชอื่นๆ (F04-F09,F50-F69,F80,F82-F83,F88-F89,F91-F99 ยกเว้น F638,F988)",F06,2,2: ในเขต มีชื่อ แต่ไม่อยู่จริง,45-59 ปี,1
code,DIAGNOSIS_OPD,ละงู,09639,โรงพยาบาลส่งเสริมสุขภาพตำบลปากน้ำ,"โรคทางจิตเวชอื่นๆ (F04-F09,F50-F69,F80,F82-F83,F88-F89,F91-F99 ยกเว้น F638,F988)",F51,1,1: ในเขต มีชื่อ+อยู่จริง,45-59 ปี,1
code,DIAGNOSIS_OPD,ละงู,09639,โรงพยาบาลส่งเสริมสุขภาพตำบลปากน้ำ,"โรคทางจิตเวชอื่นๆ (F04-F09,F50-F69,F80,F82-F83,F88-F89,F91-F99 ยกเว้น F638,F988)",F51,2,2: ในเขต มีชื่อ แต่ไม่อยู่จริง,45-59 ปี,1
code,DIAGNOSIS_OPD,ละงู,09639,โรงพยาบาลส่งเสริมสุขภาพตำบลปากน้ำ,"โรคทางจิตเวชอื่นๆ (F04-F09,F50-F69,F80,F82-F83,F88-F89,F91-F99 ยกเว้น F638,F988)",F99,1,1: ในเขต มีชื่อ+อยู่จริง,15-29 ปี,1
code,DIAGNOSIS_OPD,ละงู,09639,โรงพยาบาลส่งเสริมสุขภาพตำบลปากน้ำ,"โรคทางจิตเวชอื่นๆ (F04-F09,F50-F69,F80,F82-F83,F88-F89,F91-F99 ยกเว้น F638,F988)",F99,1,1: ในเขต มีชื่อ+อยู่จริง,30-44 ปี,3
code,DIAGNOSIS_OPD,ละงู,09639,โรงพยาบาลส่งเสริมสุขภาพตำบลปากน้ำ,"โรคทางจิตเวชอื่นๆ (F04-F09,F50-F69,F80,F82-F83,F88-F89,F91-F99 ยกเว้น F638,F988)",F99,1,1: ในเขต มีชื่อ+อยู่จริง,45-59 ปี,4
code,DIAGNOSIS_OPD,ละงู,09639,โรงพยาบาลส่งเสริมสุขภาพตำบลปากน้ำ,"โรคทางจิตเวชอื่นๆ (F04-F09,F50-F69,F80,F82-F83,F88-F89,F91-F99 ยกเว้น F638,F988)",F99,1,1: ในเขต มีชื่อ+อยู่จริง,60-74 ปี,1
code,DIAGNOSIS_OPD,ละงู,09639,โรงพยาบาลส่งเสริมสุขภาพตำบลปากน้ำ,"โรคทางจิตเวชอื่นๆ (F04-F09,F50-F69,F80,F82-F83,F88-F89,F91-F99 ยกเว้น F638,F988)",F99,2,2: ในเขต มีชื่อ แต่ไม่อยู่จริง,15-29 ปี,1
code,DIAGNOSIS_OPD,ละงู,09639,โรงพยาบาลส่งเสริมสุขภาพตำบลปากน้ำ,"โรคทางจิตเวชอื่นๆ (F04-F09,F50-F69,F80,F82-F83,F88-F89,F91-F99 ยกเว้น F638,F988)",F99,2,2: ในเขต มีชื่อ แต่ไม่อยู่จริง,30-44 ปี,3
code,DIAGNOSIS_OPD,ละงู,09639,โรงพยาบาลส่งเสริมสุขภาพตำบลปากน้ำ,"โรคทางจิตเวชอื่นๆ (F04-F09,F50-F69,F80,F82-F83,F88-F89,F91-F99 ยกเว้น F638,F988)",F99,4,4: นอกเขต มารับบริการ/เคยอยู่ในเขต,30-44 ปี,1
code,DIAGNOSIS_OPD,ละงู,09639,โรงพยาบาลส่งเสริมสุขภาพตำบลปากน้ำ,โรควิตกกังวล (F40-F48),F41,1,1: ในเขต มีชื่อ+อยู่จริง,30-44 ปี,1
code,DIAGNOSIS_OPD,ละงู,09639,โรงพยาบาลส่งเสริมสุขภาพตำบลปากน้ำ,โรควิตกกังวล (F40-F48),F41,1,1: ในเขต มีชื่อ+อยู่จริง,45-59 ปี,3
code,DIAGNOSIS_OPD,ละงู,09639,โรงพยาบาลส่งเสริมสุขภาพตำบลปากน้ำ,โรควิตกกังวล (F40-F48),F41,1,1: ในเขต มีชื่อ+อยู่จริง,60-74 ปี,1
code,DIAGNOSIS_OPD,ละงู,09639,โรงพยาบาลส่งเสริมสุขภาพตำบลปากน้ำ,โรควิตกกังวล (F40-F48),F41,1,1: ในเขต มีชื่อ+อยู่จริง,75 ปีขึ้นไป,1
code,DIAGNOSIS_OPD,ละงู,09639,โรงพยาบาลส่งเสริมสุขภาพตำบลปากน้ำ,โรควิตกกังวล (F40-F48),F41,2,2: ในเขต มีชื่อ แต่ไม่อยู่จริง,45-59 ปี,1
code,DIAGNOSIS_OPD,ละงู,09639,โรงพยาบาลส่งเสริมสุขภาพตำบลปากน้ำ,โรควิตกกังวล (F40-F48),F43,4,4: นอกเขต มารับบริการ/เคยอยู่ในเขต,30-44 ปี,1
code,DIAGNOSIS_OPD,ละงู,09639,โรงพยาบาลส่งเสริมสุขภาพตำบลปากน้ำ,โรคอารมณ์สองขั้ว (F31),F31,1,1: ในเขต มีชื่อ+อยู่จริง,45-59 ปี,1
code,DIAGNOSIS_OPD,ละงู,09634,โรงพยาบาลส่งเสริมสุขภาพตำบลละงู,โรควิตกกังวล (F40-F48),F41,1,1: ในเขต มีชื่อ+อยู่จริง,15-29 ปี,7
code,DIAGNOSIS_OPD,ละงู,09634,โรงพยาบาลส่งเสริมสุขภาพตำบลละงู,โรควิตกกังวล (F40-F48),F41,1,1: ในเขต มีชื่อ+อยู่จริง,30-44 ปี,15
code,DIAGNOSIS_OPD,ละงู,09634,โรงพยาบาลส่งเสริมสุขภาพตำบลละงู,โรควิตกกังวล (F40-F48),F41,1,1: ในเขต มีชื่อ+อยู่จริง,45-59 ปี,56
code,DIAGNOSIS_OPD,ละงู,09634,โรงพยาบาลส่งเสริมสุขภาพตำบลละงู,โรควิตกกังวล (F40-F48),F41,1,1: ในเขต มีชื่อ+อยู่จริง,60-74 ปี,60
code,DIAGNOSIS_OPD,ละงู,09634,โรงพยาบาลส่งเสริมสุขภาพตำบลละงู,โรควิตกกังวล (F40-F48),F41,1,1: ในเขต มีชื่อ+อยู่จริง,75 ปีขึ้นไป,23
code,DIAGNOSIS_OPD,ละงู,09634,โรงพยาบาลส่งเสริมสุขภาพตำบลละงู,โรควิตกกังวล (F40-F48),F41,2,2: ในเขต มีชื่อ แต่ไม่อยู่จริง,30-44 ปี,2
code,DIAGNOSIS_OPD,ละงู,09634,โรงพยาบาลส่งเสริมสุขภาพตำบลละงู,โรควิตกกังวล (F40-F48),F41,2,2: ในเขต มีชื่อ แต่ไม่อยู่จริง,45-59 ปี,5
code,DIAGNOSIS_OPD,ละงู,09634,โรงพยาบาลส่งเสริมสุขภาพตำบลละงู,โรควิตกกังวล (F40-F48),F41,2,2: ในเขต มีชื่อ แต่ไม่อยู่จริง,60-74 ปี,1
code,DIAGNOSIS_OPD,ละงู,09634,โรงพยาบาลส่งเสริมสุขภาพตำบลละงู,โรควิตกกังวล (F40-F48),F41,3,3: อาศัยในเขต ทะเบียนบ้านอยู่นอกเขต,30-44 ปี,1
code,DIAGNOSIS_OPD,ละงู,09634,โรงพยาบาลส่งเสริมสุขภาพตำบลละงู,โรควิตกกังวล (F40-F48),F41,4,4: นอกเขต มารับบริการ/เคยอยู่ในเขต,45-59 ปี,1
code,DIAGNOSIS_OPD,ละงู,09634,โรงพยาบาลส่งเสริมสุขภาพตำบลละงู,โรควิตกกังวล (F40-F48),F41,4,4: นอกเขต มารับบริการ/เคยอยู่ในเขต,60-74 ปี,1
code,DIAGNOSIS_OPD,ละงู,09634,โรงพยาบาลส่งเสริมสุขภาพตำบลละงู,โรควิตกกังวล (F40-F48),F41,4,4: นอกเขต มารับบริการ/เคยอยู่ในเขต,75 ปีขึ้นไป,1
code,DIAGNOSIS_OPD,ละงู,09637,โรงพยาบาลส่งเสริมสุขภาพตำบลเขาขาว,"ติดสารเสพติดอื่นๆ (F11,F12,F13,F14,F16,F17,F18,F19)",F13,1,1: ในเขต มีชื่อ+อยู่จริง,15-29 ปี,2
code,DIAGNOSIS_OPD,ละงู,09637,โรงพยาบาลส่งเสริมสุขภาพตำบลเขาขาว,โรคจิตอื่นๆ (F21-F29),F25,1,1: ในเขต มีชื่อ+อยู่จริง,30-44 ปี,2
code,DIAGNOSIS_OPD,ละงู,09637,โรงพยาบาลส่งเสริมสุขภาพตำบลเขาขาว,โรคจิตอื่นๆ (F21-F29),F25,1,1: ในเขต มีชื่อ+อยู่จริง,45-59 ปี,2
code,DIAGNOSIS_OPD,ละงู,09637,โรงพยาบาลส่งเสริมสุขภาพตำบลเขาขาว,โรคจิตเภท (F20),F20,1,1: ในเขต มีชื่อ+อยู่จริง,15-29 ปี,1
code,DIAGNOSIS_OPD,ละงู,09637,โรงพยาบาลส่งเสริมสุขภาพตำบลเขาขาว,โรคจิตเภท (F20),F20,1,1: ในเขต มีชื่อ+อยู่จริง,30-44 ปี,6
code,DIAGNOSIS_OPD,ละงู,09637,โรงพยาบาลส่งเสริมสุขภาพตำบลเขาขาว,โรคจิตเภท (F20),F20,1,1: ในเขต มีชื่อ+อยู่จริง,45-59 ปี,6
code,DIAGNOSIS_OPD,ละงู,09637,โรงพยาบาลส่งเสริมสุขภาพตำบลเขาขาว,โรคจิตเภท (F20),F20,1,1: ในเขต มีชื่อ+อยู่จริง,60-74 ปี,2
code,DIAGNOSIS_OPD,ละงู,09637,โรงพยาบาลส่งเสริมสุขภาพตำบลเขาขาว,โรคจิตเภท (F20),F20,1,1: ในเขต มีชื่อ+อยู่จริง,75 ปีขึ้นไป,1
code,DIAGNOSIS_OPD,ละงู,09637,โรงพยาบาลส่งเสริมสุขภาพตำบลเขาขาว,โรคจิตเภท (F20),F20,2,2: ในเขต มีชื่อ แต่ไม่อยู่จริง,30-44 ปี,1
code,DIAGNOSIS_OPD,ละงู,09637,โรงพยาบาลส่งเสริมสุขภาพตำบลเขาขาว,โรคจิตเภท (F20),F20,2,2: ในเขต มีชื่อ แต่ไม่อยู่จริง,45-59 ปี,2
code,DIAGNOSIS_OPD,ละงู,09637,โรงพยาบาลส่งเสริมสุขภาพตำบลเขาขาว,"โรคซึมเศร้า (F32,F33,F341,F38,F39)",F32,1,1: ในเขต มีชื่อ+อยู่จริง,30-44 ปี,1
code,DIAGNOSIS_OPD,ละงู,09637,โรงพยาบาลส่งเสริมสุขภาพตำบลเขาขาว,"โรคซึมเศร้า (F32,F33,F341,F38,F39)",F32,1,1: ในเขต มีชื่อ+อยู่จริง,45-59 ปี,2
code,DIAGNOSIS_OPD,ละงู,09637,โรงพยาบาลส่งเสริมสุขภาพตำบลเขาขาว,"โรคทางจิตเวชอื่นๆ (F04-F09,F50-F69,F80,F82-F83,F88-F89,F91-F99 ยกเว้น F638,F988)",F51,1,1: ในเขต มีชื่อ+อยู่จริง,15-29 ปี,1
code,DIAGNOSIS_OPD,ละงู,09637,โรงพยาบาลส่งเสริมสุขภาพตำบลเขาขาว,"โรคทางจิตเวชอื่นๆ (F04-F09,F50-F69,F80,F82-F83,F88-F89,F91-F99 ยกเว้น F638,F988)",F51,1,1: ในเขต มีชื่อ+อยู่จริง,30-44 ปี,4
code,DIAGNOSIS_OPD,ละงู,09637,โรงพยาบาลส่งเสริมสุขภาพตำบลเขาขาว,"โรคทางจิตเวชอื่นๆ (F04-F09,F50-F69,F80,F82-F83,F88-F89,F91-F99 ยกเว้น F638,F988)",F51,1,1: ในเขต มีชื่อ+อยู่จริง,45-59 ปี,5
code,DIAGNOSIS_OPD,ละงู,09637,โรงพยาบาลส่งเสริมสุขภาพตำบลเขาขาว,"โรคทางจิตเวชอื่นๆ (F04-F09,F50-F69,F80,F82-F83,F88-F89,F91-F99 ยกเว้น F638,F988)",F51,1,1: ในเขต มีชื่อ+อยู่จริง,60-74 ปี,14
code,DIAGNOSIS_OPD,ละงู,09637,โรงพยาบาลส่งเสริมสุขภาพตำบลเขาขาว,"โรคทางจิตเวชอื่นๆ (F04-F09,F50-F69,F80,F82-F83,F88-F89,F91-F99 ยกเว้น F638,F988)",F51,1,1: ในเขต มีชื่อ+อยู่จริง,75 ปีขึ้นไป,1
code,DIAGNOSIS_OPD,ละงู,09637,โรงพยาบาลส่งเสริมสุขภาพตำบลเขาขาว,"โรคทางจิตเวชอื่นๆ (F04-F09,F50-F69,F80,F82-F83,F88-F89,F91-F99 ยกเว้น F638,F988)",F51,4,4: นอกเขต มารับบริการ/เคยอยู่ในเขต,60-74 ปี,1
code,DIAGNOSIS_OPD,ละงู,09637,โรงพยาบาลส่งเสริมสุขภาพตำบลเขาขาว,โรควิตกกังวล (F40-F48),F41,1,1: ในเขต มีชื่อ+อยู่จริง,0-14 ปี,1
code,DIAGNOSIS_OPD,ละงู,09637,โรงพยาบาลส่งเสริมสุขภาพตำบลเขาขาว,โรควิตกกังวล (F40-F48),F41,1,1: ในเขต มีชื่อ+อยู่จริง,30-44 ปี,3
code,DIAGNOSIS_OPD,ละงู,09637,โรงพยาบาลส่งเสริมสุขภาพตำบลเขาขาว,โรควิตกกังวล (F40-F48),F41,1,1: ในเขต มีชื่อ+อยู่จริง,45-59 ปี,2
code,DIAGNOSIS_OPD,ละงู,09637,โรงพยาบาลส่งเสริมสุขภาพตำบลเขาขาว,โรควิตกกังวล (F40-F48),F41,1,1: ในเขต มีชื่อ+อยู่จริง,60-74 ปี,2
code,DIAGNOSIS_OPD,ละงู,09637,โรงพยาบาลส่งเสริมสุขภาพตำบลเขาขาว,โรควิตกกังวล (F40-F48),F41,2,2: ในเขต มีชื่อ แต่ไม่อยู่จริง,30-44 ปี,1
code,DIAGNOSIS_OPD,ละงู,09637,โรงพยาบาลส่งเสริมสุขภาพตำบลเขาขาว,โรควิตกกังวล (F40-F48),F41,4,4: นอกเขต มารับบริการ/เคยอยู่ในเขต,60-74 ปี,1
code,DIAGNOSIS_OPD,ละงู,09642,โรงพยาบาลส่งเสริมสุขภาพตำบลแหลมสน,โรคจิตอื่นๆ (F21-F29),F21,1,1: ในเขต มีชื่อ+อยู่จริง,60-74 ปี,1
code,DIAGNOSIS_OPD,ละงู,09642,โรงพยาบาลส่งเสริมสุขภาพตำบลแหลมสน,โรคจิตเภท (F20),F20,1,1: ในเขต มีชื่อ+อยู่จริง,30-44 ปี,9
code,DIAGNOSIS_OPD,ละงู,09642,โรงพยาบาลส่งเสริมสุขภาพตำบลแหลมสน,โรคจิตเภท (F20),F20,1,1: ในเขต มีชื่อ+อยู่จริง,45-59 ปี,8
code,DIAGNOSIS_OPD,ละงู,09642,โรงพยาบาลส่งเสริมสุขภาพตำบลแหลมสน,โรคจิตเภท (F20),F20,1,1: ในเขต มีชื่อ+อยู่จริง,60-74 ปี,1
code,DIAGNOSIS_OPD,ละงู,09642,โรงพยาบาลส่งเสริมสุขภาพตำบลแหลมสน,โรควิตกกังวล (F40-F48),F41,1,1: ในเขต มีชื่อ+อยู่จริง,60-74 ปี,2
code,DIAGNOSIS_OPD,เมืองสตูล,77708,ศูนย์สุขภาพชุมชนพิมาน,"ติดสารเสพติดอื่นๆ (F11,F12,F13,F14,F16,F17,F18,F19)",F14,4,4: นอกเขต มารับบริการ/เคยอยู่ในเขต,45-59 ปี,1
code,DIAGNOSIS_OPD,เมืองสตูล,77708,ศูนย์สุขภาพชุมชนพิมาน,"โรคซึมเศร้า (F32,F33,F341,F38,F39)",F32,1,1: ในเขต มีชื่อ+อยู่จริง,45-59 ปี,1
code,DIAGNOSIS_OPD,เมืองสตูล,77708,ศูนย์สุขภาพชุมชนพิมาน,"โรคซึมเศร้า (F32,F33,F341,F38,F39)",F32,1,1: ในเขต มีชื่อ+อยู่จริง,60-74 ปี,1
code,DIAGNOSIS_OPD,เมืองสตูล,77708,ศูนย์สุขภาพชุมชนพิมาน,"โรคซึมเศร้า (F32,F33,F341,F38,F39)",F32,1,1: ในเขต มีชื่อ+อยู่จริง,75 ปีขึ้นไป,2
code,DIAGNOSIS_OPD,เมืองสตูล,77708,ศูนย์สุขภาพชุมชนพิมาน,"โรคซึมเศร้า (F32,F33,F341,F38,F39)",F32,3,3: อาศัยในเขต ทะเบียนบ้านอยู่นอกเขต,30-44 ปี,1
code,DIAGNOSIS_OPD,เมืองสตูล,77708,ศูนย์สุขภาพชุมชนพิมาน,"โรคซึมเศร้า (F32,F33,F341,F38,F39)",F32,4,4: นอกเขต มารับบริการ/เคยอยู่ในเขต,30-44 ปี,1
code,DIAGNOSIS_OPD,เมืองสตูล,77708,ศูนย์สุขภาพชุมชนพิมาน,"โรคทางจิตเวชอื่นๆ (F04-F09,F50-F69,F80,F82-F83,F88-F89,F91-F99 ยกเว้น F638,F988)",F06,1,1: ในเขต มีชื่อ+อยู่จริง,75 ปีขึ้นไป,1
code,DIAGNOSIS_OPD,เมืองสตูล,77708,ศูนย์สุขภาพชุมชนพิมาน,"โรคทางจิตเวชอื่นๆ (F04-F09,F50-F69,F80,F82-F83,F88-F89,F91-F99 ยกเว้น F638,F988)",F51,1,1: ในเขต มีชื่อ+อยู่จริง,30-44 ปี,1
code,DIAGNOSIS_OPD,เมืองสตูล,77708,ศูนย์สุขภาพชุมชนพิมาน,"โรคทางจิตเวชอื่นๆ (F04-F09,F50-F69,F80,F82-F83,F88-F89,F91-F99 ยกเว้น F638,F988)",F51,1,1: ในเขต มีชื่อ+อยู่จริง,45-59 ปี,7
code,DIAGNOSIS_OPD,เมืองสตูล,77708,ศูนย์สุขภาพชุมชนพิมาน,"โรคทางจิตเวชอื่นๆ (F04-F09,F50-F69,F80,F82-F83,F88-F89,F91-F99 ยกเว้น F638,F988)",F51,1,1: ในเขต มีชื่อ+อยู่จริง,60-74 ปี,8
code,DIAGNOSIS_OPD,เมืองสตูล,77708,ศูนย์สุขภาพชุมชนพิมาน,"โรคทางจิตเวชอื่นๆ (F04-F09,F50-F69,F80,F82-F83,F88-F89,F91-F99 ยกเว้น F638,F988)",F51,1,1: ในเขต มีชื่อ+อยู่จริง,75 ปีขึ้นไป,2
code,DIAGNOSIS_OPD,เมืองสตูล,77708,ศูนย์สุขภาพชุมชนพิมาน,"โรคทางจิตเวชอื่นๆ (F04-F09,F50-F69,F80,F82-F83,F88-F89,F91-F99 ยกเว้น F638,F988)",F51,4,4: นอกเขต มารับบริการ/เคยอยู่ในเขต,45-59 ปี,1
code,DIAGNOSIS_OPD,เมืองสตูล,77708,ศูนย์สุขภาพชุมชนพิมาน,"โรคทางจิตเวชอื่นๆ (F04-F09,F50-F69,F80,F82-F83,F88-F89,F91-F99 ยกเว้น F638,F988)",F51,4,4: นอกเขต มารับบริการ/เคยอยู่ในเขต,75 ปีขึ้นไป,2
code,DIAGNOSIS_OPD,เมืองสตูล,77708,ศูนย์สุขภาพชุมชนพิมาน,"โรคทางจิตเวชอื่นๆ (F04-F09,F50-F69,F80,F82-F83,F88-F89,F91-F99 ยกเว้น F638,F988)",F83,1,1: ในเขต มีชื่อ+อยู่จริง,0-14 ปี,12
code,DIAGNOSIS_OPD,เมืองสตูล,77708,ศูนย์สุขภาพชุมชนพิมาน,โรควิตกกังวล (F40-F48),F41,1,1: ในเขต มีชื่อ+อยู่จริง,45-59 ปี,2
code,DIAGNOSIS_OPD,เมืองสตูล,77708,ศูนย์สุขภาพชุมชนพิมาน,โรควิตกกังวล (F40-F48),F41,1,1: ในเขต มีชื่อ+อยู่จริง,60-74 ปี,1
code,DIAGNOSIS_OPD,เมืองสตูล,77708,ศูนย์สุขภาพชุมชนพิมาน,โรควิตกกังวล (F40-F48),F41,1,1: ในเขต มีชื่อ+อยู่จริง,75 ปีขึ้นไป,1
code,DIAGNOSIS_OPD,เมืองสตูล,77708,ศูนย์สุขภาพชุมชนพิมาน,โรควิตกกังวล (F40-F48),F41,3,3: อาศัยในเขต ทะเบียนบ้านอยู่นอกเขต,45-59 ปี,1
code,DIAGNOSIS_OPD,เมืองสตูล,77708,ศูนย์สุขภาพชุมชนพิมาน,โรควิตกกังวล (F40-F48),F41,4,4: นอกเขต มารับบริการ/เคยอยู่ในเขต,45-59 ปี,2
code,DIAGNOSIS_OPD,เมืองสตูล,77708,ศูนย์สุขภาพชุมชนพิมาน,โรคสมองเสื่อม (F00-F03),F01,1,1: ในเขต มีชื่อ+อยู่จริง,75 ปีขึ้นไป,1
code,DIAGNOSIS_OPD,เมืองสตูล,24672,ศูนย์สุขภาพชุมชนศรีพิมาน,"ติดสารเสพติดอื่นๆ (F11,F12,F13,F14,F16,F17,F18,F19)",F17,1,1: ในเขต มีชื่อ+อยู่จริง,45-59 ปี,1
code,DIAGNOSIS_OPD,เมืองสตูล,24672,ศูนย์สุขภาพชุมชนศรีพิมาน,"ติดสารเสพติดอื่นๆ (F11,F12,F13,F14,F16,F17,F18,F19)",F17,1,1: ในเขต มีชื่อ+อยู่จริง,60-74 ปี,1
code,DIAGNOSIS_OPD,เมืองสตูล,24672,ศูนย์สุขภาพชุมชนศรีพิมาน,"ติดสารเสพติดอื่นๆ (F11,F12,F13,F14,F16,F17,F18,F19)",F17,2,2: ในเขต มีชื่อ แต่ไม่อยู่จริง,45-59 ปี,1
code,DIAGNOSIS_OPD,เมืองสตูล,24672,ศูนย์สุขภาพชุมชนศรีพิมาน,"ติดสารเสพติดอื่นๆ (F11,F12,F13,F14,F16,F17,F18,F19)",F17,4,4: นอกเขต มารับบริการ/เคยอยู่ในเขต,60-74 ปี,1
code,DIAGNOSIS_OPD,เมืองสตูล,24672,ศูนย์สุขภาพชุมชนศรีพิมาน,ติดแอลกอฮอล์ (F10),F10,1,1: ในเขต มีชื่อ+อยู่จริง,45-59 ปี,1
code,DIAGNOSIS_OPD,เมืองสตูล,24672,ศูนย์สุขภาพชุมชนศรีพิมาน,พยายามฆ่าตัวตาย/ตั้งใจทำร้ายตนเอง (X60-X84),X78,1,1: ในเขต มีชื่อ+อยู่จริง,30-44 ปี,1
code,DIAGNOSIS_OPD,เมืองสตูล,24672,ศูนย์สุขภาพชุมชนศรีพิมาน,โรคจิตอื่นๆ (F21-F29),F29,1,1: ในเขต มีชื่อ+อยู่จริง,15-29 ปี,1
code,DIAGNOSIS_OPD,เมืองสตูล,24672,ศูนย์สุขภาพชุมชนศรีพิมาน,โรคจิตเภท (F20),F20,1,1: ในเขต มีชื่อ+อยู่จริง,15-29 ปี,1
code,DIAGNOSIS_OPD,เมืองสตูล,24672,ศูนย์สุขภาพชุมชนศรีพิมาน,โรคจิตเภท (F20),F20,1,1: ในเขต มีชื่อ+อยู่จริง,30-44 ปี,2
code,DIAGNOSIS_OPD,เมืองสตูล,24672,ศูนย์สุขภาพชุมชนศรีพิมาน,โรคจิตเภท (F20),F20,1,1: ในเขต มีชื่อ+อยู่จริง,60-74 ปี,1
code,DIAGNOSIS_OPD,เมืองสตูล,24672,ศูนย์สุขภาพชุมชนศรีพิมาน,โรคจิตเภท (F20),F20,4,4: นอกเขต มารับบริการ/เคยอยู่ในเขต,30-44 ปี,2
code,DIAGNOSIS_OPD,เมืองสตูล,24672,ศูนย์สุขภาพชุมชนศรีพิมาน,"โรคซึมเศร้า (F32,F33,F341,F38,F39)",F32,1,1: ในเขต มีชื่อ+อยู่จริง,45-59 ปี,1
code,DIAGNOSIS_OPD,เมืองสตูล,24672,ศูนย์สุขภาพชุมชนศรีพิมาน,"โรคซึมเศร้า (F32,F33,F341,F38,F39)",F32,1,1: ในเขต มีชื่อ+อยู่จริง,60-74 ปี,1
code,DIAGNOSIS_OPD,เมืองสตูล,24672,ศูนย์สุขภาพชุมชนศรีพิมาน,"โรคซึมเศร้า (F32,F33,F341,F38,F39)",F32,1,1: ในเขต มีชื่อ+อยู่จริง,75 ปีขึ้นไป,3
code,DIAGNOSIS_OPD,เมืองสตูล,24672,ศูนย์สุขภาพชุมชนศรีพิมาน,"โรคซึมเศร้า (F32,F33,F341,F38,F39)",F32,2,2: ในเขต มีชื่อ แต่ไม่อยู่จริง,45-59 ปี,1
code,DIAGNOSIS_OPD,เมืองสตูล,24672,ศูนย์สุขภาพชุมชนศรีพิมาน,"โรคซึมเศร้า (F32,F33,F341,F38,F39)",F32,3,3: อาศัยในเขต ทะเบียนบ้านอยู่นอกเขต,60-74 ปี,1
code,DIAGNOSIS_OPD,เมืองสตูล,24672,ศูนย์สุขภาพชุมชนศรีพิมาน,"โรคซึมเศร้า (F32,F33,F341,F38,F39)",F33,1,1: ในเขต มีชื่อ+อยู่จริง,45-59 ปี,1
code,DIAGNOSIS_OPD,เมืองสตูล,24672,ศูนย์สุขภาพชุมชนศรีพิมาน,"โรคซึมเศร้า (F32,F33,F341,F38,F39)",F341,1,1: ในเขต มีชื่อ+อยู่จริง,45-59 ปี,2
code,DIAGNOSIS_OPD,เมืองสตูล,24672,ศูนย์สุขภาพชุมชนศรีพิมาน,"โรคซึมเศร้า (F32,F33,F341,F38,F39)",F341,3,3: อาศัยในเขต ทะเบียนบ้านอยู่นอกเขต,45-59 ปี,1
code,DIAGNOSIS_OPD,เมืองสตูล,24672,ศูนย์สุขภาพชุมชนศรีพิมาน,"โรคทางจิตเวชอื่นๆ (F04-F09,F50-F69,F80,F82-F83,F88-F89,F91-F99 ยกเว้น F638,F988)",F51,1,1: ในเขต มีชื่อ+อยู่จริง,45-59 ปี,10
code,DIAGNOSIS_OPD,เมืองสตูล,24672,ศูนย์สุขภาพชุมชนศรีพิมาน,"โรคทางจิตเวชอื่นๆ (F04-F09,F50-F69,F80,F82-F83,F88-F89,F91-F99 ยกเว้น F638,F988)",F51,1,1: ในเขต มีชื่อ+อยู่จริง,60-74 ปี,18
code,DIAGNOSIS_OPD,เมืองสตูล,24672,ศูนย์สุขภาพชุมชนศรีพิมาน,"โรคทางจิตเวชอื่นๆ (F04-F09,F50-F69,F80,F82-F83,F88-F89,F91-F99 ยกเว้น F638,F988)",F51,1,1: ในเขต มีชื่อ+อยู่จริง,75 ปีขึ้นไป,10
code,DIAGNOSIS_OPD,เมืองสตูล,24672,ศูนย์สุขภาพชุมชนศรีพิมาน,"โรคทางจิตเวชอื่นๆ (F04-F09,F50-F69,F80,F82-F83,F88-F89,F91-F99 ยกเว้น F638,F988)",F51,2,2: ในเขต มีชื่อ แต่ไม่อยู่จริง,30-44 ปี,2
code,DIAGNOSIS_OPD,เมืองสตูล,24672,ศูนย์สุขภาพชุมชนศรีพิมาน,"โรคทางจิตเวชอื่นๆ (F04-F09,F50-F69,F80,F82-F83,F88-F89,F91-F99 ยกเว้น F638,F988)",F51,2,2: ในเขต มีชื่อ แต่ไม่อยู่จริง,60-74 ปี,1
code,DIAGNOSIS_OPD,เมืองสตูล,24672,ศูนย์สุขภาพชุมชนศรีพิมาน,"โรคทางจิตเวชอื่นๆ (F04-F09,F50-F69,F80,F82-F83,F88-F89,F91-F99 ยกเว้น F638,F988)",F51,3,3: อาศัยในเขต ทะเบียนบ้านอยู่นอกเขต,45-59 ปี,2
code,DIAGNOSIS_OPD,เมืองสตูล,24672,ศูนย์สุขภาพชุมชนศรีพิมาน,"โรคทางจิตเวชอื่นๆ (F04-F09,F50-F69,F80,F82-F83,F88-F89,F91-F99 ยกเว้น F638,F988)",F51,3,3: อาศัยในเขต ทะเบียนบ้านอยู่นอกเขต,75 ปีขึ้นไป,1
code,DIAGNOSIS_OPD,เมืองสตูล,24672,ศูนย์สุขภาพชุมชนศรีพิมาน,"โรคทางจิตเวชอื่นๆ (F04-F09,F50-F69,F80,F82-F83,F88-F89,F91-F99 ยกเว้น F638,F988)",F51,4,4: นอกเขต มารับบริการ/เคยอยู่ในเขต,45-59 ปี,4
code,DIAGNOSIS_OPD,เมืองสตูล,24672,ศูนย์สุขภาพชุมชนศรีพิมาน,"โรคทางจิตเวชอื่นๆ (F04-F09,F50-F69,F80,F82-F83,F88-F89,F91-F99 ยกเว้น F638,F988)",F51,4,4: นอกเขต มารับบริการ/เคยอยู่ในเขต,60-74 ปี,2
code,DIAGNOSIS_OPD,เมืองสตูล,24672,ศูนย์สุขภาพชุมชนศรีพิมาน,"โรคทางจิตเวชอื่นๆ (F04-F09,F50-F69,F80,F82-F83,F88-F89,F91-F99 ยกเว้น F638,F988)",F54,1,1: ในเขต มีชื่อ+อยู่จริง,30-44 ปี,1
code,DIAGNOSIS_OPD,เมืองสตูล,24672,ศูนย์สุขภาพชุมชนศรีพิมาน,โรควิตกกังวล (F40-F48),F41,1,1: ในเขต มีชื่อ+อยู่จริง,45-59 ปี,2
code,DIAGNOSIS_OPD,เมืองสตูล,24672,ศูนย์สุขภาพชุมชนศรีพิมาน,โรควิตกกังวล (F40-F48),F41,1,1: ในเขต มีชื่อ+อยู่จริง,60-74 ปี,1
code,DIAGNOSIS_OPD,เมืองสตูล,24672,ศูนย์สุขภาพชุมชนศรีพิมาน,โรควิตกกังวล (F40-F48),F41,2,2: ในเขต มีชื่อ แต่ไม่อยู่จริง,60-74 ปี,1
code,DIAGNOSIS_OPD,เมืองสตูล,24672,ศูนย์สุขภาพชุมชนศรีพิมาน,โรควิตกกังวล (F40-F48),F41,3,3: อาศัยในเขต ทะเบียนบ้านอยู่นอกเขต,30-44 ปี,1
code,DIAGNOSIS_OPD,เมืองสตูล,24672,ศูนย์สุขภาพชุมชนศรีพิมาน,โรควิตกกังวล (F40-F48),F41,4,4: นอกเขต มารับบริการ/เคยอยู่ในเขต,60-74 ปี,1
code,DIAGNOSIS_OPD,เมืองสตูล,24672,ศูนย์สุขภาพชุมชนศรีพิมาน,โรควิตกกังวล (F40-F48),F45,4,4: นอกเขต มารับบริการ/เคยอยู่ในเขต,45-59 ปี,1
code,DIAGNOSIS_OPD,เมืองสตูล,24672,ศูนย์สุขภาพชุมชนศรีพิมาน,โรควิตกกังวล (F40-F48),F45,4,4: นอกเขต มารับบริการ/เคยอยู่ในเขต,60-74 ปี,1
code,DIAGNOSIS_OPD,เมืองสตูล,24672,ศูนย์สุขภาพชุมชนศรีพิมาน,โรคสมองเสื่อม (F00-F03),F00,1,1: ในเขต มีชื่อ+อยู่จริง,75 ปีขึ้นไป,1
code,DIAGNOSIS_OPD,เมืองสตูล,24672,ศูนย์สุขภาพชุมชนศรีพิมาน,โรคสมองเสื่อม (F00-F03),F01,4,4: นอกเขต มารับบริการ/เคยอยู่ในเขต,60-74 ปี,1
code,DIAGNOSIS_OPD,เมืองสตูล,24672,ศูนย์สุขภาพชุมชนศรีพิมาน,โรคสมองเสื่อม (F00-F03),F02,1,1: ในเขต มีชื่อ+อยู่จริง,75 ปีขึ้นไป,1
code,DIAGNOSIS_OPD,เมืองสตูล,24672,ศูนย์สุขภาพชุมชนศรีพิมาน,โรคสมองเสื่อม (F00-F03),F03,1,1: ในเขต มีชื่อ+อยู่จริง,75 ปีขึ้นไป,1
code,DIAGNOSIS_OPD,เมืองสตูล,24672,ศูนย์สุขภาพชุมชนศรีพิมาน,โรคสมองเสื่อม (F00-F03),F03,4,4: นอกเขต มารับบริการ/เคยอยู่ในเขต,45-59 ปี,1
code,DIAGNOSIS_OPD,เมืองสตูล,10746,โรงพยาบาลสตูล,ความบกพร่องทางการเรียนรู้ (F81),F81,4,4: นอกเขต มารับบริการ/เคยอยู่ในเขต,0-14 ปี,340
code,DIAGNOSIS_OPD,เมืองสตูล,10746,โรงพยาบาลสตูล,ความบกพร่องทางการเรียนรู้ (F81),F81,4,4: นอกเขต มารับบริการ/เคยอยู่ในเขต,15-29 ปี,43
code,DIAGNOSIS_OPD,เมืองสตูล,10746,โรงพยาบาลสตูล,ความบกพร่องทางการเรียนรู้ (F81),F81,4,4: นอกเขต มารับบริการ/เคยอยู่ในเขต,45-59 ปี,2
code,DIAGNOSIS_OPD,เมืองสตูล,10746,โรงพยาบาลสตูล,ความบกพร่องทางสติปัญญา (F70-F79),F70,4,4: นอกเขต มารับบริการ/เคยอยู่ในเขต,0-14 ปี,146
code,DIAGNOSIS_OPD,เมืองสตูล,10746,โรงพยาบาลสตูล,ความบกพร่องทางสติปัญญา (F70-F79),F70,4,4: นอกเขต มารับบริการ/เคยอยู่ในเขต,15-29 ปี,74
code,DIAGNOSIS_OPD,เมืองสตูล,10746,โรงพยาบาลสตูล,ความบกพร่องทางสติปัญญา (F70-F79),F70,4,4: นอกเขต มารับบริการ/เคยอยู่ในเขต,30-44 ปี,2
code,DIAGNOSIS_OPD,เมืองสตูล,10746,โรงพยาบาลสตูล,ความบกพร่องทางสติปัญญา (F70-F79),F70,4,4: นอกเขต มารับบริการ/เคยอยู่ในเขต,45-59 ปี,5
code,DIAGNOSIS_OPD,เมืองสตูล,10746,โรงพยาบาลสตูล,ความบกพร่องทางสติปัญญา (F70-F79),F71,4,4: นอกเขต มารับบริการ/เคยอยู่ในเขต,0-14 ปี,32
code,DIAGNOSIS_OPD,เมืองสตูล,10746,โรงพยาบาลสตูล,ความบกพร่องทางสติปัญญา (F70-F79),F71,4,4: นอกเขต มารับบริการ/เคยอยู่ในเขต,15-29 ปี,25
code,DIAGNOSIS_OPD,เมืองสตูล,10746,โรงพยาบาลสตูล,ความบกพร่องทางสติปัญญา (F70-F79),F71,4,4: นอกเขต มารับบริการ/เคยอยู่ในเขต,30-44 ปี,3
code,DIAGNOSIS_OPD,เมืองสตูล,10746,โรงพยาบาลสตูล,ความบกพร่องทางสติปัญญา (F70-F79),F71,4,4: นอกเขต มารับบริการ/เคยอยู่ในเขต,45-59 ปี,3
code,DIAGNOSIS_OPD,เมืองสตูล,10746,โรงพยาบาลสตูล,ความบกพร่องทางสติปัญญา (F70-F79),F72,4,4: นอกเขต มารับบริการ/เคยอยู่ในเขต,0-14 ปี,1
code,DIAGNOSIS_OPD,เมืองสตูล,10746,โรงพยาบาลสตูล,ความบกพร่องทางสติปัญญา (F70-F79),F72,4,4: นอกเขต มารับบริการ/เคยอยู่ในเขต,45-59 ปี,1
code,DIAGNOSIS_OPD,เมืองสตูล,10746,โรงพยาบาลสตูล,ความบกพร่องทางสติปัญญา (F70-F79),F72,4,4: นอกเขต มารับบริการ/เคยอยู่ในเขต,60-74 ปี,1
code,DIAGNOSIS_OPD,เมืองสตูล,10746,โรงพยาบาลสตูล,ความบกพร่องทางสติปัญญา (F70-F79),F73,4,4: นอกเขต มารับบริการ/เคยอยู่ในเขต,60-74 ปี,1
code,DIAGNOSIS_OPD,เมืองสตูล,10746,โรงพยาบาลสตูล,ความบกพร่องทางสติปัญญา (F70-F79),F78,4,4: นอกเขต มารับบริการ/เคยอยู่ในเขต,0-14 ปี,7
code,DIAGNOSIS_OPD,เมืองสตูล,10746,โรงพยาบาลสตูล,ความบกพร่องทางสติปัญญา (F70-F79),F78,4,4: นอกเขต มารับบริการ/เคยอยู่ในเขต,15-29 ปี,7
code,DIAGNOSIS_OPD,เมืองสตูล,10746,โรงพยาบาลสตูล,ความบกพร่องทางสติปัญญา (F70-F79),F78,4,4: นอกเขต มารับบริการ/เคยอยู่ในเขต,30-44 ปี,6
code,DIAGNOSIS_OPD,เมืองสตูล,10746,โรงพยาบาลสตูล,ความบกพร่องทางสติปัญญา (F70-F79),F78,4,4: นอกเขต มารับบริการ/เคยอยู่ในเขต,45-59 ปี,1
code,DIAGNOSIS_OPD,เมืองสตูล,10746,โรงพยาบาลสตูล,ความบกพร่องทางสติปัญญา (F70-F79),F79,4,4: นอกเขต มารับบริการ/เคยอยู่ในเขต,0-14 ปี,15
code,DIAGNOSIS_OPD,เมืองสตูล,10746,โรงพยาบาลสตูล,ความบกพร่องทางสติปัญญา (F70-F79),F79,4,4: นอกเขต มารับบริการ/เคยอยู่ในเขต,15-29 ปี,27
code,DIAGNOSIS_OPD,เมืองสตูล,10746,โรงพยาบาลสตูล,ความบกพร่องทางสติปัญญา (F70-F79),F79,4,4: นอกเขต มารับบริการ/เคยอยู่ในเขต,30-44 ปี,6
code,DIAGNOSIS_OPD,เมืองสตูล,10746,โรงพยาบาลสตูล,ความบกพร่องทางสติปัญญา (F70-F79),F79,4,4: นอกเขต มารับบริการ/เคยอยู่ในเขต,45-59 ปี,3
code,DIAGNOSIS_OPD,เมืองสตูล,10746,โรงพยาบาลสตูล,ความบกพร่องทางสติปัญญา (F70-F79),F79,4,4: นอกเขต มารับบริการ/เคยอยู่ในเขต,60-74 ปี,2
code,DIAGNOSIS_OPD,เมืองสตูล,10746,โรงพยาบาลสตูล,ติดยาบ้า Amphetamine (F15),F15,4,4: นอกเขต มารับบริการ/เคยอยู่ในเขต,0-14 ปี,3
code,DIAGNOSIS_OPD,เมืองสตูล,10746,โรงพยาบาลสตูล,ติดยาบ้า Amphetamine (F15),F15,4,4: นอกเขต มารับบริการ/เคยอยู่ในเขต,15-29 ปี,254
code,DIAGNOSIS_OPD,เมืองสตูล,10746,โรงพยาบาลสตูล,ติดยาบ้า Amphetamine (F15),F15,4,4: นอกเขต มารับบริการ/เคยอยู่ในเขต,30-44 ปี,359
code,DIAGNOSIS_OPD,เมืองสตูล,10746,โรงพยาบาลสตูล,ติดยาบ้า Amphetamine (F15),F15,4,4: นอกเขต มารับบริการ/เคยอยู่ในเขต,45-59 ปี,62
code,DIAGNOSIS_OPD,เมืองสตูล,10746,โรงพยาบาลสตูล,ติดยาบ้า Amphetamine (F15),F15,4,4: นอกเขต มารับบริการ/เคยอยู่ในเขต,60-74 ปี,4
code,DIAGNOSIS_OPD,เมืองสตูล,10746,โรงพยาบาลสตูล,"ติดสารเสพติดอื่นๆ (F11,F12,F13,F14,F16,F17,F18,F19)",F11,4,4: นอกเขต มารับบริการ/เคยอยู่ในเขต,15-29 ปี,3
code,DIAGNOSIS_OPD,เมืองสตูล,10746,โรงพยาบาลสตูล,"ติดสารเสพติดอื่นๆ (F11,F12,F13,F14,F16,F17,F18,F19)",F11,4,4: นอกเขต มารับบริการ/เคยอยู่ในเขต,30-44 ปี,4
code,DIAGNOSIS_OPD,เมืองสตูล,10746,โรงพยาบาลสตูล,"ติดสารเสพติดอื่นๆ (F11,F12,F13,F14,F16,F17,F18,F19)",F11,4,4: นอกเขต มารับบริการ/เคยอยู่ในเขต,45-59 ปี,3
code,DIAGNOSIS_OPD,เมืองสตูล,10746,โรงพยาบาลสตูล,"ติดสารเสพติดอื่นๆ (F11,F12,F13,F14,F16,F17,F18,F19)",F12,4,4: นอกเขต มารับบริการ/เคยอยู่ในเขต,15-29 ปี,19
code,DIAGNOSIS_OPD,เมืองสตูล,10746,โรงพยาบาลสตูล,"ติดสารเสพติดอื่นๆ (F11,F12,F13,F14,F16,F17,F18,F19)",F12,4,4: นอกเขต มารับบริการ/เคยอยู่ในเขต,30-44 ปี,24
code,DIAGNOSIS_OPD,เมืองสตูล,10746,โรงพยาบาลสตูล,"ติดสารเสพติดอื่นๆ (F11,F12,F13,F14,F16,F17,F18,F19)",F12,4,4: นอกเขต มารับบริการ/เคยอยู่ในเขต,45-59 ปี,16
code,DIAGNOSIS_OPD,เมืองสตูล,10746,โรงพยาบาลสตูล,"ติดสารเสพติดอื่นๆ (F11,F12,F13,F14,F16,F17,F18,F19)",F12,4,4: นอกเขต มารับบริการ/เคยอยู่ในเขต,60-74 ปี,4
code,DIAGNOSIS_OPD,เมืองสตูล,10746,โรงพยาบาลสตูล,"ติดสารเสพติดอื่นๆ (F11,F12,F13,F14,F16,F17,F18,F19)",F13,4,4: นอกเขต มารับบริการ/เคยอยู่ในเขต,0-14 ปี,1
code,DIAGNOSIS_OPD,เมืองสตูล,10746,โรงพยาบาลสตูล,"ติดสารเสพติดอื่นๆ (F11,F12,F13,F14,F16,F17,F18,F19)",F13,4,4: นอกเขต มารับบริการ/เคยอยู่ในเขต,15-29 ปี,2
code,DIAGNOSIS_OPD,เมืองสตูล,10746,โรงพยาบาลสตูล,"ติดสารเสพติดอื่นๆ (F11,F12,F13,F14,F16,F17,F18,F19)",F13,4,4: นอกเขต มารับบริการ/เคยอยู่ในเขต,30-44 ปี,3
code,DIAGNOSIS_OPD,เมืองสตูล,10746,โรงพยาบาลสตูล,"ติดสารเสพติดอื่นๆ (F11,F12,F13,F14,F16,F17,F18,F19)",F13,4,4: นอกเขต มารับบริการ/เคยอยู่ในเขต,45-59 ปี,1
code,DIAGNOSIS_OPD,เมืองสตูล,10746,โรงพยาบาลสตูล,"ติดสารเสพติดอื่นๆ (F11,F12,F13,F14,F16,F17,F18,F19)",F14,4,4: นอกเขต มารับบริการ/เคยอยู่ในเขต,30-44 ปี,2
code,DIAGNOSIS_OPD,เมืองสตูล,10746,โรงพยาบาลสตูล,"ติดสารเสพติดอื่นๆ (F11,F12,F13,F14,F16,F17,F18,F19)",F16,4,4: นอกเขต มารับบริการ/เคยอยู่ในเขต,15-29 ปี,1
code,DIAGNOSIS_OPD,เมืองสตูล,10746,โรงพยาบาลสตูล,"ติดสารเสพติดอื่นๆ (F11,F12,F13,F14,F16,F17,F18,F19)",F16,4,4: นอกเขต มารับบริการ/เคยอยู่ในเขต,30-44 ปี,2
code,DIAGNOSIS_OPD,เมืองสตูล,10746,โรงพยาบาลสตูล,"ติดสารเสพติดอื่นๆ (F11,F12,F13,F14,F16,F17,F18,F19)",F16,4,4: นอกเขต มารับบริการ/เคยอยู่ในเขต,60-74 ปี,1
code,DIAGNOSIS_OPD,เมืองสตูล,10746,โรงพยาบาลสตูล,"ติดสารเสพติดอื่นๆ (F11,F12,F13,F14,F16,F17,F18,F19)",F16,4,4: นอกเขต มารับบริการ/เคยอยู่ในเขต,75 ปีขึ้นไป,3
code,DIAGNOSIS_OPD,เมืองสตูล,10746,โรงพยาบาลสตูล,"ติดสารเสพติดอื่นๆ (F11,F12,F13,F14,F16,F17,F18,F19)",F17,4,4: นอกเขต มารับบริการ/เคยอยู่ในเขต,0-14 ปี,6
code,DIAGNOSIS_OPD,เมืองสตูล,10746,โรงพยาบาลสตูล,"ติดสารเสพติดอื่นๆ (F11,F12,F13,F14,F16,F17,F18,F19)",F17,4,4: นอกเขต มารับบริการ/เคยอยู่ในเขต,15-29 ปี,23
code,DIAGNOSIS_OPD,เมืองสตูล,10746,โรงพยาบาลสตูล,"ติดสารเสพติดอื่นๆ (F11,F12,F13,F14,F16,F17,F18,F19)",F17,4,4: นอกเขต มารับบริการ/เคยอยู่ในเขต,30-44 ปี,75
code,DIAGNOSIS_OPD,เมืองสตูล,10746,โรงพยาบาลสตูล,"ติดสารเสพติดอื่นๆ (F11,F12,F13,F14,F16,F17,F18,F19)",F17,4,4: นอกเขต มารับบริการ/เคยอยู่ในเขต,45-59 ปี,142
code,DIAGNOSIS_OPD,เมืองสตูล,10746,โรงพยาบาลสตูล,"ติดสารเสพติดอื่นๆ (F11,F12,F13,F14,F16,F17,F18,F19)",F17,4,4: นอกเขต มารับบริการ/เคยอยู่ในเขต,60-74 ปี,184
code,DIAGNOSIS_OPD,เมืองสตูล,10746,โรงพยาบาลสตูล,"ติดสารเสพติดอื่นๆ (F11,F12,F13,F14,F16,F17,F18,F19)",F17,4,4: นอกเขต มารับบริการ/เคยอยู่ในเขต,75 ปีขึ้นไป,32
code,DIAGNOSIS_OPD,เมืองสตูล,10746,โรงพยาบาลสตูล,"ติดสารเสพติดอื่นๆ (F11,F12,F13,F14,F16,F17,F18,F19)",F18,4,4: นอกเขต มารับบริการ/เคยอยู่ในเขต,45-59 ปี,1
code,DIAGNOSIS_OPD,เมืองสตูล,10746,โรงพยาบาลสตูล,"ติดสารเสพติดอื่นๆ (F11,F12,F13,F14,F16,F17,F18,F19)",F19,4,4: นอกเขต มารับบริการ/เคยอยู่ในเขต,0-14 ปี,6
code,DIAGNOSIS_OPD,เมืองสตูล,10746,โรงพยาบาลสตูล,"ติดสารเสพติดอื่นๆ (F11,F12,F13,F14,F16,F17,F18,F19)",F19,4,4: นอกเขต มารับบริการ/เคยอยู่ในเขต,15-29 ปี,401
code,DIAGNOSIS_OPD,เมืองสตูล,10746,โรงพยาบาลสตูล,"ติดสารเสพติดอื่นๆ (F11,F12,F13,F14,F16,F17,F18,F19)",F19,4,4: นอกเขต มารับบริการ/เคยอยู่ในเขต,30-44 ปี,482
code,DIAGNOSIS_OPD,เมืองสตูล,10746,โรงพยาบาลสตูล,"ติดสารเสพติดอื่นๆ (F11,F12,F13,F14,F16,F17,F18,F19)",F19,4,4: นอกเขต มารับบริการ/เคยอยู่ในเขต,45-59 ปี,95
code,DIAGNOSIS_OPD,เมืองสตูล,10746,โรงพยาบาลสตูล,"ติดสารเสพติดอื่นๆ (F11,F12,F13,F14,F16,F17,F18,F19)",F19,4,4: นอกเขต มารับบริการ/เคยอยู่ในเขต,60-74 ปี,8
code,DIAGNOSIS_OPD,เมืองสตูล,10746,โรงพยาบาลสตูล,ติดแอลกอฮอล์ (F10),F10,4,4: นอกเขต มารับบริการ/เคยอยู่ในเขต,0-14 ปี,2
code,DIAGNOSIS_OPD,เมืองสตูล,10746,โรงพยาบาลสตูล,ติดแอลกอฮอล์ (F10),F10,4,4: นอกเขต มารับบริการ/เคยอยู่ในเขต,15-29 ปี,7
code,DIAGNOSIS_OPD,เมืองสตูล,10746,โรงพยาบาลสตูล,ติดแอลกอฮอล์ (F10),F10,4,4: นอกเขต มารับบริการ/เคยอยู่ในเขต,30-44 ปี,53
code,DIAGNOSIS_OPD,เมืองสตูล,10746,โรงพยาบาลสตูล,ติดแอลกอฮอล์ (F10),F10,4,4: นอกเขต มารับบริการ/เคยอยู่ในเขต,45-59 ปี,78
code,DIAGNOSIS_OPD,เมืองสตูล,10746,โรงพยาบาลสตูล,ติดแอลกอฮอล์ (F10),F10,4,4: นอกเขต มารับบริการ/เคยอยู่ในเขต,60-74 ปี,36
code,DIAGNOSIS_OPD,เมืองสตูล,10746,โรงพยาบาลสตูล,ติดแอลกอฮอล์ (F10),F10,4,4: นอกเขต มารับบริการ/เคยอยู่ในเขต,75 ปีขึ้นไป,3
code,DIAGNOSIS_OPD,เมืองสตูล,10746,โรงพยาบาลสตูล,ผู้ป่วยติดเกมส์ในผู้ใหญ่ 15 ปีขึ้นไป (F638),F638,4,4: นอกเขต มารับบริการ/เคยอยู่ในเขต,15-29 ปี,1
code,DIAGNOSIS_OPD,เมืองสตูล,10746,โรงพยาบาลสตูล,ผู้ป่วยติดเกมส์ในเด็ก ต่ำกว่า 15 ปี (F988),F988,4,4: นอกเขต มารับบริการ/เคยอยู่ในเขต,0-14 ปี,10
code,DIAGNOSIS_OPD,เมืองสตูล,10746,โรงพยาบาลสตูล,พยายามฆ่าตัวตาย/ตั้งใจทำร้ายตนเอง (X60-X84),X60,4,4: นอกเขต มารับบริการ/เคยอยู่ในเขต,0-14 ปี,7
code,DIAGNOSIS_OPD,เมืองสตูล,10746,โรงพยาบาลสตูล,พยายามฆ่าตัวตาย/ตั้งใจทำร้ายตนเอง (X60-X84),X60,4,4: นอกเขต มารับบริการ/เคยอยู่ในเขต,15-29 ปี,15
code,DIAGNOSIS_OPD,เมืองสตูล,10746,โรงพยาบาลสตูล,พยายามฆ่าตัวตาย/ตั้งใจทำร้ายตนเอง (X60-X84),X60,4,4: นอกเขต มารับบริการ/เคยอยู่ในเขต,60-74 ปี,1
code,DIAGNOSIS_OPD,เมืองสตูล,10746,โรงพยาบาลสตูล,พยายามฆ่าตัวตาย/ตั้งใจทำร้ายตนเอง (X60-X84),X61,4,4: นอกเขต มารับบริการ/เคยอยู่ในเขต,0-14 ปี,1
code,DIAGNOSIS_OPD,เมืองสตูล,10746,โรงพยาบาลสตูล,พยายามฆ่าตัวตาย/ตั้งใจทำร้ายตนเอง (X60-X84),X61,4,4: นอกเขต มารับบริการ/เคยอยู่ในเขต,15-29 ปี,6
code,DIAGNOSIS_OPD,เมืองสตูล,10746,โรงพยาบาลสตูล,พยายามฆ่าตัวตาย/ตั้งใจทำร้ายตนเอง (X60-X84),X61,4,4: นอกเขต มารับบริการ/เคยอยู่ในเขต,30-44 ปี,1
code,DIAGNOSIS_OPD,เมืองสตูล,10746,โรงพยาบาลสตูล,พยายามฆ่าตัวตาย/ตั้งใจทำร้ายตนเอง (X60-X84),X61,4,4: นอกเขต มารับบริการ/เคยอยู่ในเขต,60-74 ปี,1
code,DIAGNOSIS_OPD,เมืองสตูล,10746,โรงพยาบาลสตูล,พยายามฆ่าตัวตาย/ตั้งใจทำร้ายตนเอง (X60-X84),X62,4,4: นอกเขต มารับบริการ/เคยอยู่ในเขต,15-29 ปี,1
code,DIAGNOSIS_OPD,เมืองสตูล,10746,โรงพยาบาลสตูล,พยายามฆ่าตัวตาย/ตั้งใจทำร้ายตนเอง (X60-X84),X64,4,4: นอกเขต มารับบริการ/เคยอยู่ในเขต,15-29 ปี,1
code,DIAGNOSIS_OPD,เมืองสตูล,10746,โรงพยาบาลสตูล,พยายามฆ่าตัวตาย/ตั้งใจทำร้ายตนเอง (X60-X84),X64,4,4: นอกเขต มารับบริการ/เคยอยู่ในเขต,30-44 ปี,1
code,DIAGNOSIS_OPD,เมืองสตูล,10746,โรงพยาบาลสตูล,พยายามฆ่าตัวตาย/ตั้งใจทำร้ายตนเอง (X60-X84),X64,4,4: นอกเขต มารับบริการ/เคยอยู่ในเขต,45-59 ปี,1
code,DIAGNOSIS_OPD,เมืองสตูล,10746,โรงพยาบาลสตูล,พยายามฆ่าตัวตาย/ตั้งใจทำร้ายตนเอง (X60-X84),X69,4,4: นอกเขต มารับบริการ/เคยอยู่ในเขต,15-29 ปี,8
code,DIAGNOSIS_OPD,เมืองสตูล,10746,โรงพยาบาลสตูล,พยายามฆ่าตัวตาย/ตั้งใจทำร้ายตนเอง (X60-X84),X69,4,4: นอกเขต มารับบริการ/เคยอยู่ในเขต,30-44 ปี,1
code,DIAGNOSIS_OPD,เมืองสตูล,10746,โรงพยาบาลสตูล,พยายามฆ่าตัวตาย/ตั้งใจทำร้ายตนเอง (X60-X84),X69,4,4: นอกเขต มารับบริการ/เคยอยู่ในเขต,45-59 ปี,2
code,DIAGNOSIS_OPD,เมืองสตูล,10746,โรงพยาบาลสตูล,พยายามฆ่าตัวตาย/ตั้งใจทำร้ายตนเอง (X60-X84),X69,4,4: นอกเขต มารับบริการ/เคยอยู่ในเขต,60-74 ปี,1
code,DIAGNOSIS_OPD,เมืองสตูล,10746,โรงพยาบาลสตูล,พยายามฆ่าตัวตาย/ตั้งใจทำร้ายตนเอง (X60-X84),X70,4,4: นอกเขต มารับบริการ/เคยอยู่ในเขต,15-29 ปี,6
code,DIAGNOSIS_OPD,เมืองสตูล,10746,โรงพยาบาลสตูล,พยายามฆ่าตัวตาย/ตั้งใจทำร้ายตนเอง (X60-X84),X70,4,4: นอกเขต มารับบริการ/เคยอยู่ในเขต,30-44 ปี,10
code,DIAGNOSIS_OPD,เมืองสตูล,10746,โรงพยาบาลสตูล,พยายามฆ่าตัวตาย/ตั้งใจทำร้ายตนเอง (X60-X84),X70,4,4: นอกเขต มารับบริการ/เคยอยู่ในเขต,45-59 ปี,3
code,DIAGNOSIS_OPD,เมืองสตูล,10746,โรงพยาบาลสตูล,พยายามฆ่าตัวตาย/ตั้งใจทำร้ายตนเอง (X60-X84),X70,4,4: นอกเขต มารับบริการ/เคยอยู่ในเขต,60-74 ปี,2
code,DIAGNOSIS_OPD,เมืองสตูล,10746,โรงพยาบาลสตูล,พยายามฆ่าตัวตาย/ตั้งใจทำร้ายตนเอง (X60-X84),X70,4,4: นอกเขต มารับบริการ/เคยอยู่ในเขต,75 ปีขึ้นไป,2
code,DIAGNOSIS_OPD,เมืองสตูล,10746,โรงพยาบาลสตูล,พยายามฆ่าตัวตาย/ตั้งใจทำร้ายตนเอง (X60-X84),X72,4,4: นอกเขต มารับบริการ/เคยอยู่ในเขต,45-59 ปี,1
code,DIAGNOSIS_OPD,เมืองสตูล,10746,โรงพยาบาลสตูล,พยายามฆ่าตัวตาย/ตั้งใจทำร้ายตนเอง (X60-X84),X78,4,4: นอกเขต มารับบริการ/เคยอยู่ในเขต,15-29 ปี,18
code,DIAGNOSIS_OPD,เมืองสตูล,10746,โรงพยาบาลสตูล,พยายามฆ่าตัวตาย/ตั้งใจทำร้ายตนเอง (X60-X84),X78,4,4: นอกเขต มารับบริการ/เคยอยู่ในเขต,30-44 ปี,5
code,DIAGNOSIS_OPD,เมืองสตูล,10746,โรงพยาบาลสตูล,พยายามฆ่าตัวตาย/ตั้งใจทำร้ายตนเอง (X60-X84),X78,4,4: นอกเขต มารับบริการ/เคยอยู่ในเขต,45-59 ปี,1
code,DIAGNOSIS_OPD,เมืองสตูล,10746,โรงพยาบาลสตูล,พยายามฆ่าตัวตาย/ตั้งใจทำร้ายตนเอง (X60-X84),X78,4,4: นอกเขต มารับบริการ/เคยอยู่ในเขต,60-74 ปี,1
code,DIAGNOSIS_OPD,เมืองสตูล,10746,โรงพยาบาลสตูล,พยายามฆ่าตัวตาย/ตั้งใจทำร้ายตนเอง (X60-X84),X79,4,4: นอกเขต มารับบริการ/เคยอยู่ในเขต,15-29 ปี,2
code,DIAGNOSIS_OPD,เมืองสตูล,10746,โรงพยาบาลสตูล,พยายามฆ่าตัวตาย/ตั้งใจทำร้ายตนเอง (X60-X84),X79,4,4: นอกเขต มารับบริการ/เคยอยู่ในเขต,45-59 ปี,1
code,DIAGNOSIS_OPD,เมืองสตูล,10746,โรงพยาบาลสตูล,พยายามฆ่าตัวตาย/ตั้งใจทำร้ายตนเอง (X60-X84),X84,4,4: นอกเขต มารับบริการ/เคยอยู่ในเขต,15-29 ปี,4
code,DIAGNOSIS_OPD,เมืองสตูล,10746,โรงพยาบาลสตูล,พยายามฆ่าตัวตาย/ตั้งใจทำร้ายตนเอง (X60-X84),X84,4,4: นอกเขต มารับบริการ/เคยอยู่ในเขต,30-44 ปี,1
code,DIAGNOSIS_OPD,เมืองสตูล,10746,โรงพยาบาลสตูล,โรคจิตอื่นๆ (F21-F29),F21,4,4: นอกเขต มารับบริการ/เคยอยู่ในเขต,45-59 ปี,1
code,DIAGNOSIS_OPD,เมืองสตูล,10746,โรงพยาบาลสตูล,โรคจิตอื่นๆ (F21-F29),F22,4,4: นอกเขต มารับบริการ/เคยอยู่ในเขต,15-29 ปี,5
code,DIAGNOSIS_OPD,เมืองสตูล,10746,โรงพยาบาลสตูล,โรคจิตอื่นๆ (F21-F29),F22,4,4: นอกเขต มารับบริการ/เคยอยู่ในเขต,30-44 ปี,6
code,DIAGNOSIS_OPD,เมืองสตูล,10746,โรงพยาบาลสตูล,โรคจิตอื่นๆ (F21-F29),F22,4,4: นอกเขต มารับบริการ/เคยอยู่ในเขต,45-59 ปี,8
code,DIAGNOSIS_OPD,เมืองสตูล,10746,โรงพยาบาลสตูล,โรคจิตอื่นๆ (F21-F29),F22,4,4: นอกเขต มารับบริการ/เคยอยู่ในเขต,60-74 ปี,7
code,DIAGNOSIS_OPD,เมืองสตูล,10746,โรงพยาบาลสตูล,โรคจิตอื่นๆ (F21-F29),F23,4,4: นอกเขต มารับบริการ/เคยอยู่ในเขต,15-29 ปี,20
code,DIAGNOSIS_OPD,เมืองสตูล,10746,โรงพยาบาลสตูล,โรคจิตอื่นๆ (F21-F29),F23,4,4: นอกเขต มารับบริการ/เคยอยู่ในเขต,30-44 ปี,31
code,DIAGNOSIS_OPD,เมืองสตูล,10746,โรงพยาบาลสตูล,โรคจิตอื่นๆ (F21-F29),F23,4,4: นอกเขต มารับบริการ/เคยอยู่ในเขต,45-59 ปี,18
code,DIAGNOSIS_OPD,เมืองสตูล,10746,โรงพยาบาลสตูล,โรคจิตอื่นๆ (F21-F29),F23,4,4: นอกเขต มารับบริการ/เคยอยู่ในเขต,60-74 ปี,6
code,DIAGNOSIS_OPD,เมืองสตูล,10746,โรงพยาบาลสตูล,โรคจิตอื่นๆ (F21-F29),F23,4,4: นอกเขต มารับบริการ/เคยอยู่ในเขต,75 ปีขึ้นไป,3
code,DIAGNOSIS_OPD,เมืองสตูล,10746,โรงพยาบาลสตูล,โรคจิตอื่นๆ (F21-F29),F24,4,4: นอกเขต มารับบริการ/เคยอยู่ในเขต,15-29 ปี,1
code,DIAGNOSIS_OPD,เมืองสตูล,10746,โรงพยาบาลสตูล,โรคจิตอื่นๆ (F21-F29),F24,4,4: นอกเขต มารับบริการ/เคยอยู่ในเขต,30-44 ปี,3
code,DIAGNOSIS_OPD,เมืองสตูล,10746,โรงพยาบาลสตูล,โรคจิตอื่นๆ (F21-F29),F24,4,4: นอกเขต มารับบริการ/เคยอยู่ในเขต,75 ปีขึ้นไป,1
code,DIAGNOSIS_OPD,เมืองสตูล,10746,โรงพยาบาลสตูล,โรคจิตอื่นๆ (F21-F29),F25,4,4: นอกเขต มารับบริการ/เคยอยู่ในเขต,15-29 ปี,4
code,DIAGNOSIS_OPD,เมืองสตูล,10746,โรงพยาบาลสตูล,โรคจิตอื่นๆ (F21-F29),F25,4,4: นอกเขต มารับบริการ/เคยอยู่ในเขต,30-44 ปี,11
code,DIAGNOSIS_OPD,เมืองสตูล,10746,โรงพยาบาลสตูล,โรคจิตอื่นๆ (F21-F29),F25,4,4: นอกเขต มารับบริการ/เคยอยู่ในเขต,45-59 ปี,10
code,DIAGNOSIS_OPD,เมืองสตูล,10746,โรงพยาบาลสตูล,โรคจิตอื่นๆ (F21-F29),F25,4,4: นอกเขต มารับบริการ/เคยอยู่ในเขต,60-74 ปี,6
code,DIAGNOSIS_OPD,เมืองสตูล,10746,โรงพยาบาลสตูล,โรคจิตอื่นๆ (F21-F29),F28,4,4: นอกเขต มารับบริการ/เคยอยู่ในเขต,0-14 ปี,4
code,DIAGNOSIS_OPD,เมืองสตูล,10746,โรงพยาบาลสตูล,โรคจิตอื่นๆ (F21-F29),F28,4,4: นอกเขต มารับบริการ/เคยอยู่ในเขต,15-29 ปี,16
code,DIAGNOSIS_OPD,เมืองสตูล,10746,โรงพยาบาลสตูล,โรคจิตอื่นๆ (F21-F29),F28,4,4: นอกเขต มารับบริการ/เคยอยู่ในเขต,30-44 ปี,21
code,DIAGNOSIS_OPD,เมืองสตูล,10746,โรงพยาบาลสตูล,โรคจิตอื่นๆ (F21-F29),F28,4,4: นอกเขต มารับบริการ/เคยอยู่ในเขต,45-59 ปี,14
code,DIAGNOSIS_OPD,เมืองสตูล,10746,โรงพยาบาลสตูล,โรคจิตอื่นๆ (F21-F29),F28,4,4: นอกเขต มารับบริการ/เคยอยู่ในเขต,60-74 ปี,6
code,DIAGNOSIS_OPD,เมืองสตูล,10746,โรงพยาบาลสตูล,โรคจิตอื่นๆ (F21-F29),F28,4,4: นอกเขต มารับบริการ/เคยอยู่ในเขต,75 ปีขึ้นไป,3
code,DIAGNOSIS_OPD,เมืองสตูล,10746,โรงพยาบาลสตูล,โรคจิตอื่นๆ (F21-F29),F29,4,4: นอกเขต มารับบริการ/เคยอยู่ในเขต,0-14 ปี,6
code,DIAGNOSIS_OPD,เมืองสตูล,10746,โรงพยาบาลสตูล,โรคจิตอื่นๆ (F21-F29),F29,4,4: นอกเขต มารับบริการ/เคยอยู่ในเขต,15-29 ปี,146
code,DIAGNOSIS_OPD,เมืองสตูล,10746,โรงพยาบาลสตูล,โรคจิตอื่นๆ (F21-F29),F29,4,4: นอกเขต มารับบริการ/เคยอยู่ในเขต,30-44 ปี,262
code,DIAGNOSIS_OPD,เมืองสตูล,10746,โรงพยาบาลสตูล,โรคจิตอื่นๆ (F21-F29),F29,4,4: นอกเขต มารับบริการ/เคยอยู่ในเขต,45-59 ปี,89
code,DIAGNOSIS_OPD,เมืองสตูล,10746,โรงพยาบาลสตูล,โรคจิตอื่นๆ (F21-F29),F29,4,4: นอกเขต มารับบริการ/เคยอยู่ในเขต,60-74 ปี,26
code,DIAGNOSIS_OPD,เมืองสตูล,10746,โรงพยาบาลสตูล,โรคจิตอื่นๆ (F21-F29),F29,4,4: นอกเขต มารับบริการ/เคยอยู่ในเขต,75 ปีขึ้นไป,13
code,DIAGNOSIS_OPD,เมืองสตูล,10746,โรงพยาบาลสตูล,โรคจิตเภท (F20),F20,4,4: นอกเขต มารับบริการ/เคยอยู่ในเขต,15-29 ปี,108
code,DIAGNOSIS_OPD,เมืองสตูล,10746,โรงพยาบาลสตูล,โรคจิตเภท (F20),F20,4,4: นอกเขต มารับบริการ/เคยอยู่ในเขต,30-44 ปี,371
code,DIAGNOSIS_OPD,เมืองสตูล,10746,โรงพยาบาลสตูล,โรคจิตเภท (F20),F20,4,4: นอกเขต มารับบริการ/เคยอยู่ในเขต,45-59 ปี,221
code,DIAGNOSIS_OPD,เมืองสตูล,10746,โรงพยาบาลสตูล,โรคจิตเภท (F20),F20,4,4: นอกเขต มารับบริการ/เคยอยู่ในเขต,60-74 ปี,54
code,DIAGNOSIS_OPD,เมืองสตูล,10746,โรงพยาบาลสตูล,โรคจิตเภท (F20),F20,4,4: นอกเขต มารับบริการ/เคยอยู่ในเขต,75 ปีขึ้นไป,8
code,DIAGNOSIS_OPD,เมืองสตูล,10746,โรงพยาบาลสตูล,"โรคซึมเศร้า (F32,F33,F341,F38,F39)",F32,4,4: นอกเขต มารับบริการ/เคยอยู่ในเขต,0-14 ปี,166
code,DIAGNOSIS_OPD,เมืองสตูล,10746,โรงพยาบาลสตูล,"โรคซึมเศร้า (F32,F33,F341,F38,F39)",F32,4,4: นอกเขต มารับบริการ/เคยอยู่ในเขต,15-29 ปี,702
code,DIAGNOSIS_OPD,เมืองสตูล,10746,โรงพยาบาลสตูล,"โรคซึมเศร้า (F32,F33,F341,F38,F39)",F32,4,4: นอกเขต มารับบริการ/เคยอยู่ในเขต,30-44 ปี,499
code,DIAGNOSIS_OPD,เมืองสตูล,10746,โรงพยาบาลสตูล,"โรคซึมเศร้า (F32,F33,F341,F38,F39)",F32,4,4: นอกเขต มารับบริการ/เคยอยู่ในเขต,45-59 ปี,307
code,DIAGNOSIS_OPD,เมืองสตูล,10746,โรงพยาบาลสตูล,"โรคซึมเศร้า (F32,F33,F341,F38,F39)",F32,4,4: นอกเขต มารับบริการ/เคยอยู่ในเขต,60-74 ปี,248
code,DIAGNOSIS_OPD,เมืองสตูล,10746,โรงพยาบาลสตูล,"โรคซึมเศร้า (F32,F33,F341,F38,F39)",F32,4,4: นอกเขต มารับบริการ/เคยอยู่ในเขต,75 ปีขึ้นไป,86
code,DIAGNOSIS_OPD,เมืองสตูล,10746,โรงพยาบาลสตูล,"โรคซึมเศร้า (F32,F33,F341,F38,F39)",F33,4,4: นอกเขต มารับบริการ/เคยอยู่ในเขต,0-14 ปี,16
code,DIAGNOSIS_OPD,เมืองสตูล,10746,โรงพยาบาลสตูล,"โรคซึมเศร้า (F32,F33,F341,F38,F39)",F33,4,4: นอกเขต มารับบริการ/เคยอยู่ในเขต,15-29 ปี,127
code,DIAGNOSIS_OPD,เมืองสตูล,10746,โรงพยาบาลสตูล,"โรคซึมเศร้า (F32,F33,F341,F38,F39)",F33,4,4: นอกเขต มารับบริการ/เคยอยู่ในเขต,30-44 ปี,91
code,DIAGNOSIS_OPD,เมืองสตูล,10746,โรงพยาบาลสตูล,"โรคซึมเศร้า (F32,F33,F341,F38,F39)",F33,4,4: นอกเขต มารับบริการ/เคยอยู่ในเขต,45-59 ปี,55
code,DIAGNOSIS_OPD,เมืองสตูล,10746,โรงพยาบาลสตูล,"โรคซึมเศร้า (F32,F33,F341,F38,F39)",F33,4,4: นอกเขต มารับบริการ/เคยอยู่ในเขต,60-74 ปี,46
code,DIAGNOSIS_OPD,เมืองสตูล,10746,โรงพยาบาลสตูล,"โรคซึมเศร้า (F32,F33,F341,F38,F39)",F33,4,4: นอกเขต มารับบริการ/เคยอยู่ในเขต,75 ปีขึ้นไป,10
code,DIAGNOSIS_OPD,เมืองสตูล,10746,โรงพยาบาลสตูล,"โรคซึมเศร้า (F32,F33,F341,F38,F39)",F341,4,4: นอกเขต มารับบริการ/เคยอยู่ในเขต,0-14 ปี,14
code,DIAGNOSIS_OPD,เมืองสตูล,10746,โรงพยาบาลสตูล,"โรคซึมเศร้า (F32,F33,F341,F38,F39)",F341,4,4: นอกเขต มารับบริการ/เคยอยู่ในเขต,15-29 ปี,42
code,DIAGNOSIS_OPD,เมืองสตูล,10746,โรงพยาบาลสตูล,"โรคซึมเศร้า (F32,F33,F341,F38,F39)",F341,4,4: นอกเขต มารับบริการ/เคยอยู่ในเขต,30-44 ปี,18
code,DIAGNOSIS_OPD,เมืองสตูล,10746,โรงพยาบาลสตูล,"โรคซึมเศร้า (F32,F33,F341,F38,F39)",F341,4,4: นอกเขต มารับบริการ/เคยอยู่ในเขต,45-59 ปี,11
code,DIAGNOSIS_OPD,เมืองสตูล,10746,โรงพยาบาลสตูล,"โรคซึมเศร้า (F32,F33,F341,F38,F39)",F341,4,4: นอกเขต มารับบริการ/เคยอยู่ในเขต,60-74 ปี,12
code,DIAGNOSIS_OPD,เมืองสตูล,10746,โรงพยาบาลสตูล,"โรคซึมเศร้า (F32,F33,F341,F38,F39)",F341,4,4: นอกเขต มารับบริการ/เคยอยู่ในเขต,75 ปีขึ้นไป,5
code,DIAGNOSIS_OPD,เมืองสตูล,10746,โรงพยาบาลสตูล,"โรคซึมเศร้า (F32,F33,F341,F38,F39)",F38,4,4: นอกเขต มารับบริการ/เคยอยู่ในเขต,0-14 ปี,4
code,DIAGNOSIS_OPD,เมืองสตูล,10746,โรงพยาบาลสตูล,"โรคซึมเศร้า (F32,F33,F341,F38,F39)",F38,4,4: นอกเขต มารับบริการ/เคยอยู่ในเขต,15-29 ปี,2
code,DIAGNOSIS_OPD,เมืองสตูล,10746,โรงพยาบาลสตูล,"โรคซึมเศร้า (F32,F33,F341,F38,F39)",F38,4,4: นอกเขต มารับบริการ/เคยอยู่ในเขต,45-59 ปี,1
code,DIAGNOSIS_OPD,เมืองสตูล,10746,โรงพยาบาลสตูล,"โรคซึมเศร้า (F32,F33,F341,F38,F39)",F39,4,4: นอกเขต มารับบริการ/เคยอยู่ในเขต,0-14 ปี,2
code,DIAGNOSIS_OPD,เมืองสตูล,10746,โรงพยาบาลสตูล,"โรคซึมเศร้า (F32,F33,F341,F38,F39)",F39,4,4: นอกเขต มารับบริการ/เคยอยู่ในเขต,15-29 ปี,1
code,DIAGNOSIS_OPD,เมืองสตูล,10746,โรงพยาบาลสตูล,"โรคซึมเศร้า (F32,F33,F341,F38,F39)",F39,4,4: นอกเขต มารับบริการ/เคยอยู่ในเขต,45-59 ปี,1
code,DIAGNOSIS_OPD,เมืองสตูล,10746,โรงพยาบาลสตูล,"โรคซึมเศร้า (F32,F33,F341,F38,F39)",F39,4,4: นอกเขต มารับบริการ/เคยอยู่ในเขต,60-74 ปี,2
code,DIAGNOSIS_OPD,เมืองสตูล,10746,โรงพยาบาลสตูล,"โรคทางจิตเวชอื่นๆ (F04-F09,F50-F69,F80,F82-F83,F88-F89,F91-F99 ยกเว้น F638,F988)",F04,4,4: นอกเขต มารับบริการ/เคยอยู่ในเขต,30-44 ปี,1
code,DIAGNOSIS_OPD,เมืองสตูล,10746,โรงพยาบาลสตูล,"โรคทางจิตเวชอื่นๆ (F04-F09,F50-F69,F80,F82-F83,F88-F89,F91-F99 ยกเว้น F638,F988)",F04,4,4: นอกเขต มารับบริการ/เคยอยู่ในเขต,60-74 ปี,1
code,DIAGNOSIS_OPD,เมืองสตูล,10746,โรงพยาบาลสตูล,"โรคทางจิตเวชอื่นๆ (F04-F09,F50-F69,F80,F82-F83,F88-F89,F91-F99 ยกเว้น F638,F988)",F04,4,4: นอกเขต มารับบริการ/เคยอยู่ในเขต,75 ปีขึ้นไป,1
code,DIAGNOSIS_OPD,เมืองสตูล,10746,โรงพยาบาลสตูล,"โรคทางจิตเวชอื่นๆ (F04-F09,F50-F69,F80,F82-F83,F88-F89,F91-F99 ยกเว้น F638,F988)",F05,4,4: นอกเขต มารับบริการ/เคยอยู่ในเขต,15-29 ปี,5
code,DIAGNOSIS_OPD,เมืองสตูล,10746,โรงพยาบาลสตูล,"โรคทางจิตเวชอื่นๆ (F04-F09,F50-F69,F80,F82-F83,F88-F89,F91-F99 ยกเว้น F638,F988)",F05,4,4: นอกเขต มารับบริการ/เคยอยู่ในเขต,30-44 ปี,12
code,DIAGNOSIS_OPD,เมืองสตูล,10746,โรงพยาบาลสตูล,"โรคทางจิตเวชอื่นๆ (F04-F09,F50-F69,F80,F82-F83,F88-F89,F91-F99 ยกเว้น F638,F988)",F05,4,4: นอกเขต มารับบริการ/เคยอยู่ในเขต,45-59 ปี,18
code,DIAGNOSIS_OPD,เมืองสตูล,10746,โรงพยาบาลสตูล,"โรคทางจิตเวชอื่นๆ (F04-F09,F50-F69,F80,F82-F83,F88-F89,F91-F99 ยกเว้น F638,F988)",F05,4,4: นอกเขต มารับบริการ/เคยอยู่ในเขต,60-74 ปี,28
code,DIAGNOSIS_OPD,เมืองสตูล,10746,โรงพยาบาลสตูล,"โรคทางจิตเวชอื่นๆ (F04-F09,F50-F69,F80,F82-F83,F88-F89,F91-F99 ยกเว้น F638,F988)",F05,4,4: นอกเขต มารับบริการ/เคยอยู่ในเขต,75 ปีขึ้นไป,60
code,DIAGNOSIS_OPD,เมืองสตูล,10746,โรงพยาบาลสตูล,"โรคทางจิตเวชอื่นๆ (F04-F09,F50-F69,F80,F82-F83,F88-F89,F91-F99 ยกเว้น F638,F988)",F06,4,4: นอกเขต มารับบริการ/เคยอยู่ในเขต,0-14 ปี,3
code,DIAGNOSIS_OPD,เมืองสตูล,10746,โรงพยาบาลสตูล,"โรคทางจิตเวชอื่นๆ (F04-F09,F50-F69,F80,F82-F83,F88-F89,F91-F99 ยกเว้น F638,F988)",F06,4,4: นอกเขต มารับบริการ/เคยอยู่ในเขต,15-29 ปี,13
code,DIAGNOSIS_OPD,เมืองสตูล,10746,โรงพยาบาลสตูล,"โรคทางจิตเวชอื่นๆ (F04-F09,F50-F69,F80,F82-F83,F88-F89,F91-F99 ยกเว้น F638,F988)",F06,4,4: นอกเขต มารับบริการ/เคยอยู่ในเขต,30-44 ปี,18
code,DIAGNOSIS_OPD,เมืองสตูล,10746,โรงพยาบาลสตูล,"โรคทางจิตเวชอื่นๆ (F04-F09,F50-F69,F80,F82-F83,F88-F89,F91-F99 ยกเว้น F638,F988)",F06,4,4: นอกเขต มารับบริการ/เคยอยู่ในเขต,45-59 ปี,18
code,DIAGNOSIS_OPD,เมืองสตูล,10746,โรงพยาบาลสตูล,"โรคทางจิตเวชอื่นๆ (F04-F09,F50-F69,F80,F82-F83,F88-F89,F91-F99 ยกเว้น F638,F988)",F06,4,4: นอกเขต มารับบริการ/เคยอยู่ในเขต,60-74 ปี,43
code,DIAGNOSIS_OPD,เมืองสตูล,10746,โรงพยาบาลสตูล,"โรคทางจิตเวชอื่นๆ (F04-F09,F50-F69,F80,F82-F83,F88-F89,F91-F99 ยกเว้น F638,F988)",F06,4,4: นอกเขต มารับบริการ/เคยอยู่ในเขต,75 ปีขึ้นไป,45
code,DIAGNOSIS_OPD,เมืองสตูล,10746,โรงพยาบาลสตูล,"โรคทางจิตเวชอื่นๆ (F04-F09,F50-F69,F80,F82-F83,F88-F89,F91-F99 ยกเว้น F638,F988)",F07,4,4: นอกเขต มารับบริการ/เคยอยู่ในเขต,0-14 ปี,2
code,DIAGNOSIS_OPD,เมืองสตูล,10746,โรงพยาบาลสตูล,"โรคทางจิตเวชอื่นๆ (F04-F09,F50-F69,F80,F82-F83,F88-F89,F91-F99 ยกเว้น F638,F988)",F07,4,4: นอกเขต มารับบริการ/เคยอยู่ในเขต,15-29 ปี,4
code,DIAGNOSIS_OPD,เมืองสตูล,10746,โรงพยาบาลสตูล,"โรคทางจิตเวชอื่นๆ (F04-F09,F50-F69,F80,F82-F83,F88-F89,F91-F99 ยกเว้น F638,F988)",F07,4,4: นอกเขต มารับบริการ/เคยอยู่ในเขต,30-44 ปี,5
code,DIAGNOSIS_OPD,เมืองสตูล,10746,โรงพยาบาลสตูล,"โรคทางจิตเวชอื่นๆ (F04-F09,F50-F69,F80,F82-F83,F88-F89,F91-F99 ยกเว้น F638,F988)",F07,4,4: นอกเขต มารับบริการ/เคยอยู่ในเขต,45-59 ปี,7
code,DIAGNOSIS_OPD,เมืองสตูล,10746,โรงพยาบาลสตูล,"โรคทางจิตเวชอื่นๆ (F04-F09,F50-F69,F80,F82-F83,F88-F89,F91-F99 ยกเว้น F638,F988)",F07,4,4: นอกเขต มารับบริการ/เคยอยู่ในเขต,60-74 ปี,4
code,DIAGNOSIS_OPD,เมืองสตูล,10746,โรงพยาบาลสตูล,"โรคทางจิตเวชอื่นๆ (F04-F09,F50-F69,F80,F82-F83,F88-F89,F91-F99 ยกเว้น F638,F988)",F07,4,4: นอกเขต มารับบริการ/เคยอยู่ในเขต,75 ปีขึ้นไป,4
code,DIAGNOSIS_OPD,เมืองสตูล,10746,โรงพยาบาลสตูล,"โรคทางจิตเวชอื่นๆ (F04-F09,F50-F69,F80,F82-F83,F88-F89,F91-F99 ยกเว้น F638,F988)",F09,4,4: นอกเขต มารับบริการ/เคยอยู่ในเขต,0-14 ปี,2
code,DIAGNOSIS_OPD,เมืองสตูล,10746,โรงพยาบาลสตูล,"โรคทางจิตเวชอื่นๆ (F04-F09,F50-F69,F80,F82-F83,F88-F89,F91-F99 ยกเว้น F638,F988)",F09,4,4: นอกเขต มารับบริการ/เคยอยู่ในเขต,15-29 ปี,44
code,DIAGNOSIS_OPD,เมืองสตูล,10746,โรงพยาบาลสตูล,"โรคทางจิตเวชอื่นๆ (F04-F09,F50-F69,F80,F82-F83,F88-F89,F91-F99 ยกเว้น F638,F988)",F09,4,4: นอกเขต มารับบริการ/เคยอยู่ในเขต,30-44 ปี,77
code,DIAGNOSIS_OPD,เมืองสตูล,10746,โรงพยาบาลสตูล,"โรคทางจิตเวชอื่นๆ (F04-F09,F50-F69,F80,F82-F83,F88-F89,F91-F99 ยกเว้น F638,F988)",F09,4,4: นอกเขต มารับบริการ/เคยอยู่ในเขต,45-59 ปี,21
code,DIAGNOSIS_OPD,เมืองสตูล,10746,โรงพยาบาลสตูล,"โรคทางจิตเวชอื่นๆ (F04-F09,F50-F69,F80,F82-F83,F88-F89,F91-F99 ยกเว้น F638,F988)",F09,4,4: นอกเขต มารับบริการ/เคยอยู่ในเขต,60-74 ปี,6
code,DIAGNOSIS_OPD,เมืองสตูล,10746,โรงพยาบาลสตูล,"โรคทางจิตเวชอื่นๆ (F04-F09,F50-F69,F80,F82-F83,F88-F89,F91-F99 ยกเว้น F638,F988)",F09,4,4: นอกเขต มารับบริการ/เคยอยู่ในเขต,75 ปีขึ้นไป,7
code,DIAGNOSIS_OPD,เมืองสตูล,10746,โรงพยาบาลสตูล,"โรคทางจิตเวชอื่นๆ (F04-F09,F50-F69,F80,F82-F83,F88-F89,F91-F99 ยกเว้น F638,F988)",F50,4,4: นอกเขต มารับบริการ/เคยอยู่ในเขต,0-14 ปี,7
code,DIAGNOSIS_OPD,เมืองสตูล,10746,โรงพยาบาลสตูล,"โรคทางจิตเวชอื่นๆ (F04-F09,F50-F69,F80,F82-F83,F88-F89,F91-F99 ยกเว้น F638,F988)",F50,4,4: นอกเขต มารับบริการ/เคยอยู่ในเขต,15-29 ปี,5
code,DIAGNOSIS_OPD,เมืองสตูล,10746,โรงพยาบาลสตูล,"โรคทางจิตเวชอื่นๆ (F04-F09,F50-F69,F80,F82-F83,F88-F89,F91-F99 ยกเว้น F638,F988)",F50,4,4: นอกเขต มารับบริการ/เคยอยู่ในเขต,45-59 ปี,1
code,DIAGNOSIS_OPD,เมืองสตูล,10746,โรงพยาบาลสตูล,"โรคทางจิตเวชอื่นๆ (F04-F09,F50-F69,F80,F82-F83,F88-F89,F91-F99 ยกเว้น F638,F988)",F51,4,4: นอกเขต มารับบริการ/เคยอยู่ในเขต,0-14 ปี,10
code,DIAGNOSIS_OPD,เมืองสตูล,10746,โรงพยาบาลสตูล,"โรคทางจิตเวชอื่นๆ (F04-F09,F50-F69,F80,F82-F83,F88-F89,F91-F99 ยกเว้น F638,F988)",F51,4,4: นอกเขต มารับบริการ/เคยอยู่ในเขต,15-29 ปี,154
code,DIAGNOSIS_OPD,เมืองสตูล,10746,โรงพยาบาลสตูล,"โรคทางจิตเวชอื่นๆ (F04-F09,F50-F69,F80,F82-F83,F88-F89,F91-F99 ยกเว้น F638,F988)",F51,4,4: นอกเขต มารับบริการ/เคยอยู่ในเขต,30-44 ปี,255
code,DIAGNOSIS_OPD,เมืองสตูล,10746,โรงพยาบาลสตูล,"โรคทางจิตเวชอื่นๆ (F04-F09,F50-F69,F80,F82-F83,F88-F89,F91-F99 ยกเว้น F638,F988)",F51,4,4: นอกเขต มารับบริการ/เคยอยู่ในเขต,45-59 ปี,417
code,DIAGNOSIS_OPD,เมืองสตูล,10746,โรงพยาบาลสตูล,"โรคทางจิตเวชอื่นๆ (F04-F09,F50-F69,F80,F82-F83,F88-F89,F91-F99 ยกเว้น F638,F988)",F51,4,4: นอกเขต มารับบริการ/เคยอยู่ในเขต,60-74 ปี,454
code,DIAGNOSIS_OPD,เมืองสตูล,10746,โรงพยาบาลสตูล,"โรคทางจิตเวชอื่นๆ (F04-F09,F50-F69,F80,F82-F83,F88-F89,F91-F99 ยกเว้น F638,F988)",F51,4,4: นอกเขต มารับบริการ/เคยอยู่ในเขต,75 ปีขึ้นไป,214
code,DIAGNOSIS_OPD,เมืองสตูล,10746,โรงพยาบาลสตูล,"โรคทางจิตเวชอื่นๆ (F04-F09,F50-F69,F80,F82-F83,F88-F89,F91-F99 ยกเว้น F638,F988)",F52,4,4: นอกเขต มารับบริการ/เคยอยู่ในเขต,15-29 ปี,1
code,DIAGNOSIS_OPD,เมืองสตูล,10746,โรงพยาบาลสตูล,"โรคทางจิตเวชอื่นๆ (F04-F09,F50-F69,F80,F82-F83,F88-F89,F91-F99 ยกเว้น F638,F988)",F52,4,4: นอกเขต มารับบริการ/เคยอยู่ในเขต,30-44 ปี,2
code,DIAGNOSIS_OPD,เมืองสตูล,10746,โรงพยาบาลสตูล,"โรคทางจิตเวชอื่นๆ (F04-F09,F50-F69,F80,F82-F83,F88-F89,F91-F99 ยกเว้น F638,F988)",F52,4,4: นอกเขต มารับบริการ/เคยอยู่ในเขต,45-59 ปี,5
code,DIAGNOSIS_OPD,เมืองสตูล,10746,โรงพยาบาลสตูล,"โรคทางจิตเวชอื่นๆ (F04-F09,F50-F69,F80,F82-F83,F88-F89,F91-F99 ยกเว้น F638,F988)",F52,4,4: นอกเขต มารับบริการ/เคยอยู่ในเขต,60-74 ปี,4
code,DIAGNOSIS_OPD,เมืองสตูล,10746,โรงพยาบาลสตูล,"โรคทางจิตเวชอื่นๆ (F04-F09,F50-F69,F80,F82-F83,F88-F89,F91-F99 ยกเว้น F638,F988)",F53,4,4: นอกเขต มารับบริการ/เคยอยู่ในเขต,0-14 ปี,1
code,DIAGNOSIS_OPD,เมืองสตูล,10746,โรงพยาบาลสตูล,"โรคทางจิตเวชอื่นๆ (F04-F09,F50-F69,F80,F82-F83,F88-F89,F91-F99 ยกเว้น F638,F988)",F53,4,4: นอกเขต มารับบริการ/เคยอยู่ในเขต,30-44 ปี,1
code,DIAGNOSIS_OPD,เมืองสตูล,10746,โรงพยาบาลสตูล,"โรคทางจิตเวชอื่นๆ (F04-F09,F50-F69,F80,F82-F83,F88-F89,F91-F99 ยกเว้น F638,F988)",F54,4,4: นอกเขต มารับบริการ/เคยอยู่ในเขต,0-14 ปี,21
code,DIAGNOSIS_OPD,เมืองสตูล,10746,โรงพยาบาลสตูล,"โรคทางจิตเวชอื่นๆ (F04-F09,F50-F69,F80,F82-F83,F88-F89,F91-F99 ยกเว้น F638,F988)",F54,4,4: นอกเขต มารับบริการ/เคยอยู่ในเขต,15-29 ปี,108
code,DIAGNOSIS_OPD,เมืองสตูล,10746,โรงพยาบาลสตูล,"โรคทางจิตเวชอื่นๆ (F04-F09,F50-F69,F80,F82-F83,F88-F89,F91-F99 ยกเว้น F638,F988)",F54,4,4: นอกเขต มารับบริการ/เคยอยู่ในเขต,30-44 ปี,59
code,DIAGNOSIS_OPD,เมืองสตูล,10746,โรงพยาบาลสตูล,"โรคทางจิตเวชอื่นๆ (F04-F09,F50-F69,F80,F82-F83,F88-F89,F91-F99 ยกเว้น F638,F988)",F54,4,4: นอกเขต มารับบริการ/เคยอยู่ในเขต,45-59 ปี,16
code,DIAGNOSIS_OPD,เมืองสตูล,10746,โรงพยาบาลสตูล,"โรคทางจิตเวชอื่นๆ (F04-F09,F50-F69,F80,F82-F83,F88-F89,F91-F99 ยกเว้น F638,F988)",F55,4,4: นอกเขต มารับบริการ/เคยอยู่ในเขต,15-29 ปี,6
code,DIAGNOSIS_OPD,เมืองสตูล,10746,โรงพยาบาลสตูล,"โรคทางจิตเวชอื่นๆ (F04-F09,F50-F69,F80,F82-F83,F88-F89,F91-F99 ยกเว้น F638,F988)",F55,4,4: นอกเขต มารับบริการ/เคยอยู่ในเขต,30-44 ปี,10
code,DIAGNOSIS_OPD,เมืองสตูล,10746,โรงพยาบาลสตูล,"โรคทางจิตเวชอื่นๆ (F04-F09,F50-F69,F80,F82-F83,F88-F89,F91-F99 ยกเว้น F638,F988)",F55,4,4: นอกเขต มารับบริการ/เคยอยู่ในเขต,45-59 ปี,2
code,DIAGNOSIS_OPD,เมืองสตูล,10746,โรงพยาบาลสตูล,"โรคทางจิตเวชอื่นๆ (F04-F09,F50-F69,F80,F82-F83,F88-F89,F91-F99 ยกเว้น F638,F988)",F59,4,4: นอกเขต มารับบริการ/เคยอยู่ในเขต,15-29 ปี,1
code,DIAGNOSIS_OPD,เมืองสตูล,10746,โรงพยาบาลสตูล,"โรคทางจิตเวชอื่นๆ (F04-F09,F50-F69,F80,F82-F83,F88-F89,F91-F99 ยกเว้น F638,F988)",F59,4,4: นอกเขต มารับบริการ/เคยอยู่ในเขต,30-44 ปี,1
code,DIAGNOSIS_OPD,เมืองสตูล,10746,โรงพยาบาลสตูล,"โรคทางจิตเวชอื่นๆ (F04-F09,F50-F69,F80,F82-F83,F88-F89,F91-F99 ยกเว้น F638,F988)",F60,4,4: นอกเขต มารับบริการ/เคยอยู่ในเขต,0-14 ปี,2
code,DIAGNOSIS_OPD,เมืองสตูล,10746,โรงพยาบาลสตูล,"โรคทางจิตเวชอื่นๆ (F04-F09,F50-F69,F80,F82-F83,F88-F89,F91-F99 ยกเว้น F638,F988)",F60,4,4: นอกเขต มารับบริการ/เคยอยู่ในเขต,15-29 ปี,1
code,DIAGNOSIS_OPD,เมืองสตูล,10746,โรงพยาบาลสตูล,"โรคทางจิตเวชอื่นๆ (F04-F09,F50-F69,F80,F82-F83,F88-F89,F91-F99 ยกเว้น F638,F988)",F60,4,4: นอกเขต มารับบริการ/เคยอยู่ในเขต,45-59 ปี,1
code,DIAGNOSIS_OPD,เมืองสตูล,10746,โรงพยาบาลสตูล,"โรคทางจิตเวชอื่นๆ (F04-F09,F50-F69,F80,F82-F83,F88-F89,F91-F99 ยกเว้น F638,F988)",F63,4,4: นอกเขต มารับบริการ/เคยอยู่ในเขต,0-14 ปี,1
code,DIAGNOSIS_OPD,เมืองสตูล,10746,โรงพยาบาลสตูล,"โรคทางจิตเวชอื่นๆ (F04-F09,F50-F69,F80,F82-F83,F88-F89,F91-F99 ยกเว้น F638,F988)",F63,4,4: นอกเขต มารับบริการ/เคยอยู่ในเขต,15-29 ปี,5
code,DIAGNOSIS_OPD,เมืองสตูล,10746,โรงพยาบาลสตูล,"โรคทางจิตเวชอื่นๆ (F04-F09,F50-F69,F80,F82-F83,F88-F89,F91-F99 ยกเว้น F638,F988)",F63,4,4: นอกเขต มารับบริการ/เคยอยู่ในเขต,30-44 ปี,1
code,DIAGNOSIS_OPD,เมืองสตูล,10746,โรงพยาบาลสตูล,"โรคทางจิตเวชอื่นๆ (F04-F09,F50-F69,F80,F82-F83,F88-F89,F91-F99 ยกเว้น F638,F988)",F64,4,4: นอกเขต มารับบริการ/เคยอยู่ในเขต,15-29 ปี,3
code,DIAGNOSIS_OPD,เมืองสตูล,10746,โรงพยาบาลสตูล,"โรคทางจิตเวชอื่นๆ (F04-F09,F50-F69,F80,F82-F83,F88-F89,F91-F99 ยกเว้น F638,F988)",F64,4,4: นอกเขต มารับบริการ/เคยอยู่ในเขต,30-44 ปี,4
code,DIAGNOSIS_OPD,เมืองสตูล,10746,โรงพยาบาลสตูล,"โรคทางจิตเวชอื่นๆ (F04-F09,F50-F69,F80,F82-F83,F88-F89,F91-F99 ยกเว้น F638,F988)",F64,4,4: นอกเขต มารับบริการ/เคยอยู่ในเขต,45-59 ปี,1
code,DIAGNOSIS_OPD,เมืองสตูล,10746,โรงพยาบาลสตูล,"โรคทางจิตเวชอื่นๆ (F04-F09,F50-F69,F80,F82-F83,F88-F89,F91-F99 ยกเว้น F638,F988)",F64,4,4: นอกเขต มารับบริการ/เคยอยู่ในเขต,60-74 ปี,1
code,DIAGNOSIS_OPD,เมืองสตูล,10746,โรงพยาบาลสตูล,"โรคทางจิตเวชอื่นๆ (F04-F09,F50-F69,F80,F82-F83,F88-F89,F91-F99 ยกเว้น F638,F988)",F65,4,4: นอกเขต มารับบริการ/เคยอยู่ในเขต,15-29 ปี,1
code,DIAGNOSIS_OPD,เมืองสตูล,10746,โรงพยาบาลสตูล,"โรคทางจิตเวชอื่นๆ (F04-F09,F50-F69,F80,F82-F83,F88-F89,F91-F99 ยกเว้น F638,F988)",F66,4,4: นอกเขต มารับบริการ/เคยอยู่ในเขต,15-29 ปี,3
code,DIAGNOSIS_OPD,เมืองสตูล,10746,โรงพยาบาลสตูล,"โรคทางจิตเวชอื่นๆ (F04-F09,F50-F69,F80,F82-F83,F88-F89,F91-F99 ยกเว้น F638,F988)",F66,4,4: นอกเขต มารับบริการ/เคยอยู่ในเขต,30-44 ปี,9
code,DIAGNOSIS_OPD,เมืองสตูล,10746,โรงพยาบาลสตูล,"โรคทางจิตเวชอื่นๆ (F04-F09,F50-F69,F80,F82-F83,F88-F89,F91-F99 ยกเว้น F638,F988)",F66,4,4: นอกเขต มารับบริการ/เคยอยู่ในเขต,45-59 ปี,8
code,DIAGNOSIS_OPD,เมืองสตูล,10746,โรงพยาบาลสตูล,"โรคทางจิตเวชอื่นๆ (F04-F09,F50-F69,F80,F82-F83,F88-F89,F91-F99 ยกเว้น F638,F988)",F66,4,4: นอกเขต มารับบริการ/เคยอยู่ในเขต,60-74 ปี,4
code,DIAGNOSIS_OPD,เมืองสตูล,10746,โรงพยาบาลสตูล,"โรคทางจิตเวชอื่นๆ (F04-F09,F50-F69,F80,F82-F83,F88-F89,F91-F99 ยกเว้น F638,F988)",F66,4,4: นอกเขต มารับบริการ/เคยอยู่ในเขต,75 ปีขึ้นไป,1
code,DIAGNOSIS_OPD,เมืองสตูล,10746,โรงพยาบาลสตูล,"โรคทางจิตเวชอื่นๆ (F04-F09,F50-F69,F80,F82-F83,F88-F89,F91-F99 ยกเว้น F638,F988)",F69,4,4: นอกเขต มารับบริการ/เคยอยู่ในเขต,15-29 ปี,1
code,DIAGNOSIS_OPD,เมืองสตูล,10746,โรงพยาบาลสตูล,"โรคทางจิตเวชอื่นๆ (F04-F09,F50-F69,F80,F82-F83,F88-F89,F91-F99 ยกเว้น F638,F988)",F69,4,4: นอกเขต มารับบริการ/เคยอยู่ในเขต,60-74 ปี,1
code,DIAGNOSIS_OPD,เมืองสตูล,10746,โรงพยาบาลสตูล,"โรคทางจิตเวชอื่นๆ (F04-F09,F50-F69,F80,F82-F83,F88-F89,F91-F99 ยกเว้น F638,F988)",F80,4,4: นอกเขต มารับบริการ/เคยอยู่ในเขต,0-14 ปี,115
code,DIAGNOSIS_OPD,เมืองสตูล,10746,โรงพยาบาลสตูล,"โรคทางจิตเวชอื่นๆ (F04-F09,F50-F69,F80,F82-F83,F88-F89,F91-F99 ยกเว้น F638,F988)",F80,4,4: นอกเขต มารับบริการ/เคยอยู่ในเขต,15-29 ปี,2
code,DIAGNOSIS_OPD,เมืองสตูล,10746,โรงพยาบาลสตูล,"โรคทางจิตเวชอื่นๆ (F04-F09,F50-F69,F80,F82-F83,F88-F89,F91-F99 ยกเว้น F638,F988)",F80,4,4: นอกเขต มารับบริการ/เคยอยู่ในเขต,45-59 ปี,1
code,DIAGNOSIS_OPD,เมืองสตูล,10746,โรงพยาบาลสตูล,"โรคทางจิตเวชอื่นๆ (F04-F09,F50-F69,F80,F82-F83,F88-F89,F91-F99 ยกเว้น F638,F988)",F82,4,4: นอกเขต มารับบริการ/เคยอยู่ในเขต,0-14 ปี,8
code,DIAGNOSIS_OPD,เมืองสตูล,10746,โรงพยาบาลสตูล,"โรคทางจิตเวชอื่นๆ (F04-F09,F50-F69,F80,F82-F83,F88-F89,F91-F99 ยกเว้น F638,F988)",F83,4,4: นอกเขต มารับบริการ/เคยอยู่ในเขต,0-14 ปี,144
code,DIAGNOSIS_OPD,เมืองสตูล,10746,โรงพยาบาลสตูล,"โรคทางจิตเวชอื่นๆ (F04-F09,F50-F69,F80,F82-F83,F88-F89,F91-F99 ยกเว้น F638,F988)",F83,4,4: นอกเขต มารับบริการ/เคยอยู่ในเขต,15-29 ปี,20
code,DIAGNOSIS_OPD,เมืองสตูล,10746,โรงพยาบาลสตูล,"โรคทางจิตเวชอื่นๆ (F04-F09,F50-F69,F80,F82-F83,F88-F89,F91-F99 ยกเว้น F638,F988)",F88,4,4: นอกเขต มารับบริการ/เคยอยู่ในเขต,0-14 ปี,13
code,DIAGNOSIS_OPD,เมืองสตูล,10746,โรงพยาบาลสตูล,"โรคทางจิตเวชอื่นๆ (F04-F09,F50-F69,F80,F82-F83,F88-F89,F91-F99 ยกเว้น F638,F988)",F89,4,4: นอกเขต มารับบริการ/เคยอยู่ในเขต,0-14 ปี,23
code,DIAGNOSIS_OPD,เมืองสตูล,10746,โรงพยาบาลสตูล,"โรคทางจิตเวชอื่นๆ (F04-F09,F50-F69,F80,F82-F83,F88-F89,F91-F99 ยกเว้น F638,F988)",F89,4,4: นอกเขต มารับบริการ/เคยอยู่ในเขต,15-29 ปี,3
code,DIAGNOSIS_OPD,เมืองสตูล,10746,โรงพยาบาลสตูล,"โรคทางจิตเวชอื่นๆ (F04-F09,F50-F69,F80,F82-F83,F88-F89,F91-F99 ยกเว้น F638,F988)",F91,4,4: นอกเขต มารับบริการ/เคยอยู่ในเขต,0-14 ปี,5
code,DIAGNOSIS_OPD,เมืองสตูล,10746,โรงพยาบาลสตูล,"โรคทางจิตเวชอื่นๆ (F04-F09,F50-F69,F80,F82-F83,F88-F89,F91-F99 ยกเว้น F638,F988)",F91,4,4: นอกเขต มารับบริการ/เคยอยู่ในเขต,15-29 ปี,20
code,DIAGNOSIS_OPD,เมืองสตูล,10746,โรงพยาบาลสตูล,"โรคทางจิตเวชอื่นๆ (F04-F09,F50-F69,F80,F82-F83,F88-F89,F91-F99 ยกเว้น F638,F988)",F91,4,4: นอกเขต มารับบริการ/เคยอยู่ในเขต,30-44 ปี,1
code,DIAGNOSIS_OPD,เมืองสตูล,10746,โรงพยาบาลสตูล,"โรคทางจิตเวชอื่นๆ (F04-F09,F50-F69,F80,F82-F83,F88-F89,F91-F99 ยกเว้น F638,F988)",F91,4,4: นอกเขต มารับบริการ/เคยอยู่ในเขต,45-59 ปี,2
code,DIAGNOSIS_OPD,เมืองสตูล,10746,โรงพยาบาลสตูล,"โรคทางจิตเวชอื่นๆ (F04-F09,F50-F69,F80,F82-F83,F88-F89,F91-F99 ยกเว้น F638,F988)",F92,4,4: นอกเขต มารับบริการ/เคยอยู่ในเขต,15-29 ปี,1
code,DIAGNOSIS_OPD,เมืองสตูล,10746,โรงพยาบาลสตูล,"โรคทางจิตเวชอื่นๆ (F04-F09,F50-F69,F80,F82-F83,F88-F89,F91-F99 ยกเว้น F638,F988)",F93,4,4: นอกเขต มารับบริการ/เคยอยู่ในเขต,0-14 ปี,16
code,DIAGNOSIS_OPD,เมืองสตูล,10746,โรงพยาบาลสตูล,"โรคทางจิตเวชอื่นๆ (F04-F09,F50-F69,F80,F82-F83,F88-F89,F91-F99 ยกเว้น F638,F988)",F93,4,4: นอกเขต มารับบริการ/เคยอยู่ในเขต,15-29 ปี,2
code,DIAGNOSIS_OPD,เมืองสตูล,10746,โรงพยาบาลสตูล,"โรคทางจิตเวชอื่นๆ (F04-F09,F50-F69,F80,F82-F83,F88-F89,F91-F99 ยกเว้น F638,F988)",F94,4,4: นอกเขต มารับบริการ/เคยอยู่ในเขต,0-14 ปี,1
code,DIAGNOSIS_OPD,เมืองสตูล,10746,โรงพยาบาลสตูล,"โรคทางจิตเวชอื่นๆ (F04-F09,F50-F69,F80,F82-F83,F88-F89,F91-F99 ยกเว้น F638,F988)",F95,4,4: นอกเขต มารับบริการ/เคยอยู่ในเขต,0-14 ปี,17
code,DIAGNOSIS_OPD,เมืองสตูล,10746,โรงพยาบาลสตูล,"โรคทางจิตเวชอื่นๆ (F04-F09,F50-F69,F80,F82-F83,F88-F89,F91-F99 ยกเว้น F638,F988)",F95,4,4: นอกเขต มารับบริการ/เคยอยู่ในเขต,15-29 ปี,8
code,DIAGNOSIS_OPD,เมืองสตูล,10746,โรงพยาบาลสตูล,"โรคทางจิตเวชอื่นๆ (F04-F09,F50-F69,F80,F82-F83,F88-F89,F91-F99 ยกเว้น F638,F988)",F95,4,4: นอกเขต มารับบริการ/เคยอยู่ในเขต,30-44 ปี,6
code,DIAGNOSIS_OPD,เมืองสตูล,10746,โรงพยาบาลสตูล,"โรคทางจิตเวชอื่นๆ (F04-F09,F50-F69,F80,F82-F83,F88-F89,F91-F99 ยกเว้น F638,F988)",F95,4,4: นอกเขต มารับบริการ/เคยอยู่ในเขต,45-59 ปี,7
code,DIAGNOSIS_OPD,เมืองสตูล,10746,โรงพยาบาลสตูล,"โรคทางจิตเวชอื่นๆ (F04-F09,F50-F69,F80,F82-F83,F88-F89,F91-F99 ยกเว้น F638,F988)",F95,4,4: นอกเขต มารับบริการ/เคยอยู่ในเขต,60-74 ปี,3
code,DIAGNOSIS_OPD,เมืองสตูล,10746,โรงพยาบาลสตูล,"โรคทางจิตเวชอื่นๆ (F04-F09,F50-F69,F80,F82-F83,F88-F89,F91-F99 ยกเว้น F638,F988)",F95,4,4: นอกเขต มารับบริการ/เคยอยู่ในเขต,75 ปีขึ้นไป,1
code,DIAGNOSIS_OPD,เมืองสตูล,10746,โรงพยาบาลสตูล,"โรคทางจิตเวชอื่นๆ (F04-F09,F50-F69,F80,F82-F83,F88-F89,F91-F99 ยกเว้น F638,F988)",F98,4,4: นอกเขต มารับบริการ/เคยอยู่ในเขต,0-14 ปี,9
code,DIAGNOSIS_OPD,เมืองสตูล,10746,โรงพยาบาลสตูล,"โรคทางจิตเวชอื่นๆ (F04-F09,F50-F69,F80,F82-F83,F88-F89,F91-F99 ยกเว้น F638,F988)",F98,4,4: นอกเขต มารับบริการ/เคยอยู่ในเขต,15-29 ปี,2
code,DIAGNOSIS_OPD,เมืองสตูล,10746,โรงพยาบาลสตูล,"โรคทางจิตเวชอื่นๆ (F04-F09,F50-F69,F80,F82-F83,F88-F89,F91-F99 ยกเว้น F638,F988)",F99,4,4: นอกเขต มารับบริการ/เคยอยู่ในเขต,15-29 ปี,2
code,DIAGNOSIS_OPD,เมืองสตูล,10746,โรงพยาบาลสตูล,"โรคทางจิตเวชอื่นๆ (F04-F09,F50-F69,F80,F82-F83,F88-F89,F91-F99 ยกเว้น F638,F988)",F99,4,4: นอกเขต มารับบริการ/เคยอยู่ในเขต,30-44 ปี,2
code,DIAGNOSIS_OPD,เมืองสตูล,10746,โรงพยาบาลสตูล,โรคลมชัก (G40-G41),G40,4,4: นอกเขต มารับบริการ/เคยอยู่ในเขต,0-14 ปี,222
code,DIAGNOSIS_OPD,เมืองสตูล,10746,โรงพยาบาลสตูล,โรคลมชัก (G40-G41),G40,4,4: นอกเขต มารับบริการ/เคยอยู่ในเขต,15-29 ปี,227
code,DIAGNOSIS_OPD,เมืองสตูล,10746,โรงพยาบาลสตูล,โรคลมชัก (G40-G41),G40,4,4: นอกเขต มารับบริการ/เคยอยู่ในเขต,30-44 ปี,204
code,DIAGNOSIS_OPD,เมืองสตูล,10746,โรงพยาบาลสตูล,โรคลมชัก (G40-G41),G40,4,4: นอกเขต มารับบริการ/เคยอยู่ในเขต,45-59 ปี,162
code,DIAGNOSIS_OPD,เมืองสตูล,10746,โรงพยาบาลสตูล,โรคลมชัก (G40-G41),G40,4,4: นอกเขต มารับบริการ/เคยอยู่ในเขต,60-74 ปี,123
code,DIAGNOSIS_OPD,เมืองสตูล,10746,โรงพยาบาลสตูล,โรคลมชัก (G40-G41),G40,4,4: นอกเขต มารับบริการ/เคยอยู่ในเขต,75 ปีขึ้นไป,46
code,DIAGNOSIS_OPD,เมืองสตูล,10746,โรงพยาบาลสตูล,โรคลมชัก (G40-G41),G41,4,4: นอกเขต มารับบริการ/เคยอยู่ในเขต,0-14 ปี,14
code,DIAGNOSIS_OPD,เมืองสตูล,10746,โรงพยาบาลสตูล,โรคลมชัก (G40-G41),G41,4,4: นอกเขต มารับบริการ/เคยอยู่ในเขต,15-29 ปี,4
code,DIAGNOSIS_OPD,เมืองสตูล,10746,โรงพยาบาลสตูล,โรคลมชัก (G40-G41),G41,4,4: นอกเขต มารับบริการ/เคยอยู่ในเขต,30-44 ปี,4
code,DIAGNOSIS_OPD,เมืองสตูล,10746,โรงพยาบาลสตูล,โรคลมชัก (G40-G41),G41,4,4: นอกเขต มารับบริการ/เคยอยู่ในเขต,45-59 ปี,5
code,DIAGNOSIS_OPD,เมืองสตูล,10746,โรงพยาบาลสตูล,โรคลมชัก (G40-G41),G41,4,4: นอกเขต มารับบริการ/เคยอยู่ในเขต,60-74 ปี,4
code,DIAGNOSIS_OPD,เมืองสตูล,10746,โรงพยาบาลสตูล,โรคลมชัก (G40-G41),G41,4,4: นอกเขต มารับบริการ/เคยอยู่ในเขต,75 ปีขึ้นไป,2
code,DIAGNOSIS_OPD,เมืองสตูล,10746,โรงพยาบาลสตูล,โรควิตกกังวล (F40-F48),F40,4,4: นอกเขต มารับบริการ/เคยอยู่ในเขต,0-14 ปี,11
code,DIAGNOSIS_OPD,เมืองสตูล,10746,โรงพยาบาลสตูล,โรควิตกกังวล (F40-F48),F40,4,4: นอกเขต มารับบริการ/เคยอยู่ในเขต,15-29 ปี,18
code,DIAGNOSIS_OPD,เมืองสตูล,10746,โรงพยาบาลสตูล,โรควิตกกังวล (F40-F48),F40,4,4: นอกเขต มารับบริการ/เคยอยู่ในเขต,30-44 ปี,13
code,DIAGNOSIS_OPD,เมืองสตูล,10746,โรงพยาบาลสตูล,โรควิตกกังวล (F40-F48),F40,4,4: นอกเขต มารับบริการ/เคยอยู่ในเขต,45-59 ปี,12
code,DIAGNOSIS_OPD,เมืองสตูล,10746,โรงพยาบาลสตูล,โรควิตกกังวล (F40-F48),F40,4,4: นอกเขต มารับบริการ/เคยอยู่ในเขต,60-74 ปี,3
code,DIAGNOSIS_OPD,เมืองสตูล,10746,โรงพยาบาลสตูล,โรควิตกกังวล (F40-F48),F40,4,4: นอกเขต มารับบริการ/เคยอยู่ในเขต,75 ปีขึ้นไป,1
code,DIAGNOSIS_OPD,เมืองสตูล,10746,โรงพยาบาลสตูล,โรควิตกกังวล (F40-F48),F41,4,4: นอกเขต มารับบริการ/เคยอยู่ในเขต,0-14 ปี,90
code,DIAGNOSIS_OPD,เมืองสตูล,10746,โรงพยาบาลสตูล,โรควิตกกังวล (F40-F48),F41,4,4: นอกเขต มารับบริการ/เคยอยู่ในเขต,15-29 ปี,354
code,DIAGNOSIS_OPD,เมืองสตูล,10746,โรงพยาบาลสตูล,โรควิตกกังวล (F40-F48),F41,4,4: นอกเขต มารับบริการ/เคยอยู่ในเขต,30-44 ปี,512
code,DIAGNOSIS_OPD,เมืองสตูล,10746,โรงพยาบาลสตูล,โรควิตกกังวล (F40-F48),F41,4,4: นอกเขต มารับบริการ/เคยอยู่ในเขต,45-59 ปี,448
code,DIAGNOSIS_OPD,เมืองสตูล,10746,โรงพยาบาลสตูล,โรควิตกกังวล (F40-F48),F41,4,4: นอกเขต มารับบริการ/เคยอยู่ในเขต,60-74 ปี,300
code,DIAGNOSIS_OPD,เมืองสตูล,10746,โรงพยาบาลสตูล,โรควิตกกังวล (F40-F48),F41,4,4: นอกเขต มารับบริการ/เคยอยู่ในเขต,75 ปีขึ้นไป,76
code,DIAGNOSIS_OPD,เมืองสตูล,10746,โรงพยาบาลสตูล,โรควิตกกังวล (F40-F48),F42,4,4: นอกเขต มารับบริการ/เคยอยู่ในเขต,0-14 ปี,3
code,DIAGNOSIS_OPD,เมืองสตูล,10746,โรงพยาบาลสตูล,โรควิตกกังวล (F40-F48),F42,4,4: นอกเขต มารับบริการ/เคยอยู่ในเขต,15-29 ปี,14
code,DIAGNOSIS_OPD,เมืองสตูล,10746,โรงพยาบาลสตูล,โรควิตกกังวล (F40-F48),F42,4,4: นอกเขต มารับบริการ/เคยอยู่ในเขต,30-44 ปี,8
code,DIAGNOSIS_OPD,เมืองสตูล,10746,โรงพยาบาลสตูล,โรควิตกกังวล (F40-F48),F42,4,4: นอกเขต มารับบริการ/เคยอยู่ในเขต,45-59 ปี,4
code,DIAGNOSIS_OPD,เมืองสตูล,10746,โรงพยาบาลสตูล,โรควิตกกังวล (F40-F48),F42,4,4: นอกเขต มารับบริการ/เคยอยู่ในเขต,60-74 ปี,1
code,DIAGNOSIS_OPD,เมืองสตูล,10746,โรงพยาบาลสตูล,โรควิตกกังวล (F40-F48),F42,4,4: นอกเขต มารับบริการ/เคยอยู่ในเขต,75 ปีขึ้นไป,2
code,DIAGNOSIS_OPD,เมืองสตูล,10746,โรงพยาบาลสตูล,โรควิตกกังวล (F40-F48),F43,4,4: นอกเขต มารับบริการ/เคยอยู่ในเขต,0-14 ปี,180
code,DIAGNOSIS_OPD,เมืองสตูล,10746,โรงพยาบาลสตูล,โรควิตกกังวล (F40-F48),F43,4,4: นอกเขต มารับบริการ/เคยอยู่ในเขต,15-29 ปี,259
code,DIAGNOSIS_OPD,เมืองสตูล,10746,โรงพยาบาลสตูล,โรควิตกกังวล (F40-F48),F43,4,4: นอกเขต มารับบริการ/เคยอยู่ในเขต,30-44 ปี,143
code,DIAGNOSIS_OPD,เมืองสตูล,10746,โรงพยาบาลสตูล,โรควิตกกังวล (F40-F48),F43,4,4: นอกเขต มารับบริการ/เคยอยู่ในเขต,45-59 ปี,111
code,DIAGNOSIS_OPD,เมืองสตูล,10746,โรงพยาบาลสตูล,โรควิตกกังวล (F40-F48),F43,4,4: นอกเขต มารับบริการ/เคยอยู่ในเขต,60-74 ปี,62
code,DIAGNOSIS_OPD,เมืองสตูล,10746,โรงพยาบาลสตูล,โรควิตกกังวล (F40-F48),F43,4,4: นอกเขต มารับบริการ/เคยอยู่ในเขต,75 ปีขึ้นไป,17
code,DIAGNOSIS_OPD,เมืองสตูล,10746,โรงพยาบาลสตูล,โรควิตกกังวล (F40-F48),F44,4,4: นอกเขต มารับบริการ/เคยอยู่ในเขต,0-14 ปี,2
code,DIAGNOSIS_OPD,เมืองสตูล,10746,โรงพยาบาลสตูล,โรควิตกกังวล (F40-F48),F44,4,4: นอกเขต มารับบริการ/เคยอยู่ในเขต,15-29 ปี,3
code,DIAGNOSIS_OPD,เมืองสตูล,10746,โรงพยาบาลสตูล,โรควิตกกังวล (F40-F48),F44,4,4: นอกเขต มารับบริการ/เคยอยู่ในเขต,30-44 ปี,8
code,DIAGNOSIS_OPD,เมืองสตูล,10746,โรงพยาบาลสตูล,โรควิตกกังวล (F40-F48),F44,4,4: นอกเขต มารับบริการ/เคยอยู่ในเขต,45-59 ปี,4
code,DIAGNOSIS_OPD,เมืองสตูล,10746,โรงพยาบาลสตูล,โรควิตกกังวล (F40-F48),F44,4,4: นอกเขต มารับบริการ/เคยอยู่ในเขต,60-74 ปี,2
code,DIAGNOSIS_OPD,เมืองสตูล,10746,โรงพยาบาลสตูล,โรควิตกกังวล (F40-F48),F44,4,4: นอกเขต มารับบริการ/เคยอยู่ในเขต,75 ปีขึ้นไป,1
code,DIAGNOSIS_OPD,เมืองสตูล,10746,โรงพยาบาลสตูล,โรควิตกกังวล (F40-F48),F45,4,4: นอกเขต มารับบริการ/เคยอยู่ในเขต,0-14 ปี,61
code,DIAGNOSIS_OPD,เมืองสตูล,10746,โรงพยาบาลสตูล,โรควิตกกังวล (F40-F48),F45,4,4: นอกเขต มารับบริการ/เคยอยู่ในเขต,15-29 ปี,173
code,DIAGNOSIS_OPD,เมืองสตูล,10746,โรงพยาบาลสตูล,โรควิตกกังวล (F40-F48),F45,4,4: นอกเขต มารับบริการ/เคยอยู่ในเขต,30-44 ปี,65
code,DIAGNOSIS_OPD,เมืองสตูล,10746,โรงพยาบาลสตูล,โรควิตกกังวล (F40-F48),F45,4,4: นอกเขต มารับบริการ/เคยอยู่ในเขต,45-59 ปี,32
code,DIAGNOSIS_OPD,เมืองสตูล,10746,โรงพยาบาลสตูล,โรควิตกกังวล (F40-F48),F45,4,4: นอกเขต มารับบริการ/เคยอยู่ในเขต,60-74 ปี,17
code,DIAGNOSIS_OPD,เมืองสตูล,10746,โรงพยาบาลสตูล,โรควิตกกังวล (F40-F48),F45,4,4: นอกเขต มารับบริการ/เคยอยู่ในเขต,75 ปีขึ้นไป,10
code,DIAGNOSIS_OPD,เมืองสตูล,10746,โรงพยาบาลสตูล,โรควิตกกังวล (F40-F48),F48,4,4: นอกเขต มารับบริการ/เคยอยู่ในเขต,0-14 ปี,1
code,DIAGNOSIS_OPD,เมืองสตูล,10746,โรงพยาบาลสตูล,โรควิตกกังวล (F40-F48),F48,4,4: นอกเขต มารับบริการ/เคยอยู่ในเขต,30-44 ปี,1
code,DIAGNOSIS_OPD,เมืองสตูล,10746,โรงพยาบาลสตูล,โรควิตกกังวล (F40-F48),F48,4,4: นอกเขต มารับบริการ/เคยอยู่ในเขต,60-74 ปี,1
code,DIAGNOSIS_OPD,เมืองสตูล,10746,โรงพยาบาลสตูล,โรควิตกกังวล (F40-F48),F48,4,4: นอกเขต มารับบริการ/เคยอยู่ในเขต,75 ปีขึ้นไป,1
code,DIAGNOSIS_OPD,เมืองสตูล,10746,โรงพยาบาลสตูล,โรคสมองเสื่อม (F00-F03),F00,4,4: นอกเขต มารับบริการ/เคยอยู่ในเขต,45-59 ปี,5
code,DIAGNOSIS_OPD,เมืองสตูล,10746,โรงพยาบาลสตูล,โรคสมองเสื่อม (F00-F03),F00,4,4: นอกเขต มารับบริการ/เคยอยู่ในเขต,60-74 ปี,27
code,DIAGNOSIS_OPD,เมืองสตูล,10746,โรงพยาบาลสตูล,โรคสมองเสื่อม (F00-F03),F00,4,4: นอกเขต มารับบริการ/เคยอยู่ในเขต,75 ปีขึ้นไป,34
code,DIAGNOSIS_OPD,เมืองสตูล,10746,โรงพยาบาลสตูล,โรคสมองเสื่อม (F00-F03),F01,4,4: นอกเขต มารับบริการ/เคยอยู่ในเขต,45-59 ปี,9
code,DIAGNOSIS_OPD,เมืองสตูล,10746,โรงพยาบาลสตูล,โรคสมองเสื่อม (F00-F03),F01,4,4: นอกเขต มารับบริการ/เคยอยู่ในเขต,60-74 ปี,54
code,DIAGNOSIS_OPD,เมืองสตูล,10746,โรงพยาบาลสตูล,โรคสมองเสื่อม (F00-F03),F01,4,4: นอกเขต มารับบริการ/เคยอยู่ในเขต,75 ปีขึ้นไป,109
code,DIAGNOSIS_OPD,เมืองสตูล,10746,โรงพยาบาลสตูล,โรคสมองเสื่อม (F00-F03),F02,4,4: นอกเขต มารับบริการ/เคยอยู่ในเขต,60-74 ปี,2
code,DIAGNOSIS_OPD,เมืองสตูล,10746,โรงพยาบาลสตูล,โรคสมองเสื่อม (F00-F03),F02,4,4: นอกเขต มารับบริการ/เคยอยู่ในเขต,75 ปีขึ้นไป,7
code,DIAGNOSIS_OPD,เมืองสตูล,10746,โรงพยาบาลสตูล,โรคสมองเสื่อม (F00-F03),F03,4,4: นอกเขต มารับบริการ/เคยอยู่ในเขต,15-29 ปี,1
code,DIAGNOSIS_OPD,เมืองสตูล,10746,โรงพยาบาลสตูล,โรคสมองเสื่อม (F00-F03),F03,4,4: นอกเขต มารับบริการ/เคยอยู่ในเขต,30-44 ปี,4
code,DIAGNOSIS_OPD,เมืองสตูล,10746,โรงพยาบาลสตูล,โรคสมองเสื่อม (F00-F03),F03,4,4: นอกเขต มารับบริการ/เคยอยู่ในเขต,45-59 ปี,21
code,DIAGNOSIS_OPD,เมืองสตูล,10746,โรงพยาบาลสตูล,โรคสมองเสื่อม (F00-F03),F03,4,4: นอกเขต มารับบริการ/เคยอยู่ในเขต,60-74 ปี,82
code,DIAGNOSIS_OPD,เมืองสตูล,10746,โรงพยาบาลสตูล,โรคสมองเสื่อม (F00-F03),F03,4,4: นอกเขต มารับบริการ/เคยอยู่ในเขต,75 ปีขึ้นไป,136
code,DIAGNOSIS_OPD,เมืองสตูล,10746,โรงพยาบาลสตูล,โรคสมาธิสั้น (F90),F90,4,4: นอกเขต มารับบริการ/เคยอยู่ในเขต,0-14 ปี,701
code,DIAGNOSIS_OPD,เมืองสตูล,10746,โรงพยาบาลสตูล,โรคสมาธิสั้น (F90),F90,4,4: นอกเขต มารับบริการ/เคยอยู่ในเขต,15-29 ปี,82
code,DIAGNOSIS_OPD,เมืองสตูล,10746,โรงพยาบาลสตูล,โรคสมาธิสั้น (F90),F90,4,4: นอกเขต มารับบริการ/เคยอยู่ในเขต,30-44 ปี,4
code,DIAGNOSIS_OPD,เมืองสตูล,10746,โรงพยาบาลสตูล,โรคสมาธิสั้น (F90),F90,4,4: นอกเขต มารับบริการ/เคยอยู่ในเขต,45-59 ปี,2
code,DIAGNOSIS_OPD,เมืองสตูล,10746,โรงพยาบาลสตูล,โรคสมาธิสั้น (F90),F90,4,4: นอกเขต มารับบริการ/เคยอยู่ในเขต,60-74 ปี,1
code,DIAGNOSIS_OPD,เมืองสตูล,10746,โรงพยาบาลสตูล,โรคสมาธิสั้น (F90),F90,4,4: นอกเขต มารับบริการ/เคยอยู่ในเขต,75 ปีขึ้นไป,2
code,DIAGNOSIS_OPD,เมืองสตูล,10746,โรงพยาบาลสตูล,โรคออทิสติก (F84),F84,4,4: นอกเขต มารับบริการ/เคยอยู่ในเขต,0-14 ปี,168
code,DIAGNOSIS_OPD,เมืองสตูล,10746,โรงพยาบาลสตูล,โรคออทิสติก (F84),F84,4,4: นอกเขต มารับบริการ/เคยอยู่ในเขต,15-29 ปี,24
code,DIAGNOSIS_OPD,เมืองสตูล,10746,โรงพยาบาลสตูล,โรคออทิสติก (F84),F84,4,4: นอกเขต มารับบริการ/เคยอยู่ในเขต,30-44 ปี,2
code,DIAGNOSIS_OPD,เมืองสตูล,10746,โรงพยาบาลสตูล,โรคออทิสติก (F84),F84,4,4: นอกเขต มารับบริการ/เคยอยู่ในเขต,45-59 ปี,1
code,DIAGNOSIS_OPD,เมืองสตูล,10746,โรงพยาบาลสตูล,โรคออทิสติก (F84),F84,4,4: นอกเขต มารับบริการ/เคยอยู่ในเขต,75 ปีขึ้นไป,1
code,DIAGNOSIS_OPD,เมืองสตูล,10746,โรงพยาบาลสตูล,โรคอารมณ์สองขั้ว (F31),F31,4,4: นอกเขต มารับบริการ/เคยอยู่ในเขต,0-14 ปี,3
code,DIAGNOSIS_OPD,เมืองสตูล,10746,โรงพยาบาลสตูล,โรคอารมณ์สองขั้ว (F31),F31,4,4: นอกเขต มารับบริการ/เคยอยู่ในเขต,15-29 ปี,56
code,DIAGNOSIS_OPD,เมืองสตูล,10746,โรงพยาบาลสตูล,โรคอารมณ์สองขั้ว (F31),F31,4,4: นอกเขต มารับบริการ/เคยอยู่ในเขต,30-44 ปี,61
code,DIAGNOSIS_OPD,เมืองสตูล,10746,โรงพยาบาลสตูล,โรคอารมณ์สองขั้ว (F31),F31,4,4: นอกเขต มารับบริการ/เคยอยู่ในเขต,45-59 ปี,62
code,DIAGNOSIS_OPD,เมืองสตูล,10746,โรงพยาบาลสตูล,โรคอารมณ์สองขั้ว (F31),F31,4,4: นอกเขต มารับบริการ/เคยอยู่ในเขต,60-74 ปี,27
code,DIAGNOSIS_OPD,เมืองสตูล,10746,โรงพยาบาลสตูล,โรคอารมณ์สองขั้ว (F31),F31,4,4: นอกเขต มารับบริการ/เคยอยู่ในเขต,75 ปีขึ้นไป,5
code,DIAGNOSIS_OPD,เมืองสตูล,09604,โรงพยาบาลส่งเสริมสุขภาพตำบลคลองขุด,"ติดสารเสพติดอื่นๆ (F11,F12,F13,F14,F16,F17,F18,F19)",F19,1,1: ในเขต มีชื่อ+อยู่จริง,30-44 ปี,1
code,DIAGNOSIS_OPD,เมืองสตูล,09604,โรงพยาบาลส่งเสริมสุขภาพตำบลคลองขุด,โรคจิตเภท (F20),F20,1,1: ในเขต มีชื่อ+อยู่จริง,15-29 ปี,2
code,DIAGNOSIS_OPD,เมืองสตูล,09604,โรงพยาบาลส่งเสริมสุขภาพตำบลคลองขุด,โรคจิตเภท (F20),F20,1,1: ในเขต มีชื่อ+อยู่จริง,30-44 ปี,5
code,DIAGNOSIS_OPD,เมืองสตูล,09604,โรงพยาบาลส่งเสริมสุขภาพตำบลคลองขุด,โรคจิตเภท (F20),F20,1,1: ในเขต มีชื่อ+อยู่จริง,45-59 ปี,1
code,DIAGNOSIS_OPD,เมืองสตูล,09604,โรงพยาบาลส่งเสริมสุขภาพตำบลคลองขุด,โรคจิตเภท (F20),F20,2,2: ในเขต มีชื่อ แต่ไม่อยู่จริง,30-44 ปี,1
code,DIAGNOSIS_OPD,เมืองสตูล,09604,โรงพยาบาลส่งเสริมสุขภาพตำบลคลองขุด,โรคจิตเภท (F20),F20,4,4: นอกเขต มารับบริการ/เคยอยู่ในเขต,30-44 ปี,1
code,DIAGNOSIS_OPD,เมืองสตูล,09604,โรงพยาบาลส่งเสริมสุขภาพตำบลคลองขุด,"โรคทางจิตเวชอื่นๆ (F04-F09,F50-F69,F80,F82-F83,F88-F89,F91-F99 ยกเว้น F638,F988)",F51,1,1: ในเขต มีชื่อ+อยู่จริง,30-44 ปี,1
code,DIAGNOSIS_OPD,เมืองสตูล,09604,โรงพยาบาลส่งเสริมสุขภาพตำบลคลองขุด,"โรคทางจิตเวชอื่นๆ (F04-F09,F50-F69,F80,F82-F83,F88-F89,F91-F99 ยกเว้น F638,F988)",F51,1,1: ในเขต มีชื่อ+อยู่จริง,45-59 ปี,3
code,DIAGNOSIS_OPD,เมืองสตูล,09604,โรงพยาบาลส่งเสริมสุขภาพตำบลคลองขุด,"โรคทางจิตเวชอื่นๆ (F04-F09,F50-F69,F80,F82-F83,F88-F89,F91-F99 ยกเว้น F638,F988)",F51,1,1: ในเขต มีชื่อ+อยู่จริง,60-74 ปี,2
code,DIAGNOSIS_OPD,เมืองสตูล,09604,โรงพยาบาลส่งเสริมสุขภาพตำบลคลองขุด,"โรคทางจิตเวชอื่นๆ (F04-F09,F50-F69,F80,F82-F83,F88-F89,F91-F99 ยกเว้น F638,F988)",F51,1,1: ในเขต มีชื่อ+อยู่จริง,75 ปีขึ้นไป,1
code,DIAGNOSIS_OPD,เมืองสตูล,09604,โรงพยาบาลส่งเสริมสุขภาพตำบลคลองขุด,"โรคทางจิตเวชอื่นๆ (F04-F09,F50-F69,F80,F82-F83,F88-F89,F91-F99 ยกเว้น F638,F988)",F51,2,2: ในเขต มีชื่อ แต่ไม่อยู่จริง,45-59 ปี,1
code,DIAGNOSIS_OPD,เมืองสตูล,77654,โรงพยาบาลส่งเสริมสุขภาพตำบลคลองขุด (สาขา),พยายามฆ่าตัวตาย/ตั้งใจทำร้ายตนเอง (X60-X84),X74,4,4: นอกเขต มารับบริการ/เคยอยู่ในเขต,15-29 ปี,1
code,DIAGNOSIS_OPD,เมืองสตูล,77654,โรงพยาบาลส่งเสริมสุขภาพตำบลคลองขุด (สาขา),พยายามฆ่าตัวตาย/ตั้งใจทำร้ายตนเอง (X60-X84),X78,1,1: ในเขต มีชื่อ+อยู่จริง,0-14 ปี,4
code,DIAGNOSIS_OPD,เมืองสตูล,77654,โรงพยาบาลส่งเสริมสุขภาพตำบลคลองขุด (สาขา),พยายามฆ่าตัวตาย/ตั้งใจทำร้ายตนเอง (X60-X84),X78,1,1: ในเขต มีชื่อ+อยู่จริง,15-29 ปี,4
code,DIAGNOSIS_OPD,เมืองสตูล,77654,โรงพยาบาลส่งเสริมสุขภาพตำบลคลองขุด (สาขา),พยายามฆ่าตัวตาย/ตั้งใจทำร้ายตนเอง (X60-X84),X78,1,1: ในเขต มีชื่อ+อยู่จริง,30-44 ปี,4
code,DIAGNOSIS_OPD,เมืองสตูล,77654,โรงพยาบาลส่งเสริมสุขภาพตำบลคลองขุด (สาขา),พยายามฆ่าตัวตาย/ตั้งใจทำร้ายตนเอง (X60-X84),X78,1,1: ในเขต มีชื่อ+อยู่จริง,45-59 ปี,5
code,DIAGNOSIS_OPD,เมืองสตูล,77654,โรงพยาบาลส่งเสริมสุขภาพตำบลคลองขุด (สาขา),พยายามฆ่าตัวตาย/ตั้งใจทำร้ายตนเอง (X60-X84),X78,1,1: ในเขต มีชื่อ+อยู่จริง,60-74 ปี,7
code,DIAGNOSIS_OPD,เมืองสตูล,77654,โรงพยาบาลส่งเสริมสุขภาพตำบลคลองขุด (สาขา),พยายามฆ่าตัวตาย/ตั้งใจทำร้ายตนเอง (X60-X84),X78,4,4: นอกเขต มารับบริการ/เคยอยู่ในเขต,0-14 ปี,1
code,DIAGNOSIS_OPD,เมืองสตูล,77654,โรงพยาบาลส่งเสริมสุขภาพตำบลคลองขุด (สาขา),พยายามฆ่าตัวตาย/ตั้งใจทำร้ายตนเอง (X60-X84),X78,4,4: นอกเขต มารับบริการ/เคยอยู่ในเขต,15-29 ปี,3
code,DIAGNOSIS_OPD,เมืองสตูล,77654,โรงพยาบาลส่งเสริมสุขภาพตำบลคลองขุด (สาขา),พยายามฆ่าตัวตาย/ตั้งใจทำร้ายตนเอง (X60-X84),X78,4,4: นอกเขต มารับบริการ/เคยอยู่ในเขต,30-44 ปี,6
code,DIAGNOSIS_OPD,เมืองสตูล,77654,โรงพยาบาลส่งเสริมสุขภาพตำบลคลองขุด (สาขา),พยายามฆ่าตัวตาย/ตั้งใจทำร้ายตนเอง (X60-X84),X78,4,4: นอกเขต มารับบริการ/เคยอยู่ในเขต,45-59 ปี,1
code,DIAGNOSIS_OPD,เมืองสตูล,77654,โรงพยาบาลส่งเสริมสุขภาพตำบลคลองขุด (สาขา),พยายามฆ่าตัวตาย/ตั้งใจทำร้ายตนเอง (X60-X84),X78,4,4: นอกเขต มารับบริการ/เคยอยู่ในเขต,60-74 ปี,2
code,DIAGNOSIS_OPD,เมืองสตูล,77654,โรงพยาบาลส่งเสริมสุขภาพตำบลคลองขุด (สาขา),โรคจิตอื่นๆ (F21-F29),F29,1,1: ในเขต มีชื่อ+อยู่จริง,45-59 ปี,1
code,DIAGNOSIS_OPD,เมืองสตูล,77654,โรงพยาบาลส่งเสริมสุขภาพตำบลคลองขุด (สาขา),โรคจิตอื่นๆ (F21-F29),F29,1,1: ในเขต มีชื่อ+อยู่จริง,60-74 ปี,1
code,DIAGNOSIS_OPD,เมืองสตูล,77654,โรงพยาบาลส่งเสริมสุขภาพตำบลคลองขุด (สาขา),โรคจิตอื่นๆ (F21-F29),F29,4,4: นอกเขต มารับบริการ/เคยอยู่ในเขต,15-29 ปี,1
code,DIAGNOSIS_OPD,เมืองสตูล,77654,โรงพยาบาลส่งเสริมสุขภาพตำบลคลองขุด (สาขา),โรคจิตเภท (F20),F20,1,1: ในเขต มีชื่อ+อยู่จริง,30-44 ปี,4
code,DIAGNOSIS_OPD,เมืองสตูล,77654,โรงพยาบาลส่งเสริมสุขภาพตำบลคลองขุด (สาขา),โรคจิตเภท (F20),F20,1,1: ในเขต มีชื่อ+อยู่จริง,45-59 ปี,2
code,DIAGNOSIS_OPD,เมืองสตูล,77654,โรงพยาบาลส่งเสริมสุขภาพตำบลคลองขุด (สาขา),โรคจิตเภท (F20),F20,3,3: อาศัยในเขต ทะเบียนบ้านอยู่นอกเขต,45-59 ปี,1
code,DIAGNOSIS_OPD,เมืองสตูล,77654,โรงพยาบาลส่งเสริมสุขภาพตำบลคลองขุด (สาขา),โรคจิตเภท (F20),F20,4,4: นอกเขต มารับบริการ/เคยอยู่ในเขต,15-29 ปี,3
code,DIAGNOSIS_OPD,เมืองสตูล,77654,โรงพยาบาลส่งเสริมสุขภาพตำบลคลองขุด (สาขา),โรคจิตเภท (F20),F20,4,4: นอกเขต มารับบริการ/เคยอยู่ในเขต,30-44 ปี,10
code,DIAGNOSIS_OPD,เมืองสตูล,77654,โรงพยาบาลส่งเสริมสุขภาพตำบลคลองขุด (สาขา),โรคจิตเภท (F20),F20,4,4: นอกเขต มารับบริการ/เคยอยู่ในเขต,45-59 ปี,3
code,DIAGNOSIS_OPD,เมืองสตูล,77654,โรงพยาบาลส่งเสริมสุขภาพตำบลคลองขุด (สาขา),โรคจิตเภท (F20),F20,4,4: นอกเขต มารับบริการ/เคยอยู่ในเขต,60-74 ปี,1
code,DIAGNOSIS_OPD,เมืองสตูล,77654,โรงพยาบาลส่งเสริมสุขภาพตำบลคลองขุด (สาขา),"โรคทางจิตเวชอื่นๆ (F04-F09,F50-F69,F80,F82-F83,F88-F89,F91-F99 ยกเว้น F638,F988)",F51,1,1: ในเขต มีชื่อ+อยู่จริง,45-59 ปี,3
code,DIAGNOSIS_OPD,เมืองสตูล,77654,โรงพยาบาลส่งเสริมสุขภาพตำบลคลองขุด (สาขา),"โรคทางจิตเวชอื่นๆ (F04-F09,F50-F69,F80,F82-F83,F88-F89,F91-F99 ยกเว้น F638,F988)",F51,1,1: ในเขต มีชื่อ+อยู่จริง,60-74 ปี,6
code,DIAGNOSIS_OPD,เมืองสตูล,77654,โรงพยาบาลส่งเสริมสุขภาพตำบลคลองขุด (สาขา),"โรคทางจิตเวชอื่นๆ (F04-F09,F50-F69,F80,F82-F83,F88-F89,F91-F99 ยกเว้น F638,F988)",F51,1,1: ในเขต มีชื่อ+อยู่จริง,75 ปีขึ้นไป,2
code,DIAGNOSIS_OPD,เมืองสตูล,77654,โรงพยาบาลส่งเสริมสุขภาพตำบลคลองขุด (สาขา),"โรคทางจิตเวชอื่นๆ (F04-F09,F50-F69,F80,F82-F83,F88-F89,F91-F99 ยกเว้น F638,F988)",F51,4,4: นอกเขต มารับบริการ/เคยอยู่ในเขต,45-59 ปี,1
code,DIAGNOSIS_OPD,เมืองสตูล,77654,โรงพยาบาลส่งเสริมสุขภาพตำบลคลองขุด (สาขา),"โรคทางจิตเวชอื่นๆ (F04-F09,F50-F69,F80,F82-F83,F88-F89,F91-F99 ยกเว้น F638,F988)",F55,1,1: ในเขต มีชื่อ+อยู่จริง,60-74 ปี,1
code,DIAGNOSIS_OPD,เมืองสตูล,77654,โรงพยาบาลส่งเสริมสุขภาพตำบลคลองขุด (สาขา),"โรคทางจิตเวชอื่นๆ (F04-F09,F50-F69,F80,F82-F83,F88-F89,F91-F99 ยกเว้น F638,F988)",F55,4,4: นอกเขต มารับบริการ/เคยอยู่ในเขต,60-74 ปี,1
code,DIAGNOSIS_OPD,เมืองสตูล,77654,โรงพยาบาลส่งเสริมสุขภาพตำบลคลองขุด (สาขา),โรคลมชัก (G40-G41),G40,1,1: ในเขต มีชื่อ+อยู่จริง,60-74 ปี,1
code,DIAGNOSIS_OPD,เมืองสตูล,77654,โรงพยาบาลส่งเสริมสุขภาพตำบลคลองขุด (สาขา),โรคสมองเสื่อม (F00-F03),F03,2,2: ในเขต มีชื่อ แต่ไม่อยู่จริง,75 ปีขึ้นไป,1
code,DIAGNOSIS_OPD,เมืองสตูล,09605,โรงพยาบาลส่งเสริมสุขภาพตำบลควนขัน,"ติดสารเสพติดอื่นๆ (F11,F12,F13,F14,F16,F17,F18,F19)",F12,1,1: ในเขต มีชื่อ+อยู่จริง,75 ปีขึ้นไป,1
code,DIAGNOSIS_OPD,เมืองสตูล,09605,โรงพยาบาลส่งเสริมสุขภาพตำบลควนขัน,พยายามฆ่าตัวตาย/ตั้งใจทำร้ายตนเอง (X60-X84),X78,1,1: ในเขต มีชื่อ+อยู่จริง,0-14 ปี,1
code,DIAGNOSIS_OPD,เมืองสตูล,09605,โรงพยาบาลส่งเสริมสุขภาพตำบลควนขัน,พยายามฆ่าตัวตาย/ตั้งใจทำร้ายตนเอง (X60-X84),X78,1,1: ในเขต มีชื่อ+อยู่จริง,30-44 ปี,1
code,DIAGNOSIS_OPD,เมืองสตูล,09605,โรงพยาบาลส่งเสริมสุขภาพตำบลควนขัน,โรคจิตอื่นๆ (F21-F29),F29,3,3: อาศัยในเขต ทะเบียนบ้านอยู่นอกเขต,45-59 ปี,1
code,DIAGNOSIS_OPD,เมืองสตูล,09605,โรงพยาบาลส่งเสริมสุขภาพตำบลควนขัน,โรคจิตเภท (F20),F20,1,1: ในเขต มีชื่อ+อยู่จริง,30-44 ปี,6
code,DIAGNOSIS_OPD,เมืองสตูล,09605,โรงพยาบาลส่งเสริมสุขภาพตำบลควนขัน,โรคจิตเภท (F20),F20,1,1: ในเขต มีชื่อ+อยู่จริง,45-59 ปี,3
code,DIAGNOSIS_OPD,เมืองสตูล,09605,โรงพยาบาลส่งเสริมสุขภาพตำบลควนขัน,โรคจิตเภท (F20),F20,2,2: ในเขต มีชื่อ แต่ไม่อยู่จริง,30-44 ปี,1
code,DIAGNOSIS_OPD,เมืองสตูล,09605,โรงพยาบาลส่งเสริมสุขภาพตำบลควนขัน,โรคจิตเภท (F20),F20,2,2: ในเขต มีชื่อ แต่ไม่อยู่จริง,45-59 ปี,1
code,DIAGNOSIS_OPD,เมืองสตูล,09605,โรงพยาบาลส่งเสริมสุขภาพตำบลควนขัน,โรคจิตเภท (F20),F20,3,3: อาศัยในเขต ทะเบียนบ้านอยู่นอกเขต,45-59 ปี,1
code,DIAGNOSIS_OPD,เมืองสตูล,09605,โรงพยาบาลส่งเสริมสุขภาพตำบลควนขัน,โรคจิตเภท (F20),F20,4,4: นอกเขต มารับบริการ/เคยอยู่ในเขต,45-59 ปี,2
code,DIAGNOSIS_OPD,เมืองสตูล,09605,โรงพยาบาลส่งเสริมสุขภาพตำบลควนขัน,โรคจิตเภท (F20),F20,4,4: นอกเขต มารับบริการ/เคยอยู่ในเขต,60-74 ปี,1
code,DIAGNOSIS_OPD,เมืองสตูล,09605,โรงพยาบาลส่งเสริมสุขภาพตำบลควนขัน,"โรคซึมเศร้า (F32,F33,F341,F38,F39)",F32,4,4: นอกเขต มารับบริการ/เคยอยู่ในเขต,45-59 ปี,1
code,DIAGNOSIS_OPD,เมืองสตูล,09605,โรงพยาบาลส่งเสริมสุขภาพตำบลควนขัน,"โรคทางจิตเวชอื่นๆ (F04-F09,F50-F69,F80,F82-F83,F88-F89,F91-F99 ยกเว้น F638,F988)",F06,1,1: ในเขต มีชื่อ+อยู่จริง,30-44 ปี,1
code,DIAGNOSIS_OPD,เมืองสตูล,09605,โรงพยาบาลส่งเสริมสุขภาพตำบลควนขัน,"โรคทางจิตเวชอื่นๆ (F04-F09,F50-F69,F80,F82-F83,F88-F89,F91-F99 ยกเว้น F638,F988)",F06,2,2: ในเขต มีชื่อ แต่ไม่อยู่จริง,60-74 ปี,1
code,DIAGNOSIS_OPD,เมืองสตูล,09605,โรงพยาบาลส่งเสริมสุขภาพตำบลควนขัน,"โรคทางจิตเวชอื่นๆ (F04-F09,F50-F69,F80,F82-F83,F88-F89,F91-F99 ยกเว้น F638,F988)",F09,1,1: ในเขต มีชื่อ+อยู่จริง,30-44 ปี,1
code,DIAGNOSIS_OPD,เมืองสตูล,09605,โรงพยาบาลส่งเสริมสุขภาพตำบลควนขัน,"โรคทางจิตเวชอื่นๆ (F04-F09,F50-F69,F80,F82-F83,F88-F89,F91-F99 ยกเว้น F638,F988)",F50,1,1: ในเขต มีชื่อ+อยู่จริง,15-29 ปี,1
code,DIAGNOSIS_OPD,เมืองสตูล,09605,โรงพยาบาลส่งเสริมสุขภาพตำบลควนขัน,"โรคทางจิตเวชอื่นๆ (F04-F09,F50-F69,F80,F82-F83,F88-F89,F91-F99 ยกเว้น F638,F988)",F50,1,1: ในเขต มีชื่อ+อยู่จริง,30-44 ปี,3
code,DIAGNOSIS_OPD,เมืองสตูล,09605,โรงพยาบาลส่งเสริมสุขภาพตำบลควนขัน,"โรคทางจิตเวชอื่นๆ (F04-F09,F50-F69,F80,F82-F83,F88-F89,F91-F99 ยกเว้น F638,F988)",F50,1,1: ในเขต มีชื่อ+อยู่จริง,45-59 ปี,4
code,DIAGNOSIS_OPD,เมืองสตูล,09605,โรงพยาบาลส่งเสริมสุขภาพตำบลควนขัน,"โรคทางจิตเวชอื่นๆ (F04-F09,F50-F69,F80,F82-F83,F88-F89,F91-F99 ยกเว้น F638,F988)",F50,1,1: ในเขต มีชื่อ+อยู่จริง,60-74 ปี,4
code,DIAGNOSIS_OPD,เมืองสตูล,09605,โรงพยาบาลส่งเสริมสุขภาพตำบลควนขัน,"โรคทางจิตเวชอื่นๆ (F04-F09,F50-F69,F80,F82-F83,F88-F89,F91-F99 ยกเว้น F638,F988)",F50,1,1: ในเขต มีชื่อ+อยู่จริง,75 ปีขึ้นไป,3
code,DIAGNOSIS_OPD,เมืองสตูล,09605,โรงพยาบาลส่งเสริมสุขภาพตำบลควนขัน,"โรคทางจิตเวชอื่นๆ (F04-F09,F50-F69,F80,F82-F83,F88-F89,F91-F99 ยกเว้น F638,F988)",F50,3,3: อาศัยในเขต ทะเบียนบ้านอยู่นอกเขต,15-29 ปี,1
code,DIAGNOSIS_OPD,เมืองสตูล,09605,โรงพยาบาลส่งเสริมสุขภาพตำบลควนขัน,"โรคทางจิตเวชอื่นๆ (F04-F09,F50-F69,F80,F82-F83,F88-F89,F91-F99 ยกเว้น F638,F988)",F50,3,3: อาศัยในเขต ทะเบียนบ้านอยู่นอกเขต,30-44 ปี,1
code,DIAGNOSIS_OPD,เมืองสตูล,09605,โรงพยาบาลส่งเสริมสุขภาพตำบลควนขัน,"โรคทางจิตเวชอื่นๆ (F04-F09,F50-F69,F80,F82-F83,F88-F89,F91-F99 ยกเว้น F638,F988)",F50,4,4: นอกเขต มารับบริการ/เคยอยู่ในเขต,15-29 ปี,1
code,DIAGNOSIS_OPD,เมืองสตูล,09605,โรงพยาบาลส่งเสริมสุขภาพตำบลควนขัน,"โรคทางจิตเวชอื่นๆ (F04-F09,F50-F69,F80,F82-F83,F88-F89,F91-F99 ยกเว้น F638,F988)",F50,4,4: นอกเขต มารับบริการ/เคยอยู่ในเขต,60-74 ปี,1
code,DIAGNOSIS_OPD,เมืองสตูล,09605,โรงพยาบาลส่งเสริมสุขภาพตำบลควนขัน,"โรคทางจิตเวชอื่นๆ (F04-F09,F50-F69,F80,F82-F83,F88-F89,F91-F99 ยกเว้น F638,F988)",F51,1,1: ในเขต มีชื่อ+อยู่จริง,45-59 ปี,1
code,DIAGNOSIS_OPD,เมืองสตูล,09605,โรงพยาบาลส่งเสริมสุขภาพตำบลควนขัน,"โรคทางจิตเวชอื่นๆ (F04-F09,F50-F69,F80,F82-F83,F88-F89,F91-F99 ยกเว้น F638,F988)",F51,1,1: ในเขต มีชื่อ+อยู่จริง,60-74 ปี,2
code,DIAGNOSIS_OPD,เมืองสตูล,09605,โรงพยาบาลส่งเสริมสุขภาพตำบลควนขัน,"โรคทางจิตเวชอื่นๆ (F04-F09,F50-F69,F80,F82-F83,F88-F89,F91-F99 ยกเว้น F638,F988)",F62,1,1: ในเขต มีชื่อ+อยู่จริง,30-44 ปี,2
code,DIAGNOSIS_OPD,เมืองสตูล,09605,โรงพยาบาลส่งเสริมสุขภาพตำบลควนขัน,โรควิตกกังวล (F40-F48),F41,1,1: ในเขต มีชื่อ+อยู่จริง,15-29 ปี,1
code,DIAGNOSIS_OPD,เมืองสตูล,09605,โรงพยาบาลส่งเสริมสุขภาพตำบลควนขัน,โรควิตกกังวล (F40-F48),F41,1,1: ในเขต มีชื่อ+อยู่จริง,45-59 ปี,2
code,DIAGNOSIS_OPD,เมืองสตูล,09605,โรงพยาบาลส่งเสริมสุขภาพตำบลควนขัน,โรควิตกกังวล (F40-F48),F41,1,1: ในเขต มีชื่อ+อยู่จริง,60-74 ปี,1
code,DIAGNOSIS_OPD,เมืองสตูล,09605,โรงพยาบาลส่งเสริมสุขภาพตำบลควนขัน,โรควิตกกังวล (F40-F48),F43,1,1: ในเขต มีชื่อ+อยู่จริง,30-44 ปี,1
code,DIAGNOSIS_OPD,เมืองสตูล,09605,โรงพยาบาลส่งเสริมสุขภาพตำบลควนขัน,โรควิตกกังวล (F40-F48),F43,1,1: ในเขต มีชื่อ+อยู่จริง,45-59 ปี,1
code,DIAGNOSIS_OPD,เมืองสตูล,09605,โรงพยาบาลส่งเสริมสุขภาพตำบลควนขัน,โรควิตกกังวล (F40-F48),F43,1,1: ในเขต มีชื่อ+อยู่จริง,60-74 ปี,1
code,DIAGNOSIS_OPD,เมืองสตูล,09605,โรงพยาบาลส่งเสริมสุขภาพตำบลควนขัน,โรควิตกกังวล (F40-F48),F45,4,4: นอกเขต มารับบริการ/เคยอยู่ในเขต,15-29 ปี,1
code,DIAGNOSIS_OPD,เมืองสตูล,09605,โรงพยาบาลส่งเสริมสุขภาพตำบลควนขัน,โรควิตกกังวล (F40-F48),F45,4,4: นอกเขต มารับบริการ/เคยอยู่ในเขต,60-74 ปี,1
code,DIAGNOSIS_OPD,เมืองสตูล,09605,โรงพยาบาลส่งเสริมสุขภาพตำบลควนขัน,โรควิตกกังวล (F40-F48),F48,1,1: ในเขต มีชื่อ+อยู่จริง,15-29 ปี,1
code,DIAGNOSIS_OPD,เมืองสตูล,09605,โรงพยาบาลส่งเสริมสุขภาพตำบลควนขัน,โรคสมองเสื่อม (F00-F03),F00,1,1: ในเขต มีชื่อ+อยู่จริง,60-74 ปี,1
code,DIAGNOSIS_OPD,เมืองสตูล,09605,โรงพยาบาลส่งเสริมสุขภาพตำบลควนขัน,โรคสมองเสื่อม (F00-F03),F03,1,1: ในเขต มีชื่อ+อยู่จริง,60-74 ปี,1
code,DIAGNOSIS_OPD,เมืองสตูล,09613,โรงพยาบาลส่งเสริมสุขภาพตำบลตันหยงโป,"ติดสารเสพติดอื่นๆ (F11,F12,F13,F14,F16,F17,F18,F19)",F14,1,1: ในเขต มีชื่อ+อยู่จริง,30-44 ปี,1
code,DIAGNOSIS_OPD,เมืองสตูล,09613,โรงพยาบาลส่งเสริมสุขภาพตำบลตันหยงโป,โรคจิตเภท (F20),F20,1,1: ในเขต มีชื่อ+อยู่จริง,15-29 ปี,2
code,DIAGNOSIS_OPD,เมืองสตูล,09613,โรงพยาบาลส่งเสริมสุขภาพตำบลตันหยงโป,โรคจิตเภท (F20),F20,1,1: ในเขต มีชื่อ+อยู่จริง,30-44 ปี,2
code,DIAGNOSIS_OPD,เมืองสตูล,09613,โรงพยาบาลส่งเสริมสุขภาพตำบลตันหยงโป,โรคจิตเภท (F20),F20,1,1: ในเขต มีชื่อ+อยู่จริง,45-59 ปี,3
code,DIAGNOSIS_OPD,เมืองสตูล,09613,โรงพยาบาลส่งเสริมสุขภาพตำบลตันหยงโป,โรคจิตเภท (F20),F20,1,1: ในเขต มีชื่อ+อยู่จริง,60-74 ปี,1
code,DIAGNOSIS_OPD,เมืองสตูล,09613,โรงพยาบาลส่งเสริมสุขภาพตำบลตันหยงโป,โรคจิตเภท (F20),F20,2,2: ในเขต มีชื่อ แต่ไม่อยู่จริง,45-59 ปี,1
code,DIAGNOSIS_OPD,เมืองสตูล,09613,โรงพยาบาลส่งเสริมสุขภาพตำบลตันหยงโป,"โรคทางจิตเวชอื่นๆ (F04-F09,F50-F69,F80,F82-F83,F88-F89,F91-F99 ยกเว้น F638,F988)",F06,1,1: ในเขต มีชื่อ+อยู่จริง,45-59 ปี,1
code,DIAGNOSIS_OPD,เมืองสตูล,09613,โรงพยาบาลส่งเสริมสุขภาพตำบลตันหยงโป,"โรคทางจิตเวชอื่นๆ (F04-F09,F50-F69,F80,F82-F83,F88-F89,F91-F99 ยกเว้น F638,F988)",F09,1,1: ในเขต มีชื่อ+อยู่จริง,30-44 ปี,1
code,DIAGNOSIS_OPD,เมืองสตูล,09613,โรงพยาบาลส่งเสริมสุขภาพตำบลตันหยงโป,"โรคทางจิตเวชอื่นๆ (F04-F09,F50-F69,F80,F82-F83,F88-F89,F91-F99 ยกเว้น F638,F988)",F55,1,1: ในเขต มีชื่อ+อยู่จริง,0-14 ปี,2
code,DIAGNOSIS_OPD,เมืองสตูล,09613,โรงพยาบาลส่งเสริมสุขภาพตำบลตันหยงโป,"โรคทางจิตเวชอื่นๆ (F04-F09,F50-F69,F80,F82-F83,F88-F89,F91-F99 ยกเว้น F638,F988)",F55,1,1: ในเขต มีชื่อ+อยู่จริง,15-29 ปี,1
code,DIAGNOSIS_OPD,เมืองสตูล,09613,โรงพยาบาลส่งเสริมสุขภาพตำบลตันหยงโป,"โรคทางจิตเวชอื่นๆ (F04-F09,F50-F69,F80,F82-F83,F88-F89,F91-F99 ยกเว้น F638,F988)",F55,1,1: ในเขต มีชื่อ+อยู่จริง,30-44 ปี,3
code,DIAGNOSIS_OPD,เมืองสตูล,09613,โรงพยาบาลส่งเสริมสุขภาพตำบลตันหยงโป,"โรคทางจิตเวชอื่นๆ (F04-F09,F50-F69,F80,F82-F83,F88-F89,F91-F99 ยกเว้น F638,F988)",F55,1,1: ในเขต มีชื่อ+อยู่จริง,45-59 ปี,2
code,DIAGNOSIS_OPD,เมืองสตูล,09613,โรงพยาบาลส่งเสริมสุขภาพตำบลตันหยงโป,"โรคทางจิตเวชอื่นๆ (F04-F09,F50-F69,F80,F82-F83,F88-F89,F91-F99 ยกเว้น F638,F988)",F55,1,1: ในเขต มีชื่อ+อยู่จริง,60-74 ปี,3
code,DIAGNOSIS_OPD,เมืองสตูล,09613,โรงพยาบาลส่งเสริมสุขภาพตำบลตันหยงโป,"โรคทางจิตเวชอื่นๆ (F04-F09,F50-F69,F80,F82-F83,F88-F89,F91-F99 ยกเว้น F638,F988)",F55,3,3: อาศัยในเขต ทะเบียนบ้านอยู่นอกเขต,30-44 ปี,1
code,DIAGNOSIS_OPD,เมืองสตูล,09613,โรงพยาบาลส่งเสริมสุขภาพตำบลตันหยงโป,"โรคทางจิตเวชอื่นๆ (F04-F09,F50-F69,F80,F82-F83,F88-F89,F91-F99 ยกเว้น F638,F988)",F55,4,4: นอกเขต มารับบริการ/เคยอยู่ในเขต,0-14 ปี,1
code,DIAGNOSIS_OPD,เมืองสตูล,09613,โรงพยาบาลส่งเสริมสุขภาพตำบลตันหยงโป,"โรคทางจิตเวชอื่นๆ (F04-F09,F50-F69,F80,F82-F83,F88-F89,F91-F99 ยกเว้น F638,F988)",F55,4,4: นอกเขต มารับบริการ/เคยอยู่ในเขต,30-44 ปี,1
code,DIAGNOSIS_OPD,เมืองสตูล,09613,โรงพยาบาลส่งเสริมสุขภาพตำบลตันหยงโป,"โรคทางจิตเวชอื่นๆ (F04-F09,F50-F69,F80,F82-F83,F88-F89,F91-F99 ยกเว้น F638,F988)",F55,4,4: นอกเขต มารับบริการ/เคยอยู่ในเขต,45-59 ปี,1
code,DIAGNOSIS_OPD,เมืองสตูล,09613,โรงพยาบาลส่งเสริมสุขภาพตำบลตันหยงโป,"โรคทางจิตเวชอื่นๆ (F04-F09,F50-F69,F80,F82-F83,F88-F89,F91-F99 ยกเว้น F638,F988)",F62,1,1: ในเขต มีชื่อ+อยู่จริง,30-44 ปี,1
code,DIAGNOSIS_OPD,เมืองสตูล,09613,โรงพยาบาลส่งเสริมสุขภาพตำบลตันหยงโป,โรควิตกกังวล (F40-F48),F41,1,1: ในเขต มีชื่อ+อยู่จริง,60-74 ปี,1
code,DIAGNOSIS_OPD,เมืองสตูล,09613,โรงพยาบาลส่งเสริมสุขภาพตำบลตันหยงโป,โรควิตกกังวล (F40-F48),F45,1,1: ในเขต มีชื่อ+อยู่จริง,15-29 ปี,1
code,DIAGNOSIS_OPD,เมืองสตูล,09613,โรงพยาบาลส่งเสริมสุขภาพตำบลตันหยงโป,โรควิตกกังวล (F40-F48),F45,1,1: ในเขต มีชื่อ+อยู่จริง,45-59 ปี,1
code,DIAGNOSIS_OPD,เมืองสตูล,09613,โรงพยาบาลส่งเสริมสุขภาพตำบลตันหยงโป,โรควิตกกังวล (F40-F48),F45,2,2: ในเขต มีชื่อ แต่ไม่อยู่จริง,15-29 ปี,1
code,DIAGNOSIS_OPD,เมืองสตูล,09613,โรงพยาบาลส่งเสริมสุขภาพตำบลตันหยงโป,โรควิตกกังวล (F40-F48),F48,1,1: ในเขต มีชื่อ+อยู่จริง,60-74 ปี,1
code,DIAGNOSIS_OPD,เมืองสตูล,09613,โรงพยาบาลส่งเสริมสุขภาพตำบลตันหยงโป,โรควิตกกังวล (F40-F48),F48,1,1: ในเขต มีชื่อ+อยู่จริง,75 ปีขึ้นไป,1
code,DIAGNOSIS_OPD,เมืองสตูล,09616,โรงพยาบาลส่งเสริมสุขภาพตำบลตำมะลัง,โรคจิตเภท (F20),F20,1,1: ในเขต มีชื่อ+อยู่จริง,45-59 ปี,1
code,DIAGNOSIS_OPD,เมืองสตูล,09616,โรงพยาบาลส่งเสริมสุขภาพตำบลตำมะลัง,"โรคทางจิตเวชอื่นๆ (F04-F09,F50-F69,F80,F82-F83,F88-F89,F91-F99 ยกเว้น F638,F988)",F51,1,1: ในเขต มีชื่อ+อยู่จริง,30-44 ปี,2
code,DIAGNOSIS_OPD,เมืองสตูล,09616,โรงพยาบาลส่งเสริมสุขภาพตำบลตำมะลัง,"โรคทางจิตเวชอื่นๆ (F04-F09,F50-F69,F80,F82-F83,F88-F89,F91-F99 ยกเว้น F638,F988)",F51,1,1: ในเขต มีชื่อ+อยู่จริง,45-59 ปี,3
code,DIAGNOSIS_OPD,เมืองสตูล,09616,โรงพยาบาลส่งเสริมสุขภาพตำบลตำมะลัง,"โรคทางจิตเวชอื่นๆ (F04-F09,F50-F69,F80,F82-F83,F88-F89,F91-F99 ยกเว้น F638,F988)",F51,1,1: ในเขต มีชื่อ+อยู่จริง,75 ปีขึ้นไป,2
code,DIAGNOSIS_OPD,เมืองสตูล,09616,โรงพยาบาลส่งเสริมสุขภาพตำบลตำมะลัง,"โรคทางจิตเวชอื่นๆ (F04-F09,F50-F69,F80,F82-F83,F88-F89,F91-F99 ยกเว้น F638,F988)",F55,1,1: ในเขต มีชื่อ+อยู่จริง,0-14 ปี,1
code,DIAGNOSIS_OPD,เมืองสตูล,09616,โรงพยาบาลส่งเสริมสุขภาพตำบลตำมะลัง,"โรคทางจิตเวชอื่นๆ (F04-F09,F50-F69,F80,F82-F83,F88-F89,F91-F99 ยกเว้น F638,F988)",F55,1,1: ในเขต มีชื่อ+อยู่จริง,15-29 ปี,2
code,DIAGNOSIS_OPD,เมืองสตูล,09616,โรงพยาบาลส่งเสริมสุขภาพตำบลตำมะลัง,"โรคทางจิตเวชอื่นๆ (F04-F09,F50-F69,F80,F82-F83,F88-F89,F91-F99 ยกเว้น F638,F988)",F55,1,1: ในเขต มีชื่อ+อยู่จริง,30-44 ปี,2
code,DIAGNOSIS_OPD,เมืองสตูล,09616,โรงพยาบาลส่งเสริมสุขภาพตำบลตำมะลัง,"โรคทางจิตเวชอื่นๆ (F04-F09,F50-F69,F80,F82-F83,F88-F89,F91-F99 ยกเว้น F638,F988)",F55,1,1: ในเขต มีชื่อ+อยู่จริง,45-59 ปี,10
code,DIAGNOSIS_OPD,เมืองสตูล,09616,โรงพยาบาลส่งเสริมสุขภาพตำบลตำมะลัง,"โรคทางจิตเวชอื่นๆ (F04-F09,F50-F69,F80,F82-F83,F88-F89,F91-F99 ยกเว้น F638,F988)",F55,1,1: ในเขต มีชื่อ+อยู่จริง,60-74 ปี,4
code,DIAGNOSIS_OPD,เมืองสตูล,09616,โรงพยาบาลส่งเสริมสุขภาพตำบลตำมะลัง,"โรคทางจิตเวชอื่นๆ (F04-F09,F50-F69,F80,F82-F83,F88-F89,F91-F99 ยกเว้น F638,F988)",F55,1,1: ในเขต มีชื่อ+อยู่จริง,75 ปีขึ้นไป,2
code,DIAGNOSIS_OPD,เมืองสตูล,09616,โรงพยาบาลส่งเสริมสุขภาพตำบลตำมะลัง,"โรคทางจิตเวชอื่นๆ (F04-F09,F50-F69,F80,F82-F83,F88-F89,F91-F99 ยกเว้น F638,F988)",F55,2,2: ในเขต มีชื่อ แต่ไม่อยู่จริง,30-44 ปี,2
code,DIAGNOSIS_OPD,เมืองสตูล,09616,โรงพยาบาลส่งเสริมสุขภาพตำบลตำมะลัง,"โรคทางจิตเวชอื่นๆ (F04-F09,F50-F69,F80,F82-F83,F88-F89,F91-F99 ยกเว้น F638,F988)",F55,2,2: ในเขต มีชื่อ แต่ไม่อยู่จริง,45-59 ปี,1
code,DIAGNOSIS_OPD,เมืองสตูล,09616,โรงพยาบาลส่งเสริมสุขภาพตำบลตำมะลัง,"โรคทางจิตเวชอื่นๆ (F04-F09,F50-F69,F80,F82-F83,F88-F89,F91-F99 ยกเว้น F638,F988)",F55,4,4: นอกเขต มารับบริการ/เคยอยู่ในเขต,45-59 ปี,1
code,DIAGNOSIS_OPD,เมืองสตูล,09616,โรงพยาบาลส่งเสริมสุขภาพตำบลตำมะลัง,โรควิตกกังวล (F40-F48),F41,1,1: ในเขต มีชื่อ+อยู่จริง,15-29 ปี,1
code,DIAGNOSIS_OPD,เมืองสตูล,09616,โรงพยาบาลส่งเสริมสุขภาพตำบลตำมะลัง,โรควิตกกังวล (F40-F48),F41,1,1: ในเขต มีชื่อ+อยู่จริง,45-59 ปี,1
code,DIAGNOSIS_OPD,เมืองสตูล,09616,โรงพยาบาลส่งเสริมสุขภาพตำบลตำมะลัง,โรควิตกกังวล (F40-F48),F41,4,4: นอกเขต มารับบริการ/เคยอยู่ในเขต,45-59 ปี,1
code,DIAGNOSIS_OPD,เมืองสตูล,09616,โรงพยาบาลส่งเสริมสุขภาพตำบลตำมะลัง,โรควิตกกังวล (F40-F48),F48,1,1: ในเขต มีชื่อ+อยู่จริง,0-14 ปี,1
code,DIAGNOSIS_OPD,เมืองสตูล,09606,โรงพยาบาลส่งเสริมสุขภาพตำบลบ้านควน,"ติดสารเสพติดอื่นๆ (F11,F12,F13,F14,F16,F17,F18,F19)",F12,4,4: นอกเขต มารับบริการ/เคยอยู่ในเขต,15-29 ปี,1
code,DIAGNOSIS_OPD,เมืองสตูล,09606,โรงพยาบาลส่งเสริมสุขภาพตำบลบ้านควน,"ติดสารเสพติดอื่นๆ (F11,F12,F13,F14,F16,F17,F18,F19)",F19,2,2: ในเขต มีชื่อ แต่ไม่อยู่จริง,30-44 ปี,1
code,DIAGNOSIS_OPD,เมืองสตูล,09606,โรงพยาบาลส่งเสริมสุขภาพตำบลบ้านควน,โรคจิตอื่นๆ (F21-F29),F29,1,1: ในเขต มีชื่อ+อยู่จริง,30-44 ปี,1
code,DIAGNOSIS_OPD,เมืองสตูล,09606,โรงพยาบาลส่งเสริมสุขภาพตำบลบ้านควน,โรคจิตเภท (F20),F20,1,1: ในเขต มีชื่อ+อยู่จริง,30-44 ปี,7
code,DIAGNOSIS_OPD,เมืองสตูล,09606,โรงพยาบาลส่งเสริมสุขภาพตำบลบ้านควน,โรคจิตเภท (F20),F20,1,1: ในเขต มีชื่อ+อยู่จริง,45-59 ปี,3
code,DIAGNOSIS_OPD,เมืองสตูล,09606,โรงพยาบาลส่งเสริมสุขภาพตำบลบ้านควน,โรคจิตเภท (F20),F20,2,2: ในเขต มีชื่อ แต่ไม่อยู่จริง,15-29 ปี,1
code,DIAGNOSIS_OPD,เมืองสตูล,09606,โรงพยาบาลส่งเสริมสุขภาพตำบลบ้านควน,โรคจิตเภท (F20),F20,2,2: ในเขต มีชื่อ แต่ไม่อยู่จริง,30-44 ปี,2
code,DIAGNOSIS_OPD,เมืองสตูล,09606,โรงพยาบาลส่งเสริมสุขภาพตำบลบ้านควน,โรคจิตเภท (F20),F20,3,3: อาศัยในเขต ทะเบียนบ้านอยู่นอกเขต,30-44 ปี,1
code,DIAGNOSIS_OPD,เมืองสตูล,09606,โรงพยาบาลส่งเสริมสุขภาพตำบลบ้านควน,โรคจิตเภท (F20),F20,4,4: นอกเขต มารับบริการ/เคยอยู่ในเขต,15-29 ปี,5
code,DIAGNOSIS_OPD,เมืองสตูล,09606,โรงพยาบาลส่งเสริมสุขภาพตำบลบ้านควน,โรคจิตเภท (F20),F20,4,4: นอกเขต มารับบริการ/เคยอยู่ในเขต,30-44 ปี,13
code,DIAGNOSIS_OPD,เมืองสตูล,09606,โรงพยาบาลส่งเสริมสุขภาพตำบลบ้านควน,โรคจิตเภท (F20),F20,4,4: นอกเขต มารับบริการ/เคยอยู่ในเขต,45-59 ปี,4
code,DIAGNOSIS_OPD,เมืองสตูล,09606,โรงพยาบาลส่งเสริมสุขภาพตำบลบ้านควน,"โรคทางจิตเวชอื่นๆ (F04-F09,F50-F69,F80,F82-F83,F88-F89,F91-F99 ยกเว้น F638,F988)",F51,1,1: ในเขต มีชื่อ+อยู่จริง,30-44 ปี,1
code,DIAGNOSIS_OPD,เมืองสตูล,09606,โรงพยาบาลส่งเสริมสุขภาพตำบลบ้านควน,"โรคทางจิตเวชอื่นๆ (F04-F09,F50-F69,F80,F82-F83,F88-F89,F91-F99 ยกเว้น F638,F988)",F51,1,1: ในเขต มีชื่อ+อยู่จริง,60-74 ปี,1
code,DIAGNOSIS_OPD,เมืองสตูล,09606,โรงพยาบาลส่งเสริมสุขภาพตำบลบ้านควน,"โรคทางจิตเวชอื่นๆ (F04-F09,F50-F69,F80,F82-F83,F88-F89,F91-F99 ยกเว้น F638,F988)",F51,1,1: ในเขต มีชื่อ+อยู่จริง,75 ปีขึ้นไป,1
code,DIAGNOSIS_OPD,เมืองสตูล,09607,โรงพยาบาลส่งเสริมสุขภาพตำบลบ้านควน ตำบลบ้านควน,โรคจิตอื่นๆ (F21-F29),F29,1,1: ในเขต มีชื่อ+อยู่จริง,15-29 ปี,1
code,DIAGNOSIS_OPD,เมืองสตูล,09607,โรงพยาบาลส่งเสริมสุขภาพตำบลบ้านควน ตำบลบ้านควน,โรคจิตอื่นๆ (F21-F29),F29,1,1: ในเขต มีชื่อ+อยู่จริง,30-44 ปี,2
code,DIAGNOSIS_OPD,เมืองสตูล,09607,โรงพยาบาลส่งเสริมสุขภาพตำบลบ้านควน ตำบลบ้านควน,โรคจิตเภท (F20),F20,1,1: ในเขต มีชื่อ+อยู่จริง,15-29 ปี,4
code,DIAGNOSIS_OPD,เมืองสตูล,09607,โรงพยาบาลส่งเสริมสุขภาพตำบลบ้านควน ตำบลบ้านควน,โรคจิตเภท (F20),F20,1,1: ในเขต มีชื่อ+อยู่จริง,30-44 ปี,12
code,DIAGNOSIS_OPD,เมืองสตูล,09607,โรงพยาบาลส่งเสริมสุขภาพตำบลบ้านควน ตำบลบ้านควน,โรคจิตเภท (F20),F20,1,1: ในเขต มีชื่อ+อยู่จริง,45-59 ปี,2
code,DIAGNOSIS_OPD,เมืองสตูล,09607,โรงพยาบาลส่งเสริมสุขภาพตำบลบ้านควน ตำบลบ้านควน,โรคจิตเภท (F20),F20,2,2: ในเขต มีชื่อ แต่ไม่อยู่จริง,30-44 ปี,1
code,DIAGNOSIS_OPD,เมืองสตูล,09607,โรงพยาบาลส่งเสริมสุขภาพตำบลบ้านควน ตำบลบ้านควน,โรคจิตเภท (F20),F20,4,4: นอกเขต มารับบริการ/เคยอยู่ในเขต,30-44 ปี,1
code,DIAGNOSIS_OPD,เมืองสตูล,09607,โรงพยาบาลส่งเสริมสุขภาพตำบลบ้านควน ตำบลบ้านควน,โรคจิตเภท (F20),F20,4,4: นอกเขต มารับบริการ/เคยอยู่ในเขต,45-59 ปี,1
code,DIAGNOSIS_OPD,เมืองสตูล,09607,โรงพยาบาลส่งเสริมสุขภาพตำบลบ้านควน ตำบลบ้านควน,"โรคทางจิตเวชอื่นๆ (F04-F09,F50-F69,F80,F82-F83,F88-F89,F91-F99 ยกเว้น F638,F988)",F51,1,1: ในเขต มีชื่อ+อยู่จริง,45-59 ปี,2
code,DIAGNOSIS_OPD,เมืองสตูล,09607,โรงพยาบาลส่งเสริมสุขภาพตำบลบ้านควน ตำบลบ้านควน,"โรคทางจิตเวชอื่นๆ (F04-F09,F50-F69,F80,F82-F83,F88-F89,F91-F99 ยกเว้น F638,F988)",F55,1,1: ในเขต มีชื่อ+อยู่จริง,0-14 ปี,1
code,DIAGNOSIS_OPD,เมืองสตูล,09607,โรงพยาบาลส่งเสริมสุขภาพตำบลบ้านควน ตำบลบ้านควน,โรคลมชัก (G40-G41),G40,2,2: ในเขต มีชื่อ แต่ไม่อยู่จริง,0-14 ปี,1
code,DIAGNOSIS_OPD,เมืองสตูล,09608,โรงพยาบาลส่งเสริมสุขภาพตำบลบ้านฉลุง ตำบลฉลุง,"ติดสารเสพติดอื่นๆ (F11,F12,F13,F14,F16,F17,F18,F19)",F19,1,1: ในเขต มีชื่อ+อยู่จริง,30-44 ปี,1
code,DIAGNOSIS_OPD,เมืองสตูล,09608,โรงพยาบาลส่งเสริมสุขภาพตำบลบ้านฉลุง ตำบลฉลุง,"ติดสารเสพติดอื่นๆ (F11,F12,F13,F14,F16,F17,F18,F19)",F19,2,2: ในเขต มีชื่อ แต่ไม่อยู่จริง,15-29 ปี,1
code,DIAGNOSIS_OPD,เมืองสตูล,09608,โรงพยาบาลส่งเสริมสุขภาพตำบลบ้านฉลุง ตำบลฉลุง,"ติดสารเสพติดอื่นๆ (F11,F12,F13,F14,F16,F17,F18,F19)",F19,2,2: ในเขต มีชื่อ แต่ไม่อยู่จริง,30-44 ปี,1
code,DIAGNOSIS_OPD,เมืองสตูล,09608,โรงพยาบาลส่งเสริมสุขภาพตำบลบ้านฉลุง ตำบลฉลุง,โรคจิตอื่นๆ (F21-F29),F29,1,1: ในเขต มีชื่อ+อยู่จริง,30-44 ปี,1
code,DIAGNOSIS_OPD,เมืองสตูล,09608,โรงพยาบาลส่งเสริมสุขภาพตำบลบ้านฉลุง ตำบลฉลุง,โรคจิตเภท (F20),F20,1,1: ในเขต มีชื่อ+อยู่จริง,15-29 ปี,3
code,DIAGNOSIS_OPD,เมืองสตูล,09608,โรงพยาบาลส่งเสริมสุขภาพตำบลบ้านฉลุง ตำบลฉลุง,โรคจิตเภท (F20),F20,1,1: ในเขต มีชื่อ+อยู่จริง,30-44 ปี,8
code,DIAGNOSIS_OPD,เมืองสตูล,09608,โรงพยาบาลส่งเสริมสุขภาพตำบลบ้านฉลุง ตำบลฉลุง,โรคจิตเภท (F20),F20,1,1: ในเขต มีชื่อ+อยู่จริง,45-59 ปี,1
code,DIAGNOSIS_OPD,เมืองสตูล,09608,โรงพยาบาลส่งเสริมสุขภาพตำบลบ้านฉลุง ตำบลฉลุง,โรคจิตเภท (F20),F20,2,2: ในเขต มีชื่อ แต่ไม่อยู่จริง,15-29 ปี,1
code,DIAGNOSIS_OPD,เมืองสตูล,09608,โรงพยาบาลส่งเสริมสุขภาพตำบลบ้านฉลุง ตำบลฉลุง,โรคจิตเภท (F20),F20,2,2: ในเขต มีชื่อ แต่ไม่อยู่จริง,30-44 ปี,2
code,DIAGNOSIS_OPD,เมืองสตูล,09608,โรงพยาบาลส่งเสริมสุขภาพตำบลบ้านฉลุง ตำบลฉลุง,โรคจิตเภท (F20),F20,2,2: ในเขต มีชื่อ แต่ไม่อยู่จริง,45-59 ปี,2
code,DIAGNOSIS_OPD,เมืองสตูล,09608,โรงพยาบาลส่งเสริมสุขภาพตำบลบ้านฉลุง ตำบลฉลุง,โรคจิตเภท (F20),F20,2,2: ในเขต มีชื่อ แต่ไม่อยู่จริง,60-74 ปี,2
code,DIAGNOSIS_OPD,เมืองสตูล,09608,โรงพยาบาลส่งเสริมสุขภาพตำบลบ้านฉลุง ตำบลฉลุง,โรคจิตเภท (F20),F20,4,4: นอกเขต มารับบริการ/เคยอยู่ในเขต,30-44 ปี,2
code,DIAGNOSIS_OPD,เมืองสตูล,09608,โรงพยาบาลส่งเสริมสุขภาพตำบลบ้านฉลุง ตำบลฉลุง,"โรคทางจิตเวชอื่นๆ (F04-F09,F50-F69,F80,F82-F83,F88-F89,F91-F99 ยกเว้น F638,F988)",F06,1,1: ในเขต มีชื่อ+อยู่จริง,15-29 ปี,1
code,DIAGNOSIS_OPD,เมืองสตูล,09608,โรงพยาบาลส่งเสริมสุขภาพตำบลบ้านฉลุง ตำบลฉลุง,"โรคทางจิตเวชอื่นๆ (F04-F09,F50-F69,F80,F82-F83,F88-F89,F91-F99 ยกเว้น F638,F988)",F06,1,1: ในเขต มีชื่อ+อยู่จริง,30-44 ปี,1
code,DIAGNOSIS_OPD,เมืองสตูล,09608,โรงพยาบาลส่งเสริมสุขภาพตำบลบ้านฉลุง ตำบลฉลุง,"โรคทางจิตเวชอื่นๆ (F04-F09,F50-F69,F80,F82-F83,F88-F89,F91-F99 ยกเว้น F638,F988)",F06,1,1: ในเขต มีชื่อ+อยู่จริง,45-59 ปี,1
code,DIAGNOSIS_OPD,เมืองสตูล,09608,โรงพยาบาลส่งเสริมสุขภาพตำบลบ้านฉลุง ตำบลฉลุง,"โรคทางจิตเวชอื่นๆ (F04-F09,F50-F69,F80,F82-F83,F88-F89,F91-F99 ยกเว้น F638,F988)",F51,1,1: ในเขต มีชื่อ+อยู่จริง,60-74 ปี,1
code,DIAGNOSIS_OPD,เมืองสตูล,09608,โรงพยาบาลส่งเสริมสุขภาพตำบลบ้านฉลุง ตำบลฉลุง,โรควิตกกังวล (F40-F48),F41,1,1: ในเขต มีชื่อ+อยู่จริง,60-74 ปี,1
code,DIAGNOSIS_OPD,เมืองสตูล,09608,โรงพยาบาลส่งเสริมสุขภาพตำบลบ้านฉลุง ตำบลฉลุง,โรควิตกกังวล (F40-F48),F45,1,1: ในเขต มีชื่อ+อยู่จริง,0-14 ปี,1
code,DIAGNOSIS_OPD,เมืองสตูล,09608,โรงพยาบาลส่งเสริมสุขภาพตำบลบ้านฉลุง ตำบลฉลุง,โรควิตกกังวล (F40-F48),F45,1,1: ในเขต มีชื่อ+อยู่จริง,75 ปีขึ้นไป,1
code,DIAGNOSIS_OPD,เมืองสตูล,09608,โรงพยาบาลส่งเสริมสุขภาพตำบลบ้านฉลุง ตำบลฉลุง,โรควิตกกังวล (F40-F48),F45,4,4: นอกเขต มารับบริการ/เคยอยู่ในเขต,45-59 ปี,1
code,DIAGNOSIS_OPD,เมืองสตูล,09608,โรงพยาบาลส่งเสริมสุขภาพตำบลบ้านฉลุง ตำบลฉลุง,โรควิตกกังวล (F40-F48),F48,1,1: ในเขต มีชื่อ+อยู่จริง,75 ปีขึ้นไป,1
code,DIAGNOSIS_OPD,เมืองสตูล,09608,โรงพยาบาลส่งเสริมสุขภาพตำบลบ้านฉลุง ตำบลฉลุง,โรควิตกกังวล (F40-F48),F48,4,4: นอกเขต มารับบริการ/เคยอยู่ในเขต,0-14 ปี,1
code,DIAGNOSIS_OPD,เมืองสตูล,09608,โรงพยาบาลส่งเสริมสุขภาพตำบลบ้านฉลุง ตำบลฉลุง,โรควิตกกังวล (F40-F48),F48,4,4: นอกเขต มารับบริการ/เคยอยู่ในเขต,45-59 ปี,1
code,DIAGNOSIS_OPD,เมืองสตูล,09608,โรงพยาบาลส่งเสริมสุขภาพตำบลบ้านฉลุง ตำบลฉลุง,โรคสมองเสื่อม (F00-F03),F03,1,1: ในเขต มีชื่อ+อยู่จริง,75 ปีขึ้นไป,2
code,DIAGNOSIS_OPD,เมืองสตูล,09610,โรงพยาบาลส่งเสริมสุขภาพตำบลบ้านตันหยงกลิงตำบลเกาะสาหร่าย,"โรคทางจิตเวชอื่นๆ (F04-F09,F50-F69,F80,F82-F83,F88-F89,F91-F99 ยกเว้น F638,F988)",F50,1,1: ในเขต มีชื่อ+อยู่จริง,60-74 ปี,1
code,DIAGNOSIS_OPD,เมืองสตูล,09610,โรงพยาบาลส่งเสริมสุขภาพตำบลบ้านตันหยงกลิงตำบลเกาะสาหร่าย,"โรคทางจิตเวชอื่นๆ (F04-F09,F50-F69,F80,F82-F83,F88-F89,F91-F99 ยกเว้น F638,F988)",F50,2,2: ในเขต มีชื่อ แต่ไม่อยู่จริง,60-74 ปี,1
code,DIAGNOSIS_OPD,เมืองสตูล,09610,โรงพยาบาลส่งเสริมสุขภาพตำบลบ้านตันหยงกลิงตำบลเกาะสาหร่าย,"โรคทางจิตเวชอื่นๆ (F04-F09,F50-F69,F80,F82-F83,F88-F89,F91-F99 ยกเว้น F638,F988)",F50,2,2: ในเขต มีชื่อ แต่ไม่อยู่จริง,75 ปีขึ้นไป,1
code,DIAGNOSIS_OPD,เมืองสตูล,09610,โรงพยาบาลส่งเสริมสุขภาพตำบลบ้านตันหยงกลิงตำบลเกาะสาหร่าย,"โรคทางจิตเวชอื่นๆ (F04-F09,F50-F69,F80,F82-F83,F88-F89,F91-F99 ยกเว้น F638,F988)",F51,1,1: ในเขต มีชื่อ+อยู่จริง,60-74 ปี,1
code,DIAGNOSIS_OPD,เมืองสตูล,09610,โรงพยาบาลส่งเสริมสุขภาพตำบลบ้านตันหยงกลิงตำบลเกาะสาหร่าย,โรควิตกกังวล (F40-F48),F45,1,1: ในเขต มีชื่อ+อยู่จริง,15-29 ปี,2
code,DIAGNOSIS_OPD,เมืองสตูล,09610,โรงพยาบาลส่งเสริมสุขภาพตำบลบ้านตันหยงกลิงตำบลเกาะสาหร่าย,โรควิตกกังวล (F40-F48),F45,1,1: ในเขต มีชื่อ+อยู่จริง,30-44 ปี,3
code,DIAGNOSIS_OPD,เมืองสตูล,09610,โรงพยาบาลส่งเสริมสุขภาพตำบลบ้านตันหยงกลิงตำบลเกาะสาหร่าย,โรควิตกกังวล (F40-F48),F45,1,1: ในเขต มีชื่อ+อยู่จริง,45-59 ปี,9
code,DIAGNOSIS_OPD,เมืองสตูล,09610,โรงพยาบาลส่งเสริมสุขภาพตำบลบ้านตันหยงกลิงตำบลเกาะสาหร่าย,โรควิตกกังวล (F40-F48),F45,1,1: ในเขต มีชื่อ+อยู่จริง,60-74 ปี,4
code,DIAGNOSIS_OPD,เมืองสตูล,09610,โรงพยาบาลส่งเสริมสุขภาพตำบลบ้านตันหยงกลิงตำบลเกาะสาหร่าย,โรควิตกกังวล (F40-F48),F45,1,1: ในเขต มีชื่อ+อยู่จริง,75 ปีขึ้นไป,4
code,DIAGNOSIS_OPD,เมืองสตูล,09610,โรงพยาบาลส่งเสริมสุขภาพตำบลบ้านตันหยงกลิงตำบลเกาะสาหร่าย,โรควิตกกังวล (F40-F48),F45,2,2: ในเขต มีชื่อ แต่ไม่อยู่จริง,15-29 ปี,1
code,DIAGNOSIS_OPD,เมืองสตูล,09610,โรงพยาบาลส่งเสริมสุขภาพตำบลบ้านตันหยงกลิงตำบลเกาะสาหร่าย,โรควิตกกังวล (F40-F48),F45,2,2: ในเขต มีชื่อ แต่ไม่อยู่จริง,30-44 ปี,5
code,DIAGNOSIS_OPD,เมืองสตูล,09610,โรงพยาบาลส่งเสริมสุขภาพตำบลบ้านตันหยงกลิงตำบลเกาะสาหร่าย,โรควิตกกังวล (F40-F48),F45,2,2: ในเขต มีชื่อ แต่ไม่อยู่จริง,45-59 ปี,2
code,DIAGNOSIS_OPD,เมืองสตูล,09609,โรงพยาบาลส่งเสริมสุขภาพตำบลบ้านทุ่ง ตำบลฉลุง,โรคจิตเภท (F20),F20,1,1: ในเขต มีชื่อ+อยู่จริง,30-44 ปี,5
code,DIAGNOSIS_OPD,เมืองสตูล,09609,โรงพยาบาลส่งเสริมสุขภาพตำบลบ้านทุ่ง ตำบลฉลุง,โรคจิตเภท (F20),F20,2,2: ในเขต มีชื่อ แต่ไม่อยู่จริง,15-29 ปี,1
code,DIAGNOSIS_OPD,เมืองสตูล,09609,โรงพยาบาลส่งเสริมสุขภาพตำบลบ้านทุ่ง ตำบลฉลุง,โรคจิตเภท (F20),F20,4,4: นอกเขต มารับบริการ/เคยอยู่ในเขต,30-44 ปี,1
code,DIAGNOSIS_OPD,เมืองสตูล,09609,โรงพยาบาลส่งเสริมสุขภาพตำบลบ้านทุ่ง ตำบลฉลุง,โรคจิตเภท (F20),F20,4,4: นอกเขต มารับบริการ/เคยอยู่ในเขต,60-74 ปี,1
code,DIAGNOSIS_OPD,เมืองสตูล,09609,โรงพยาบาลส่งเสริมสุขภาพตำบลบ้านทุ่ง ตำบลฉลุง,"โรคทางจิตเวชอื่นๆ (F04-F09,F50-F69,F80,F82-F83,F88-F89,F91-F99 ยกเว้น F638,F988)",F51,1,1: ในเขต มีชื่อ+อยู่จริง,30-44 ปี,1
code,DIAGNOSIS_OPD,เมืองสตูล,09609,โรงพยาบาลส่งเสริมสุขภาพตำบลบ้านทุ่ง ตำบลฉลุง,โรควิตกกังวล (F40-F48),F41,1,1: ในเขต มีชื่อ+อยู่จริง,0-14 ปี,1
code,DIAGNOSIS_OPD,เมืองสตูล,09609,โรงพยาบาลส่งเสริมสุขภาพตำบลบ้านทุ่ง ตำบลฉลุง,โรควิตกกังวล (F40-F48),F41,1,1: ในเขต มีชื่อ+อยู่จริง,15-29 ปี,1
code,DIAGNOSIS_OPD,เมืองสตูล,09609,โรงพยาบาลส่งเสริมสุขภาพตำบลบ้านทุ่ง ตำบลฉลุง,โรควิตกกังวล (F40-F48),F41,4,4: นอกเขต มารับบริการ/เคยอยู่ในเขต,30-44 ปี,1
code,DIAGNOSIS_OPD,เมืองสตูล,09615,โรงพยาบาลส่งเสริมสุขภาพตำบลบ้านปาเต๊ะ ตำบลเจ๊ะบิลัง,โรคจิตเภท (F20),F20,1,1: ในเขต มีชื่อ+อยู่จริง,15-29 ปี,3
code,DIAGNOSIS_OPD,เมืองสตูล,09615,โรงพยาบาลส่งเสริมสุขภาพตำบลบ้านปาเต๊ะ ตำบลเจ๊ะบิลัง,โรคจิตเภท (F20),F20,1,1: ในเขต มีชื่อ+อยู่จริง,30-44 ปี,5
code,DIAGNOSIS_OPD,เมืองสตูล,09615,โรงพยาบาลส่งเสริมสุขภาพตำบลบ้านปาเต๊ะ ตำบลเจ๊ะบิลัง,โรคจิตเภท (F20),F20,1,1: ในเขต มีชื่อ+อยู่จริง,45-59 ปี,1
code,DIAGNOSIS_OPD,เมืองสตูล,09615,โรงพยาบาลส่งเสริมสุขภาพตำบลบ้านปาเต๊ะ ตำบลเจ๊ะบิลัง,โรคจิตเภท (F20),F20,2,2: ในเขต มีชื่อ แต่ไม่อยู่จริง,45-59 ปี,2
code,DIAGNOSIS_OPD,เมืองสตูล,09615,โรงพยาบาลส่งเสริมสุขภาพตำบลบ้านปาเต๊ะ ตำบลเจ๊ะบิลัง,"โรคทางจิตเวชอื่นๆ (F04-F09,F50-F69,F80,F82-F83,F88-F89,F91-F99 ยกเว้น F638,F988)",F06,2,2: ในเขต มีชื่อ แต่ไม่อยู่จริง,45-59 ปี,1
code,DIAGNOSIS_OPD,เมืองสตูล,09615,โรงพยาบาลส่งเสริมสุขภาพตำบลบ้านปาเต๊ะ ตำบลเจ๊ะบิลัง,"โรคทางจิตเวชอื่นๆ (F04-F09,F50-F69,F80,F82-F83,F88-F89,F91-F99 ยกเว้น F638,F988)",F51,1,1: ในเขต มีชื่อ+อยู่จริง,45-59 ปี,1
code,DIAGNOSIS_OPD,เมืองสตูล,09615,โรงพยาบาลส่งเสริมสุขภาพตำบลบ้านปาเต๊ะ ตำบลเจ๊ะบิลัง,"โรคทางจิตเวชอื่นๆ (F04-F09,F50-F69,F80,F82-F83,F88-F89,F91-F99 ยกเว้น F638,F988)",F55,1,1: ในเขต มีชื่อ+อยู่จริง,45-59 ปี,1
code,DIAGNOSIS_OPD,เมืองสตูล,09615,โรงพยาบาลส่งเสริมสุขภาพตำบลบ้านปาเต๊ะ ตำบลเจ๊ะบิลัง,โรควิตกกังวล (F40-F48),F48,1,1: ในเขต มีชื่อ+อยู่จริง,0-14 ปี,6
code,DIAGNOSIS_OPD,เมืองสตูล,09615,โรงพยาบาลส่งเสริมสุขภาพตำบลบ้านปาเต๊ะ ตำบลเจ๊ะบิลัง,โรควิตกกังวล (F40-F48),F48,1,1: ในเขต มีชื่อ+อยู่จริง,15-29 ปี,1
code,DIAGNOSIS_OPD,เมืองสตูล,09615,โรงพยาบาลส่งเสริมสุขภาพตำบลบ้านปาเต๊ะ ตำบลเจ๊ะบิลัง,โรควิตกกังวล (F40-F48),F48,1,1: ในเขต มีชื่อ+อยู่จริง,30-44 ปี,9
code,DIAGNOSIS_OPD,เมืองสตูล,09615,โรงพยาบาลส่งเสริมสุขภาพตำบลบ้านปาเต๊ะ ตำบลเจ๊ะบิลัง,โรควิตกกังวล (F40-F48),F48,1,1: ในเขต มีชื่อ+อยู่จริง,45-59 ปี,17
code,DIAGNOSIS_OPD,เมืองสตูล,09615,โรงพยาบาลส่งเสริมสุขภาพตำบลบ้านปาเต๊ะ ตำบลเจ๊ะบิลัง,โรควิตกกังวล (F40-F48),F48,1,1: ในเขต มีชื่อ+อยู่จริง,60-74 ปี,17
code,DIAGNOSIS_OPD,เมืองสตูล,09615,โรงพยาบาลส่งเสริมสุขภาพตำบลบ้านปาเต๊ะ ตำบลเจ๊ะบิลัง,โรควิตกกังวล (F40-F48),F48,1,1: ในเขต มีชื่อ+อยู่จริง,75 ปีขึ้นไป,9
code,DIAGNOSIS_OPD,เมืองสตูล,09615,โรงพยาบาลส่งเสริมสุขภาพตำบลบ้านปาเต๊ะ ตำบลเจ๊ะบิลัง,โรควิตกกังวล (F40-F48),F48,2,2: ในเขต มีชื่อ แต่ไม่อยู่จริง,15-29 ปี,1
code,DIAGNOSIS_OPD,เมืองสตูล,09615,โรงพยาบาลส่งเสริมสุขภาพตำบลบ้านปาเต๊ะ ตำบลเจ๊ะบิลัง,โรควิตกกังวล (F40-F48),F48,2,2: ในเขต มีชื่อ แต่ไม่อยู่จริง,30-44 ปี,1
code,DIAGNOSIS_OPD,เมืองสตูล,09615,โรงพยาบาลส่งเสริมสุขภาพตำบลบ้านปาเต๊ะ ตำบลเจ๊ะบิลัง,โรควิตกกังวล (F40-F48),F48,2,2: ในเขต มีชื่อ แต่ไม่อยู่จริง,45-59 ปี,1
code,DIAGNOSIS_OPD,เมืองสตูล,09615,โรงพยาบาลส่งเสริมสุขภาพตำบลบ้านปาเต๊ะ ตำบลเจ๊ะบิลัง,โรควิตกกังวล (F40-F48),F48,2,2: ในเขต มีชื่อ แต่ไม่อยู่จริง,60-74 ปี,1
code,DIAGNOSIS_OPD,เมืองสตูล,09615,โรงพยาบาลส่งเสริมสุขภาพตำบลบ้านปาเต๊ะ ตำบลเจ๊ะบิลัง,โรควิตกกังวล (F40-F48),F48,2,2: ในเขต มีชื่อ แต่ไม่อยู่จริง,75 ปีขึ้นไป,1
code,DIAGNOSIS_OPD,เมืองสตูล,09615,โรงพยาบาลส่งเสริมสุขภาพตำบลบ้านปาเต๊ะ ตำบลเจ๊ะบิลัง,โรควิตกกังวล (F40-F48),F48,3,3: อาศัยในเขต ทะเบียนบ้านอยู่นอกเขต,0-14 ปี,1
code,DIAGNOSIS_OPD,เมืองสตูล,09615,โรงพยาบาลส่งเสริมสุขภาพตำบลบ้านปาเต๊ะ ตำบลเจ๊ะบิลัง,โรควิตกกังวล (F40-F48),F48,3,3: อาศัยในเขต ทะเบียนบ้านอยู่นอกเขต,45-59 ปี,1
code,DIAGNOSIS_OPD,เมืองสตูล,09615,โรงพยาบาลส่งเสริมสุขภาพตำบลบ้านปาเต๊ะ ตำบลเจ๊ะบิลัง,โรควิตกกังวล (F40-F48),F48,3,3: อาศัยในเขต ทะเบียนบ้านอยู่นอกเขต,60-74 ปี,1
code,DIAGNOSIS_OPD,เมืองสตูล,09615,โรงพยาบาลส่งเสริมสุขภาพตำบลบ้านปาเต๊ะ ตำบลเจ๊ะบิลัง,โรควิตกกังวล (F40-F48),F48,4,4: นอกเขต มารับบริการ/เคยอยู่ในเขต,0-14 ปี,1
code,DIAGNOSIS_OPD,เมืองสตูล,09615,โรงพยาบาลส่งเสริมสุขภาพตำบลบ้านปาเต๊ะ ตำบลเจ๊ะบิลัง,โรควิตกกังวล (F40-F48),F48,4,4: นอกเขต มารับบริการ/เคยอยู่ในเขต,45-59 ปี,1
code,DIAGNOSIS_OPD,เมืองสตูล,09615,โรงพยาบาลส่งเสริมสุขภาพตำบลบ้านปาเต๊ะ ตำบลเจ๊ะบิลัง,โรควิตกกังวล (F40-F48),F48,4,4: นอกเขต มารับบริการ/เคยอยู่ในเขต,60-74 ปี,1
code,DIAGNOSIS_OPD,เมืองสตูล,09615,โรงพยาบาลส่งเสริมสุขภาพตำบลบ้านปาเต๊ะ ตำบลเจ๊ะบิลัง,โรควิตกกังวล (F40-F48),F48,4,4: นอกเขต มารับบริการ/เคยอยู่ในเขต,75 ปีขึ้นไป,4
code,DIAGNOSIS_OPD,เมืองสตูล,09620,โรงพยาบาลส่งเสริมสุขภาพตำบลบ้านวังพะเนียด ตำบลเกตรี,โรคจิตเภท (F20),F20,1,1: ในเขต มีชื่อ+อยู่จริง,15-29 ปี,5
code,DIAGNOSIS_OPD,เมืองสตูล,09620,โรงพยาบาลส่งเสริมสุขภาพตำบลบ้านวังพะเนียด ตำบลเกตรี,โรคจิตเภท (F20),F20,1,1: ในเขต มีชื่อ+อยู่จริง,30-44 ปี,6
code,DIAGNOSIS_OPD,เมืองสตูล,09620,โรงพยาบาลส่งเสริมสุขภาพตำบลบ้านวังพะเนียด ตำบลเกตรี,โรคจิตเภท (F20),F20,1,1: ในเขต มีชื่อ+อยู่จริง,45-59 ปี,3
code,DIAGNOSIS_OPD,เมืองสตูล,09620,โรงพยาบาลส่งเสริมสุขภาพตำบลบ้านวังพะเนียด ตำบลเกตรี,โรคจิตเภท (F20),F20,1,1: ในเขต มีชื่อ+อยู่จริง,60-74 ปี,2
code,DIAGNOSIS_OPD,เมืองสตูล,09620,โรงพยาบาลส่งเสริมสุขภาพตำบลบ้านวังพะเนียด ตำบลเกตรี,โรคจิตเภท (F20),F20,2,2: ในเขต มีชื่อ แต่ไม่อยู่จริง,30-44 ปี,2
code,DIAGNOSIS_OPD,เมืองสตูล,09620,โรงพยาบาลส่งเสริมสุขภาพตำบลบ้านวังพะเนียด ตำบลเกตรี,โรคจิตเภท (F20),F20,2,2: ในเขต มีชื่อ แต่ไม่อยู่จริง,45-59 ปี,1
code,DIAGNOSIS_OPD,เมืองสตูล,09620,โรงพยาบาลส่งเสริมสุขภาพตำบลบ้านวังพะเนียด ตำบลเกตรี,โรคจิตเภท (F20),F20,4,4: นอกเขต มารับบริการ/เคยอยู่ในเขต,30-44 ปี,1
code,DIAGNOSIS_OPD,เมืองสตูล,09620,โรงพยาบาลส่งเสริมสุขภาพตำบลบ้านวังพะเนียด ตำบลเกตรี,"โรคทางจิตเวชอื่นๆ (F04-F09,F50-F69,F80,F82-F83,F88-F89,F91-F99 ยกเว้น F638,F988)",F51,1,1: ในเขต มีชื่อ+อยู่จริง,45-59 ปี,5
code,DIAGNOSIS_OPD,เมืองสตูล,09620,โรงพยาบาลส่งเสริมสุขภาพตำบลบ้านวังพะเนียด ตำบลเกตรี,"โรคทางจิตเวชอื่นๆ (F04-F09,F50-F69,F80,F82-F83,F88-F89,F91-F99 ยกเว้น F638,F988)",F51,1,1: ในเขต มีชื่อ+อยู่จริง,60-74 ปี,2
code,DIAGNOSIS_OPD,เมืองสตูล,09620,โรงพยาบาลส่งเสริมสุขภาพตำบลบ้านวังพะเนียด ตำบลเกตรี,"โรคทางจิตเวชอื่นๆ (F04-F09,F50-F69,F80,F82-F83,F88-F89,F91-F99 ยกเว้น F638,F988)",F51,1,1: ในเขต มีชื่อ+อยู่จริง,75 ปีขึ้นไป,1
code,DIAGNOSIS_OPD,เมืองสตูล,09620,โรงพยาบาลส่งเสริมสุขภาพตำบลบ้านวังพะเนียด ตำบลเกตรี,"โรคทางจิตเวชอื่นๆ (F04-F09,F50-F69,F80,F82-F83,F88-F89,F91-F99 ยกเว้น F638,F988)",F51,2,2: ในเขต มีชื่อ แต่ไม่อยู่จริง,30-44 ปี,1
code,DIAGNOSIS_OPD,เมืองสตูล,09620,โรงพยาบาลส่งเสริมสุขภาพตำบลบ้านวังพะเนียด ตำบลเกตรี,"โรคทางจิตเวชอื่นๆ (F04-F09,F50-F69,F80,F82-F83,F88-F89,F91-F99 ยกเว้น F638,F988)",F51,2,2: ในเขต มีชื่อ แต่ไม่อยู่จริง,75 ปีขึ้นไป,1
code,DIAGNOSIS_OPD,เมืองสตูล,09620,โรงพยาบาลส่งเสริมสุขภาพตำบลบ้านวังพะเนียด ตำบลเกตรี,โรควิตกกังวล (F40-F48),F48,1,1: ในเขต มีชื่อ+อยู่จริง,0-14 ปี,2
code,DIAGNOSIS_OPD,เมืองสตูล,09620,โรงพยาบาลส่งเสริมสุขภาพตำบลบ้านวังพะเนียด ตำบลเกตรี,โรควิตกกังวล (F40-F48),F48,1,1: ในเขต มีชื่อ+อยู่จริง,15-29 ปี,3
code,DIAGNOSIS_OPD,เมืองสตูล,09620,โรงพยาบาลส่งเสริมสุขภาพตำบลบ้านวังพะเนียด ตำบลเกตรี,โรควิตกกังวล (F40-F48),F48,1,1: ในเขต มีชื่อ+อยู่จริง,30-44 ปี,4
code,DIAGNOSIS_OPD,เมืองสตูล,09620,โรงพยาบาลส่งเสริมสุขภาพตำบลบ้านวังพะเนียด ตำบลเกตรี,โรควิตกกังวล (F40-F48),F48,1,1: ในเขต มีชื่อ+อยู่จริง,45-59 ปี,5
code,DIAGNOSIS_OPD,เมืองสตูล,09620,โรงพยาบาลส่งเสริมสุขภาพตำบลบ้านวังพะเนียด ตำบลเกตรี,โรควิตกกังวล (F40-F48),F48,1,1: ในเขต มีชื่อ+อยู่จริง,60-74 ปี,5
code,DIAGNOSIS_OPD,เมืองสตูล,09620,โรงพยาบาลส่งเสริมสุขภาพตำบลบ้านวังพะเนียด ตำบลเกตรี,โรควิตกกังวล (F40-F48),F48,1,1: ในเขต มีชื่อ+อยู่จริง,75 ปีขึ้นไป,3
code,DIAGNOSIS_OPD,เมืองสตูล,09620,โรงพยาบาลส่งเสริมสุขภาพตำบลบ้านวังพะเนียด ตำบลเกตรี,โรควิตกกังวล (F40-F48),F48,2,2: ในเขต มีชื่อ แต่ไม่อยู่จริง,45-59 ปี,1
code,DIAGNOSIS_OPD,เมืองสตูล,09620,โรงพยาบาลส่งเสริมสุขภาพตำบลบ้านวังพะเนียด ตำบลเกตรี,โรควิตกกังวล (F40-F48),F48,2,2: ในเขต มีชื่อ แต่ไม่อยู่จริง,60-74 ปี,1
code,DIAGNOSIS_OPD,เมืองสตูล,09620,โรงพยาบาลส่งเสริมสุขภาพตำบลบ้านวังพะเนียด ตำบลเกตรี,โรควิตกกังวล (F40-F48),F48,2,2: ในเขต มีชื่อ แต่ไม่อยู่จริง,75 ปีขึ้นไป,2
code,DIAGNOSIS_OPD,เมืองสตูล,09620,โรงพยาบาลส่งเสริมสุขภาพตำบลบ้านวังพะเนียด ตำบลเกตรี,โรควิตกกังวล (F40-F48),F48,3,3: อาศัยในเขต ทะเบียนบ้านอยู่นอกเขต,0-14 ปี,1
code,DIAGNOSIS_OPD,เมืองสตูล,09620,โรงพยาบาลส่งเสริมสุขภาพตำบลบ้านวังพะเนียด ตำบลเกตรี,โรควิตกกังวล (F40-F48),F48,4,4: นอกเขต มารับบริการ/เคยอยู่ในเขต,45-59 ปี,1
code,DIAGNOSIS_OPD,เมืองสตูล,09617,โรงพยาบาลส่งเสริมสุขภาพตำบลบ้านเกาะยาว  ตำบลปูยู,โรคจิตเภท (F20),F20,1,1: ในเขต มีชื่อ+อยู่จริง,15-29 ปี,1
code,DIAGNOSIS_OPD,เมืองสตูล,09617,โรงพยาบาลส่งเสริมสุขภาพตำบลบ้านเกาะยาว  ตำบลปูยู,โรคจิตเภท (F20),F20,1,1: ในเขต มีชื่อ+อยู่จริง,30-44 ปี,2
code,DIAGNOSIS_OPD,เมืองสตูล,09617,โรงพยาบาลส่งเสริมสุขภาพตำบลบ้านเกาะยาว  ตำบลปูยู,โรคจิตเภท (F20),F20,1,1: ในเขต มีชื่อ+อยู่จริง,45-59 ปี,2
code,DIAGNOSIS_OPD,เมืองสตูล,09617,โรงพยาบาลส่งเสริมสุขภาพตำบลบ้านเกาะยาว  ตำบลปูยู,"โรคทางจิตเวชอื่นๆ (F04-F09,F50-F69,F80,F82-F83,F88-F89,F91-F99 ยกเว้น F638,F988)",F05,1,1: ในเขต มีชื่อ+อยู่จริง,75 ปีขึ้นไป,1
code,DIAGNOSIS_OPD,เมืองสตูล,09617,โรงพยาบาลส่งเสริมสุขภาพตำบลบ้านเกาะยาว  ตำบลปูยู,"โรคทางจิตเวชอื่นๆ (F04-F09,F50-F69,F80,F82-F83,F88-F89,F91-F99 ยกเว้น F638,F988)",F06,1,1: ในเขต มีชื่อ+อยู่จริง,60-74 ปี,2
code,DIAGNOSIS_OPD,เมืองสตูล,09617,โรงพยาบาลส่งเสริมสุขภาพตำบลบ้านเกาะยาว  ตำบลปูยู,"โรคทางจิตเวชอื่นๆ (F04-F09,F50-F69,F80,F82-F83,F88-F89,F91-F99 ยกเว้น F638,F988)",F06,2,2: ในเขต มีชื่อ แต่ไม่อยู่จริง,30-44 ปี,1
code,DIAGNOSIS_OPD,เมืองสตูล,09617,โรงพยาบาลส่งเสริมสุขภาพตำบลบ้านเกาะยาว  ตำบลปูยู,"โรคทางจิตเวชอื่นๆ (F04-F09,F50-F69,F80,F82-F83,F88-F89,F91-F99 ยกเว้น F638,F988)",F51,1,1: ในเขต มีชื่อ+อยู่จริง,30-44 ปี,1
code,DIAGNOSIS_OPD,เมืองสตูล,09617,โรงพยาบาลส่งเสริมสุขภาพตำบลบ้านเกาะยาว  ตำบลปูยู,"โรคทางจิตเวชอื่นๆ (F04-F09,F50-F69,F80,F82-F83,F88-F89,F91-F99 ยกเว้น F638,F988)",F55,1,1: ในเขต มีชื่อ+อยู่จริง,60-74 ปี,1
code,DIAGNOSIS_OPD,เมืองสตูล,09617,โรงพยาบาลส่งเสริมสุขภาพตำบลบ้านเกาะยาว  ตำบลปูยู,"โรคทางจิตเวชอื่นๆ (F04-F09,F50-F69,F80,F82-F83,F88-F89,F91-F99 ยกเว้น F638,F988)",F55,1,1: ในเขต มีชื่อ+อยู่จริง,75 ปีขึ้นไป,1
code,DIAGNOSIS_OPD,เมืองสตูล,09617,โรงพยาบาลส่งเสริมสุขภาพตำบลบ้านเกาะยาว  ตำบลปูยู,โรควิตกกังวล (F40-F48),F41,1,1: ในเขต มีชื่อ+อยู่จริง,30-44 ปี,1
code,DIAGNOSIS_OPD,เมืองสตูล,09617,โรงพยาบาลส่งเสริมสุขภาพตำบลบ้านเกาะยาว  ตำบลปูยู,โรควิตกกังวล (F40-F48),F41,1,1: ในเขต มีชื่อ+อยู่จริง,45-59 ปี,1
code,DIAGNOSIS_OPD,เมืองสตูล,09617,โรงพยาบาลส่งเสริมสุขภาพตำบลบ้านเกาะยาว  ตำบลปูยู,โรควิตกกังวล (F40-F48),F41,1,1: ในเขต มีชื่อ+อยู่จริง,60-74 ปี,1
code,DIAGNOSIS_OPD,เมืองสตูล,09617,โรงพยาบาลส่งเสริมสุขภาพตำบลบ้านเกาะยาว  ตำบลปูยู,โรควิตกกังวล (F40-F48),F41,2,2: ในเขต มีชื่อ แต่ไม่อยู่จริง,45-59 ปี,1
code,DIAGNOSIS_OPD,เมืองสตูล,09617,โรงพยาบาลส่งเสริมสุขภาพตำบลบ้านเกาะยาว  ตำบลปูยู,โรควิตกกังวล (F40-F48),F41,2,2: ในเขต มีชื่อ แต่ไม่อยู่จริง,75 ปีขึ้นไป,1
code,DIAGNOSIS_OPD,เมืองสตูล,09619,โรงพยาบาลส่งเสริมสุขภาพตำบลบ้านใหม่ ตำบลควนโพธิ์,"ติดสารเสพติดอื่นๆ (F11,F12,F13,F14,F16,F17,F18,F19)",F17,1,1: ในเขต มีชื่อ+อยู่จริง,30-44 ปี,1
code,DIAGNOSIS_OPD,เมืองสตูล,09619,โรงพยาบาลส่งเสริมสุขภาพตำบลบ้านใหม่ ตำบลควนโพธิ์,โรคจิตอื่นๆ (F21-F29),F29,1,1: ในเขต มีชื่อ+อยู่จริง,15-29 ปี,1
code,DIAGNOSIS_OPD,เมืองสตูล,09619,โรงพยาบาลส่งเสริมสุขภาพตำบลบ้านใหม่ ตำบลควนโพธิ์,โรคจิตเภท (F20),F20,1,1: ในเขต มีชื่อ+อยู่จริง,15-29 ปี,2
code,DIAGNOSIS_OPD,เมืองสตูล,09619,โรงพยาบาลส่งเสริมสุขภาพตำบลบ้านใหม่ ตำบลควนโพธิ์,โรคจิตเภท (F20),F20,1,1: ในเขต มีชื่อ+อยู่จริง,30-44 ปี,4
code,DIAGNOSIS_OPD,เมืองสตูล,09619,โรงพยาบาลส่งเสริมสุขภาพตำบลบ้านใหม่ ตำบลควนโพธิ์,โรคจิตเภท (F20),F20,1,1: ในเขต มีชื่อ+อยู่จริง,45-59 ปี,4
code,DIAGNOSIS_OPD,เมืองสตูล,09619,โรงพยาบาลส่งเสริมสุขภาพตำบลบ้านใหม่ ตำบลควนโพธิ์,โรคจิตเภท (F20),F20,2,2: ในเขต มีชื่อ แต่ไม่อยู่จริง,30-44 ปี,1
code,DIAGNOSIS_OPD,เมืองสตูล,09619,โรงพยาบาลส่งเสริมสุขภาพตำบลบ้านใหม่ ตำบลควนโพธิ์,โรคจิตเภท (F20),F20,2,2: ในเขต มีชื่อ แต่ไม่อยู่จริง,45-59 ปี,1
code,DIAGNOSIS_OPD,เมืองสตูล,09619,โรงพยาบาลส่งเสริมสุขภาพตำบลบ้านใหม่ ตำบลควนโพธิ์,โรคจิตเภท (F20),F20,4,4: นอกเขต มารับบริการ/เคยอยู่ในเขต,45-59 ปี,1
code,DIAGNOSIS_OPD,เมืองสตูล,09619,โรงพยาบาลส่งเสริมสุขภาพตำบลบ้านใหม่ ตำบลควนโพธิ์,โรคจิตเภท (F20),F20,4,4: นอกเขต มารับบริการ/เคยอยู่ในเขต,60-74 ปี,1
code,DIAGNOSIS_OPD,เมืองสตูล,09619,โรงพยาบาลส่งเสริมสุขภาพตำบลบ้านใหม่ ตำบลควนโพธิ์,"โรคทางจิตเวชอื่นๆ (F04-F09,F50-F69,F80,F82-F83,F88-F89,F91-F99 ยกเว้น F638,F988)",F51,1,1: ในเขต มีชื่อ+อยู่จริง,0-14 ปี,1
code,DIAGNOSIS_OPD,เมืองสตูล,09619,โรงพยาบาลส่งเสริมสุขภาพตำบลบ้านใหม่ ตำบลควนโพธิ์,"โรคทางจิตเวชอื่นๆ (F04-F09,F50-F69,F80,F82-F83,F88-F89,F91-F99 ยกเว้น F638,F988)",F51,1,1: ในเขต มีชื่อ+อยู่จริง,15-29 ปี,1
code,DIAGNOSIS_OPD,เมืองสตูล,09619,โรงพยาบาลส่งเสริมสุขภาพตำบลบ้านใหม่ ตำบลควนโพธิ์,"โรคทางจิตเวชอื่นๆ (F04-F09,F50-F69,F80,F82-F83,F88-F89,F91-F99 ยกเว้น F638,F988)",F51,1,1: ในเขต มีชื่อ+อยู่จริง,30-44 ปี,4
code,DIAGNOSIS_OPD,เมืองสตูล,09619,โรงพยาบาลส่งเสริมสุขภาพตำบลบ้านใหม่ ตำบลควนโพธิ์,"โรคทางจิตเวชอื่นๆ (F04-F09,F50-F69,F80,F82-F83,F88-F89,F91-F99 ยกเว้น F638,F988)",F51,1,1: ในเขต มีชื่อ+อยู่จริง,45-59 ปี,18
code,DIAGNOSIS_OPD,เมืองสตูล,09619,โรงพยาบาลส่งเสริมสุขภาพตำบลบ้านใหม่ ตำบลควนโพธิ์,"โรคทางจิตเวชอื่นๆ (F04-F09,F50-F69,F80,F82-F83,F88-F89,F91-F99 ยกเว้น F638,F988)",F51,1,1: ในเขต มีชื่อ+อยู่จริง,60-74 ปี,26
code,DIAGNOSIS_OPD,เมืองสตูล,09619,โรงพยาบาลส่งเสริมสุขภาพตำบลบ้านใหม่ ตำบลควนโพธิ์,"โรคทางจิตเวชอื่นๆ (F04-F09,F50-F69,F80,F82-F83,F88-F89,F91-F99 ยกเว้น F638,F988)",F51,1,1: ในเขต มีชื่อ+อยู่จริง,75 ปีขึ้นไป,7
code,DIAGNOSIS_OPD,เมืองสตูล,09619,โรงพยาบาลส่งเสริมสุขภาพตำบลบ้านใหม่ ตำบลควนโพธิ์,"โรคทางจิตเวชอื่นๆ (F04-F09,F50-F69,F80,F82-F83,F88-F89,F91-F99 ยกเว้น F638,F988)",F51,2,2: ในเขต มีชื่อ แต่ไม่อยู่จริง,30-44 ปี,2
code,DIAGNOSIS_OPD,เมืองสตูล,09619,โรงพยาบาลส่งเสริมสุขภาพตำบลบ้านใหม่ ตำบลควนโพธิ์,"โรคทางจิตเวชอื่นๆ (F04-F09,F50-F69,F80,F82-F83,F88-F89,F91-F99 ยกเว้น F638,F988)",F51,2,2: ในเขต มีชื่อ แต่ไม่อยู่จริง,45-59 ปี,2
code,DIAGNOSIS_OPD,เมืองสตูล,09619,โรงพยาบาลส่งเสริมสุขภาพตำบลบ้านใหม่ ตำบลควนโพธิ์,"โรคทางจิตเวชอื่นๆ (F04-F09,F50-F69,F80,F82-F83,F88-F89,F91-F99 ยกเว้น F638,F988)",F51,2,2: ในเขต มีชื่อ แต่ไม่อยู่จริง,60-74 ปี,2
code,DIAGNOSIS_OPD,เมืองสตูล,09619,โรงพยาบาลส่งเสริมสุขภาพตำบลบ้านใหม่ ตำบลควนโพธิ์,"โรคทางจิตเวชอื่นๆ (F04-F09,F50-F69,F80,F82-F83,F88-F89,F91-F99 ยกเว้น F638,F988)",F51,2,2: ในเขต มีชื่อ แต่ไม่อยู่จริง,75 ปีขึ้นไป,1
code,DIAGNOSIS_OPD,เมืองสตูล,09619,โรงพยาบาลส่งเสริมสุขภาพตำบลบ้านใหม่ ตำบลควนโพธิ์,"โรคทางจิตเวชอื่นๆ (F04-F09,F50-F69,F80,F82-F83,F88-F89,F91-F99 ยกเว้น F638,F988)",F51,3,3: อาศัยในเขต ทะเบียนบ้านอยู่นอกเขต,30-44 ปี,1
code,DIAGNOSIS_OPD,เมืองสตูล,09619,โรงพยาบาลส่งเสริมสุขภาพตำบลบ้านใหม่ ตำบลควนโพธิ์,"โรคทางจิตเวชอื่นๆ (F04-F09,F50-F69,F80,F82-F83,F88-F89,F91-F99 ยกเว้น F638,F988)",F51,4,4: นอกเขต มารับบริการ/เคยอยู่ในเขต,30-44 ปี,3
code,DIAGNOSIS_OPD,เมืองสตูล,09619,โรงพยาบาลส่งเสริมสุขภาพตำบลบ้านใหม่ ตำบลควนโพธิ์,"โรคทางจิตเวชอื่นๆ (F04-F09,F50-F69,F80,F82-F83,F88-F89,F91-F99 ยกเว้น F638,F988)",F55,1,1: ในเขต มีชื่อ+อยู่จริง,0-14 ปี,1
code,DIAGNOSIS_OPD,เมืองสตูล,09619,โรงพยาบาลส่งเสริมสุขภาพตำบลบ้านใหม่ ตำบลควนโพธิ์,โรควิตกกังวล (F40-F48),F48,1,1: ในเขต มีชื่อ+อยู่จริง,0-14 ปี,2
code,DIAGNOSIS_OPD,เมืองสตูล,09619,โรงพยาบาลส่งเสริมสุขภาพตำบลบ้านใหม่ ตำบลควนโพธิ์,โรควิตกกังวล (F40-F48),F48,1,1: ในเขต มีชื่อ+อยู่จริง,30-44 ปี,3
code,DIAGNOSIS_OPD,เมืองสตูล,09619,โรงพยาบาลส่งเสริมสุขภาพตำบลบ้านใหม่ ตำบลควนโพธิ์,โรควิตกกังวล (F40-F48),F48,1,1: ในเขต มีชื่อ+อยู่จริง,45-59 ปี,3
code,DIAGNOSIS_OPD,เมืองสตูล,09619,โรงพยาบาลส่งเสริมสุขภาพตำบลบ้านใหม่ ตำบลควนโพธิ์,โรควิตกกังวล (F40-F48),F48,1,1: ในเขต มีชื่อ+อยู่จริง,60-74 ปี,5
code,DIAGNOSIS_OPD,เมืองสตูล,09619,โรงพยาบาลส่งเสริมสุขภาพตำบลบ้านใหม่ ตำบลควนโพธิ์,โรควิตกกังวล (F40-F48),F48,1,1: ในเขต มีชื่อ+อยู่จริง,75 ปีขึ้นไป,2
code,DIAGNOSIS_OPD,เมืองสตูล,09619,โรงพยาบาลส่งเสริมสุขภาพตำบลบ้านใหม่ ตำบลควนโพธิ์,โรควิตกกังวล (F40-F48),F48,2,2: ในเขต มีชื่อ แต่ไม่อยู่จริง,45-59 ปี,1
code,DIAGNOSIS_OPD,เมืองสตูล,09619,โรงพยาบาลส่งเสริมสุขภาพตำบลบ้านใหม่ ตำบลควนโพธิ์,โรควิตกกังวล (F40-F48),F48,2,2: ในเขต มีชื่อ แต่ไม่อยู่จริง,60-74 ปี,2
code,DIAGNOSIS_OPD,เมืองสตูล,09618,โรงพยาบาลส่งเสริมสุขภาพตำบลปูยู,"ติดสารเสพติดอื่นๆ (F11,F12,F13,F14,F16,F17,F18,F19)",F13,1,1: ในเขต มีชื่อ+อยู่จริง,15-29 ปี,1
code,DIAGNOSIS_OPD,เมืองสตูล,09618,โรงพยาบาลส่งเสริมสุขภาพตำบลปูยู,"ติดสารเสพติดอื่นๆ (F11,F12,F13,F14,F16,F17,F18,F19)",F13,1,1: ในเขต มีชื่อ+อยู่จริง,30-44 ปี,1
code,DIAGNOSIS_OPD,เมืองสตูล,09618,โรงพยาบาลส่งเสริมสุขภาพตำบลปูยู,โรคจิตเภท (F20),F20,1,1: ในเขต มีชื่อ+อยู่จริง,30-44 ปี,6
code,DIAGNOSIS_OPD,เมืองสตูล,09618,โรงพยาบาลส่งเสริมสุขภาพตำบลปูยู,โรคจิตเภท (F20),F20,1,1: ในเขต มีชื่อ+อยู่จริง,45-59 ปี,2
code,DIAGNOSIS_OPD,เมืองสตูล,09618,โรงพยาบาลส่งเสริมสุขภาพตำบลปูยู,โรคจิตเภท (F20),F20,2,2: ในเขต มีชื่อ แต่ไม่อยู่จริง,30-44 ปี,1
code,DIAGNOSIS_OPD,เมืองสตูล,09611,โรงพยาบาลส่งเสริมสุขภาพตำบลเกาะสาหร่าย,"ติดสารเสพติดอื่นๆ (F11,F12,F13,F14,F16,F17,F18,F19)",F12,1,1: ในเขต มีชื่อ+อยู่จริง,30-44 ปี,1
code,DIAGNOSIS_OPD,เมืองสตูล,09611,โรงพยาบาลส่งเสริมสุขภาพตำบลเกาะสาหร่าย,โรคจิตเภท (F20),F20,1,1: ในเขต มีชื่อ+อยู่จริง,30-44 ปี,3
code,DIAGNOSIS_OPD,เมืองสตูล,09611,โรงพยาบาลส่งเสริมสุขภาพตำบลเกาะสาหร่าย,โรคจิตเภท (F20),F20,1,1: ในเขต มีชื่อ+อยู่จริง,45-59 ปี,2
code,DIAGNOSIS_OPD,เมืองสตูล,09611,โรงพยาบาลส่งเสริมสุขภาพตำบลเกาะสาหร่าย,โรคจิตเภท (F20),F20,2,2: ในเขต มีชื่อ แต่ไม่อยู่จริง,30-44 ปี,1
code,DIAGNOSIS_OPD,เมืองสตูล,09611,โรงพยาบาลส่งเสริมสุขภาพตำบลเกาะสาหร่าย,โรคจิตเภท (F20),F20,2,2: ในเขต มีชื่อ แต่ไม่อยู่จริง,45-59 ปี,1
code,DIAGNOSIS_OPD,เมืองสตูล,09611,โรงพยาบาลส่งเสริมสุขภาพตำบลเกาะสาหร่าย,"โรคทางจิตเวชอื่นๆ (F04-F09,F50-F69,F80,F82-F83,F88-F89,F91-F99 ยกเว้น F638,F988)",F05,1,1: ในเขต มีชื่อ+อยู่จริง,75 ปีขึ้นไป,1
code,DIAGNOSIS_OPD,เมืองสตูล,09611,โรงพยาบาลส่งเสริมสุขภาพตำบลเกาะสาหร่าย,"โรคทางจิตเวชอื่นๆ (F04-F09,F50-F69,F80,F82-F83,F88-F89,F91-F99 ยกเว้น F638,F988)",F50,4,4: นอกเขต มารับบริการ/เคยอยู่ในเขต,60-74 ปี,1
code,DIAGNOSIS_OPD,เมืองสตูล,09611,โรงพยาบาลส่งเสริมสุขภาพตำบลเกาะสาหร่าย,"โรคทางจิตเวชอื่นๆ (F04-F09,F50-F69,F80,F82-F83,F88-F89,F91-F99 ยกเว้น F638,F988)",F51,1,1: ในเขต มีชื่อ+อยู่จริง,30-44 ปี,1
code,DIAGNOSIS_OPD,เมืองสตูล,09611,โรงพยาบาลส่งเสริมสุขภาพตำบลเกาะสาหร่าย,"โรคทางจิตเวชอื่นๆ (F04-F09,F50-F69,F80,F82-F83,F88-F89,F91-F99 ยกเว้น F638,F988)",F51,1,1: ในเขต มีชื่อ+อยู่จริง,45-59 ปี,2
code,DIAGNOSIS_OPD,เมืองสตูล,09611,โรงพยาบาลส่งเสริมสุขภาพตำบลเกาะสาหร่าย,"โรคทางจิตเวชอื่นๆ (F04-F09,F50-F69,F80,F82-F83,F88-F89,F91-F99 ยกเว้น F638,F988)",F51,1,1: ในเขต มีชื่อ+อยู่จริง,60-74 ปี,4
code,DIAGNOSIS_OPD,เมืองสตูล,09611,โรงพยาบาลส่งเสริมสุขภาพตำบลเกาะสาหร่าย,"โรคทางจิตเวชอื่นๆ (F04-F09,F50-F69,F80,F82-F83,F88-F89,F91-F99 ยกเว้น F638,F988)",F51,1,1: ในเขต มีชื่อ+อยู่จริง,75 ปีขึ้นไป,1
code,DIAGNOSIS_OPD,เมืองสตูล,09611,โรงพยาบาลส่งเสริมสุขภาพตำบลเกาะสาหร่าย,"โรคทางจิตเวชอื่นๆ (F04-F09,F50-F69,F80,F82-F83,F88-F89,F91-F99 ยกเว้น F638,F988)",F51,2,2: ในเขต มีชื่อ แต่ไม่อยู่จริง,45-59 ปี,1
code,DIAGNOSIS_OPD,เมืองสตูล,09611,โรงพยาบาลส่งเสริมสุขภาพตำบลเกาะสาหร่าย,"โรคทางจิตเวชอื่นๆ (F04-F09,F50-F69,F80,F82-F83,F88-F89,F91-F99 ยกเว้น F638,F988)",F55,1,1: ในเขต มีชื่อ+อยู่จริง,45-59 ปี,1
code,DIAGNOSIS_OPD,เมืองสตูล,09611,โรงพยาบาลส่งเสริมสุขภาพตำบลเกาะสาหร่าย,"โรคทางจิตเวชอื่นๆ (F04-F09,F50-F69,F80,F82-F83,F88-F89,F91-F99 ยกเว้น F638,F988)",F55,1,1: ในเขต มีชื่อ+อยู่จริง,60-74 ปี,1
code,DIAGNOSIS_OPD,เมืองสตูล,09611,โรงพยาบาลส่งเสริมสุขภาพตำบลเกาะสาหร่าย,"โรคทางจิตเวชอื่นๆ (F04-F09,F50-F69,F80,F82-F83,F88-F89,F91-F99 ยกเว้น F638,F988)",F55,1,1: ในเขต มีชื่อ+อยู่จริง,75 ปีขึ้นไป,2
code,DIAGNOSIS_OPD,เมืองสตูล,09611,โรงพยาบาลส่งเสริมสุขภาพตำบลเกาะสาหร่าย,"โรคทางจิตเวชอื่นๆ (F04-F09,F50-F69,F80,F82-F83,F88-F89,F91-F99 ยกเว้น F638,F988)",F55,2,2: ในเขต มีชื่อ แต่ไม่อยู่จริง,30-44 ปี,1
code,DIAGNOSIS_OPD,เมืองสตูล,09611,โรงพยาบาลส่งเสริมสุขภาพตำบลเกาะสาหร่าย,โรคลมชัก (G40-G41),G40,1,1: ในเขต มีชื่อ+อยู่จริง,0-14 ปี,1
code,DIAGNOSIS_OPD,เมืองสตูล,09611,โรงพยาบาลส่งเสริมสุขภาพตำบลเกาะสาหร่าย,โรควิตกกังวล (F40-F48),F41,1,1: ในเขต มีชื่อ+อยู่จริง,45-59 ปี,1
code,DIAGNOSIS_OPD,เมืองสตูล,09611,โรงพยาบาลส่งเสริมสุขภาพตำบลเกาะสาหร่าย,โรควิตกกังวล (F40-F48),F43,1,1: ในเขต มีชื่อ+อยู่จริง,15-29 ปี,1
code,DIAGNOSIS_OPD,เมืองสตูล,09611,โรงพยาบาลส่งเสริมสุขภาพตำบลเกาะสาหร่าย,โรควิตกกังวล (F40-F48),F48,1,1: ในเขต มีชื่อ+อยู่จริง,60-74 ปี,1
code,DIAGNOSIS_OPD,เมืองสตูล,09611,โรงพยาบาลส่งเสริมสุขภาพตำบลเกาะสาหร่าย,โรควิตกกังวล (F40-F48),F48,1,1: ในเขต มีชื่อ+อยู่จริง,75 ปีขึ้นไป,1
code,DIAGNOSIS_OPD,เมืองสตูล,09612,โรงพยาบาลส่งเสริมสุขภาพตำบลเกาะหลีเป๊ะ,"ติดสารเสพติดอื่นๆ (F11,F12,F13,F14,F16,F17,F18,F19)",F12,4,4: นอกเขต มารับบริการ/เคยอยู่ในเขต,15-29 ปี,2
code,DIAGNOSIS_OPD,เมืองสตูล,09612,โรงพยาบาลส่งเสริมสุขภาพตำบลเกาะหลีเป๊ะ,"ติดสารเสพติดอื่นๆ (F11,F12,F13,F14,F16,F17,F18,F19)",F12,4,4: นอกเขต มารับบริการ/เคยอยู่ในเขต,30-44 ปี,2
code,DIAGNOSIS_OPD,เมืองสตูล,09612,โรงพยาบาลส่งเสริมสุขภาพตำบลเกาะหลีเป๊ะ,"ติดสารเสพติดอื่นๆ (F11,F12,F13,F14,F16,F17,F18,F19)",F12,4,4: นอกเขต มารับบริการ/เคยอยู่ในเขต,45-59 ปี,1
code,DIAGNOSIS_OPD,เมืองสตูล,09612,โรงพยาบาลส่งเสริมสุขภาพตำบลเกาะหลีเป๊ะ,"ติดสารเสพติดอื่นๆ (F11,F12,F13,F14,F16,F17,F18,F19)",F17,4,4: นอกเขต มารับบริการ/เคยอยู่ในเขต,15-29 ปี,1
code,DIAGNOSIS_OPD,เมืองสตูล,09612,โรงพยาบาลส่งเสริมสุขภาพตำบลเกาะหลีเป๊ะ,ติดแอลกอฮอล์ (F10),F10,4,4: นอกเขต มารับบริการ/เคยอยู่ในเขต,45-59 ปี,1
code,DIAGNOSIS_OPD,เมืองสตูล,09612,โรงพยาบาลส่งเสริมสุขภาพตำบลเกาะหลีเป๊ะ,พยายามฆ่าตัวตาย/ตั้งใจทำร้ายตนเอง (X60-X84),X60,1,1: ในเขต มีชื่อ+อยู่จริง,15-29 ปี,1
code,DIAGNOSIS_OPD,เมืองสตูล,09612,โรงพยาบาลส่งเสริมสุขภาพตำบลเกาะหลีเป๊ะ,พยายามฆ่าตัวตาย/ตั้งใจทำร้ายตนเอง (X60-X84),X60,4,4: นอกเขต มารับบริการ/เคยอยู่ในเขต,15-29 ปี,1
code,DIAGNOSIS_OPD,เมืองสตูล,09612,โรงพยาบาลส่งเสริมสุขภาพตำบลเกาะหลีเป๊ะ,พยายามฆ่าตัวตาย/ตั้งใจทำร้ายตนเอง (X60-X84),X61,4,4: นอกเขต มารับบริการ/เคยอยู่ในเขต,15-29 ปี,1
code,DIAGNOSIS_OPD,เมืองสตูล,09612,โรงพยาบาลส่งเสริมสุขภาพตำบลเกาะหลีเป๊ะ,พยายามฆ่าตัวตาย/ตั้งใจทำร้ายตนเอง (X60-X84),X64,4,4: นอกเขต มารับบริการ/เคยอยู่ในเขต,15-29 ปี,1
code,DIAGNOSIS_OPD,เมืองสตูล,09612,โรงพยาบาลส่งเสริมสุขภาพตำบลเกาะหลีเป๊ะ,พยายามฆ่าตัวตาย/ตั้งใจทำร้ายตนเอง (X60-X84),X70,1,1: ในเขต มีชื่อ+อยู่จริง,15-29 ปี,1
code,DIAGNOSIS_OPD,เมืองสตูล,09612,โรงพยาบาลส่งเสริมสุขภาพตำบลเกาะหลีเป๊ะ,พยายามฆ่าตัวตาย/ตั้งใจทำร้ายตนเอง (X60-X84),X78,4,4: นอกเขต มารับบริการ/เคยอยู่ในเขต,30-44 ปี,1
code,DIAGNOSIS_OPD,เมืองสตูล,09612,โรงพยาบาลส่งเสริมสุขภาพตำบลเกาะหลีเป๊ะ,พยายามฆ่าตัวตาย/ตั้งใจทำร้ายตนเอง (X60-X84),X83,1,1: ในเขต มีชื่อ+อยู่จริง,30-44 ปี,1
code,DIAGNOSIS_OPD,เมืองสตูล,09612,โรงพยาบาลส่งเสริมสุขภาพตำบลเกาะหลีเป๊ะ,โรคจิตอื่นๆ (F21-F29),F25,4,4: นอกเขต มารับบริการ/เคยอยู่ในเขต,30-44 ปี,1
code,DIAGNOSIS_OPD,เมืองสตูล,09612,โรงพยาบาลส่งเสริมสุขภาพตำบลเกาะหลีเป๊ะ,โรคจิตเภท (F20),F20,1,1: ในเขต มีชื่อ+อยู่จริง,15-29 ปี,1
code,DIAGNOSIS_OPD,เมืองสตูล,09612,โรงพยาบาลส่งเสริมสุขภาพตำบลเกาะหลีเป๊ะ,โรคจิตเภท (F20),F20,1,1: ในเขต มีชื่อ+อยู่จริง,45-59 ปี,1
code,DIAGNOSIS_OPD,เมืองสตูล,09612,โรงพยาบาลส่งเสริมสุขภาพตำบลเกาะหลีเป๊ะ,"โรคซึมเศร้า (F32,F33,F341,F38,F39)",F32,4,4: นอกเขต มารับบริการ/เคยอยู่ในเขต,30-44 ปี,1
code,DIAGNOSIS_OPD,เมืองสตูล,09612,โรงพยาบาลส่งเสริมสุขภาพตำบลเกาะหลีเป๊ะ,"โรคซึมเศร้า (F32,F33,F341,F38,F39)",F33,4,4: นอกเขต มารับบริการ/เคยอยู่ในเขต,15-29 ปี,1
code,DIAGNOSIS_OPD,เมืองสตูล,09612,โรงพยาบาลส่งเสริมสุขภาพตำบลเกาะหลีเป๊ะ,"โรคซึมเศร้า (F32,F33,F341,F38,F39)",F33,4,4: นอกเขต มารับบริการ/เคยอยู่ในเขต,30-44 ปี,2
code,DIAGNOSIS_OPD,เมืองสตูล,09612,โรงพยาบาลส่งเสริมสุขภาพตำบลเกาะหลีเป๊ะ,"โรคทางจิตเวชอื่นๆ (F04-F09,F50-F69,F80,F82-F83,F88-F89,F91-F99 ยกเว้น F638,F988)",F05,4,4: นอกเขต มารับบริการ/เคยอยู่ในเขต,30-44 ปี,1
code,DIAGNOSIS_OPD,เมืองสตูล,09612,โรงพยาบาลส่งเสริมสุขภาพตำบลเกาะหลีเป๊ะ,"โรคทางจิตเวชอื่นๆ (F04-F09,F50-F69,F80,F82-F83,F88-F89,F91-F99 ยกเว้น F638,F988)",F05,4,4: นอกเขต มารับบริการ/เคยอยู่ในเขต,45-59 ปี,1
code,DIAGNOSIS_OPD,เมืองสตูล,09612,โรงพยาบาลส่งเสริมสุขภาพตำบลเกาะหลีเป๊ะ,"โรคทางจิตเวชอื่นๆ (F04-F09,F50-F69,F80,F82-F83,F88-F89,F91-F99 ยกเว้น F638,F988)",F06,1,1: ในเขต มีชื่อ+อยู่จริง,15-29 ปี,2
code,DIAGNOSIS_OPD,เมืองสตูล,09612,โรงพยาบาลส่งเสริมสุขภาพตำบลเกาะหลีเป๊ะ,"โรคทางจิตเวชอื่นๆ (F04-F09,F50-F69,F80,F82-F83,F88-F89,F91-F99 ยกเว้น F638,F988)",F06,1,1: ในเขต มีชื่อ+อยู่จริง,45-59 ปี,1
code,DIAGNOSIS_OPD,เมืองสตูล,09612,โรงพยาบาลส่งเสริมสุขภาพตำบลเกาะหลีเป๊ะ,"โรคทางจิตเวชอื่นๆ (F04-F09,F50-F69,F80,F82-F83,F88-F89,F91-F99 ยกเว้น F638,F988)",F06,4,4: นอกเขต มารับบริการ/เคยอยู่ในเขต,15-29 ปี,2
code,DIAGNOSIS_OPD,เมืองสตูล,09612,โรงพยาบาลส่งเสริมสุขภาพตำบลเกาะหลีเป๊ะ,"โรคทางจิตเวชอื่นๆ (F04-F09,F50-F69,F80,F82-F83,F88-F89,F91-F99 ยกเว้น F638,F988)",F06,4,4: นอกเขต มารับบริการ/เคยอยู่ในเขต,30-44 ปี,2
code,DIAGNOSIS_OPD,เมืองสตูล,09612,โรงพยาบาลส่งเสริมสุขภาพตำบลเกาะหลีเป๊ะ,"โรคทางจิตเวชอื่นๆ (F04-F09,F50-F69,F80,F82-F83,F88-F89,F91-F99 ยกเว้น F638,F988)",F50,4,4: นอกเขต มารับบริการ/เคยอยู่ในเขต,15-29 ปี,1
code,DIAGNOSIS_OPD,เมืองสตูล,09612,โรงพยาบาลส่งเสริมสุขภาพตำบลเกาะหลีเป๊ะ,"โรคทางจิตเวชอื่นๆ (F04-F09,F50-F69,F80,F82-F83,F88-F89,F91-F99 ยกเว้น F638,F988)",F50,4,4: นอกเขต มารับบริการ/เคยอยู่ในเขต,30-44 ปี,1
code,DIAGNOSIS_OPD,เมืองสตูล,09612,โรงพยาบาลส่งเสริมสุขภาพตำบลเกาะหลีเป๊ะ,"โรคทางจิตเวชอื่นๆ (F04-F09,F50-F69,F80,F82-F83,F88-F89,F91-F99 ยกเว้น F638,F988)",F51,1,1: ในเขต มีชื่อ+อยู่จริง,15-29 ปี,1
code,DIAGNOSIS_OPD,เมืองสตูล,09612,โรงพยาบาลส่งเสริมสุขภาพตำบลเกาะหลีเป๊ะ,"โรคทางจิตเวชอื่นๆ (F04-F09,F50-F69,F80,F82-F83,F88-F89,F91-F99 ยกเว้น F638,F988)",F51,1,1: ในเขต มีชื่อ+อยู่จริง,45-59 ปี,1
code,DIAGNOSIS_OPD,เมืองสตูล,09612,โรงพยาบาลส่งเสริมสุขภาพตำบลเกาะหลีเป๊ะ,"โรคทางจิตเวชอื่นๆ (F04-F09,F50-F69,F80,F82-F83,F88-F89,F91-F99 ยกเว้น F638,F988)",F51,2,2: ในเขต มีชื่อ แต่ไม่อยู่จริง,30-44 ปี,1
code,DIAGNOSIS_OPD,เมืองสตูล,09612,โรงพยาบาลส่งเสริมสุขภาพตำบลเกาะหลีเป๊ะ,"โรคทางจิตเวชอื่นๆ (F04-F09,F50-F69,F80,F82-F83,F88-F89,F91-F99 ยกเว้น F638,F988)",F51,4,4: นอกเขต มารับบริการ/เคยอยู่ในเขต,0-14 ปี,1
code,DIAGNOSIS_OPD,เมืองสตูล,09612,โรงพยาบาลส่งเสริมสุขภาพตำบลเกาะหลีเป๊ะ,"โรคทางจิตเวชอื่นๆ (F04-F09,F50-F69,F80,F82-F83,F88-F89,F91-F99 ยกเว้น F638,F988)",F51,4,4: นอกเขต มารับบริการ/เคยอยู่ในเขต,15-29 ปี,2
code,DIAGNOSIS_OPD,เมืองสตูล,09612,โรงพยาบาลส่งเสริมสุขภาพตำบลเกาะหลีเป๊ะ,"โรคทางจิตเวชอื่นๆ (F04-F09,F50-F69,F80,F82-F83,F88-F89,F91-F99 ยกเว้น F638,F988)",F51,4,4: นอกเขต มารับบริการ/เคยอยู่ในเขต,30-44 ปี,9
code,DIAGNOSIS_OPD,เมืองสตูล,09612,โรงพยาบาลส่งเสริมสุขภาพตำบลเกาะหลีเป๊ะ,"โรคทางจิตเวชอื่นๆ (F04-F09,F50-F69,F80,F82-F83,F88-F89,F91-F99 ยกเว้น F638,F988)",F51,4,4: นอกเขต มารับบริการ/เคยอยู่ในเขต,45-59 ปี,4
code,DIAGNOSIS_OPD,เมืองสตูล,09612,โรงพยาบาลส่งเสริมสุขภาพตำบลเกาะหลีเป๊ะ,"โรคทางจิตเวชอื่นๆ (F04-F09,F50-F69,F80,F82-F83,F88-F89,F91-F99 ยกเว้น F638,F988)",F51,4,4: นอกเขต มารับบริการ/เคยอยู่ในเขต,60-74 ปี,1
code,DIAGNOSIS_OPD,เมืองสตูล,09612,โรงพยาบาลส่งเสริมสุขภาพตำบลเกาะหลีเป๊ะ,"โรคทางจิตเวชอื่นๆ (F04-F09,F50-F69,F80,F82-F83,F88-F89,F91-F99 ยกเว้น F638,F988)",F51,4,4: นอกเขต มารับบริการ/เคยอยู่ในเขต,75 ปีขึ้นไป,1
code,DIAGNOSIS_OPD,เมืองสตูล,09612,โรงพยาบาลส่งเสริมสุขภาพตำบลเกาะหลีเป๊ะ,"โรคทางจิตเวชอื่นๆ (F04-F09,F50-F69,F80,F82-F83,F88-F89,F91-F99 ยกเว้น F638,F988)",F55,1,1: ในเขต มีชื่อ+อยู่จริง,0-14 ปี,2
code,DIAGNOSIS_OPD,เมืองสตูล,09612,โรงพยาบาลส่งเสริมสุขภาพตำบลเกาะหลีเป๊ะ,"โรคทางจิตเวชอื่นๆ (F04-F09,F50-F69,F80,F82-F83,F88-F89,F91-F99 ยกเว้น F638,F988)",F55,1,1: ในเขต มีชื่อ+อยู่จริง,15-29 ปี,1
code,DIAGNOSIS_OPD,เมืองสตูล,09612,โรงพยาบาลส่งเสริมสุขภาพตำบลเกาะหลีเป๊ะ,"โรคทางจิตเวชอื่นๆ (F04-F09,F50-F69,F80,F82-F83,F88-F89,F91-F99 ยกเว้น F638,F988)",F55,1,1: ในเขต มีชื่อ+อยู่จริง,45-59 ปี,2
code,DIAGNOSIS_OPD,เมืองสตูล,09612,โรงพยาบาลส่งเสริมสุขภาพตำบลเกาะหลีเป๊ะ,"โรคทางจิตเวชอื่นๆ (F04-F09,F50-F69,F80,F82-F83,F88-F89,F91-F99 ยกเว้น F638,F988)",F55,4,4: นอกเขต มารับบริการ/เคยอยู่ในเขต,15-29 ปี,4
code,DIAGNOSIS_OPD,เมืองสตูล,09612,โรงพยาบาลส่งเสริมสุขภาพตำบลเกาะหลีเป๊ะ,"โรคทางจิตเวชอื่นๆ (F04-F09,F50-F69,F80,F82-F83,F88-F89,F91-F99 ยกเว้น F638,F988)",F55,4,4: นอกเขต มารับบริการ/เคยอยู่ในเขต,30-44 ปี,9
code,DIAGNOSIS_OPD,เมืองสตูล,09612,โรงพยาบาลส่งเสริมสุขภาพตำบลเกาะหลีเป๊ะ,"โรคทางจิตเวชอื่นๆ (F04-F09,F50-F69,F80,F82-F83,F88-F89,F91-F99 ยกเว้น F638,F988)",F55,4,4: นอกเขต มารับบริการ/เคยอยู่ในเขต,45-59 ปี,5
code,DIAGNOSIS_OPD,เมืองสตูล,09612,โรงพยาบาลส่งเสริมสุขภาพตำบลเกาะหลีเป๊ะ,"โรคทางจิตเวชอื่นๆ (F04-F09,F50-F69,F80,F82-F83,F88-F89,F91-F99 ยกเว้น F638,F988)",F55,4,4: นอกเขต มารับบริการ/เคยอยู่ในเขต,60-74 ปี,3
code,DIAGNOSIS_OPD,เมืองสตูล,09612,โรงพยาบาลส่งเสริมสุขภาพตำบลเกาะหลีเป๊ะ,"โรคทางจิตเวชอื่นๆ (F04-F09,F50-F69,F80,F82-F83,F88-F89,F91-F99 ยกเว้น F638,F988)",F62,4,4: นอกเขต มารับบริการ/เคยอยู่ในเขต,30-44 ปี,1
code,DIAGNOSIS_OPD,เมืองสตูล,09612,โรงพยาบาลส่งเสริมสุขภาพตำบลเกาะหลีเป๊ะ,"โรคทางจิตเวชอื่นๆ (F04-F09,F50-F69,F80,F82-F83,F88-F89,F91-F99 ยกเว้น F638,F988)",F62,4,4: นอกเขต มารับบริการ/เคยอยู่ในเขต,45-59 ปี,1
code,DIAGNOSIS_OPD,เมืองสตูล,09612,โรงพยาบาลส่งเสริมสุขภาพตำบลเกาะหลีเป๊ะ,"โรคทางจิตเวชอื่นๆ (F04-F09,F50-F69,F80,F82-F83,F88-F89,F91-F99 ยกเว้น F638,F988)",F95,4,4: นอกเขต มารับบริการ/เคยอยู่ในเขต,45-59 ปี,1
code,DIAGNOSIS_OPD,เมืองสตูล,09612,โรงพยาบาลส่งเสริมสุขภาพตำบลเกาะหลีเป๊ะ,"โรคทางจิตเวชอื่นๆ (F04-F09,F50-F69,F80,F82-F83,F88-F89,F91-F99 ยกเว้น F638,F988)",F98,1,1: ในเขต มีชื่อ+อยู่จริง,75 ปีขึ้นไป,1
code,DIAGNOSIS_OPD,เมืองสตูล,09612,โรงพยาบาลส่งเสริมสุขภาพตำบลเกาะหลีเป๊ะ,"โรคทางจิตเวชอื่นๆ (F04-F09,F50-F69,F80,F82-F83,F88-F89,F91-F99 ยกเว้น F638,F988)",F99,4,4: นอกเขต มารับบริการ/เคยอยู่ในเขต,45-59 ปี,1
code,DIAGNOSIS_OPD,เมืองสตูล,09612,โรงพยาบาลส่งเสริมสุขภาพตำบลเกาะหลีเป๊ะ,"โรคทางจิตเวชอื่นๆ (F04-F09,F50-F69,F80,F82-F83,F88-F89,F91-F99 ยกเว้น F638,F988)",F99,4,4: นอกเขต มารับบริการ/เคยอยู่ในเขต,75 ปีขึ้นไป,1
code,DIAGNOSIS_OPD,เมืองสตูล,09612,โรงพยาบาลส่งเสริมสุขภาพตำบลเกาะหลีเป๊ะ,โรคลมชัก (G40-G41),G40,1,1: ในเขต มีชื่อ+อยู่จริง,0-14 ปี,2
code,DIAGNOSIS_OPD,เมืองสตูล,09612,โรงพยาบาลส่งเสริมสุขภาพตำบลเกาะหลีเป๊ะ,โรคลมชัก (G40-G41),G40,1,1: ในเขต มีชื่อ+อยู่จริง,15-29 ปี,1
code,DIAGNOSIS_OPD,เมืองสตูล,09612,โรงพยาบาลส่งเสริมสุขภาพตำบลเกาะหลีเป๊ะ,โรคลมชัก (G40-G41),G40,1,1: ในเขต มีชื่อ+อยู่จริง,30-44 ปี,1
code,DIAGNOSIS_OPD,เมืองสตูล,09612,โรงพยาบาลส่งเสริมสุขภาพตำบลเกาะหลีเป๊ะ,โรคลมชัก (G40-G41),G40,1,1: ในเขต มีชื่อ+อยู่จริง,45-59 ปี,1
code,DIAGNOSIS_OPD,เมืองสตูล,09612,โรงพยาบาลส่งเสริมสุขภาพตำบลเกาะหลีเป๊ะ,โรคลมชัก (G40-G41),G40,2,2: ในเขต มีชื่อ แต่ไม่อยู่จริง,30-44 ปี,1
code,DIAGNOSIS_OPD,เมืองสตูล,09612,โรงพยาบาลส่งเสริมสุขภาพตำบลเกาะหลีเป๊ะ,โรคลมชัก (G40-G41),G40,4,4: นอกเขต มารับบริการ/เคยอยู่ในเขต,15-29 ปี,7
code,DIAGNOSIS_OPD,เมืองสตูล,09612,โรงพยาบาลส่งเสริมสุขภาพตำบลเกาะหลีเป๊ะ,โรคลมชัก (G40-G41),G40,4,4: นอกเขต มารับบริการ/เคยอยู่ในเขต,30-44 ปี,7
code,DIAGNOSIS_OPD,เมืองสตูล,09612,โรงพยาบาลส่งเสริมสุขภาพตำบลเกาะหลีเป๊ะ,โรควิตกกังวล (F40-F48),F40,4,4: นอกเขต มารับบริการ/เคยอยู่ในเขต,45-59 ปี,1
code,DIAGNOSIS_OPD,เมืองสตูล,09612,โรงพยาบาลส่งเสริมสุขภาพตำบลเกาะหลีเป๊ะ,โรควิตกกังวล (F40-F48),F41,1,1: ในเขต มีชื่อ+อยู่จริง,30-44 ปี,1
code,DIAGNOSIS_OPD,เมืองสตูล,09612,โรงพยาบาลส่งเสริมสุขภาพตำบลเกาะหลีเป๊ะ,โรควิตกกังวล (F40-F48),F41,4,4: นอกเขต มารับบริการ/เคยอยู่ในเขต,15-29 ปี,4
code,DIAGNOSIS_OPD,เมืองสตูล,09612,โรงพยาบาลส่งเสริมสุขภาพตำบลเกาะหลีเป๊ะ,โรควิตกกังวล (F40-F48),F41,4,4: นอกเขต มารับบริการ/เคยอยู่ในเขต,30-44 ปี,6
code,DIAGNOSIS_OPD,เมืองสตูล,09612,โรงพยาบาลส่งเสริมสุขภาพตำบลเกาะหลีเป๊ะ,โรควิตกกังวล (F40-F48),F41,4,4: นอกเขต มารับบริการ/เคยอยู่ในเขต,45-59 ปี,4
code,DIAGNOSIS_OPD,เมืองสตูล,09612,โรงพยาบาลส่งเสริมสุขภาพตำบลเกาะหลีเป๊ะ,โรควิตกกังวล (F40-F48),F43,1,1: ในเขต มีชื่อ+อยู่จริง,30-44 ปี,1
code,DIAGNOSIS_OPD,เมืองสตูล,09612,โรงพยาบาลส่งเสริมสุขภาพตำบลเกาะหลีเป๊ะ,โรควิตกกังวล (F40-F48),F43,1,1: ในเขต มีชื่อ+อยู่จริง,45-59 ปี,2
code,DIAGNOSIS_OPD,เมืองสตูล,09612,โรงพยาบาลส่งเสริมสุขภาพตำบลเกาะหลีเป๊ะ,โรควิตกกังวล (F40-F48),F43,4,4: นอกเขต มารับบริการ/เคยอยู่ในเขต,15-29 ปี,4
code,DIAGNOSIS_OPD,เมืองสตูล,09612,โรงพยาบาลส่งเสริมสุขภาพตำบลเกาะหลีเป๊ะ,โรควิตกกังวล (F40-F48),F43,4,4: นอกเขต มารับบริการ/เคยอยู่ในเขต,30-44 ปี,6
code,DIAGNOSIS_OPD,เมืองสตูล,09612,โรงพยาบาลส่งเสริมสุขภาพตำบลเกาะหลีเป๊ะ,โรควิตกกังวล (F40-F48),F45,4,4: นอกเขต มารับบริการ/เคยอยู่ในเขต,30-44 ปี,1
code,DIAGNOSIS_OPD,เมืองสตูล,09612,โรงพยาบาลส่งเสริมสุขภาพตำบลเกาะหลีเป๊ะ,โรควิตกกังวล (F40-F48),F45,4,4: นอกเขต มารับบริการ/เคยอยู่ในเขต,45-59 ปี,1
code,DIAGNOSIS_OPD,เมืองสตูล,09612,โรงพยาบาลส่งเสริมสุขภาพตำบลเกาะหลีเป๊ะ,โรควิตกกังวล (F40-F48),F48,1,1: ในเขต มีชื่อ+อยู่จริง,0-14 ปี,4
code,DIAGNOSIS_OPD,เมืองสตูล,09612,โรงพยาบาลส่งเสริมสุขภาพตำบลเกาะหลีเป๊ะ,โรควิตกกังวล (F40-F48),F48,1,1: ในเขต มีชื่อ+อยู่จริง,15-29 ปี,1
code,DIAGNOSIS_OPD,เมืองสตูล,09612,โรงพยาบาลส่งเสริมสุขภาพตำบลเกาะหลีเป๊ะ,โรควิตกกังวล (F40-F48),F48,1,1: ในเขต มีชื่อ+อยู่จริง,30-44 ปี,1
code,DIAGNOSIS_OPD,เมืองสตูล,09612,โรงพยาบาลส่งเสริมสุขภาพตำบลเกาะหลีเป๊ะ,โรควิตกกังวล (F40-F48),F48,1,1: ในเขต มีชื่อ+อยู่จริง,45-59 ปี,2
code,DIAGNOSIS_OPD,เมืองสตูล,09612,โรงพยาบาลส่งเสริมสุขภาพตำบลเกาะหลีเป๊ะ,โรควิตกกังวล (F40-F48),F48,1,1: ในเขต มีชื่อ+อยู่จริง,60-74 ปี,6
code,DIAGNOSIS_OPD,เมืองสตูล,09612,โรงพยาบาลส่งเสริมสุขภาพตำบลเกาะหลีเป๊ะ,โรควิตกกังวล (F40-F48),F48,4,4: นอกเขต มารับบริการ/เคยอยู่ในเขต,15-29 ปี,3
code,DIAGNOSIS_OPD,เมืองสตูล,09612,โรงพยาบาลส่งเสริมสุขภาพตำบลเกาะหลีเป๊ะ,โรควิตกกังวล (F40-F48),F48,4,4: นอกเขต มารับบริการ/เคยอยู่ในเขต,30-44 ปี,9
code,DIAGNOSIS_OPD,เมืองสตูล,09612,โรงพยาบาลส่งเสริมสุขภาพตำบลเกาะหลีเป๊ะ,โรควิตกกังวล (F40-F48),F48,4,4: นอกเขต มารับบริการ/เคยอยู่ในเขต,45-59 ปี,3
code,DIAGNOSIS_OPD,เมืองสตูล,09612,โรงพยาบาลส่งเสริมสุขภาพตำบลเกาะหลีเป๊ะ,โรควิตกกังวล (F40-F48),F48,4,4: นอกเขต มารับบริการ/เคยอยู่ในเขต,60-74 ปี,1
code,DIAGNOSIS_OPD,เมืองสตูล,09612,โรงพยาบาลส่งเสริมสุขภาพตำบลเกาะหลีเป๊ะ,โรคสมองเสื่อม (F00-F03),F01,4,4: นอกเขต มารับบริการ/เคยอยู่ในเขต,60-74 ปี,1
code,DIAGNOSIS_OPD,เมืองสตูล,09614,โรงพยาบาลส่งเสริมสุขภาพตำบลเจ๊ะบิลัง,โรคจิตเภท (F20),F20,1,1: ในเขต มีชื่อ+อยู่จริง,15-29 ปี,1
code,DIAGNOSIS_OPD,เมืองสตูล,09614,โรงพยาบาลส่งเสริมสุขภาพตำบลเจ๊ะบิลัง,โรคจิตเภท (F20),F20,1,1: ในเขต มีชื่อ+อยู่จริง,30-44 ปี,5
code,DIAGNOSIS_OPD,เมืองสตูล,09614,โรงพยาบาลส่งเสริมสุขภาพตำบลเจ๊ะบิลัง,โรคจิตเภท (F20),F20,1,1: ในเขต มีชื่อ+อยู่จริง,45-59 ปี,4
code,DIAGNOSIS_OPD,เมืองสตูล,09614,โรงพยาบาลส่งเสริมสุขภาพตำบลเจ๊ะบิลัง,โรคจิตเภท (F20),F20,1,1: ในเขต มีชื่อ+อยู่จริง,60-74 ปี,1
code,DIAGNOSIS_OPD,เมืองสตูล,09614,โรงพยาบาลส่งเสริมสุขภาพตำบลเจ๊ะบิลัง,โรคจิตเภท (F20),F20,2,2: ในเขต มีชื่อ แต่ไม่อยู่จริง,30-44 ปี,1
code,DIAGNOSIS_OPD,เมืองสตูล,09614,โรงพยาบาลส่งเสริมสุขภาพตำบลเจ๊ะบิลัง,"โรคซึมเศร้า (F32,F33,F341,F38,F39)",F32,1,1: ในเขต มีชื่อ+อยู่จริง,15-29 ปี,1
code,DIAGNOSIS_OPD,เมืองสตูล,09614,โรงพยาบาลส่งเสริมสุขภาพตำบลเจ๊ะบิลัง,"โรคซึมเศร้า (F32,F33,F341,F38,F39)",F32,1,1: ในเขต มีชื่อ+อยู่จริง,60-74 ปี,1
code,DIAGNOSIS_OPD,เมืองสตูล,09614,โรงพยาบาลส่งเสริมสุขภาพตำบลเจ๊ะบิลัง,"โรคทางจิตเวชอื่นๆ (F04-F09,F50-F69,F80,F82-F83,F88-F89,F91-F99 ยกเว้น F638,F988)",F06,1,1: ในเขต มีชื่อ+อยู่จริง,15-29 ปี,1
code,DIAGNOSIS_OPD,เมืองสตูล,09614,โรงพยาบาลส่งเสริมสุขภาพตำบลเจ๊ะบิลัง,"โรคทางจิตเวชอื่นๆ (F04-F09,F50-F69,F80,F82-F83,F88-F89,F91-F99 ยกเว้น F638,F988)",F50,1,1: ในเขต มีชื่อ+อยู่จริง,75 ปีขึ้นไป,1
code,DIAGNOSIS_OPD,เมืองสตูล,09614,โรงพยาบาลส่งเสริมสุขภาพตำบลเจ๊ะบิลัง,"โรคทางจิตเวชอื่นๆ (F04-F09,F50-F69,F80,F82-F83,F88-F89,F91-F99 ยกเว้น F638,F988)",F51,1,1: ในเขต มีชื่อ+อยู่จริง,45-59 ปี,3
code,DIAGNOSIS_OPD,เมืองสตูล,09614,โรงพยาบาลส่งเสริมสุขภาพตำบลเจ๊ะบิลัง,"โรคทางจิตเวชอื่นๆ (F04-F09,F50-F69,F80,F82-F83,F88-F89,F91-F99 ยกเว้น F638,F988)",F51,1,1: ในเขต มีชื่อ+อยู่จริง,60-74 ปี,4
code,DIAGNOSIS_OPD,เมืองสตูล,09614,โรงพยาบาลส่งเสริมสุขภาพตำบลเจ๊ะบิลัง,"โรคทางจิตเวชอื่นๆ (F04-F09,F50-F69,F80,F82-F83,F88-F89,F91-F99 ยกเว้น F638,F988)",F55,1,1: ในเขต มีชื่อ+อยู่จริง,45-59 ปี,1
code,DIAGNOSIS_OPD,เมืองสตูล,09614,โรงพยาบาลส่งเสริมสุขภาพตำบลเจ๊ะบิลัง,"โรคทางจิตเวชอื่นๆ (F04-F09,F50-F69,F80,F82-F83,F88-F89,F91-F99 ยกเว้น F638,F988)",F55,4,4: นอกเขต มารับบริการ/เคยอยู่ในเขต,0-14 ปี,1
code,DIAGNOSIS_OPD,เมืองสตูล,09614,โรงพยาบาลส่งเสริมสุขภาพตำบลเจ๊ะบิลัง,โรควิตกกังวล (F40-F48),F41,1,1: ในเขต มีชื่อ+อยู่จริง,0-14 ปี,1
code,DIAGNOSIS_OPD,เมืองสตูล,09614,โรงพยาบาลส่งเสริมสุขภาพตำบลเจ๊ะบิลัง,โรควิตกกังวล (F40-F48),F41,1,1: ในเขต มีชื่อ+อยู่จริง,30-44 ปี,1
code,DIAGNOSIS_OPD,เมืองสตูล,09614,โรงพยาบาลส่งเสริมสุขภาพตำบลเจ๊ะบิลัง,โรควิตกกังวล (F40-F48),F45,1,1: ในเขต มีชื่อ+อยู่จริง,0-14 ปี,1
code,DIAGNOSIS_OPD,เมืองสตูล,09614,โรงพยาบาลส่งเสริมสุขภาพตำบลเจ๊ะบิลัง,โรควิตกกังวล (F40-F48),F45,1,1: ในเขต มีชื่อ+อยู่จริง,60-74 ปี,1
code,DIAGNOSIS_OPD,เมืองสตูล,09614,โรงพยาบาลส่งเสริมสุขภาพตำบลเจ๊ะบิลัง,โรควิตกกังวล (F40-F48),F45,2,2: ในเขต มีชื่อ แต่ไม่อยู่จริง,30-44 ปี,1
code,DIAGNOSIS_OPD,เมืองสตูล,09614,โรงพยาบาลส่งเสริมสุขภาพตำบลเจ๊ะบิลัง,โรคสมองเสื่อม (F00-F03),F01,1,1: ในเขต มีชื่อ+อยู่จริง,45-59 ปี,1
code,DIAGNOSIS_OPD,เมืองสตูล,09614,โรงพยาบาลส่งเสริมสุขภาพตำบลเจ๊ะบิลัง,โรคสมองเสื่อม (F00-F03),F03,1,1: ในเขต มีชื่อ+อยู่จริง,60-74 ปี,1
code,DIAGNOSIS_OPD,เมืองสตูล,09614,โรงพยาบาลส่งเสริมสุขภาพตำบลเจ๊ะบิลัง,โรคสมองเสื่อม (F00-F03),F03,1,1: ในเขต มีชื่อ+อยู่จริง,75 ปีขึ้นไป,1
code,DIAGNOSIS_OPD,เมืองสตูล,09614,โรงพยาบาลส่งเสริมสุขภาพตำบลเจ๊ะบิลัง,โรคสมองเสื่อม (F00-F03),F03,4,4: นอกเขต มารับบริการ/เคยอยู่ในเขต,75 ปีขึ้นไป,1
code,SPECIALPP,ควนกาหลง,11403,โรงพยาบาลควนกาหลง,ประเมินความเสี่ยง SMI-V: ทำร้ายตนเองรุนแรง (1B030),1B030,4,4: นอกเขต มารับบริการ/เคยอยู่ในเขต,15-29 ปี,1
code,SPECIALPP,ควนกาหลง,11403,โรงพยาบาลควนกาหลง,ประเมินความเสี่ยง SMI-V: ทำร้ายตนเองรุนแรง (1B030),1B030,4,4: นอกเขต มารับบริการ/เคยอยู่ในเขต,30-44 ปี,2
code,SPECIALPP,ควนกาหลง,11403,โรงพยาบาลควนกาหลง,ประเมินความเสี่ยง SMI-V: ทำร้ายผู้อื่น/ก่อเหตุรุนแรง (1B031),1B031,1,1: ในเขต มีชื่อ+อยู่จริง,15-29 ปี,1
code,SPECIALPP,ควนกาหลง,11403,โรงพยาบาลควนกาหลง,ประเมินความเสี่ยง SMI-V: ทำร้ายผู้อื่น/ก่อเหตุรุนแรง (1B031),1B031,1,1: ในเขต มีชื่อ+อยู่จริง,30-44 ปี,1
code,SPECIALPP,ควนกาหลง,11403,โรงพยาบาลควนกาหลง,ประเมินความเสี่ยง SMI-V: ทำร้ายผู้อื่น/ก่อเหตุรุนแรง (1B031),1B031,1,1: ในเขต มีชื่อ+อยู่จริง,45-59 ปี,2
code,SPECIALPP,ควนกาหลง,11403,โรงพยาบาลควนกาหลง,ประเมินความเสี่ยง SMI-V: ทำร้ายผู้อื่น/ก่อเหตุรุนแรง (1B031),1B031,4,4: นอกเขต มารับบริการ/เคยอยู่ในเขต,15-29 ปี,3
code,SPECIALPP,ควนกาหลง,11403,โรงพยาบาลควนกาหลง,ประเมินความเสี่ยง SMI-V: ทำร้ายผู้อื่น/ก่อเหตุรุนแรง (1B031),1B031,4,4: นอกเขต มารับบริการ/เคยอยู่ในเขต,30-44 ปี,15
code,SPECIALPP,ควนกาหลง,11403,โรงพยาบาลควนกาหลง,ประเมินความเสี่ยง SMI-V: ทำร้ายผู้อื่น/ก่อเหตุรุนแรง (1B031),1B031,4,4: นอกเขต มารับบริการ/เคยอยู่ในเขต,45-59 ปี,4
code,SPECIALPP,ควนกาหลง,11403,โรงพยาบาลควนกาหลง,ประเมินความเสี่ยง SMI-V: ทำร้ายผู้อื่น/ก่อเหตุรุนแรง (1B031),1B031,4,4: นอกเขต มารับบริการ/เคยอยู่ในเขต,60-74 ปี,1
code,SPECIALPP,ควนกาหลง,11403,โรงพยาบาลควนกาหลง,ประเมินความเสี่ยง SMI-V: หลงผิด มุ่งร้ายเฉพาะเจาะจง (1B032),1B032,1,1: ในเขต มีชื่อ+อยู่จริง,45-59 ปี,1
code,SPECIALPP,ควนกาหลง,11403,โรงพยาบาลควนกาหลง,ประเมินความเสี่ยง SMI-V: หลงผิด มุ่งร้ายเฉพาะเจาะจง (1B032),1B032,4,4: นอกเขต มารับบริการ/เคยอยู่ในเขต,30-44 ปี,1
code,SPECIALPP,ควนโดน,11402,โรงพยาบาลควนโดน,ประเมินความเสี่ยง SMI-V: ทำร้ายตนเองรุนแรง (1B030),1B030,1,1: ในเขต มีชื่อ+อยู่จริง,0-14 ปี,1
code,SPECIALPP,ควนโดน,11402,โรงพยาบาลควนโดน,ประเมินความเสี่ยง SMI-V: ทำร้ายตนเองรุนแรง (1B030),1B030,1,1: ในเขต มีชื่อ+อยู่จริง,15-29 ปี,3
code,SPECIALPP,ควนโดน,11402,โรงพยาบาลควนโดน,ประเมินความเสี่ยง SMI-V: ทำร้ายตนเองรุนแรง (1B030),1B030,4,4: นอกเขต มารับบริการ/เคยอยู่ในเขต,0-14 ปี,1
code,SPECIALPP,ควนโดน,11402,โรงพยาบาลควนโดน,ประเมินความเสี่ยง SMI-V: ทำร้ายตนเองรุนแรง (1B030),1B030,4,4: นอกเขต มารับบริการ/เคยอยู่ในเขต,15-29 ปี,7
code,SPECIALPP,ควนโดน,11402,โรงพยาบาลควนโดน,ประเมินความเสี่ยง SMI-V: ทำร้ายตนเองรุนแรง (1B030),1B030,4,4: นอกเขต มารับบริการ/เคยอยู่ในเขต,30-44 ปี,1
code,SPECIALPP,ควนโดน,11402,โรงพยาบาลควนโดน,ประเมินความเสี่ยง SMI-V: ทำร้ายผู้อื่น/ก่อเหตุรุนแรง (1B031),1B031,1,1: ในเขต มีชื่อ+อยู่จริง,30-44 ปี,2
code,SPECIALPP,ควนโดน,11402,โรงพยาบาลควนโดน,ประเมินความเสี่ยง SMI-V: ทำร้ายผู้อื่น/ก่อเหตุรุนแรง (1B031),1B031,4,4: นอกเขต มารับบริการ/เคยอยู่ในเขต,30-44 ปี,2
code,SPECIALPP,ควนโดน,11402,โรงพยาบาลควนโดน,ประเมินความเสี่ยง SMI-V: ทำร้ายผู้อื่น/ก่อเหตุรุนแรง (1B031),1B031,4,4: นอกเขต มารับบริการ/เคยอยู่ในเขต,45-59 ปี,1
code,SPECIALPP,ทุ่งหว้า,11406,โรงพยาบาลทุ่งหว้า,ประเมินความเสี่ยง SMI-V: ก่อคดีอาชญากรรมรุนแรง (1B033),1B033,1,1: ในเขต มีชื่อ+อยู่จริง,30-44 ปี,1
code,SPECIALPP,ทุ่งหว้า,11406,โรงพยาบาลทุ่งหว้า,ประเมินความเสี่ยง SMI-V: ก่อคดีอาชญากรรมรุนแรง (1B033),1B033,2,2: ในเขต มีชื่อ แต่ไม่อยู่จริง,45-59 ปี,2
code,SPECIALPP,ทุ่งหว้า,11406,โรงพยาบาลทุ่งหว้า,ประเมินความเสี่ยง SMI-V: ก่อคดีอาชญากรรมรุนแรง (1B033),1B033,4,4: นอกเขต มารับบริการ/เคยอยู่ในเขต,45-59 ปี,1
code,SPECIALPP,ทุ่งหว้า,11406,โรงพยาบาลทุ่งหว้า,ประเมินความเสี่ยง SMI-V: ทำร้ายตนเองรุนแรง (1B030),1B030,4,4: นอกเขต มารับบริการ/เคยอยู่ในเขต,0-14 ปี,1
code,SPECIALPP,ทุ่งหว้า,11406,โรงพยาบาลทุ่งหว้า,ประเมินความเสี่ยง SMI-V: ทำร้ายตนเองรุนแรง (1B030),1B030,4,4: นอกเขต มารับบริการ/เคยอยู่ในเขต,15-29 ปี,2
code,SPECIALPP,ทุ่งหว้า,11406,โรงพยาบาลทุ่งหว้า,ประเมินความเสี่ยง SMI-V: ทำร้ายตนเองรุนแรง (1B030),1B030,4,4: นอกเขต มารับบริการ/เคยอยู่ในเขต,30-44 ปี,1
code,SPECIALPP,ทุ่งหว้า,11406,โรงพยาบาลทุ่งหว้า,ประเมินความเสี่ยง SMI-V: ทำร้ายผู้อื่น/ก่อเหตุรุนแรง (1B031),1B031,"",อื่นๆ/ไม่ทราบ,30-44 ปี,2
code,SPECIALPP,ทุ่งหว้า,11406,โรงพยาบาลทุ่งหว้า,ประเมินความเสี่ยง SMI-V: ทำร้ายผู้อื่น/ก่อเหตุรุนแรง (1B031),1B031,1,1: ในเขต มีชื่อ+อยู่จริง,15-29 ปี,2
code,SPECIALPP,ทุ่งหว้า,11406,โรงพยาบาลทุ่งหว้า,ประเมินความเสี่ยง SMI-V: ทำร้ายผู้อื่น/ก่อเหตุรุนแรง (1B031),1B031,1,1: ในเขต มีชื่อ+อยู่จริง,30-44 ปี,1
code,SPECIALPP,ทุ่งหว้า,11406,โรงพยาบาลทุ่งหว้า,ประเมินความเสี่ยง SMI-V: ทำร้ายผู้อื่น/ก่อเหตุรุนแรง (1B031),1B031,1,1: ในเขต มีชื่อ+อยู่จริง,45-59 ปี,2
code,SPECIALPP,ทุ่งหว้า,11406,โรงพยาบาลทุ่งหว้า,ประเมินความเสี่ยง SMI-V: ทำร้ายผู้อื่น/ก่อเหตุรุนแรง (1B031),1B031,2,2: ในเขต มีชื่อ แต่ไม่อยู่จริง,30-44 ปี,1
code,SPECIALPP,ทุ่งหว้า,11406,โรงพยาบาลทุ่งหว้า,ประเมินความเสี่ยง SMI-V: ทำร้ายผู้อื่น/ก่อเหตุรุนแรง (1B031),1B031,4,4: นอกเขต มารับบริการ/เคยอยู่ในเขต,30-44 ปี,10
code,SPECIALPP,ทุ่งหว้า,11406,โรงพยาบาลทุ่งหว้า,ประเมินความเสี่ยง SMI-V: ทำร้ายผู้อื่น/ก่อเหตุรุนแรง (1B031),1B031,4,4: นอกเขต มารับบริการ/เคยอยู่ในเขต,45-59 ปี,5
code,SPECIALPP,ทุ่งหว้า,11406,โรงพยาบาลทุ่งหว้า,ประเมินความเสี่ยง SMI-V: ทำร้ายผู้อื่น/ก่อเหตุรุนแรง (1B031),1B031,4,4: นอกเขต มารับบริการ/เคยอยู่ในเขต,60-74 ปี,2
code,SPECIALPP,ทุ่งหว้า,11406,โรงพยาบาลทุ่งหว้า,ประเมินความเสี่ยง SMI-V: หลงผิด มุ่งร้ายเฉพาะเจาะจง (1B032),1B032,1,1: ในเขต มีชื่อ+อยู่จริง,30-44 ปี,1
code,SPECIALPP,ทุ่งหว้า,11406,โรงพยาบาลทุ่งหว้า,ประเมินความเสี่ยง SMI-V: หลงผิด มุ่งร้ายเฉพาะเจาะจง (1B032),1B032,4,4: นอกเขต มารับบริการ/เคยอยู่ในเขต,45-59 ปี,2
code,SPECIALPP,ท่าแพ,14098,โรงพยาบาลส่งเสริมสุขภาพตำบลท่าเรือ,ประเมินความเสี่ยง SMI-V: หลงผิด มุ่งร้ายเฉพาะเจาะจง (1B032),1B032,1,1: ในเขต มีชื่อ+อยู่จริง,75 ปีขึ้นไป,1
code,SPECIALPP,มะนัง,28786,โรงพยาบาลมะนัง,ประเมินความเสี่ยง SMI-V: ก่อคดีอาชญากรรมรุนแรง (1B033),1B033,1,1: ในเขต มีชื่อ+อยู่จริง,45-59 ปี,1
code,SPECIALPP,มะนัง,28786,โรงพยาบาลมะนัง,ประเมินความเสี่ยง SMI-V: ทำร้ายผู้อื่น/ก่อเหตุรุนแรง (1B031),1B031,1,1: ในเขต มีชื่อ+อยู่จริง,15-29 ปี,1
code,SPECIALPP,มะนัง,28786,โรงพยาบาลมะนัง,ประเมินความเสี่ยง SMI-V: ทำร้ายผู้อื่น/ก่อเหตุรุนแรง (1B031),1B031,1,1: ในเขต มีชื่อ+อยู่จริง,30-44 ปี,1
code,SPECIALPP,มะนัง,28786,โรงพยาบาลมะนัง,ประเมินความเสี่ยง SMI-V: ทำร้ายผู้อื่น/ก่อเหตุรุนแรง (1B031),1B031,1,1: ในเขต มีชื่อ+อยู่จริง,45-59 ปี,2
code,SPECIALPP,มะนัง,28786,โรงพยาบาลมะนัง,ประเมินความเสี่ยง SMI-V: ทำร้ายผู้อื่น/ก่อเหตุรุนแรง (1B031),1B031,4,4: นอกเขต มารับบริการ/เคยอยู่ในเขต,30-44 ปี,8
code,SPECIALPP,มะนัง,28786,โรงพยาบาลมะนัง,ประเมินความเสี่ยง SMI-V: หลงผิด มุ่งร้ายเฉพาะเจาะจง (1B032),1B032,1,1: ในเขต มีชื่อ+อยู่จริง,45-59 ปี,1
code,SPECIALPP,มะนัง,28786,โรงพยาบาลมะนัง,ประเมินความเสี่ยง SMI-V: หลงผิด มุ่งร้ายเฉพาะเจาะจง (1B032),1B032,4,4: นอกเขต มารับบริการ/เคยอยู่ในเขต,15-29 ปี,1
code,SPECIALPP,ละงู,11405,โรงพยาบาลละงู,ประเมินความเสี่ยง SMI-V: ก่อคดีอาชญากรรมรุนแรง (1B033),1B033,4,4: นอกเขต มารับบริการ/เคยอยู่ในเขต,30-44 ปี,2
code,SPECIALPP,ละงู,11405,โรงพยาบาลละงู,ประเมินความเสี่ยง SMI-V: ทำร้ายตนเองรุนแรง (1B030),1B030,4,4: นอกเขต มารับบริการ/เคยอยู่ในเขต,30-44 ปี,1
code,SPECIALPP,ละงู,11405,โรงพยาบาลละงู,ประเมินความเสี่ยง SMI-V: ทำร้ายผู้อื่น/ก่อเหตุรุนแรง (1B031),1B031,4,4: นอกเขต มารับบริการ/เคยอยู่ในเขต,15-29 ปี,4
code,SPECIALPP,ละงู,11405,โรงพยาบาลละงู,ประเมินความเสี่ยง SMI-V: ทำร้ายผู้อื่น/ก่อเหตุรุนแรง (1B031),1B031,4,4: นอกเขต มารับบริการ/เคยอยู่ในเขต,30-44 ปี,9
code,SPECIALPP,ละงู,11405,โรงพยาบาลละงู,ประเมินความเสี่ยง SMI-V: ทำร้ายผู้อื่น/ก่อเหตุรุนแรง (1B031),1B031,4,4: นอกเขต มารับบริการ/เคยอยู่ในเขต,45-59 ปี,2
code,SPECIALPP,ละงู,11405,โรงพยาบาลละงู,ประเมินความเสี่ยง SMI-V: หลงผิด มุ่งร้ายเฉพาะเจาะจง (1B032),1B032,4,4: นอกเขต มารับบริการ/เคยอยู่ในเขต,15-29 ปี,1
code,SPECIALPP,ละงู,11405,โรงพยาบาลละงู,ประเมินความเสี่ยง SMI-V: หลงผิด มุ่งร้ายเฉพาะเจาะจง (1B032),1B032,4,4: นอกเขต มารับบริการ/เคยอยู่ในเขต,30-44 ปี,1
code,SPECIALPP,ละงู,09640,โรงพยาบาลส่งเสริมสุขภาพตำบลบ้านทุ่งไหม้  ตำบลน้ำผุด,ประเมินความเสี่ยง SMI-V: ก่อคดีอาชญากรรมรุนแรง (1B033),1B033,1,1: ในเขต มีชื่อ+อยู่จริง,15-29 ปี,118
code,SPECIALPP,ละงู,09640,โรงพยาบาลส่งเสริมสุขภาพตำบลบ้านทุ่งไหม้  ตำบลน้ำผุด,ประเมินความเสี่ยง SMI-V: ก่อคดีอาชญากรรมรุนแรง (1B033),1B033,1,1: ในเขต มีชื่อ+อยู่จริง,30-44 ปี,67
code,SPECIALPP,ละงู,09640,โรงพยาบาลส่งเสริมสุขภาพตำบลบ้านทุ่งไหม้  ตำบลน้ำผุด,ประเมินความเสี่ยง SMI-V: ก่อคดีอาชญากรรมรุนแรง (1B033),1B033,1,1: ในเขต มีชื่อ+อยู่จริง,45-59 ปี,80
code,SPECIALPP,ละงู,09640,โรงพยาบาลส่งเสริมสุขภาพตำบลบ้านทุ่งไหม้  ตำบลน้ำผุด,ประเมินความเสี่ยง SMI-V: ก่อคดีอาชญากรรมรุนแรง (1B033),1B033,1,1: ในเขต มีชื่อ+อยู่จริง,60-74 ปี,47
code,SPECIALPP,ละงู,09640,โรงพยาบาลส่งเสริมสุขภาพตำบลบ้านทุ่งไหม้  ตำบลน้ำผุด,ประเมินความเสี่ยง SMI-V: ก่อคดีอาชญากรรมรุนแรง (1B033),1B033,1,1: ในเขต มีชื่อ+อยู่จริง,75 ปีขึ้นไป,27
code,SPECIALPP,ละงู,09640,โรงพยาบาลส่งเสริมสุขภาพตำบลบ้านทุ่งไหม้  ตำบลน้ำผุด,ประเมินความเสี่ยง SMI-V: ก่อคดีอาชญากรรมรุนแรง (1B033),1B033,3,3: อาศัยในเขต ทะเบียนบ้านอยู่นอกเขต,15-29 ปี,1
code,SPECIALPP,ละงู,09640,โรงพยาบาลส่งเสริมสุขภาพตำบลบ้านทุ่งไหม้  ตำบลน้ำผุด,ประเมินความเสี่ยง SMI-V: ก่อคดีอาชญากรรมรุนแรง (1B033),1B033,3,3: อาศัยในเขต ทะเบียนบ้านอยู่นอกเขต,30-44 ปี,3
code,SPECIALPP,ละงู,09640,โรงพยาบาลส่งเสริมสุขภาพตำบลบ้านทุ่งไหม้  ตำบลน้ำผุด,ประเมินความเสี่ยง SMI-V: ก่อคดีอาชญากรรมรุนแรง (1B033),1B033,3,3: อาศัยในเขต ทะเบียนบ้านอยู่นอกเขต,45-59 ปี,1
code,SPECIALPP,ละงู,09639,โรงพยาบาลส่งเสริมสุขภาพตำบลปากน้ำ,ประเมินความเสี่ยง SMI-V: ก่อคดีอาชญากรรมรุนแรง (1B033),1B033,1,1: ในเขต มีชื่อ+อยู่จริง,15-29 ปี,728
code,SPECIALPP,ละงู,09639,โรงพยาบาลส่งเสริมสุขภาพตำบลปากน้ำ,ประเมินความเสี่ยง SMI-V: ก่อคดีอาชญากรรมรุนแรง (1B033),1B033,1,1: ในเขต มีชื่อ+อยู่จริง,30-44 ปี,374
code,SPECIALPP,ละงู,09639,โรงพยาบาลส่งเสริมสุขภาพตำบลปากน้ำ,ประเมินความเสี่ยง SMI-V: ก่อคดีอาชญากรรมรุนแรง (1B033),1B033,1,1: ในเขต มีชื่อ+อยู่จริง,45-59 ปี,95
code,SPECIALPP,ละงู,09639,โรงพยาบาลส่งเสริมสุขภาพตำบลปากน้ำ,ประเมินความเสี่ยง SMI-V: ก่อคดีอาชญากรรมรุนแรง (1B033),1B033,1,1: ในเขต มีชื่อ+อยู่จริง,75 ปีขึ้นไป,2
code,SPECIALPP,ละงู,09639,โรงพยาบาลส่งเสริมสุขภาพตำบลปากน้ำ,ประเมินความเสี่ยง SMI-V: ก่อคดีอาชญากรรมรุนแรง (1B033),1B033,2,2: ในเขต มีชื่อ แต่ไม่อยู่จริง,15-29 ปี,1
code,SPECIALPP,ละงู,09639,โรงพยาบาลส่งเสริมสุขภาพตำบลปากน้ำ,ประเมินความเสี่ยง SMI-V: ก่อคดีอาชญากรรมรุนแรง (1B033),1B033,2,2: ในเขต มีชื่อ แต่ไม่อยู่จริง,30-44 ปี,3
code,SPECIALPP,ละงู,09639,โรงพยาบาลส่งเสริมสุขภาพตำบลปากน้ำ,ประเมินความเสี่ยง SMI-V: ก่อคดีอาชญากรรมรุนแรง (1B033),1B033,3,3: อาศัยในเขต ทะเบียนบ้านอยู่นอกเขต,15-29 ปี,11
code,SPECIALPP,ละงู,09639,โรงพยาบาลส่งเสริมสุขภาพตำบลปากน้ำ,ประเมินความเสี่ยง SMI-V: ก่อคดีอาชญากรรมรุนแรง (1B033),1B033,3,3: อาศัยในเขต ทะเบียนบ้านอยู่นอกเขต,30-44 ปี,1
code,SPECIALPP,ละงู,09639,โรงพยาบาลส่งเสริมสุขภาพตำบลปากน้ำ,ประเมินความเสี่ยง SMI-V: ทำร้ายตนเองรุนแรง (1B030),1B030,1,1: ในเขต มีชื่อ+อยู่จริง,45-59 ปี,1
code,SPECIALPP,เมืองสตูล,24672,ศูนย์สุขภาพชุมชนศรีพิมาน,ประเมินความเสี่ยง SMI-V: ทำร้ายตนเองรุนแรง (1B030),1B030,3,3: อาศัยในเขต ทะเบียนบ้านอยู่นอกเขต,30-44 ปี,1
code,SPECIALPP,เมืองสตูล,10746,โรงพยาบาลสตูล,ประเมินความเสี่ยง SMI-V: ก่อคดีอาชญากรรมรุนแรง (1B033),1B033,4,4: นอกเขต มารับบริการ/เคยอยู่ในเขต,15-29 ปี,1
code,SPECIALPP,เมืองสตูล,10746,โรงพยาบาลสตูล,ประเมินความเสี่ยง SMI-V: ทำร้ายตนเองรุนแรง (1B030),1B030,4,4: นอกเขต มารับบริการ/เคยอยู่ในเขต,15-29 ปี,2
code,SPECIALPP,เมืองสตูล,10746,โรงพยาบาลสตูล,ประเมินความเสี่ยง SMI-V: ทำร้ายผู้อื่น/ก่อเหตุรุนแรง (1B031),1B031,4,4: นอกเขต มารับบริการ/เคยอยู่ในเขต,15-29 ปี,14
code,SPECIALPP,เมืองสตูล,10746,โรงพยาบาลสตูล,ประเมินความเสี่ยง SMI-V: ทำร้ายผู้อื่น/ก่อเหตุรุนแรง (1B031),1B031,4,4: นอกเขต มารับบริการ/เคยอยู่ในเขต,30-44 ปี,33
code,SPECIALPP,เมืองสตูล,10746,โรงพยาบาลสตูล,ประเมินความเสี่ยง SMI-V: ทำร้ายผู้อื่น/ก่อเหตุรุนแรง (1B031),1B031,4,4: นอกเขต มารับบริการ/เคยอยู่ในเขต,45-59 ปี,8
code,SPECIALPP,เมืองสตูล,10746,โรงพยาบาลสตูล,ประเมินความเสี่ยง SMI-V: หลงผิด มุ่งร้ายเฉพาะเจาะจง (1B032),1B032,4,4: นอกเขต มารับบริการ/เคยอยู่ในเขต,15-29 ปี,2
overall,DIAGNOSIS_OPD,ควนกาหลง,11403,โรงพยาบาลควนกาหลง,ALL,ALL,"",อื่นๆ/ไม่ทราบ,0-14 ปี,14
overall,DIAGNOSIS_OPD,ควนกาหลง,11403,โรงพยาบาลควนกาหลง,ALL,ALL,"",อื่นๆ/ไม่ทราบ,15-29 ปี,28
overall,DIAGNOSIS_OPD,ควนกาหลง,11403,โรงพยาบาลควนกาหลง,ALL,ALL,"",อื่นๆ/ไม่ทราบ,30-44 ปี,48
overall,DIAGNOSIS_OPD,ควนกาหลง,11403,โรงพยาบาลควนกาหลง,ALL,ALL,"",อื่นๆ/ไม่ทราบ,45-59 ปี,13
overall,DIAGNOSIS_OPD,ควนกาหลง,11403,โรงพยาบาลควนกาหลง,ALL,ALL,"",อื่นๆ/ไม่ทราบ,60-74 ปี,4
overall,DIAGNOSIS_OPD,ควนกาหลง,11403,โรงพยาบาลควนกาหลง,ALL,ALL,1,1: ในเขต มีชื่อ+อยู่จริง,0-14 ปี,45
overall,DIAGNOSIS_OPD,ควนกาหลง,11403,โรงพยาบาลควนกาหลง,ALL,ALL,1,1: ในเขต มีชื่อ+อยู่จริง,15-29 ปี,56
overall,DIAGNOSIS_OPD,ควนกาหลง,11403,โรงพยาบาลควนกาหลง,ALL,ALL,1,1: ในเขต มีชื่อ+อยู่จริง,30-44 ปี,47
overall,DIAGNOSIS_OPD,ควนกาหลง,11403,โรงพยาบาลควนกาหลง,ALL,ALL,1,1: ในเขต มีชื่อ+อยู่จริง,45-59 ปี,70
overall,DIAGNOSIS_OPD,ควนกาหลง,11403,โรงพยาบาลควนกาหลง,ALL,ALL,1,1: ในเขต มีชื่อ+อยู่จริง,60-74 ปี,73
overall,DIAGNOSIS_OPD,ควนกาหลง,11403,โรงพยาบาลควนกาหลง,ALL,ALL,1,1: ในเขต มีชื่อ+อยู่จริง,75 ปีขึ้นไป,46
overall,DIAGNOSIS_OPD,ควนกาหลง,11403,โรงพยาบาลควนกาหลง,ALL,ALL,2,2: ในเขต มีชื่อ แต่ไม่อยู่จริง,0-14 ปี,19
overall,DIAGNOSIS_OPD,ควนกาหลง,11403,โรงพยาบาลควนกาหลง,ALL,ALL,2,2: ในเขต มีชื่อ แต่ไม่อยู่จริง,15-29 ปี,3
overall,DIAGNOSIS_OPD,ควนกาหลง,11403,โรงพยาบาลควนกาหลง,ALL,ALL,2,2: ในเขต มีชื่อ แต่ไม่อยู่จริง,30-44 ปี,3
overall,DIAGNOSIS_OPD,ควนกาหลง,11403,โรงพยาบาลควนกาหลง,ALL,ALL,2,2: ในเขต มีชื่อ แต่ไม่อยู่จริง,45-59 ปี,4
overall,DIAGNOSIS_OPD,ควนกาหลง,11403,โรงพยาบาลควนกาหลง,ALL,ALL,2,2: ในเขต มีชื่อ แต่ไม่อยู่จริง,60-74 ปี,6
overall,DIAGNOSIS_OPD,ควนกาหลง,11403,โรงพยาบาลควนกาหลง,ALL,ALL,2,2: ในเขต มีชื่อ แต่ไม่อยู่จริง,75 ปีขึ้นไป,2
overall,DIAGNOSIS_OPD,ควนกาหลง,11403,โรงพยาบาลควนกาหลง,ALL,ALL,3,3: อาศัยในเขต ทะเบียนบ้านอยู่นอกเขต,0-14 ปี,5
overall,DIAGNOSIS_OPD,ควนกาหลง,11403,โรงพยาบาลควนกาหลง,ALL,ALL,3,3: อาศัยในเขต ทะเบียนบ้านอยู่นอกเขต,15-29 ปี,12
overall,DIAGNOSIS_OPD,ควนกาหลง,11403,โรงพยาบาลควนกาหลง,ALL,ALL,3,3: อาศัยในเขต ทะเบียนบ้านอยู่นอกเขต,30-44 ปี,6
overall,DIAGNOSIS_OPD,ควนกาหลง,11403,โรงพยาบาลควนกาหลง,ALL,ALL,3,3: อาศัยในเขต ทะเบียนบ้านอยู่นอกเขต,45-59 ปี,3
overall,DIAGNOSIS_OPD,ควนกาหลง,11403,โรงพยาบาลควนกาหลง,ALL,ALL,3,3: อาศัยในเขต ทะเบียนบ้านอยู่นอกเขต,60-74 ปี,2
overall,DIAGNOSIS_OPD,ควนกาหลง,11403,โรงพยาบาลควนกาหลง,ALL,ALL,3,3: อาศัยในเขต ทะเบียนบ้านอยู่นอกเขต,75 ปีขึ้นไป,1
overall,DIAGNOSIS_OPD,ควนกาหลง,11403,โรงพยาบาลควนกาหลง,ALL,ALL,4,4: นอกเขต มารับบริการ/เคยอยู่ในเขต,0-14 ปี,232
overall,DIAGNOSIS_OPD,ควนกาหลง,11403,โรงพยาบาลควนกาหลง,ALL,ALL,4,4: นอกเขต มารับบริการ/เคยอยู่ในเขต,15-29 ปี,442
overall,DIAGNOSIS_OPD,ควนกาหลง,11403,โรงพยาบาลควนกาหลง,ALL,ALL,4,4: นอกเขต มารับบริการ/เคยอยู่ในเขต,30-44 ปี,449
overall,DIAGNOSIS_OPD,ควนกาหลง,11403,โรงพยาบาลควนกาหลง,ALL,ALL,4,4: นอกเขต มารับบริการ/เคยอยู่ในเขต,45-59 ปี,469
overall,DIAGNOSIS_OPD,ควนกาหลง,11403,โรงพยาบาลควนกาหลง,ALL,ALL,4,4: นอกเขต มารับบริการ/เคยอยู่ในเขต,60-74 ปี,368
overall,DIAGNOSIS_OPD,ควนกาหลง,11403,โรงพยาบาลควนกาหลง,ALL,ALL,4,4: นอกเขต มารับบริการ/เคยอยู่ในเขต,75 ปีขึ้นไป,168
overall,DIAGNOSIS_OPD,ควนกาหลง,11403,โรงพยาบาลควนกาหลง,ALL,ALL,5,อื่นๆ/ไม่ทราบ,15-29 ปี,1
overall,DIAGNOSIS_OPD,ควนกาหลง,09625,โรงพยาบาลส่งเสริมสุขภาพตำบลควนกาหลง,ALL,ALL,1,1: ในเขต มีชื่อ+อยู่จริง,15-29 ปี,2
overall,DIAGNOSIS_OPD,ควนกาหลง,09625,โรงพยาบาลส่งเสริมสุขภาพตำบลควนกาหลง,ALL,ALL,1,1: ในเขต มีชื่อ+อยู่จริง,30-44 ปี,3
overall,DIAGNOSIS_OPD,ควนกาหลง,09625,โรงพยาบาลส่งเสริมสุขภาพตำบลควนกาหลง,ALL,ALL,1,1: ในเขต มีชื่อ+อยู่จริง,45-59 ปี,4
overall,DIAGNOSIS_OPD,ควนกาหลง,09625,โรงพยาบาลส่งเสริมสุขภาพตำบลควนกาหลง,ALL,ALL,1,1: ในเขต มีชื่อ+อยู่จริง,60-74 ปี,2
overall,DIAGNOSIS_OPD,ควนกาหลง,09625,โรงพยาบาลส่งเสริมสุขภาพตำบลควนกาหลง,ALL,ALL,1,1: ในเขต มีชื่อ+อยู่จริง,75 ปีขึ้นไป,4
overall,DIAGNOSIS_OPD,ควนกาหลง,09625,โรงพยาบาลส่งเสริมสุขภาพตำบลควนกาหลง,ALL,ALL,2,2: ในเขต มีชื่อ แต่ไม่อยู่จริง,60-74 ปี,1
overall,DIAGNOSIS_OPD,ควนกาหลง,09625,โรงพยาบาลส่งเสริมสุขภาพตำบลควนกาหลง,ALL,ALL,3,3: อาศัยในเขต ทะเบียนบ้านอยู่นอกเขต,45-59 ปี,1
overall,DIAGNOSIS_OPD,ควนกาหลง,09625,โรงพยาบาลส่งเสริมสุขภาพตำบลควนกาหลง,ALL,ALL,4,4: นอกเขต มารับบริการ/เคยอยู่ในเขต,30-44 ปี,1
overall,DIAGNOSIS_OPD,ควนกาหลง,09627,โรงพยาบาลส่งเสริมสุขภาพตำบลทุ่งนุ้ย,ALL,ALL,1,1: ในเขต มีชื่อ+อยู่จริง,0-14 ปี,1
overall,DIAGNOSIS_OPD,ควนกาหลง,09627,โรงพยาบาลส่งเสริมสุขภาพตำบลทุ่งนุ้ย,ALL,ALL,1,1: ในเขต มีชื่อ+อยู่จริง,15-29 ปี,3
overall,DIAGNOSIS_OPD,ควนกาหลง,09627,โรงพยาบาลส่งเสริมสุขภาพตำบลทุ่งนุ้ย,ALL,ALL,1,1: ในเขต มีชื่อ+อยู่จริง,30-44 ปี,3
overall,DIAGNOSIS_OPD,ควนกาหลง,09627,โรงพยาบาลส่งเสริมสุขภาพตำบลทุ่งนุ้ย,ALL,ALL,1,1: ในเขต มีชื่อ+อยู่จริง,45-59 ปี,1
overall,DIAGNOSIS_OPD,ควนกาหลง,09627,โรงพยาบาลส่งเสริมสุขภาพตำบลทุ่งนุ้ย,ALL,ALL,1,1: ในเขต มีชื่อ+อยู่จริง,60-74 ปี,3
overall,DIAGNOSIS_OPD,ควนกาหลง,09627,โรงพยาบาลส่งเสริมสุขภาพตำบลทุ่งนุ้ย,ALL,ALL,1,1: ในเขต มีชื่อ+อยู่จริง,75 ปีขึ้นไป,1
overall,DIAGNOSIS_OPD,ควนกาหลง,09627,โรงพยาบาลส่งเสริมสุขภาพตำบลทุ่งนุ้ย,ALL,ALL,4,4: นอกเขต มารับบริการ/เคยอยู่ในเขต,15-29 ปี,2
overall,DIAGNOSIS_OPD,ควนกาหลง,09627,โรงพยาบาลส่งเสริมสุขภาพตำบลทุ่งนุ้ย,ALL,ALL,4,4: นอกเขต มารับบริการ/เคยอยู่ในเขต,30-44 ปี,2
overall,DIAGNOSIS_OPD,ควนกาหลง,09627,โรงพยาบาลส่งเสริมสุขภาพตำบลทุ่งนุ้ย,ALL,ALL,4,4: นอกเขต มารับบริการ/เคยอยู่ในเขต,45-59 ปี,1
overall,DIAGNOSIS_OPD,ควนกาหลง,09627,โรงพยาบาลส่งเสริมสุขภาพตำบลทุ่งนุ้ย,ALL,ALL,4,4: นอกเขต มารับบริการ/เคยอยู่ในเขต,60-74 ปี,2
overall,DIAGNOSIS_OPD,ควนกาหลง,14096,โรงพยาบาลส่งเสริมสุขภาพตำบลบ้านกะทูน-พิปูนล้นเกล้า,ALL,ALL,1,1: ในเขต มีชื่อ+อยู่จริง,0-14 ปี,3
overall,DIAGNOSIS_OPD,ควนกาหลง,14096,โรงพยาบาลส่งเสริมสุขภาพตำบลบ้านกะทูน-พิปูนล้นเกล้า,ALL,ALL,1,1: ในเขต มีชื่อ+อยู่จริง,15-29 ปี,2
overall,DIAGNOSIS_OPD,ควนกาหลง,14096,โรงพยาบาลส่งเสริมสุขภาพตำบลบ้านกะทูน-พิปูนล้นเกล้า,ALL,ALL,1,1: ในเขต มีชื่อ+อยู่จริง,30-44 ปี,5
overall,DIAGNOSIS_OPD,ควนกาหลง,14096,โรงพยาบาลส่งเสริมสุขภาพตำบลบ้านกะทูน-พิปูนล้นเกล้า,ALL,ALL,1,1: ในเขต มีชื่อ+อยู่จริง,45-59 ปี,13
overall,DIAGNOSIS_OPD,ควนกาหลง,14096,โรงพยาบาลส่งเสริมสุขภาพตำบลบ้านกะทูน-พิปูนล้นเกล้า,ALL,ALL,1,1: ในเขต มีชื่อ+อยู่จริง,60-74 ปี,8
overall,DIAGNOSIS_OPD,ควนกาหลง,14096,โรงพยาบาลส่งเสริมสุขภาพตำบลบ้านกะทูน-พิปูนล้นเกล้า,ALL,ALL,1,1: ในเขต มีชื่อ+อยู่จริง,75 ปีขึ้นไป,8
overall,DIAGNOSIS_OPD,ควนกาหลง,14096,โรงพยาบาลส่งเสริมสุขภาพตำบลบ้านกะทูน-พิปูนล้นเกล้า,ALL,ALL,2,2: ในเขต มีชื่อ แต่ไม่อยู่จริง,30-44 ปี,1
overall,DIAGNOSIS_OPD,ควนกาหลง,14096,โรงพยาบาลส่งเสริมสุขภาพตำบลบ้านกะทูน-พิปูนล้นเกล้า,ALL,ALL,4,4: นอกเขต มารับบริการ/เคยอยู่ในเขต,0-14 ปี,2
overall,DIAGNOSIS_OPD,ควนกาหลง,14096,โรงพยาบาลส่งเสริมสุขภาพตำบลบ้านกะทูน-พิปูนล้นเกล้า,ALL,ALL,4,4: นอกเขต มารับบริการ/เคยอยู่ในเขต,30-44 ปี,1
overall,DIAGNOSIS_OPD,ควนกาหลง,14096,โรงพยาบาลส่งเสริมสุขภาพตำบลบ้านกะทูน-พิปูนล้นเกล้า,ALL,ALL,4,4: นอกเขต มารับบริการ/เคยอยู่ในเขต,45-59 ปี,2
overall,DIAGNOSIS_OPD,ควนกาหลง,09626,โรงพยาบาลส่งเสริมสุขภาพตำบลบ้านควนบ่อทอง ตำบลทุ่งนุ้ย,ALL,ALL,1,1: ในเขต มีชื่อ+อยู่จริง,15-29 ปี,1
overall,DIAGNOSIS_OPD,ควนกาหลง,09626,โรงพยาบาลส่งเสริมสุขภาพตำบลบ้านควนบ่อทอง ตำบลทุ่งนุ้ย,ALL,ALL,1,1: ในเขต มีชื่อ+อยู่จริง,30-44 ปี,3
overall,DIAGNOSIS_OPD,ควนกาหลง,09626,โรงพยาบาลส่งเสริมสุขภาพตำบลบ้านควนบ่อทอง ตำบลทุ่งนุ้ย,ALL,ALL,1,1: ในเขต มีชื่อ+อยู่จริง,45-59 ปี,3
overall,DIAGNOSIS_OPD,ควนกาหลง,09626,โรงพยาบาลส่งเสริมสุขภาพตำบลบ้านควนบ่อทอง ตำบลทุ่งนุ้ย,ALL,ALL,1,1: ในเขต มีชื่อ+อยู่จริง,60-74 ปี,7
overall,DIAGNOSIS_OPD,ควนกาหลง,09626,โรงพยาบาลส่งเสริมสุขภาพตำบลบ้านควนบ่อทอง ตำบลทุ่งนุ้ย,ALL,ALL,1,1: ในเขต มีชื่อ+อยู่จริง,75 ปีขึ้นไป,2
overall,DIAGNOSIS_OPD,ควนกาหลง,09626,โรงพยาบาลส่งเสริมสุขภาพตำบลบ้านควนบ่อทอง ตำบลทุ่งนุ้ย,ALL,ALL,2,2: ในเขต มีชื่อ แต่ไม่อยู่จริง,30-44 ปี,2
overall,DIAGNOSIS_OPD,ควนกาหลง,09626,โรงพยาบาลส่งเสริมสุขภาพตำบลบ้านควนบ่อทอง ตำบลทุ่งนุ้ย,ALL,ALL,2,2: ในเขต มีชื่อ แต่ไม่อยู่จริง,45-59 ปี,1
overall,DIAGNOSIS_OPD,ควนกาหลง,09628,โรงพยาบาลส่งเสริมสุขภาพตำบลบ้านผัง 34  ตำบลอุใดเจริญ,ALL,ALL,1,1: ในเขต มีชื่อ+อยู่จริง,0-14 ปี,2
overall,DIAGNOSIS_OPD,ควนกาหลง,09628,โรงพยาบาลส่งเสริมสุขภาพตำบลบ้านผัง 34  ตำบลอุใดเจริญ,ALL,ALL,1,1: ในเขต มีชื่อ+อยู่จริง,15-29 ปี,4
overall,DIAGNOSIS_OPD,ควนกาหลง,09628,โรงพยาบาลส่งเสริมสุขภาพตำบลบ้านผัง 34  ตำบลอุใดเจริญ,ALL,ALL,1,1: ในเขต มีชื่อ+อยู่จริง,30-44 ปี,6
overall,DIAGNOSIS_OPD,ควนกาหลง,09628,โรงพยาบาลส่งเสริมสุขภาพตำบลบ้านผัง 34  ตำบลอุใดเจริญ,ALL,ALL,1,1: ในเขต มีชื่อ+อยู่จริง,45-59 ปี,14
overall,DIAGNOSIS_OPD,ควนกาหลง,09628,โรงพยาบาลส่งเสริมสุขภาพตำบลบ้านผัง 34  ตำบลอุใดเจริญ,ALL,ALL,1,1: ในเขต มีชื่อ+อยู่จริง,60-74 ปี,25
overall,DIAGNOSIS_OPD,ควนกาหลง,09628,โรงพยาบาลส่งเสริมสุขภาพตำบลบ้านผัง 34  ตำบลอุใดเจริญ,ALL,ALL,1,1: ในเขต มีชื่อ+อยู่จริง,75 ปีขึ้นไป,19
overall,DIAGNOSIS_OPD,ควนกาหลง,09628,โรงพยาบาลส่งเสริมสุขภาพตำบลบ้านผัง 34  ตำบลอุใดเจริญ,ALL,ALL,2,2: ในเขต มีชื่อ แต่ไม่อยู่จริง,45-59 ปี,2
overall,DIAGNOSIS_OPD,ควนกาหลง,09628,โรงพยาบาลส่งเสริมสุขภาพตำบลบ้านผัง 34  ตำบลอุใดเจริญ,ALL,ALL,2,2: ในเขต มีชื่อ แต่ไม่อยู่จริง,60-74 ปี,2
overall,DIAGNOSIS_OPD,ควนกาหลง,09628,โรงพยาบาลส่งเสริมสุขภาพตำบลบ้านผัง 34  ตำบลอุใดเจริญ,ALL,ALL,4,4: นอกเขต มารับบริการ/เคยอยู่ในเขต,15-29 ปี,1
overall,DIAGNOSIS_OPD,ควนกาหลง,09628,โรงพยาบาลส่งเสริมสุขภาพตำบลบ้านผัง 34  ตำบลอุใดเจริญ,ALL,ALL,4,4: นอกเขต มารับบริการ/เคยอยู่ในเขต,30-44 ปี,2
overall,DIAGNOSIS_OPD,ควนกาหลง,14097,โรงพยาบาลส่งเสริมสุขภาพตำบลบ้านเหนือคลอง  ตำบลควนกาหลง,ALL,ALL,1,1: ในเขต มีชื่อ+อยู่จริง,45-59 ปี,2
overall,DIAGNOSIS_OPD,ควนกาหลง,14097,โรงพยาบาลส่งเสริมสุขภาพตำบลบ้านเหนือคลอง  ตำบลควนกาหลง,ALL,ALL,1,1: ในเขต มีชื่อ+อยู่จริง,75 ปีขึ้นไป,1
overall,DIAGNOSIS_OPD,ควนกาหลง,14097,โรงพยาบาลส่งเสริมสุขภาพตำบลบ้านเหนือคลอง  ตำบลควนกาหลง,ALL,ALL,4,4: นอกเขต มารับบริการ/เคยอยู่ในเขต,30-44 ปี,1
overall,DIAGNOSIS_OPD,ควนกาหลง,09629,โรงพยาบาลส่งเสริมสุขภาพตำบลอุใดเจริญ อำเภอควนกาหลง,ALL,ALL,1,1: ในเขต มีชื่อ+อยู่จริง,0-14 ปี,3
overall,DIAGNOSIS_OPD,ควนกาหลง,09629,โรงพยาบาลส่งเสริมสุขภาพตำบลอุใดเจริญ อำเภอควนกาหลง,ALL,ALL,1,1: ในเขต มีชื่อ+อยู่จริง,15-29 ปี,1
overall,DIAGNOSIS_OPD,ควนกาหลง,09629,โรงพยาบาลส่งเสริมสุขภาพตำบลอุใดเจริญ อำเภอควนกาหลง,ALL,ALL,1,1: ในเขต มีชื่อ+อยู่จริง,30-44 ปี,5
overall,DIAGNOSIS_OPD,ควนกาหลง,09629,โรงพยาบาลส่งเสริมสุขภาพตำบลอุใดเจริญ อำเภอควนกาหลง,ALL,ALL,1,1: ในเขต มีชื่อ+อยู่จริง,45-59 ปี,14
overall,DIAGNOSIS_OPD,ควนกาหลง,09629,โรงพยาบาลส่งเสริมสุขภาพตำบลอุใดเจริญ อำเภอควนกาหลง,ALL,ALL,1,1: ในเขต มีชื่อ+อยู่จริง,60-74 ปี,13
overall,DIAGNOSIS_OPD,ควนกาหลง,09629,โรงพยาบาลส่งเสริมสุขภาพตำบลอุใดเจริญ อำเภอควนกาหลง,ALL,ALL,1,1: ในเขต มีชื่อ+อยู่จริง,75 ปีขึ้นไป,6
overall,DIAGNOSIS_OPD,ควนกาหลง,09629,โรงพยาบาลส่งเสริมสุขภาพตำบลอุใดเจริญ อำเภอควนกาหลง,ALL,ALL,4,4: นอกเขต มารับบริการ/เคยอยู่ในเขต,0-14 ปี,1
overall,DIAGNOSIS_OPD,ควนกาหลง,09629,โรงพยาบาลส่งเสริมสุขภาพตำบลอุใดเจริญ อำเภอควนกาหลง,ALL,ALL,4,4: นอกเขต มารับบริการ/เคยอยู่ในเขต,15-29 ปี,1
overall,DIAGNOSIS_OPD,ควนกาหลง,09629,โรงพยาบาลส่งเสริมสุขภาพตำบลอุใดเจริญ อำเภอควนกาหลง,ALL,ALL,4,4: นอกเขต มารับบริการ/เคยอยู่ในเขต,45-59 ปี,1
overall,DIAGNOSIS_OPD,ควนกาหลง,09629,โรงพยาบาลส่งเสริมสุขภาพตำบลอุใดเจริญ อำเภอควนกาหลง,ALL,ALL,4,4: นอกเขต มารับบริการ/เคยอยู่ในเขต,75 ปีขึ้นไป,1
overall,DIAGNOSIS_OPD,ควนโดน,11402,โรงพยาบาลควนโดน,ALL,ALL,"",อื่นๆ/ไม่ทราบ,30-44 ปี,1
overall,DIAGNOSIS_OPD,ควนโดน,11402,โรงพยาบาลควนโดน,ALL,ALL,"",อื่นๆ/ไม่ทราบ,45-59 ปี,1
overall,DIAGNOSIS_OPD,ควนโดน,11402,โรงพยาบาลควนโดน,ALL,ALL,1,1: ในเขต มีชื่อ+อยู่จริง,0-14 ปี,41
overall,DIAGNOSIS_OPD,ควนโดน,11402,โรงพยาบาลควนโดน,ALL,ALL,1,1: ในเขต มีชื่อ+อยู่จริง,15-29 ปี,55
overall,DIAGNOSIS_OPD,ควนโดน,11402,โรงพยาบาลควนโดน,ALL,ALL,1,1: ในเขต มีชื่อ+อยู่จริง,30-44 ปี,69
overall,DIAGNOSIS_OPD,ควนโดน,11402,โรงพยาบาลควนโดน,ALL,ALL,1,1: ในเขต มีชื่อ+อยู่จริง,45-59 ปี,35
overall,DIAGNOSIS_OPD,ควนโดน,11402,โรงพยาบาลควนโดน,ALL,ALL,1,1: ในเขต มีชื่อ+อยู่จริง,60-74 ปี,32
overall,DIAGNOSIS_OPD,ควนโดน,11402,โรงพยาบาลควนโดน,ALL,ALL,1,1: ในเขต มีชื่อ+อยู่จริง,75 ปีขึ้นไป,11
overall,DIAGNOSIS_OPD,ควนโดน,11402,โรงพยาบาลควนโดน,ALL,ALL,2,2: ในเขต มีชื่อ แต่ไม่อยู่จริง,0-14 ปี,1
overall,DIAGNOSIS_OPD,ควนโดน,11402,โรงพยาบาลควนโดน,ALL,ALL,2,2: ในเขต มีชื่อ แต่ไม่อยู่จริง,15-29 ปี,5
overall,DIAGNOSIS_OPD,ควนโดน,11402,โรงพยาบาลควนโดน,ALL,ALL,2,2: ในเขต มีชื่อ แต่ไม่อยู่จริง,30-44 ปี,9
overall,DIAGNOSIS_OPD,ควนโดน,11402,โรงพยาบาลควนโดน,ALL,ALL,2,2: ในเขต มีชื่อ แต่ไม่อยู่จริง,45-59 ปี,1
overall,DIAGNOSIS_OPD,ควนโดน,11402,โรงพยาบาลควนโดน,ALL,ALL,2,2: ในเขต มีชื่อ แต่ไม่อยู่จริง,75 ปีขึ้นไป,1
overall,DIAGNOSIS_OPD,ควนโดน,11402,โรงพยาบาลควนโดน,ALL,ALL,3,3: อาศัยในเขต ทะเบียนบ้านอยู่นอกเขต,0-14 ปี,1
overall,DIAGNOSIS_OPD,ควนโดน,11402,โรงพยาบาลควนโดน,ALL,ALL,3,3: อาศัยในเขต ทะเบียนบ้านอยู่นอกเขต,15-29 ปี,3
overall,DIAGNOSIS_OPD,ควนโดน,11402,โรงพยาบาลควนโดน,ALL,ALL,3,3: อาศัยในเขต ทะเบียนบ้านอยู่นอกเขต,30-44 ปี,2
overall,DIAGNOSIS_OPD,ควนโดน,11402,โรงพยาบาลควนโดน,ALL,ALL,3,3: อาศัยในเขต ทะเบียนบ้านอยู่นอกเขต,45-59 ปี,3
overall,DIAGNOSIS_OPD,ควนโดน,11402,โรงพยาบาลควนโดน,ALL,ALL,4,4: นอกเขต มารับบริการ/เคยอยู่ในเขต,0-14 ปี,147
overall,DIAGNOSIS_OPD,ควนโดน,11402,โรงพยาบาลควนโดน,ALL,ALL,4,4: นอกเขต มารับบริการ/เคยอยู่ในเขต,15-29 ปี,297
overall,DIAGNOSIS_OPD,ควนโดน,11402,โรงพยาบาลควนโดน,ALL,ALL,4,4: นอกเขต มารับบริการ/เคยอยู่ในเขต,30-44 ปี,344
overall,DIAGNOSIS_OPD,ควนโดน,11402,โรงพยาบาลควนโดน,ALL,ALL,4,4: นอกเขต มารับบริการ/เคยอยู่ในเขต,45-59 ปี,189
overall,DIAGNOSIS_OPD,ควนโดน,11402,โรงพยาบาลควนโดน,ALL,ALL,4,4: นอกเขต มารับบริการ/เคยอยู่ในเขต,60-74 ปี,120
overall,DIAGNOSIS_OPD,ควนโดน,11402,โรงพยาบาลควนโดน,ALL,ALL,4,4: นอกเขต มารับบริการ/เคยอยู่ในเขต,75 ปีขึ้นไป,51
overall,DIAGNOSIS_OPD,ควนโดน,09621,โรงพยาบาลส่งเสริมสุขภาพตำบลควนโดน,ALL,ALL,1,1: ในเขต มีชื่อ+อยู่จริง,0-14 ปี,1
overall,DIAGNOSIS_OPD,ควนโดน,09621,โรงพยาบาลส่งเสริมสุขภาพตำบลควนโดน,ALL,ALL,1,1: ในเขต มีชื่อ+อยู่จริง,15-29 ปี,3
overall,DIAGNOSIS_OPD,ควนโดน,09621,โรงพยาบาลส่งเสริมสุขภาพตำบลควนโดน,ALL,ALL,1,1: ในเขต มีชื่อ+อยู่จริง,30-44 ปี,7
overall,DIAGNOSIS_OPD,ควนโดน,09621,โรงพยาบาลส่งเสริมสุขภาพตำบลควนโดน,ALL,ALL,1,1: ในเขต มีชื่อ+อยู่จริง,45-59 ปี,7
overall,DIAGNOSIS_OPD,ควนโดน,09621,โรงพยาบาลส่งเสริมสุขภาพตำบลควนโดน,ALL,ALL,1,1: ในเขต มีชื่อ+อยู่จริง,60-74 ปี,1
overall,DIAGNOSIS_OPD,ควนโดน,09621,โรงพยาบาลส่งเสริมสุขภาพตำบลควนโดน,ALL,ALL,2,2: ในเขต มีชื่อ แต่ไม่อยู่จริง,15-29 ปี,1
overall,DIAGNOSIS_OPD,ควนโดน,09621,โรงพยาบาลส่งเสริมสุขภาพตำบลควนโดน,ALL,ALL,2,2: ในเขต มีชื่อ แต่ไม่อยู่จริง,30-44 ปี,4
overall,DIAGNOSIS_OPD,ควนโดน,09621,โรงพยาบาลส่งเสริมสุขภาพตำบลควนโดน,ALL,ALL,4,4: นอกเขต มารับบริการ/เคยอยู่ในเขต,15-29 ปี,1
overall,DIAGNOSIS_OPD,ควนโดน,09621,โรงพยาบาลส่งเสริมสุขภาพตำบลควนโดน,ALL,ALL,4,4: นอกเขต มารับบริการ/เคยอยู่ในเขต,45-59 ปี,1
overall,DIAGNOSIS_OPD,ควนโดน,09622,โรงพยาบาลส่งเสริมสุขภาพตำบลบ้านกุบังปะโหลด,ALL,ALL,1,1: ในเขต มีชื่อ+อยู่จริง,30-44 ปี,2
overall,DIAGNOSIS_OPD,ควนโดน,09622,โรงพยาบาลส่งเสริมสุขภาพตำบลบ้านกุบังปะโหลด,ALL,ALL,1,1: ในเขต มีชื่อ+อยู่จริง,60-74 ปี,2
overall,DIAGNOSIS_OPD,ควนโดน,09622,โรงพยาบาลส่งเสริมสุขภาพตำบลบ้านกุบังปะโหลด,ALL,ALL,2,2: ในเขต มีชื่อ แต่ไม่อยู่จริง,30-44 ปี,1
overall,DIAGNOSIS_OPD,ควนโดน,09622,โรงพยาบาลส่งเสริมสุขภาพตำบลบ้านกุบังปะโหลด,ALL,ALL,3,3: อาศัยในเขต ทะเบียนบ้านอยู่นอกเขต,30-44 ปี,1
overall,DIAGNOSIS_OPD,ควนโดน,09622,โรงพยาบาลส่งเสริมสุขภาพตำบลบ้านกุบังปะโหลด,ALL,ALL,4,4: นอกเขต มารับบริการ/เคยอยู่ในเขต,15-29 ปี,1
overall,DIAGNOSIS_OPD,ควนโดน,09622,โรงพยาบาลส่งเสริมสุขภาพตำบลบ้านกุบังปะโหลด,ALL,ALL,4,4: นอกเขต มารับบริการ/เคยอยู่ในเขต,30-44 ปี,1
overall,DIAGNOSIS_OPD,ควนโดน,09624,โรงพยาบาลส่งเสริมสุขภาพตำบลบ้านวังประจัน ตำบลวังประจัน,ALL,ALL,1,1: ในเขต มีชื่อ+อยู่จริง,0-14 ปี,1
overall,DIAGNOSIS_OPD,ควนโดน,09624,โรงพยาบาลส่งเสริมสุขภาพตำบลบ้านวังประจัน ตำบลวังประจัน,ALL,ALL,1,1: ในเขต มีชื่อ+อยู่จริง,15-29 ปี,1
overall,DIAGNOSIS_OPD,ควนโดน,09624,โรงพยาบาลส่งเสริมสุขภาพตำบลบ้านวังประจัน ตำบลวังประจัน,ALL,ALL,1,1: ในเขต มีชื่อ+อยู่จริง,30-44 ปี,6
overall,DIAGNOSIS_OPD,ควนโดน,09624,โรงพยาบาลส่งเสริมสุขภาพตำบลบ้านวังประจัน ตำบลวังประจัน,ALL,ALL,1,1: ในเขต มีชื่อ+อยู่จริง,45-59 ปี,3
overall,DIAGNOSIS_OPD,ควนโดน,09624,โรงพยาบาลส่งเสริมสุขภาพตำบลบ้านวังประจัน ตำบลวังประจัน,ALL,ALL,1,1: ในเขต มีชื่อ+อยู่จริง,60-74 ปี,2
overall,DIAGNOSIS_OPD,ควนโดน,09624,โรงพยาบาลส่งเสริมสุขภาพตำบลบ้านวังประจัน ตำบลวังประจัน,ALL,ALL,2,2: ในเขต มีชื่อ แต่ไม่อยู่จริง,30-44 ปี,1
overall,DIAGNOSIS_OPD,ควนโดน,09624,โรงพยาบาลส่งเสริมสุขภาพตำบลบ้านวังประจัน ตำบลวังประจัน,ALL,ALL,3,3: อาศัยในเขต ทะเบียนบ้านอยู่นอกเขต,30-44 ปี,1
overall,DIAGNOSIS_OPD,ควนโดน,09624,โรงพยาบาลส่งเสริมสุขภาพตำบลบ้านวังประจัน ตำบลวังประจัน,ALL,ALL,4,4: นอกเขต มารับบริการ/เคยอยู่ในเขต,15-29 ปี,2
overall,DIAGNOSIS_OPD,ควนโดน,09624,โรงพยาบาลส่งเสริมสุขภาพตำบลบ้านวังประจัน ตำบลวังประจัน,ALL,ALL,4,4: นอกเขต มารับบริการ/เคยอยู่ในเขต,30-44 ปี,2
overall,DIAGNOSIS_OPD,ควนโดน,09624,โรงพยาบาลส่งเสริมสุขภาพตำบลบ้านวังประจัน ตำบลวังประจัน,ALL,ALL,4,4: นอกเขต มารับบริการ/เคยอยู่ในเขต,60-74 ปี,1
overall,DIAGNOSIS_OPD,ควนโดน,09623,โรงพยาบาลส่งเสริมสุขภาพตำบลย่านซื่อ,ALL,ALL,1,1: ในเขต มีชื่อ+อยู่จริง,15-29 ปี,1
overall,DIAGNOSIS_OPD,ควนโดน,09623,โรงพยาบาลส่งเสริมสุขภาพตำบลย่านซื่อ,ALL,ALL,1,1: ในเขต มีชื่อ+อยู่จริง,30-44 ปี,9
overall,DIAGNOSIS_OPD,ควนโดน,09623,โรงพยาบาลส่งเสริมสุขภาพตำบลย่านซื่อ,ALL,ALL,1,1: ในเขต มีชื่อ+อยู่จริง,45-59 ปี,3
overall,DIAGNOSIS_OPD,ควนโดน,09623,โรงพยาบาลส่งเสริมสุขภาพตำบลย่านซื่อ,ALL,ALL,1,1: ในเขต มีชื่อ+อยู่จริง,60-74 ปี,1
overall,DIAGNOSIS_OPD,ควนโดน,09623,โรงพยาบาลส่งเสริมสุขภาพตำบลย่านซื่อ,ALL,ALL,1,1: ในเขต มีชื่อ+อยู่จริง,75 ปีขึ้นไป,2
overall,DIAGNOSIS_OPD,ควนโดน,09623,โรงพยาบาลส่งเสริมสุขภาพตำบลย่านซื่อ,ALL,ALL,2,2: ในเขต มีชื่อ แต่ไม่อยู่จริง,30-44 ปี,1
overall,DIAGNOSIS_OPD,ทุ่งหว้า,11406,โรงพยาบาลทุ่งหว้า,ALL,ALL,"",อื่นๆ/ไม่ทราบ,0-14 ปี,2
overall,DIAGNOSIS_OPD,ทุ่งหว้า,11406,โรงพยาบาลทุ่งหว้า,ALL,ALL,"",อื่นๆ/ไม่ทราบ,15-29 ปี,6
overall,DIAGNOSIS_OPD,ทุ่งหว้า,11406,โรงพยาบาลทุ่งหว้า,ALL,ALL,"",อื่นๆ/ไม่ทราบ,30-44 ปี,6
overall,DIAGNOSIS_OPD,ทุ่งหว้า,11406,โรงพยาบาลทุ่งหว้า,ALL,ALL,"",อื่นๆ/ไม่ทราบ,45-59 ปี,3
overall,DIAGNOSIS_OPD,ทุ่งหว้า,11406,โรงพยาบาลทุ่งหว้า,ALL,ALL,"",อื่นๆ/ไม่ทราบ,60-74 ปี,1
overall,DIAGNOSIS_OPD,ทุ่งหว้า,11406,โรงพยาบาลทุ่งหว้า,ALL,ALL,"",อื่นๆ/ไม่ทราบ,75 ปีขึ้นไป,1
overall,DIAGNOSIS_OPD,ทุ่งหว้า,11406,โรงพยาบาลทุ่งหว้า,ALL,ALL,1,1: ในเขต มีชื่อ+อยู่จริง,0-14 ปี,32
overall,DIAGNOSIS_OPD,ทุ่งหว้า,11406,โรงพยาบาลทุ่งหว้า,ALL,ALL,1,1: ในเขต มีชื่อ+อยู่จริง,15-29 ปี,56
overall,DIAGNOSIS_OPD,ทุ่งหว้า,11406,โรงพยาบาลทุ่งหว้า,ALL,ALL,1,1: ในเขต มีชื่อ+อยู่จริง,30-44 ปี,65
overall,DIAGNOSIS_OPD,ทุ่งหว้า,11406,โรงพยาบาลทุ่งหว้า,ALL,ALL,1,1: ในเขต มีชื่อ+อยู่จริง,45-59 ปี,116
overall,DIAGNOSIS_OPD,ทุ่งหว้า,11406,โรงพยาบาลทุ่งหว้า,ALL,ALL,1,1: ในเขต มีชื่อ+อยู่จริง,60-74 ปี,79
overall,DIAGNOSIS_OPD,ทุ่งหว้า,11406,โรงพยาบาลทุ่งหว้า,ALL,ALL,1,1: ในเขต มีชื่อ+อยู่จริง,75 ปีขึ้นไป,52
overall,DIAGNOSIS_OPD,ทุ่งหว้า,11406,โรงพยาบาลทุ่งหว้า,ALL,ALL,2,2: ในเขต มีชื่อ แต่ไม่อยู่จริง,0-14 ปี,13
overall,DIAGNOSIS_OPD,ทุ่งหว้า,11406,โรงพยาบาลทุ่งหว้า,ALL,ALL,2,2: ในเขต มีชื่อ แต่ไม่อยู่จริง,15-29 ปี,21
overall,DIAGNOSIS_OPD,ทุ่งหว้า,11406,โรงพยาบาลทุ่งหว้า,ALL,ALL,2,2: ในเขต มีชื่อ แต่ไม่อยู่จริง,30-44 ปี,30
overall,DIAGNOSIS_OPD,ทุ่งหว้า,11406,โรงพยาบาลทุ่งหว้า,ALL,ALL,2,2: ในเขต มีชื่อ แต่ไม่อยู่จริง,45-59 ปี,23
overall,DIAGNOSIS_OPD,ทุ่งหว้า,11406,โรงพยาบาลทุ่งหว้า,ALL,ALL,2,2: ในเขต มีชื่อ แต่ไม่อยู่จริง,60-74 ปี,12
overall,DIAGNOSIS_OPD,ทุ่งหว้า,11406,โรงพยาบาลทุ่งหว้า,ALL,ALL,2,2: ในเขต มีชื่อ แต่ไม่อยู่จริง,75 ปีขึ้นไป,6
overall,DIAGNOSIS_OPD,ทุ่งหว้า,11406,โรงพยาบาลทุ่งหว้า,ALL,ALL,3,3: อาศัยในเขต ทะเบียนบ้านอยู่นอกเขต,0-14 ปี,2
overall,DIAGNOSIS_OPD,ทุ่งหว้า,11406,โรงพยาบาลทุ่งหว้า,ALL,ALL,3,3: อาศัยในเขต ทะเบียนบ้านอยู่นอกเขต,15-29 ปี,2
overall,DIAGNOSIS_OPD,ทุ่งหว้า,11406,โรงพยาบาลทุ่งหว้า,ALL,ALL,3,3: อาศัยในเขต ทะเบียนบ้านอยู่นอกเขต,30-44 ปี,2
overall,DIAGNOSIS_OPD,ทุ่งหว้า,11406,โรงพยาบาลทุ่งหว้า,ALL,ALL,3,3: อาศัยในเขต ทะเบียนบ้านอยู่นอกเขต,60-74 ปี,1
overall,DIAGNOSIS_OPD,ทุ่งหว้า,11406,โรงพยาบาลทุ่งหว้า,ALL,ALL,3,3: อาศัยในเขต ทะเบียนบ้านอยู่นอกเขต,75 ปีขึ้นไป,1
overall,DIAGNOSIS_OPD,ทุ่งหว้า,11406,โรงพยาบาลทุ่งหว้า,ALL,ALL,4,4: นอกเขต มารับบริการ/เคยอยู่ในเขต,0-14 ปี,157
overall,DIAGNOSIS_OPD,ทุ่งหว้า,11406,โรงพยาบาลทุ่งหว้า,ALL,ALL,4,4: นอกเขต มารับบริการ/เคยอยู่ในเขต,15-29 ปี,318
overall,DIAGNOSIS_OPD,ทุ่งหว้า,11406,โรงพยาบาลทุ่งหว้า,ALL,ALL,4,4: นอกเขต มารับบริการ/เคยอยู่ในเขต,30-44 ปี,407
overall,DIAGNOSIS_OPD,ทุ่งหว้า,11406,โรงพยาบาลทุ่งหว้า,ALL,ALL,4,4: นอกเขต มารับบริการ/เคยอยู่ในเขต,45-59 ปี,419
overall,DIAGNOSIS_OPD,ทุ่งหว้า,11406,โรงพยาบาลทุ่งหว้า,ALL,ALL,4,4: นอกเขต มารับบริการ/เคยอยู่ในเขต,60-74 ปี,276
overall,DIAGNOSIS_OPD,ทุ่งหว้า,11406,โรงพยาบาลทุ่งหว้า,ALL,ALL,4,4: นอกเขต มารับบริการ/เคยอยู่ในเขต,75 ปีขึ้นไป,139
overall,DIAGNOSIS_OPD,ทุ่งหว้า,11406,โรงพยาบาลทุ่งหว้า,ALL,ALL,5,อื่นๆ/ไม่ทราบ,45-59 ปี,1
overall,DIAGNOSIS_OPD,ทุ่งหว้า,09645,โรงพยาบาลส่งเสริมสุขภาพตำบลขอนคลาน,ALL,ALL,1,1: ในเขต มีชื่อ+อยู่จริง,30-44 ปี,2
overall,DIAGNOSIS_OPD,ทุ่งหว้า,09645,โรงพยาบาลส่งเสริมสุขภาพตำบลขอนคลาน,ALL,ALL,1,1: ในเขต มีชื่อ+อยู่จริง,45-59 ปี,2
overall,DIAGNOSIS_OPD,ทุ่งหว้า,09645,โรงพยาบาลส่งเสริมสุขภาพตำบลขอนคลาน,ALL,ALL,1,1: ในเขต มีชื่อ+อยู่จริง,60-74 ปี,5
overall,DIAGNOSIS_OPD,ทุ่งหว้า,09645,โรงพยาบาลส่งเสริมสุขภาพตำบลขอนคลาน,ALL,ALL,1,1: ในเขต มีชื่อ+อยู่จริง,75 ปีขึ้นไป,4
overall,DIAGNOSIS_OPD,ทุ่งหว้า,09645,โรงพยาบาลส่งเสริมสุขภาพตำบลขอนคลาน,ALL,ALL,2,2: ในเขต มีชื่อ แต่ไม่อยู่จริง,60-74 ปี,1
overall,DIAGNOSIS_OPD,ทุ่งหว้า,09645,โรงพยาบาลส่งเสริมสุขภาพตำบลขอนคลาน,ALL,ALL,3,3: อาศัยในเขต ทะเบียนบ้านอยู่นอกเขต,30-44 ปี,1
overall,DIAGNOSIS_OPD,ทุ่งหว้า,09646,โรงพยาบาลส่งเสริมสุขภาพตำบลทุ่งบุหลัง,ALL,ALL,1,1: ในเขต มีชื่อ+อยู่จริง,45-59 ปี,5
overall,DIAGNOSIS_OPD,ทุ่งหว้า,09646,โรงพยาบาลส่งเสริมสุขภาพตำบลทุ่งบุหลัง,ALL,ALL,1,1: ในเขต มีชื่อ+อยู่จริง,60-74 ปี,1
overall,DIAGNOSIS_OPD,ทุ่งหว้า,09646,โรงพยาบาลส่งเสริมสุขภาพตำบลทุ่งบุหลัง,ALL,ALL,1,1: ในเขต มีชื่อ+อยู่จริง,75 ปีขึ้นไป,2
overall,DIAGNOSIS_OPD,ทุ่งหว้า,09646,โรงพยาบาลส่งเสริมสุขภาพตำบลทุ่งบุหลัง,ALL,ALL,2,2: ในเขต มีชื่อ แต่ไม่อยู่จริง,30-44 ปี,1
overall,DIAGNOSIS_OPD,ทุ่งหว้า,09646,โรงพยาบาลส่งเสริมสุขภาพตำบลทุ่งบุหลัง,ALL,ALL,4,4: นอกเขต มารับบริการ/เคยอยู่ในเขต,30-44 ปี,2
overall,DIAGNOSIS_OPD,ทุ่งหว้า,09646,โรงพยาบาลส่งเสริมสุขภาพตำบลทุ่งบุหลัง,ALL,ALL,4,4: นอกเขต มารับบริการ/เคยอยู่ในเขต,45-59 ปี,1
overall,DIAGNOSIS_OPD,ทุ่งหว้า,14715,โรงพยาบาลส่งเสริมสุขภาพตำบลบ้านคีรีวง ตำบลทุ่งหว้า,ALL,ALL,1,1: ในเขต มีชื่อ+อยู่จริง,0-14 ปี,1
overall,DIAGNOSIS_OPD,ทุ่งหว้า,14715,โรงพยาบาลส่งเสริมสุขภาพตำบลบ้านคีรีวง ตำบลทุ่งหว้า,ALL,ALL,1,1: ในเขต มีชื่อ+อยู่จริง,15-29 ปี,1
overall,DIAGNOSIS_OPD,ทุ่งหว้า,14715,โรงพยาบาลส่งเสริมสุขภาพตำบลบ้านคีรีวง ตำบลทุ่งหว้า,ALL,ALL,1,1: ในเขต มีชื่อ+อยู่จริง,30-44 ปี,1
overall,DIAGNOSIS_OPD,ทุ่งหว้า,14715,โรงพยาบาลส่งเสริมสุขภาพตำบลบ้านคีรีวง ตำบลทุ่งหว้า,ALL,ALL,1,1: ในเขต มีชื่อ+อยู่จริง,45-59 ปี,12
overall,DIAGNOSIS_OPD,ทุ่งหว้า,14715,โรงพยาบาลส่งเสริมสุขภาพตำบลบ้านคีรีวง ตำบลทุ่งหว้า,ALL,ALL,1,1: ในเขต มีชื่อ+อยู่จริง,60-74 ปี,3
overall,DIAGNOSIS_OPD,ทุ่งหว้า,14715,โรงพยาบาลส่งเสริมสุขภาพตำบลบ้านคีรีวง ตำบลทุ่งหว้า,ALL,ALL,1,1: ในเขต มีชื่อ+อยู่จริง,75 ปีขึ้นไป,4
overall,DIAGNOSIS_OPD,ทุ่งหว้า,14715,โรงพยาบาลส่งเสริมสุขภาพตำบลบ้านคีรีวง ตำบลทุ่งหว้า,ALL,ALL,2,2: ในเขต มีชื่อ แต่ไม่อยู่จริง,30-44 ปี,1
overall,DIAGNOSIS_OPD,ทุ่งหว้า,14715,โรงพยาบาลส่งเสริมสุขภาพตำบลบ้านคีรีวง ตำบลทุ่งหว้า,ALL,ALL,3,3: อาศัยในเขต ทะเบียนบ้านอยู่นอกเขต,15-29 ปี,1
overall,DIAGNOSIS_OPD,ทุ่งหว้า,14715,โรงพยาบาลส่งเสริมสุขภาพตำบลบ้านคีรีวง ตำบลทุ่งหว้า,ALL,ALL,3,3: อาศัยในเขต ทะเบียนบ้านอยู่นอกเขต,45-59 ปี,1
overall,DIAGNOSIS_OPD,ทุ่งหว้า,14715,โรงพยาบาลส่งเสริมสุขภาพตำบลบ้านคีรีวง ตำบลทุ่งหว้า,ALL,ALL,3,3: อาศัยในเขต ทะเบียนบ้านอยู่นอกเขต,60-74 ปี,1
overall,DIAGNOSIS_OPD,ทุ่งหว้า,14715,โรงพยาบาลส่งเสริมสุขภาพตำบลบ้านคีรีวง ตำบลทุ่งหว้า,ALL,ALL,4,4: นอกเขต มารับบริการ/เคยอยู่ในเขต,30-44 ปี,1
overall,DIAGNOSIS_OPD,ทุ่งหว้า,14715,โรงพยาบาลส่งเสริมสุขภาพตำบลบ้านคีรีวง ตำบลทุ่งหว้า,ALL,ALL,4,4: นอกเขต มารับบริการ/เคยอยู่ในเขต,45-59 ปี,2
overall,DIAGNOSIS_OPD,ทุ่งหว้า,09647,โรงพยาบาลส่งเสริมสุขภาพตำบลบ้านทุ่งดินลุ่ม ตำบลป่าแก่บ่อหิน,ALL,ALL,1,1: ในเขต มีชื่อ+อยู่จริง,15-29 ปี,1
overall,DIAGNOSIS_OPD,ทุ่งหว้า,09647,โรงพยาบาลส่งเสริมสุขภาพตำบลบ้านทุ่งดินลุ่ม ตำบลป่าแก่บ่อหิน,ALL,ALL,1,1: ในเขต มีชื่อ+อยู่จริง,30-44 ปี,1
overall,DIAGNOSIS_OPD,ทุ่งหว้า,09647,โรงพยาบาลส่งเสริมสุขภาพตำบลบ้านทุ่งดินลุ่ม ตำบลป่าแก่บ่อหิน,ALL,ALL,1,1: ในเขต มีชื่อ+อยู่จริง,45-59 ปี,1
overall,DIAGNOSIS_OPD,ทุ่งหว้า,09647,โรงพยาบาลส่งเสริมสุขภาพตำบลบ้านทุ่งดินลุ่ม ตำบลป่าแก่บ่อหิน,ALL,ALL,2,2: ในเขต มีชื่อ แต่ไม่อยู่จริง,15-29 ปี,1
overall,DIAGNOSIS_OPD,ทุ่งหว้า,09647,โรงพยาบาลส่งเสริมสุขภาพตำบลบ้านทุ่งดินลุ่ม ตำบลป่าแก่บ่อหิน,ALL,ALL,2,2: ในเขต มีชื่อ แต่ไม่อยู่จริง,30-44 ปี,1
overall,DIAGNOSIS_OPD,ทุ่งหว้า,09643,โรงพยาบาลส่งเสริมสุขภาพตำบลบ้านนาทอน ตำบลนาทอน,ALL,ALL,1,1: ในเขต มีชื่อ+อยู่จริง,30-44 ปี,1
overall,DIAGNOSIS_OPD,ทุ่งหว้า,09643,โรงพยาบาลส่งเสริมสุขภาพตำบลบ้านนาทอน ตำบลนาทอน,ALL,ALL,1,1: ในเขต มีชื่อ+อยู่จริง,45-59 ปี,6
overall,DIAGNOSIS_OPD,ทุ่งหว้า,09643,โรงพยาบาลส่งเสริมสุขภาพตำบลบ้านนาทอน ตำบลนาทอน,ALL,ALL,1,1: ในเขต มีชื่อ+อยู่จริง,60-74 ปี,1
overall,DIAGNOSIS_OPD,ทุ่งหว้า,09643,โรงพยาบาลส่งเสริมสุขภาพตำบลบ้านนาทอน ตำบลนาทอน,ALL,ALL,1,1: ในเขต มีชื่อ+อยู่จริง,75 ปีขึ้นไป,1
overall,DIAGNOSIS_OPD,ทุ่งหว้า,09644,โรงพยาบาลส่งเสริมสุขภาพตำบลบ้านวังตง ตำบลนาทอน,ALL,ALL,1,1: ในเขต มีชื่อ+อยู่จริง,15-29 ปี,1
overall,DIAGNOSIS_OPD,ทุ่งหว้า,09644,โรงพยาบาลส่งเสริมสุขภาพตำบลบ้านวังตง ตำบลนาทอน,ALL,ALL,1,1: ในเขต มีชื่อ+อยู่จริง,30-44 ปี,1
overall,DIAGNOSIS_OPD,ทุ่งหว้า,09644,โรงพยาบาลส่งเสริมสุขภาพตำบลบ้านวังตง ตำบลนาทอน,ALL,ALL,1,1: ในเขต มีชื่อ+อยู่จริง,45-59 ปี,1
overall,DIAGNOSIS_OPD,ทุ่งหว้า,09644,โรงพยาบาลส่งเสริมสุขภาพตำบลบ้านวังตง ตำบลนาทอน,ALL,ALL,4,4: นอกเขต มารับบริการ/เคยอยู่ในเขต,30-44 ปี,1
overall,DIAGNOSIS_OPD,ทุ่งหว้า,09644,โรงพยาบาลส่งเสริมสุขภาพตำบลบ้านวังตง ตำบลนาทอน,ALL,ALL,4,4: นอกเขต มารับบริการ/เคยอยู่ในเขต,60-74 ปี,1
overall,DIAGNOSIS_OPD,ทุ่งหว้า,09648,โรงพยาบาลส่งเสริมสุขภาพตำบลบ้านเขาแดง ตำบลป่าแก่บ่อหิน,ALL,ALL,1,1: ในเขต มีชื่อ+อยู่จริง,0-14 ปี,16
overall,DIAGNOSIS_OPD,ทุ่งหว้า,09648,โรงพยาบาลส่งเสริมสุขภาพตำบลบ้านเขาแดง ตำบลป่าแก่บ่อหิน,ALL,ALL,1,1: ในเขต มีชื่อ+อยู่จริง,15-29 ปี,9
overall,DIAGNOSIS_OPD,ทุ่งหว้า,09648,โรงพยาบาลส่งเสริมสุขภาพตำบลบ้านเขาแดง ตำบลป่าแก่บ่อหิน,ALL,ALL,1,1: ในเขต มีชื่อ+อยู่จริง,30-44 ปี,16
overall,DIAGNOSIS_OPD,ทุ่งหว้า,09648,โรงพยาบาลส่งเสริมสุขภาพตำบลบ้านเขาแดง ตำบลป่าแก่บ่อหิน,ALL,ALL,1,1: ในเขต มีชื่อ+อยู่จริง,45-59 ปี,35
overall,DIAGNOSIS_OPD,ทุ่งหว้า,09648,โรงพยาบาลส่งเสริมสุขภาพตำบลบ้านเขาแดง ตำบลป่าแก่บ่อหิน,ALL,ALL,1,1: ในเขต มีชื่อ+อยู่จริง,60-74 ปี,18
overall,DIAGNOSIS_OPD,ทุ่งหว้า,09648,โรงพยาบาลส่งเสริมสุขภาพตำบลบ้านเขาแดง ตำบลป่าแก่บ่อหิน,ALL,ALL,1,1: ในเขต มีชื่อ+อยู่จริง,75 ปีขึ้นไป,4
overall,DIAGNOSIS_OPD,ทุ่งหว้า,09648,โรงพยาบาลส่งเสริมสุขภาพตำบลบ้านเขาแดง ตำบลป่าแก่บ่อหิน,ALL,ALL,2,2: ในเขต มีชื่อ แต่ไม่อยู่จริง,0-14 ปี,1
overall,DIAGNOSIS_OPD,ทุ่งหว้า,09648,โรงพยาบาลส่งเสริมสุขภาพตำบลบ้านเขาแดง ตำบลป่าแก่บ่อหิน,ALL,ALL,2,2: ในเขต มีชื่อ แต่ไม่อยู่จริง,30-44 ปี,2
overall,DIAGNOSIS_OPD,ทุ่งหว้า,09648,โรงพยาบาลส่งเสริมสุขภาพตำบลบ้านเขาแดง ตำบลป่าแก่บ่อหิน,ALL,ALL,2,2: ในเขต มีชื่อ แต่ไม่อยู่จริง,45-59 ปี,2
overall,DIAGNOSIS_OPD,ทุ่งหว้า,09648,โรงพยาบาลส่งเสริมสุขภาพตำบลบ้านเขาแดง ตำบลป่าแก่บ่อหิน,ALL,ALL,2,2: ในเขต มีชื่อ แต่ไม่อยู่จริง,60-74 ปี,2
overall,DIAGNOSIS_OPD,ทุ่งหว้า,09648,โรงพยาบาลส่งเสริมสุขภาพตำบลบ้านเขาแดง ตำบลป่าแก่บ่อหิน,ALL,ALL,3,3: อาศัยในเขต ทะเบียนบ้านอยู่นอกเขต,0-14 ปี,2
overall,DIAGNOSIS_OPD,ทุ่งหว้า,09648,โรงพยาบาลส่งเสริมสุขภาพตำบลบ้านเขาแดง ตำบลป่าแก่บ่อหิน,ALL,ALL,3,3: อาศัยในเขต ทะเบียนบ้านอยู่นอกเขต,45-59 ปี,1
overall,DIAGNOSIS_OPD,ทุ่งหว้า,09648,โรงพยาบาลส่งเสริมสุขภาพตำบลบ้านเขาแดง ตำบลป่าแก่บ่อหิน,ALL,ALL,4,4: นอกเขต มารับบริการ/เคยอยู่ในเขต,15-29 ปี,1
overall,DIAGNOSIS_OPD,ทุ่งหว้า,09648,โรงพยาบาลส่งเสริมสุขภาพตำบลบ้านเขาแดง ตำบลป่าแก่บ่อหิน,ALL,ALL,4,4: นอกเขต มารับบริการ/เคยอยู่ในเขต,30-44 ปี,2
overall,DIAGNOSIS_OPD,ทุ่งหว้า,09648,โรงพยาบาลส่งเสริมสุขภาพตำบลบ้านเขาแดง ตำบลป่าแก่บ่อหิน,ALL,ALL,4,4: นอกเขต มารับบริการ/เคยอยู่ในเขต,60-74 ปี,4
overall,DIAGNOSIS_OPD,ทุ่งหว้า,09648,โรงพยาบาลส่งเสริมสุขภาพตำบลบ้านเขาแดง ตำบลป่าแก่บ่อหิน,ALL,ALL,4,4: นอกเขต มารับบริการ/เคยอยู่ในเขต,75 ปีขึ้นไป,2
overall,DIAGNOSIS_OPD,ท่าแพ,24058,ศูนย์สุขภาพชุมชนตำบลท่าแพ,ALL,ALL,1,1: ในเขต มีชื่อ+อยู่จริง,0-14 ปี,5
overall,DIAGNOSIS_OPD,ท่าแพ,24058,ศูนย์สุขภาพชุมชนตำบลท่าแพ,ALL,ALL,1,1: ในเขต มีชื่อ+อยู่จริง,15-29 ปี,549
overall,DIAGNOSIS_OPD,ท่าแพ,24058,ศูนย์สุขภาพชุมชนตำบลท่าแพ,ALL,ALL,1,1: ในเขต มีชื่อ+อยู่จริง,30-44 ปี,481
overall,DIAGNOSIS_OPD,ท่าแพ,24058,ศูนย์สุขภาพชุมชนตำบลท่าแพ,ALL,ALL,1,1: ในเขต มีชื่อ+อยู่จริง,45-59 ปี,557
overall,DIAGNOSIS_OPD,ท่าแพ,24058,ศูนย์สุขภาพชุมชนตำบลท่าแพ,ALL,ALL,1,1: ในเขต มีชื่อ+อยู่จริง,60-74 ปี,444
overall,DIAGNOSIS_OPD,ท่าแพ,24058,ศูนย์สุขภาพชุมชนตำบลท่าแพ,ALL,ALL,1,1: ในเขต มีชื่อ+อยู่จริง,75 ปีขึ้นไป,130
overall,DIAGNOSIS_OPD,ท่าแพ,24058,ศูนย์สุขภาพชุมชนตำบลท่าแพ,ALL,ALL,2,2: ในเขต มีชื่อ แต่ไม่อยู่จริง,15-29 ปี,47
overall,DIAGNOSIS_OPD,ท่าแพ,24058,ศูนย์สุขภาพชุมชนตำบลท่าแพ,ALL,ALL,2,2: ในเขต มีชื่อ แต่ไม่อยู่จริง,30-44 ปี,123
overall,DIAGNOSIS_OPD,ท่าแพ,24058,ศูนย์สุขภาพชุมชนตำบลท่าแพ,ALL,ALL,2,2: ในเขต มีชื่อ แต่ไม่อยู่จริง,45-59 ปี,42
overall,DIAGNOSIS_OPD,ท่าแพ,24058,ศูนย์สุขภาพชุมชนตำบลท่าแพ,ALL,ALL,2,2: ในเขต มีชื่อ แต่ไม่อยู่จริง,60-74 ปี,17
overall,DIAGNOSIS_OPD,ท่าแพ,24058,ศูนย์สุขภาพชุมชนตำบลท่าแพ,ALL,ALL,2,2: ในเขต มีชื่อ แต่ไม่อยู่จริง,75 ปีขึ้นไป,3
overall,DIAGNOSIS_OPD,ท่าแพ,24058,ศูนย์สุขภาพชุมชนตำบลท่าแพ,ALL,ALL,3,3: อาศัยในเขต ทะเบียนบ้านอยู่นอกเขต,15-29 ปี,3
overall,DIAGNOSIS_OPD,ท่าแพ,24058,ศูนย์สุขภาพชุมชนตำบลท่าแพ,ALL,ALL,3,3: อาศัยในเขต ทะเบียนบ้านอยู่นอกเขต,30-44 ปี,6
overall,DIAGNOSIS_OPD,ท่าแพ,24058,ศูนย์สุขภาพชุมชนตำบลท่าแพ,ALL,ALL,3,3: อาศัยในเขต ทะเบียนบ้านอยู่นอกเขต,45-59 ปี,5
overall,DIAGNOSIS_OPD,ท่าแพ,24058,ศูนย์สุขภาพชุมชนตำบลท่าแพ,ALL,ALL,3,3: อาศัยในเขต ทะเบียนบ้านอยู่นอกเขต,60-74 ปี,1
overall,DIAGNOSIS_OPD,ท่าแพ,24058,ศูนย์สุขภาพชุมชนตำบลท่าแพ,ALL,ALL,3,3: อาศัยในเขต ทะเบียนบ้านอยู่นอกเขต,75 ปีขึ้นไป,1
overall,DIAGNOSIS_OPD,ท่าแพ,24058,ศูนย์สุขภาพชุมชนตำบลท่าแพ,ALL,ALL,4,4: นอกเขต มารับบริการ/เคยอยู่ในเขต,15-29 ปี,53
overall,DIAGNOSIS_OPD,ท่าแพ,24058,ศูนย์สุขภาพชุมชนตำบลท่าแพ,ALL,ALL,4,4: นอกเขต มารับบริการ/เคยอยู่ในเขต,30-44 ปี,67
overall,DIAGNOSIS_OPD,ท่าแพ,24058,ศูนย์สุขภาพชุมชนตำบลท่าแพ,ALL,ALL,4,4: นอกเขต มารับบริการ/เคยอยู่ในเขต,45-59 ปี,53
overall,DIAGNOSIS_OPD,ท่าแพ,24058,ศูนย์สุขภาพชุมชนตำบลท่าแพ,ALL,ALL,4,4: นอกเขต มารับบริการ/เคยอยู่ในเขต,60-74 ปี,9
overall,DIAGNOSIS_OPD,ท่าแพ,24058,ศูนย์สุขภาพชุมชนตำบลท่าแพ,ALL,ALL,4,4: นอกเขต มารับบริการ/เคยอยู่ในเขต,75 ปีขึ้นไป,2
overall,DIAGNOSIS_OPD,ท่าแพ,11404,โรงพยาบาลท่าแพ,ALL,ALL,"",อื่นๆ/ไม่ทราบ,0-14 ปี,3
overall,DIAGNOSIS_OPD,ท่าแพ,11404,โรงพยาบาลท่าแพ,ALL,ALL,"",อื่นๆ/ไม่ทราบ,15-29 ปี,15
overall,DIAGNOSIS_OPD,ท่าแพ,11404,โรงพยาบาลท่าแพ,ALL,ALL,"",อื่นๆ/ไม่ทราบ,30-44 ปี,25
overall,DIAGNOSIS_OPD,ท่าแพ,11404,โรงพยาบาลท่าแพ,ALL,ALL,"",อื่นๆ/ไม่ทราบ,45-59 ปี,7
overall,DIAGNOSIS_OPD,ท่าแพ,11404,โรงพยาบาลท่าแพ,ALL,ALL,"",อื่นๆ/ไม่ทราบ,60-74 ปี,1
overall,DIAGNOSIS_OPD,ท่าแพ,11404,โรงพยาบาลท่าแพ,ALL,ALL,1,1: ในเขต มีชื่อ+อยู่จริง,15-29 ปี,1
overall,DIAGNOSIS_OPD,ท่าแพ,11404,โรงพยาบาลท่าแพ,ALL,ALL,1,1: ในเขต มีชื่อ+อยู่จริง,60-74 ปี,3
overall,DIAGNOSIS_OPD,ท่าแพ,11404,โรงพยาบาลท่าแพ,ALL,ALL,4,4: นอกเขต มารับบริการ/เคยอยู่ในเขต,0-14 ปี,260
overall,DIAGNOSIS_OPD,ท่าแพ,11404,โรงพยาบาลท่าแพ,ALL,ALL,4,4: นอกเขต มารับบริการ/เคยอยู่ในเขต,15-29 ปี,583
overall,DIAGNOSIS_OPD,ท่าแพ,11404,โรงพยาบาลท่าแพ,ALL,ALL,4,4: นอกเขต มารับบริการ/เคยอยู่ในเขต,30-44 ปี,845
overall,DIAGNOSIS_OPD,ท่าแพ,11404,โรงพยาบาลท่าแพ,ALL,ALL,4,4: นอกเขต มารับบริการ/เคยอยู่ในเขต,45-59 ปี,523
overall,DIAGNOSIS_OPD,ท่าแพ,11404,โรงพยาบาลท่าแพ,ALL,ALL,4,4: นอกเขต มารับบริการ/เคยอยู่ในเขต,60-74 ปี,341
overall,DIAGNOSIS_OPD,ท่าแพ,11404,โรงพยาบาลท่าแพ,ALL,ALL,4,4: นอกเขต มารับบริการ/เคยอยู่ในเขต,75 ปีขึ้นไป,150
overall,DIAGNOSIS_OPD,ท่าแพ,14098,โรงพยาบาลส่งเสริมสุขภาพตำบลท่าเรือ,ALL,ALL,1,1: ในเขต มีชื่อ+อยู่จริง,15-29 ปี,2
overall,DIAGNOSIS_OPD,ท่าแพ,14098,โรงพยาบาลส่งเสริมสุขภาพตำบลท่าเรือ,ALL,ALL,1,1: ในเขต มีชื่อ+อยู่จริง,30-44 ปี,6
overall,DIAGNOSIS_OPD,ท่าแพ,14098,โรงพยาบาลส่งเสริมสุขภาพตำบลท่าเรือ,ALL,ALL,1,1: ในเขต มีชื่อ+อยู่จริง,45-59 ปี,1
overall,DIAGNOSIS_OPD,ท่าแพ,14098,โรงพยาบาลส่งเสริมสุขภาพตำบลท่าเรือ,ALL,ALL,2,2: ในเขต มีชื่อ แต่ไม่อยู่จริง,0-14 ปี,1
overall,DIAGNOSIS_OPD,ท่าแพ,14098,โรงพยาบาลส่งเสริมสุขภาพตำบลท่าเรือ,ALL,ALL,4,4: นอกเขต มารับบริการ/เคยอยู่ในเขต,60-74 ปี,1
overall,DIAGNOSIS_OPD,ท่าแพ,09632,โรงพยาบาลส่งเสริมสุขภาพตำบลบ้านทางยาง ตำบลสาคร,ALL,ALL,1,1: ในเขต มีชื่อ+อยู่จริง,15-29 ปี,2
overall,DIAGNOSIS_OPD,ท่าแพ,09632,โรงพยาบาลส่งเสริมสุขภาพตำบลบ้านทางยาง ตำบลสาคร,ALL,ALL,1,1: ในเขต มีชื่อ+อยู่จริง,30-44 ปี,5
overall,DIAGNOSIS_OPD,ท่าแพ,09632,โรงพยาบาลส่งเสริมสุขภาพตำบลบ้านทางยาง ตำบลสาคร,ALL,ALL,1,1: ในเขต มีชื่อ+อยู่จริง,45-59 ปี,4
overall,DIAGNOSIS_OPD,ท่าแพ,09632,โรงพยาบาลส่งเสริมสุขภาพตำบลบ้านทางยาง ตำบลสาคร,ALL,ALL,1,1: ในเขต มีชื่อ+อยู่จริง,60-74 ปี,5
overall,DIAGNOSIS_OPD,ท่าแพ,09632,โรงพยาบาลส่งเสริมสุขภาพตำบลบ้านทางยาง ตำบลสาคร,ALL,ALL,4,4: นอกเขต มารับบริการ/เคยอยู่ในเขต,30-44 ปี,1
overall,DIAGNOSIS_OPD,ท่าแพ,09633,โรงพยาบาลส่งเสริมสุขภาพตำบลบ้านแป-ระใต้,ALL,ALL,1,1: ในเขต มีชื่อ+อยู่จริง,15-29 ปี,1
overall,DIAGNOSIS_OPD,ท่าแพ,09633,โรงพยาบาลส่งเสริมสุขภาพตำบลบ้านแป-ระใต้,ALL,ALL,1,1: ในเขต มีชื่อ+อยู่จริง,30-44 ปี,2
overall,DIAGNOSIS_OPD,ท่าแพ,09633,โรงพยาบาลส่งเสริมสุขภาพตำบลบ้านแป-ระใต้,ALL,ALL,1,1: ในเขต มีชื่อ+อยู่จริง,45-59 ปี,2
overall,DIAGNOSIS_OPD,ท่าแพ,09631,โรงพยาบาลส่งเสริมสุขภาพตำบลสาคร,ALL,ALL,1,1: ในเขต มีชื่อ+อยู่จริง,15-29 ปี,2
overall,DIAGNOSIS_OPD,ท่าแพ,09631,โรงพยาบาลส่งเสริมสุขภาพตำบลสาคร,ALL,ALL,1,1: ในเขต มีชื่อ+อยู่จริง,30-44 ปี,5
overall,DIAGNOSIS_OPD,ท่าแพ,09631,โรงพยาบาลส่งเสริมสุขภาพตำบลสาคร,ALL,ALL,1,1: ในเขต มีชื่อ+อยู่จริง,45-59 ปี,2
overall,DIAGNOSIS_OPD,ท่าแพ,09631,โรงพยาบาลส่งเสริมสุขภาพตำบลสาคร,ALL,ALL,1,1: ในเขต มีชื่อ+อยู่จริง,60-74 ปี,1
overall,DIAGNOSIS_OPD,ท่าแพ,09631,โรงพยาบาลส่งเสริมสุขภาพตำบลสาคร,ALL,ALL,1,1: ในเขต มีชื่อ+อยู่จริง,75 ปีขึ้นไป,1
overall,DIAGNOSIS_OPD,ท่าแพ,09631,โรงพยาบาลส่งเสริมสุขภาพตำบลสาคร,ALL,ALL,2,2: ในเขต มีชื่อ แต่ไม่อยู่จริง,30-44 ปี,1
overall,DIAGNOSIS_OPD,ท่าแพ,09631,โรงพยาบาลส่งเสริมสุขภาพตำบลสาคร,ALL,ALL,3,3: อาศัยในเขต ทะเบียนบ้านอยู่นอกเขต,15-29 ปี,1
overall,DIAGNOSIS_OPD,ท่าแพ,09631,โรงพยาบาลส่งเสริมสุขภาพตำบลสาคร,ALL,ALL,3,3: อาศัยในเขต ทะเบียนบ้านอยู่นอกเขต,30-44 ปี,1
overall,DIAGNOSIS_OPD,ท่าแพ,09631,โรงพยาบาลส่งเสริมสุขภาพตำบลสาคร,ALL,ALL,4,4: นอกเขต มารับบริการ/เคยอยู่ในเขต,45-59 ปี,1
overall,DIAGNOSIS_OPD,ท่าแพ,09630,โรงพยาบาลส่งเสริมสุขภาพตำบลแป-ระ,ALL,ALL,1,1: ในเขต มีชื่อ+อยู่จริง,15-29 ปี,3
overall,DIAGNOSIS_OPD,ท่าแพ,09630,โรงพยาบาลส่งเสริมสุขภาพตำบลแป-ระ,ALL,ALL,1,1: ในเขต มีชื่อ+อยู่จริง,30-44 ปี,6
overall,DIAGNOSIS_OPD,ท่าแพ,09630,โรงพยาบาลส่งเสริมสุขภาพตำบลแป-ระ,ALL,ALL,1,1: ในเขต มีชื่อ+อยู่จริง,45-59 ปี,2
overall,DIAGNOSIS_OPD,ท่าแพ,09630,โรงพยาบาลส่งเสริมสุขภาพตำบลแป-ระ,ALL,ALL,1,1: ในเขต มีชื่อ+อยู่จริง,60-74 ปี,1
overall,DIAGNOSIS_OPD,ท่าแพ,09630,โรงพยาบาลส่งเสริมสุขภาพตำบลแป-ระ,ALL,ALL,2,2: ในเขต มีชื่อ แต่ไม่อยู่จริง,30-44 ปี,1
overall,DIAGNOSIS_OPD,ท่าแพ,09630,โรงพยาบาลส่งเสริมสุขภาพตำบลแป-ระ,ALL,ALL,3,3: อาศัยในเขต ทะเบียนบ้านอยู่นอกเขต,30-44 ปี,1
overall,DIAGNOSIS_OPD,ท่าแพ,09630,โรงพยาบาลส่งเสริมสุขภาพตำบลแป-ระ,ALL,ALL,4,4: นอกเขต มารับบริการ/เคยอยู่ในเขต,30-44 ปี,3
overall,DIAGNOSIS_OPD,ท่าแพ,09630,โรงพยาบาลส่งเสริมสุขภาพตำบลแป-ระ,ALL,ALL,4,4: นอกเขต มารับบริการ/เคยอยู่ในเขต,60-74 ปี,1
overall,DIAGNOSIS_OPD,มะนัง,09652,สถานีอนามัยเฉลิมพระเกียรติ 60 พรรษา นวมินทราชินี ,ALL,ALL,1,1: ในเขต มีชื่อ+อยู่จริง,15-29 ปี,3
overall,DIAGNOSIS_OPD,มะนัง,09652,สถานีอนามัยเฉลิมพระเกียรติ 60 พรรษา นวมินทราชินี ,ALL,ALL,1,1: ในเขต มีชื่อ+อยู่จริง,45-59 ปี,2
overall,DIAGNOSIS_OPD,มะนัง,09652,สถานีอนามัยเฉลิมพระเกียรติ 60 พรรษา นวมินทราชินี ,ALL,ALL,1,1: ในเขต มีชื่อ+อยู่จริง,60-74 ปี,5
overall,DIAGNOSIS_OPD,มะนัง,09652,สถานีอนามัยเฉลิมพระเกียรติ 60 พรรษา นวมินทราชินี ,ALL,ALL,1,1: ในเขต มีชื่อ+อยู่จริง,75 ปีขึ้นไป,4
overall,DIAGNOSIS_OPD,มะนัง,09652,สถานีอนามัยเฉลิมพระเกียรติ 60 พรรษา นวมินทราชินี ,ALL,ALL,2,2: ในเขต มีชื่อ แต่ไม่อยู่จริง,45-59 ปี,1
overall,DIAGNOSIS_OPD,มะนัง,09652,สถานีอนามัยเฉลิมพระเกียรติ 60 พรรษา นวมินทราชินี ,ALL,ALL,3,3: อาศัยในเขต ทะเบียนบ้านอยู่นอกเขต,60-74 ปี,1
overall,DIAGNOSIS_OPD,มะนัง,09652,สถานีอนามัยเฉลิมพระเกียรติ 60 พรรษา นวมินทราชินี ,ALL,ALL,4,4: นอกเขต มารับบริการ/เคยอยู่ในเขต,30-44 ปี,1
overall,DIAGNOSIS_OPD,มะนัง,28786,โรงพยาบาลมะนัง,ALL,ALL,"",อื่นๆ/ไม่ทราบ,0-14 ปี,1
overall,DIAGNOSIS_OPD,มะนัง,28786,โรงพยาบาลมะนัง,ALL,ALL,"",อื่นๆ/ไม่ทราบ,15-29 ปี,7
overall,DIAGNOSIS_OPD,มะนัง,28786,โรงพยาบาลมะนัง,ALL,ALL,"",อื่นๆ/ไม่ทราบ,30-44 ปี,3
overall,DIAGNOSIS_OPD,มะนัง,28786,โรงพยาบาลมะนัง,ALL,ALL,"",อื่นๆ/ไม่ทราบ,45-59 ปี,1
overall,DIAGNOSIS_OPD,มะนัง,28786,โรงพยาบาลมะนัง,ALL,ALL,1,1: ในเขต มีชื่อ+อยู่จริง,0-14 ปี,43
overall,DIAGNOSIS_OPD,มะนัง,28786,โรงพยาบาลมะนัง,ALL,ALL,1,1: ในเขต มีชื่อ+อยู่จริง,15-29 ปี,41
overall,DIAGNOSIS_OPD,มะนัง,28786,โรงพยาบาลมะนัง,ALL,ALL,1,1: ในเขต มีชื่อ+อยู่จริง,30-44 ปี,52
overall,DIAGNOSIS_OPD,มะนัง,28786,โรงพยาบาลมะนัง,ALL,ALL,1,1: ในเขต มีชื่อ+อยู่จริง,45-59 ปี,81
overall,DIAGNOSIS_OPD,มะนัง,28786,โรงพยาบาลมะนัง,ALL,ALL,1,1: ในเขต มีชื่อ+อยู่จริง,60-74 ปี,70
overall,DIAGNOSIS_OPD,มะนัง,28786,โรงพยาบาลมะนัง,ALL,ALL,1,1: ในเขต มีชื่อ+อยู่จริง,75 ปีขึ้นไป,25
overall,DIAGNOSIS_OPD,มะนัง,28786,โรงพยาบาลมะนัง,ALL,ALL,2,2: ในเขต มีชื่อ แต่ไม่อยู่จริง,0-14 ปี,7
overall,DIAGNOSIS_OPD,มะนัง,28786,โรงพยาบาลมะนัง,ALL,ALL,2,2: ในเขต มีชื่อ แต่ไม่อยู่จริง,15-29 ปี,15
overall,DIAGNOSIS_OPD,มะนัง,28786,โรงพยาบาลมะนัง,ALL,ALL,2,2: ในเขต มีชื่อ แต่ไม่อยู่จริง,30-44 ปี,11
overall,DIAGNOSIS_OPD,มะนัง,28786,โรงพยาบาลมะนัง,ALL,ALL,2,2: ในเขต มีชื่อ แต่ไม่อยู่จริง,45-59 ปี,9
overall,DIAGNOSIS_OPD,มะนัง,28786,โรงพยาบาลมะนัง,ALL,ALL,2,2: ในเขต มีชื่อ แต่ไม่อยู่จริง,60-74 ปี,7
overall,DIAGNOSIS_OPD,มะนัง,28786,โรงพยาบาลมะนัง,ALL,ALL,2,2: ในเขต มีชื่อ แต่ไม่อยู่จริง,75 ปีขึ้นไป,5
overall,DIAGNOSIS_OPD,มะนัง,28786,โรงพยาบาลมะนัง,ALL,ALL,3,3: อาศัยในเขต ทะเบียนบ้านอยู่นอกเขต,0-14 ปี,6
overall,DIAGNOSIS_OPD,มะนัง,28786,โรงพยาบาลมะนัง,ALL,ALL,3,3: อาศัยในเขต ทะเบียนบ้านอยู่นอกเขต,15-29 ปี,5
overall,DIAGNOSIS_OPD,มะนัง,28786,โรงพยาบาลมะนัง,ALL,ALL,3,3: อาศัยในเขต ทะเบียนบ้านอยู่นอกเขต,30-44 ปี,3
overall,DIAGNOSIS_OPD,มะนัง,28786,โรงพยาบาลมะนัง,ALL,ALL,3,3: อาศัยในเขต ทะเบียนบ้านอยู่นอกเขต,45-59 ปี,3
overall,DIAGNOSIS_OPD,มะนัง,28786,โรงพยาบาลมะนัง,ALL,ALL,3,3: อาศัยในเขต ทะเบียนบ้านอยู่นอกเขต,60-74 ปี,3
overall,DIAGNOSIS_OPD,มะนัง,28786,โรงพยาบาลมะนัง,ALL,ALL,4,4: นอกเขต มารับบริการ/เคยอยู่ในเขต,0-14 ปี,243
overall,DIAGNOSIS_OPD,มะนัง,28786,โรงพยาบาลมะนัง,ALL,ALL,4,4: นอกเขต มารับบริการ/เคยอยู่ในเขต,15-29 ปี,322
overall,DIAGNOSIS_OPD,มะนัง,28786,โรงพยาบาลมะนัง,ALL,ALL,4,4: นอกเขต มารับบริการ/เคยอยู่ในเขต,30-44 ปี,404
overall,DIAGNOSIS_OPD,มะนัง,28786,โรงพยาบาลมะนัง,ALL,ALL,4,4: นอกเขต มารับบริการ/เคยอยู่ในเขต,45-59 ปี,395
overall,DIAGNOSIS_OPD,มะนัง,28786,โรงพยาบาลมะนัง,ALL,ALL,4,4: นอกเขต มารับบริการ/เคยอยู่ในเขต,60-74 ปี,376
overall,DIAGNOSIS_OPD,มะนัง,28786,โรงพยาบาลมะนัง,ALL,ALL,4,4: นอกเขต มารับบริการ/เคยอยู่ในเขต,75 ปีขึ้นไป,169
overall,DIAGNOSIS_OPD,มะนัง,09651,โรงพยาบาลส่งเสริมสุขภาพตำบลบ้านผัง 50 ตำบลนิคมพัฒนา,ALL,ALL,1,1: ในเขต มีชื่อ+อยู่จริง,15-29 ปี,2
overall,DIAGNOSIS_OPD,มะนัง,09651,โรงพยาบาลส่งเสริมสุขภาพตำบลบ้านผัง 50 ตำบลนิคมพัฒนา,ALL,ALL,1,1: ในเขต มีชื่อ+อยู่จริง,30-44 ปี,9
overall,DIAGNOSIS_OPD,มะนัง,09651,โรงพยาบาลส่งเสริมสุขภาพตำบลบ้านผัง 50 ตำบลนิคมพัฒนา,ALL,ALL,1,1: ในเขต มีชื่อ+อยู่จริง,45-59 ปี,9
overall,DIAGNOSIS_OPD,มะนัง,09651,โรงพยาบาลส่งเสริมสุขภาพตำบลบ้านผัง 50 ตำบลนิคมพัฒนา,ALL,ALL,1,1: ในเขต มีชื่อ+อยู่จริง,60-74 ปี,14
overall,DIAGNOSIS_OPD,มะนัง,09651,โรงพยาบาลส่งเสริมสุขภาพตำบลบ้านผัง 50 ตำบลนิคมพัฒนา,ALL,ALL,1,1: ในเขต มีชื่อ+อยู่จริง,75 ปีขึ้นไป,2
overall,DIAGNOSIS_OPD,มะนัง,09651,โรงพยาบาลส่งเสริมสุขภาพตำบลบ้านผัง 50 ตำบลนิคมพัฒนา,ALL,ALL,2,2: ในเขต มีชื่อ แต่ไม่อยู่จริง,15-29 ปี,1
overall,DIAGNOSIS_OPD,มะนัง,09651,โรงพยาบาลส่งเสริมสุขภาพตำบลบ้านผัง 50 ตำบลนิคมพัฒนา,ALL,ALL,2,2: ในเขต มีชื่อ แต่ไม่อยู่จริง,30-44 ปี,1
overall,DIAGNOSIS_OPD,มะนัง,09651,โรงพยาบาลส่งเสริมสุขภาพตำบลบ้านผัง 50 ตำบลนิคมพัฒนา,ALL,ALL,2,2: ในเขต มีชื่อ แต่ไม่อยู่จริง,60-74 ปี,1
overall,DIAGNOSIS_OPD,มะนัง,09651,โรงพยาบาลส่งเสริมสุขภาพตำบลบ้านผัง 50 ตำบลนิคมพัฒนา,ALL,ALL,3,3: อาศัยในเขต ทะเบียนบ้านอยู่นอกเขต,0-14 ปี,1
overall,DIAGNOSIS_OPD,มะนัง,09651,โรงพยาบาลส่งเสริมสุขภาพตำบลบ้านผัง 50 ตำบลนิคมพัฒนา,ALL,ALL,3,3: อาศัยในเขต ทะเบียนบ้านอยู่นอกเขต,30-44 ปี,1
overall,DIAGNOSIS_OPD,มะนัง,09650,โรงพยาบาลส่งเสริมสุขภาพตำบลบ้านมะนัง ตำบลปาล์มพัฒนา,ALL,ALL,1,1: ในเขต มีชื่อ+อยู่จริง,15-29 ปี,3
overall,DIAGNOSIS_OPD,มะนัง,09650,โรงพยาบาลส่งเสริมสุขภาพตำบลบ้านมะนัง ตำบลปาล์มพัฒนา,ALL,ALL,1,1: ในเขต มีชื่อ+อยู่จริง,30-44 ปี,2
overall,DIAGNOSIS_OPD,มะนัง,09650,โรงพยาบาลส่งเสริมสุขภาพตำบลบ้านมะนัง ตำบลปาล์มพัฒนา,ALL,ALL,1,1: ในเขต มีชื่อ+อยู่จริง,45-59 ปี,13
overall,DIAGNOSIS_OPD,มะนัง,09650,โรงพยาบาลส่งเสริมสุขภาพตำบลบ้านมะนัง ตำบลปาล์มพัฒนา,ALL,ALL,1,1: ในเขต มีชื่อ+อยู่จริง,60-74 ปี,7
overall,DIAGNOSIS_OPD,มะนัง,09650,โรงพยาบาลส่งเสริมสุขภาพตำบลบ้านมะนัง ตำบลปาล์มพัฒนา,ALL,ALL,1,1: ในเขต มีชื่อ+อยู่จริง,75 ปีขึ้นไป,7
overall,DIAGNOSIS_OPD,มะนัง,09650,โรงพยาบาลส่งเสริมสุขภาพตำบลบ้านมะนัง ตำบลปาล์มพัฒนา,ALL,ALL,2,2: ในเขต มีชื่อ แต่ไม่อยู่จริง,45-59 ปี,1
overall,DIAGNOSIS_OPD,มะนัง,09650,โรงพยาบาลส่งเสริมสุขภาพตำบลบ้านมะนัง ตำบลปาล์มพัฒนา,ALL,ALL,2,2: ในเขต มีชื่อ แต่ไม่อยู่จริง,60-74 ปี,1
overall,DIAGNOSIS_OPD,มะนัง,09650,โรงพยาบาลส่งเสริมสุขภาพตำบลบ้านมะนัง ตำบลปาล์มพัฒนา,ALL,ALL,3,3: อาศัยในเขต ทะเบียนบ้านอยู่นอกเขต,0-14 ปี,1
overall,DIAGNOSIS_OPD,มะนัง,09650,โรงพยาบาลส่งเสริมสุขภาพตำบลบ้านมะนัง ตำบลปาล์มพัฒนา,ALL,ALL,3,3: อาศัยในเขต ทะเบียนบ้านอยู่นอกเขต,30-44 ปี,2
overall,DIAGNOSIS_OPD,มะนัง,09650,โรงพยาบาลส่งเสริมสุขภาพตำบลบ้านมะนัง ตำบลปาล์มพัฒนา,ALL,ALL,4,4: นอกเขต มารับบริการ/เคยอยู่ในเขต,15-29 ปี,1
overall,DIAGNOSIS_OPD,มะนัง,09650,โรงพยาบาลส่งเสริมสุขภาพตำบลบ้านมะนัง ตำบลปาล์มพัฒนา,ALL,ALL,4,4: นอกเขต มารับบริการ/เคยอยู่ในเขต,45-59 ปี,1
overall,DIAGNOSIS_OPD,มะนัง,09650,โรงพยาบาลส่งเสริมสุขภาพตำบลบ้านมะนัง ตำบลปาล์มพัฒนา,ALL,ALL,4,4: นอกเขต มารับบริการ/เคยอยู่ในเขต,75 ปีขึ้นไป,1
overall,DIAGNOSIS_OPD,มะนัง,09649,โรงพยาบาลส่งเสริมสุขภาพตำบลปาล์มพัฒนา ,ALL,ALL,1,1: ในเขต มีชื่อ+อยู่จริง,15-29 ปี,1
overall,DIAGNOSIS_OPD,มะนัง,09649,โรงพยาบาลส่งเสริมสุขภาพตำบลปาล์มพัฒนา ,ALL,ALL,1,1: ในเขต มีชื่อ+อยู่จริง,30-44 ปี,2
overall,DIAGNOSIS_OPD,มะนัง,09649,โรงพยาบาลส่งเสริมสุขภาพตำบลปาล์มพัฒนา ,ALL,ALL,4,4: นอกเขต มารับบริการ/เคยอยู่ในเขต,30-44 ปี,1
overall,DIAGNOSIS_OPD,ละงู,77707,ศูนย์สุขภาพชุมชนกำแพง,ALL,ALL,1,1: ในเขต มีชื่อ+อยู่จริง,0-14 ปี,1
overall,DIAGNOSIS_OPD,ละงู,77707,ศูนย์สุขภาพชุมชนกำแพง,ALL,ALL,1,1: ในเขต มีชื่อ+อยู่จริง,15-29 ปี,2
overall,DIAGNOSIS_OPD,ละงู,77707,ศูนย์สุขภาพชุมชนกำแพง,ALL,ALL,1,1: ในเขต มีชื่อ+อยู่จริง,30-44 ปี,9
overall,DIAGNOSIS_OPD,ละงู,77707,ศูนย์สุขภาพชุมชนกำแพง,ALL,ALL,1,1: ในเขต มีชื่อ+อยู่จริง,45-59 ปี,17
overall,DIAGNOSIS_OPD,ละงู,77707,ศูนย์สุขภาพชุมชนกำแพง,ALL,ALL,1,1: ในเขต มีชื่อ+อยู่จริง,60-74 ปี,10
overall,DIAGNOSIS_OPD,ละงู,77707,ศูนย์สุขภาพชุมชนกำแพง,ALL,ALL,1,1: ในเขต มีชื่อ+อยู่จริง,75 ปีขึ้นไป,6
overall,DIAGNOSIS_OPD,ละงู,77707,ศูนย์สุขภาพชุมชนกำแพง,ALL,ALL,2,2: ในเขต มีชื่อ แต่ไม่อยู่จริง,30-44 ปี,1
overall,DIAGNOSIS_OPD,ละงู,77707,ศูนย์สุขภาพชุมชนกำแพง,ALL,ALL,2,2: ในเขต มีชื่อ แต่ไม่อยู่จริง,75 ปีขึ้นไป,1
overall,DIAGNOSIS_OPD,ละงู,11405,โรงพยาบาลละงู,ALL,ALL,4,4: นอกเขต มารับบริการ/เคยอยู่ในเขต,0-14 ปี,656
overall,DIAGNOSIS_OPD,ละงู,11405,โรงพยาบาลละงู,ALL,ALL,4,4: นอกเขต มารับบริการ/เคยอยู่ในเขต,15-29 ปี,1079
overall,DIAGNOSIS_OPD,ละงู,11405,โรงพยาบาลละงู,ALL,ALL,4,4: นอกเขต มารับบริการ/เคยอยู่ในเขต,30-44 ปี,1151
overall,DIAGNOSIS_OPD,ละงู,11405,โรงพยาบาลละงู,ALL,ALL,4,4: นอกเขต มารับบริการ/เคยอยู่ในเขต,45-59 ปี,924
overall,DIAGNOSIS_OPD,ละงู,11405,โรงพยาบาลละงู,ALL,ALL,4,4: นอกเขต มารับบริการ/เคยอยู่ในเขต,60-74 ปี,656
overall,DIAGNOSIS_OPD,ละงู,11405,โรงพยาบาลละงู,ALL,ALL,4,4: นอกเขต มารับบริการ/เคยอยู่ในเขต,75 ปีขึ้นไป,255
overall,DIAGNOSIS_OPD,ละงู,09641,โรงพยาบาลส่งเสริมสุขภาพตำบลน้ำผุด,ALL,ALL,1,1: ในเขต มีชื่อ+อยู่จริง,30-44 ปี,4
overall,DIAGNOSIS_OPD,ละงู,09641,โรงพยาบาลส่งเสริมสุขภาพตำบลน้ำผุด,ALL,ALL,1,1: ในเขต มีชื่อ+อยู่จริง,45-59 ปี,1
overall,DIAGNOSIS_OPD,ละงู,09641,โรงพยาบาลส่งเสริมสุขภาพตำบลน้ำผุด,ALL,ALL,1,1: ในเขต มีชื่อ+อยู่จริง,75 ปีขึ้นไป,1
overall,DIAGNOSIS_OPD,ละงู,09641,โรงพยาบาลส่งเสริมสุขภาพตำบลน้ำผุด,ALL,ALL,4,4: นอกเขต มารับบริการ/เคยอยู่ในเขต,45-59 ปี,1
overall,DIAGNOSIS_OPD,ละงู,22015,โรงพยาบาลส่งเสริมสุขภาพตำบลบ้านตันหยงละไน้ ตำบลแหลมสน,ALL,ALL,1,1: ในเขต มีชื่อ+อยู่จริง,30-44 ปี,1
overall,DIAGNOSIS_OPD,ละงู,22015,โรงพยาบาลส่งเสริมสุขภาพตำบลบ้านตันหยงละไน้ ตำบลแหลมสน,ALL,ALL,1,1: ในเขต มีชื่อ+อยู่จริง,45-59 ปี,1
overall,DIAGNOSIS_OPD,ละงู,22015,โรงพยาบาลส่งเสริมสุขภาพตำบลบ้านตันหยงละไน้ ตำบลแหลมสน,ALL,ALL,1,1: ในเขต มีชื่อ+อยู่จริง,60-74 ปี,2
overall,DIAGNOSIS_OPD,ละงู,22015,โรงพยาบาลส่งเสริมสุขภาพตำบลบ้านตันหยงละไน้ ตำบลแหลมสน,ALL,ALL,1,1: ในเขต มีชื่อ+อยู่จริง,75 ปีขึ้นไป,1
overall,DIAGNOSIS_OPD,ละงู,09638,โรงพยาบาลส่งเสริมสุขภาพตำบลบ้านบ่อเจ็ดลูก,ALL,ALL,1,1: ในเขต มีชื่อ+อยู่จริง,30-44 ปี,1
overall,DIAGNOSIS_OPD,ละงู,09638,โรงพยาบาลส่งเสริมสุขภาพตำบลบ้านบ่อเจ็ดลูก,ALL,ALL,2,2: ในเขต มีชื่อ แต่ไม่อยู่จริง,30-44 ปี,2
overall,DIAGNOSIS_OPD,ละงู,09638,โรงพยาบาลส่งเสริมสุขภาพตำบลบ้านบ่อเจ็ดลูก,ALL,ALL,4,4: นอกเขต มารับบริการ/เคยอยู่ในเขต,15-29 ปี,1
overall,DIAGNOSIS_OPD,ละงู,09635,โรงพยาบาลส่งเสริมสุขภาพตำบลบ้านห้วยไทร ตำบลละงู,ALL,ALL,1,1: ในเขต มีชื่อ+อยู่จริง,30-44 ปี,2
overall,DIAGNOSIS_OPD,ละงู,09635,โรงพยาบาลส่งเสริมสุขภาพตำบลบ้านห้วยไทร ตำบลละงู,ALL,ALL,1,1: ในเขต มีชื่อ+อยู่จริง,45-59 ปี,1
overall,DIAGNOSIS_OPD,ละงู,09635,โรงพยาบาลส่งเสริมสุขภาพตำบลบ้านห้วยไทร ตำบลละงู,ALL,ALL,1,1: ในเขต มีชื่อ+อยู่จริง,60-74 ปี,1
overall,DIAGNOSIS_OPD,ละงู,09635,โรงพยาบาลส่งเสริมสุขภาพตำบลบ้านห้วยไทร ตำบลละงู,ALL,ALL,2,2: ในเขต มีชื่อ แต่ไม่อยู่จริง,0-14 ปี,1
overall,DIAGNOSIS_OPD,ละงู,09636,โรงพยาบาลส่งเสริมสุขภาพตำบลบ้านในเมือง ตำบลละงู,ALL,ALL,1,1: ในเขต มีชื่อ+อยู่จริง,15-29 ปี,1
overall,DIAGNOSIS_OPD,ละงู,09636,โรงพยาบาลส่งเสริมสุขภาพตำบลบ้านในเมือง ตำบลละงู,ALL,ALL,1,1: ในเขต มีชื่อ+อยู่จริง,30-44 ปี,3
overall,DIAGNOSIS_OPD,ละงู,09636,โรงพยาบาลส่งเสริมสุขภาพตำบลบ้านในเมือง ตำบลละงู,ALL,ALL,1,1: ในเขต มีชื่อ+อยู่จริง,45-59 ปี,5
overall,DIAGNOSIS_OPD,ละงู,09636,โรงพยาบาลส่งเสริมสุขภาพตำบลบ้านในเมือง ตำบลละงู,ALL,ALL,1,1: ในเขต มีชื่อ+อยู่จริง,60-74 ปี,11
overall,DIAGNOSIS_OPD,ละงู,09636,โรงพยาบาลส่งเสริมสุขภาพตำบลบ้านในเมือง ตำบลละงู,ALL,ALL,1,1: ในเขต มีชื่อ+อยู่จริง,75 ปีขึ้นไป,3
overall,DIAGNOSIS_OPD,ละงู,09636,โรงพยาบาลส่งเสริมสุขภาพตำบลบ้านในเมือง ตำบลละงู,ALL,ALL,2,2: ในเขต มีชื่อ แต่ไม่อยู่จริง,30-44 ปี,2
overall,DIAGNOSIS_OPD,ละงู,09636,โรงพยาบาลส่งเสริมสุขภาพตำบลบ้านในเมือง ตำบลละงู,ALL,ALL,2,2: ในเขต มีชื่อ แต่ไม่อยู่จริง,60-74 ปี,3
overall,DIAGNOSIS_OPD,ละงู,09639,โรงพยาบาลส่งเสริมสุขภาพตำบลปากน้ำ,ALL,ALL,1,1: ในเขต มีชื่อ+อยู่จริง,15-29 ปี,2
overall,DIAGNOSIS_OPD,ละงู,09639,โรงพยาบาลส่งเสริมสุขภาพตำบลปากน้ำ,ALL,ALL,1,1: ในเขต มีชื่อ+อยู่จริง,30-44 ปี,4
overall,DIAGNOSIS_OPD,ละงู,09639,โรงพยาบาลส่งเสริมสุขภาพตำบลปากน้ำ,ALL,ALL,1,1: ในเขต มีชื่อ+อยู่จริง,45-59 ปี,8
overall,DIAGNOSIS_OPD,ละงู,09639,โรงพยาบาลส่งเสริมสุขภาพตำบลปากน้ำ,ALL,ALL,1,1: ในเขต มีชื่อ+อยู่จริง,60-74 ปี,2
overall,DIAGNOSIS_OPD,ละงู,09639,โรงพยาบาลส่งเสริมสุขภาพตำบลปากน้ำ,ALL,ALL,1,1: ในเขต มีชื่อ+อยู่จริง,75 ปีขึ้นไป,1
overall,DIAGNOSIS_OPD,ละงู,09639,โรงพยาบาลส่งเสริมสุขภาพตำบลปากน้ำ,ALL,ALL,2,2: ในเขต มีชื่อ แต่ไม่อยู่จริง,15-29 ปี,1
overall,DIAGNOSIS_OPD,ละงู,09639,โรงพยาบาลส่งเสริมสุขภาพตำบลปากน้ำ,ALL,ALL,2,2: ในเขต มีชื่อ แต่ไม่อยู่จริง,30-44 ปี,4
overall,DIAGNOSIS_OPD,ละงู,09639,โรงพยาบาลส่งเสริมสุขภาพตำบลปากน้ำ,ALL,ALL,2,2: ในเขต มีชื่อ แต่ไม่อยู่จริง,45-59 ปี,3
overall,DIAGNOSIS_OPD,ละงู,09639,โรงพยาบาลส่งเสริมสุขภาพตำบลปากน้ำ,ALL,ALL,4,4: นอกเขต มารับบริการ/เคยอยู่ในเขต,15-29 ปี,1
overall,DIAGNOSIS_OPD,ละงู,09639,โรงพยาบาลส่งเสริมสุขภาพตำบลปากน้ำ,ALL,ALL,4,4: นอกเขต มารับบริการ/เคยอยู่ในเขต,30-44 ปี,2
overall,DIAGNOSIS_OPD,ละงู,09634,โรงพยาบาลส่งเสริมสุขภาพตำบลละงู,ALL,ALL,1,1: ในเขต มีชื่อ+อยู่จริง,15-29 ปี,7
overall,DIAGNOSIS_OPD,ละงู,09634,โรงพยาบาลส่งเสริมสุขภาพตำบลละงู,ALL,ALL,1,1: ในเขต มีชื่อ+อยู่จริง,30-44 ปี,15
overall,DIAGNOSIS_OPD,ละงู,09634,โรงพยาบาลส่งเสริมสุขภาพตำบลละงู,ALL,ALL,1,1: ในเขต มีชื่อ+อยู่จริง,45-59 ปี,56
overall,DIAGNOSIS_OPD,ละงู,09634,โรงพยาบาลส่งเสริมสุขภาพตำบลละงู,ALL,ALL,1,1: ในเขต มีชื่อ+อยู่จริง,60-74 ปี,60
overall,DIAGNOSIS_OPD,ละงู,09634,โรงพยาบาลส่งเสริมสุขภาพตำบลละงู,ALL,ALL,1,1: ในเขต มีชื่อ+อยู่จริง,75 ปีขึ้นไป,23
overall,DIAGNOSIS_OPD,ละงู,09634,โรงพยาบาลส่งเสริมสุขภาพตำบลละงู,ALL,ALL,2,2: ในเขต มีชื่อ แต่ไม่อยู่จริง,30-44 ปี,2
overall,DIAGNOSIS_OPD,ละงู,09634,โรงพยาบาลส่งเสริมสุขภาพตำบลละงู,ALL,ALL,2,2: ในเขต มีชื่อ แต่ไม่อยู่จริง,45-59 ปี,5
overall,DIAGNOSIS_OPD,ละงู,09634,โรงพยาบาลส่งเสริมสุขภาพตำบลละงู,ALL,ALL,2,2: ในเขต มีชื่อ แต่ไม่อยู่จริง,60-74 ปี,1
overall,DIAGNOSIS_OPD,ละงู,09634,โรงพยาบาลส่งเสริมสุขภาพตำบลละงู,ALL,ALL,3,3: อาศัยในเขต ทะเบียนบ้านอยู่นอกเขต,30-44 ปี,1
overall,DIAGNOSIS_OPD,ละงู,09634,โรงพยาบาลส่งเสริมสุขภาพตำบลละงู,ALL,ALL,4,4: นอกเขต มารับบริการ/เคยอยู่ในเขต,45-59 ปี,1
overall,DIAGNOSIS_OPD,ละงู,09634,โรงพยาบาลส่งเสริมสุขภาพตำบลละงู,ALL,ALL,4,4: นอกเขต มารับบริการ/เคยอยู่ในเขต,60-74 ปี,1
overall,DIAGNOSIS_OPD,ละงู,09634,โรงพยาบาลส่งเสริมสุขภาพตำบลละงู,ALL,ALL,4,4: นอกเขต มารับบริการ/เคยอยู่ในเขต,75 ปีขึ้นไป,1
overall,DIAGNOSIS_OPD,ละงู,09637,โรงพยาบาลส่งเสริมสุขภาพตำบลเขาขาว,ALL,ALL,1,1: ในเขต มีชื่อ+อยู่จริง,0-14 ปี,1
overall,DIAGNOSIS_OPD,ละงู,09637,โรงพยาบาลส่งเสริมสุขภาพตำบลเขาขาว,ALL,ALL,1,1: ในเขต มีชื่อ+อยู่จริง,15-29 ปี,4
overall,DIAGNOSIS_OPD,ละงู,09637,โรงพยาบาลส่งเสริมสุขภาพตำบลเขาขาว,ALL,ALL,1,1: ในเขต มีชื่อ+อยู่จริง,30-44 ปี,14
overall,DIAGNOSIS_OPD,ละงู,09637,โรงพยาบาลส่งเสริมสุขภาพตำบลเขาขาว,ALL,ALL,1,1: ในเขต มีชื่อ+อยู่จริง,45-59 ปี,14
overall,DIAGNOSIS_OPD,ละงู,09637,โรงพยาบาลส่งเสริมสุขภาพตำบลเขาขาว,ALL,ALL,1,1: ในเขต มีชื่อ+อยู่จริง,60-74 ปี,16
overall,DIAGNOSIS_OPD,ละงู,09637,โรงพยาบาลส่งเสริมสุขภาพตำบลเขาขาว,ALL,ALL,1,1: ในเขต มีชื่อ+อยู่จริง,75 ปีขึ้นไป,2
overall,DIAGNOSIS_OPD,ละงู,09637,โรงพยาบาลส่งเสริมสุขภาพตำบลเขาขาว,ALL,ALL,2,2: ในเขต มีชื่อ แต่ไม่อยู่จริง,30-44 ปี,2
overall,DIAGNOSIS_OPD,ละงู,09637,โรงพยาบาลส่งเสริมสุขภาพตำบลเขาขาว,ALL,ALL,2,2: ในเขต มีชื่อ แต่ไม่อยู่จริง,45-59 ปี,2
overall,DIAGNOSIS_OPD,ละงู,09637,โรงพยาบาลส่งเสริมสุขภาพตำบลเขาขาว,ALL,ALL,4,4: นอกเขต มารับบริการ/เคยอยู่ในเขต,60-74 ปี,1
overall,DIAGNOSIS_OPD,ละงู,09642,โรงพยาบาลส่งเสริมสุขภาพตำบลแหลมสน,ALL,ALL,1,1: ในเขต มีชื่อ+อยู่จริง,30-44 ปี,9
overall,DIAGNOSIS_OPD,ละงู,09642,โรงพยาบาลส่งเสริมสุขภาพตำบลแหลมสน,ALL,ALL,1,1: ในเขต มีชื่อ+อยู่จริง,45-59 ปี,8
overall,DIAGNOSIS_OPD,ละงู,09642,โรงพยาบาลส่งเสริมสุขภาพตำบลแหลมสน,ALL,ALL,1,1: ในเขต มีชื่อ+อยู่จริง,60-74 ปี,3
overall,DIAGNOSIS_OPD,เมืองสตูล,77708,ศูนย์สุขภาพชุมชนพิมาน,ALL,ALL,1,1: ในเขต มีชื่อ+อยู่จริง,0-14 ปี,12
overall,DIAGNOSIS_OPD,เมืองสตูล,77708,ศูนย์สุขภาพชุมชนพิมาน,ALL,ALL,1,1: ในเขต มีชื่อ+อยู่จริง,30-44 ปี,1
overall,DIAGNOSIS_OPD,เมืองสตูล,77708,ศูนย์สุขภาพชุมชนพิมาน,ALL,ALL,1,1: ในเขต มีชื่อ+อยู่จริง,45-59 ปี,10
overall,DIAGNOSIS_OPD,เมืองสตูล,77708,ศูนย์สุขภาพชุมชนพิมาน,ALL,ALL,1,1: ในเขต มีชื่อ+อยู่จริง,60-74 ปี,9
overall,DIAGNOSIS_OPD,เมืองสตูล,77708,ศูนย์สุขภาพชุมชนพิมาน,ALL,ALL,1,1: ในเขต มีชื่อ+อยู่จริง,75 ปีขึ้นไป,7
overall,DIAGNOSIS_OPD,เมืองสตูล,77708,ศูนย์สุขภาพชุมชนพิมาน,ALL,ALL,3,3: อาศัยในเขต ทะเบียนบ้านอยู่นอกเขต,30-44 ปี,1
overall,DIAGNOSIS_OPD,เมืองสตูล,77708,ศูนย์สุขภาพชุมชนพิมาน,ALL,ALL,3,3: อาศัยในเขต ทะเบียนบ้านอยู่นอกเขต,45-59 ปี,1
overall,DIAGNOSIS_OPD,เมืองสตูล,77708,ศูนย์สุขภาพชุมชนพิมาน,ALL,ALL,4,4: นอกเขต มารับบริการ/เคยอยู่ในเขต,30-44 ปี,1
overall,DIAGNOSIS_OPD,เมืองสตูล,77708,ศูนย์สุขภาพชุมชนพิมาน,ALL,ALL,4,4: นอกเขต มารับบริการ/เคยอยู่ในเขต,45-59 ปี,3
overall,DIAGNOSIS_OPD,เมืองสตูล,77708,ศูนย์สุขภาพชุมชนพิมาน,ALL,ALL,4,4: นอกเขต มารับบริการ/เคยอยู่ในเขต,75 ปีขึ้นไป,2
overall,DIAGNOSIS_OPD,เมืองสตูล,24672,ศูนย์สุขภาพชุมชนศรีพิมาน,ALL,ALL,1,1: ในเขต มีชื่อ+อยู่จริง,15-29 ปี,1
overall,DIAGNOSIS_OPD,เมืองสตูล,24672,ศูนย์สุขภาพชุมชนศรีพิมาน,ALL,ALL,1,1: ในเขต มีชื่อ+อยู่จริง,30-44 ปี,3
overall,DIAGNOSIS_OPD,เมืองสตูล,24672,ศูนย์สุขภาพชุมชนศรีพิมาน,ALL,ALL,1,1: ในเขต มีชื่อ+อยู่จริง,45-59 ปี,17
overall,DIAGNOSIS_OPD,เมืองสตูล,24672,ศูนย์สุขภาพชุมชนศรีพิมาน,ALL,ALL,1,1: ในเขต มีชื่อ+อยู่จริง,60-74 ปี,22
overall,DIAGNOSIS_OPD,เมืองสตูล,24672,ศูนย์สุขภาพชุมชนศรีพิมาน,ALL,ALL,1,1: ในเขต มีชื่อ+อยู่จริง,75 ปีขึ้นไป,13
overall,DIAGNOSIS_OPD,เมืองสตูล,24672,ศูนย์สุขภาพชุมชนศรีพิมาน,ALL,ALL,2,2: ในเขต มีชื่อ แต่ไม่อยู่จริง,30-44 ปี,2
overall,DIAGNOSIS_OPD,เมืองสตูล,24672,ศูนย์สุขภาพชุมชนศรีพิมาน,ALL,ALL,2,2: ในเขต มีชื่อ แต่ไม่อยู่จริง,45-59 ปี,2
overall,DIAGNOSIS_OPD,เมืองสตูล,24672,ศูนย์สุขภาพชุมชนศรีพิมาน,ALL,ALL,2,2: ในเขต มีชื่อ แต่ไม่อยู่จริง,60-74 ปี,2
overall,DIAGNOSIS_OPD,เมืองสตูล,24672,ศูนย์สุขภาพชุมชนศรีพิมาน,ALL,ALL,3,3: อาศัยในเขต ทะเบียนบ้านอยู่นอกเขต,30-44 ปี,1
overall,DIAGNOSIS_OPD,เมืองสตูล,24672,ศูนย์สุขภาพชุมชนศรีพิมาน,ALL,ALL,3,3: อาศัยในเขต ทะเบียนบ้านอยู่นอกเขต,45-59 ปี,3
overall,DIAGNOSIS_OPD,เมืองสตูล,24672,ศูนย์สุขภาพชุมชนศรีพิมาน,ALL,ALL,3,3: อาศัยในเขต ทะเบียนบ้านอยู่นอกเขต,60-74 ปี,1
overall,DIAGNOSIS_OPD,เมืองสตูล,24672,ศูนย์สุขภาพชุมชนศรีพิมาน,ALL,ALL,3,3: อาศัยในเขต ทะเบียนบ้านอยู่นอกเขต,75 ปีขึ้นไป,1
overall,DIAGNOSIS_OPD,เมืองสตูล,24672,ศูนย์สุขภาพชุมชนศรีพิมาน,ALL,ALL,4,4: นอกเขต มารับบริการ/เคยอยู่ในเขต,30-44 ปี,2
overall,DIAGNOSIS_OPD,เมืองสตูล,24672,ศูนย์สุขภาพชุมชนศรีพิมาน,ALL,ALL,4,4: นอกเขต มารับบริการ/เคยอยู่ในเขต,45-59 ปี,6
overall,DIAGNOSIS_OPD,เมืองสตูล,24672,ศูนย์สุขภาพชุมชนศรีพิมาน,ALL,ALL,4,4: นอกเขต มารับบริการ/เคยอยู่ในเขต,60-74 ปี,5
overall,DIAGNOSIS_OPD,เมืองสตูล,10746,โรงพยาบาลสตูล,ALL,ALL,4,4: นอกเขต มารับบริการ/เคยอยู่ในเขต,0-14 ปี,1636
overall,DIAGNOSIS_OPD,เมืองสตูล,10746,โรงพยาบาลสตูล,ALL,ALL,4,4: นอกเขต มารับบริการ/เคยอยู่ในเขต,15-29 ปี,2474
overall,DIAGNOSIS_OPD,เมืองสตูล,10746,โรงพยาบาลสตูล,ALL,ALL,4,4: นอกเขต มารับบริการ/เคยอยู่ในเขต,30-44 ปี,2754
overall,DIAGNOSIS_OPD,เมืองสตูล,10746,โรงพยาบาลสตูล,ALL,ALL,4,4: นอกเขต มารับบริการ/เคยอยู่ในเขต,45-59 ปี,2012
overall,DIAGNOSIS_OPD,เมืองสตูล,10746,โรงพยาบาลสตูล,ALL,ALL,4,4: นอกเขต มารับบริการ/เคยอยู่ในเขต,60-74 ปี,1491
overall,DIAGNOSIS_OPD,เมืองสตูล,10746,โรงพยาบาลสตูล,ALL,ALL,4,4: นอกเขต มารับบริการ/เคยอยู่ในเขต,75 ปีขึ้นไป,721
overall,DIAGNOSIS_OPD,เมืองสตูล,09604,โรงพยาบาลส่งเสริมสุขภาพตำบลคลองขุด,ALL,ALL,1,1: ในเขต มีชื่อ+อยู่จริง,15-29 ปี,2
overall,DIAGNOSIS_OPD,เมืองสตูล,09604,โรงพยาบาลส่งเสริมสุขภาพตำบลคลองขุด,ALL,ALL,1,1: ในเขต มีชื่อ+อยู่จริง,30-44 ปี,6
overall,DIAGNOSIS_OPD,เมืองสตูล,09604,โรงพยาบาลส่งเสริมสุขภาพตำบลคลองขุด,ALL,ALL,1,1: ในเขต มีชื่อ+อยู่จริง,45-59 ปี,4
overall,DIAGNOSIS_OPD,เมืองสตูล,09604,โรงพยาบาลส่งเสริมสุขภาพตำบลคลองขุด,ALL,ALL,1,1: ในเขต มีชื่อ+อยู่จริง,60-74 ปี,2
overall,DIAGNOSIS_OPD,เมืองสตูล,09604,โรงพยาบาลส่งเสริมสุขภาพตำบลคลองขุด,ALL,ALL,1,1: ในเขต มีชื่อ+อยู่จริง,75 ปีขึ้นไป,1
overall,DIAGNOSIS_OPD,เมืองสตูล,09604,โรงพยาบาลส่งเสริมสุขภาพตำบลคลองขุด,ALL,ALL,2,2: ในเขต มีชื่อ แต่ไม่อยู่จริง,30-44 ปี,1
overall,DIAGNOSIS_OPD,เมืองสตูล,09604,โรงพยาบาลส่งเสริมสุขภาพตำบลคลองขุด,ALL,ALL,2,2: ในเขต มีชื่อ แต่ไม่อยู่จริง,45-59 ปี,1
overall,DIAGNOSIS_OPD,เมืองสตูล,09604,โรงพยาบาลส่งเสริมสุขภาพตำบลคลองขุด,ALL,ALL,4,4: นอกเขต มารับบริการ/เคยอยู่ในเขต,30-44 ปี,1
overall,DIAGNOSIS_OPD,เมืองสตูล,77654,โรงพยาบาลส่งเสริมสุขภาพตำบลคลองขุด (สาขา),ALL,ALL,1,1: ในเขต มีชื่อ+อยู่จริง,0-14 ปี,4
overall,DIAGNOSIS_OPD,เมืองสตูล,77654,โรงพยาบาลส่งเสริมสุขภาพตำบลคลองขุด (สาขา),ALL,ALL,1,1: ในเขต มีชื่อ+อยู่จริง,15-29 ปี,4
overall,DIAGNOSIS_OPD,เมืองสตูล,77654,โรงพยาบาลส่งเสริมสุขภาพตำบลคลองขุด (สาขา),ALL,ALL,1,1: ในเขต มีชื่อ+อยู่จริง,30-44 ปี,8
overall,DIAGNOSIS_OPD,เมืองสตูล,77654,โรงพยาบาลส่งเสริมสุขภาพตำบลคลองขุด (สาขา),ALL,ALL,1,1: ในเขต มีชื่อ+อยู่จริง,45-59 ปี,11
overall,DIAGNOSIS_OPD,เมืองสตูล,77654,โรงพยาบาลส่งเสริมสุขภาพตำบลคลองขุด (สาขา),ALL,ALL,1,1: ในเขต มีชื่อ+อยู่จริง,60-74 ปี,16
overall,DIAGNOSIS_OPD,เมืองสตูล,77654,โรงพยาบาลส่งเสริมสุขภาพตำบลคลองขุด (สาขา),ALL,ALL,1,1: ในเขต มีชื่อ+อยู่จริง,75 ปีขึ้นไป,2
overall,DIAGNOSIS_OPD,เมืองสตูล,77654,โรงพยาบาลส่งเสริมสุขภาพตำบลคลองขุด (สาขา),ALL,ALL,2,2: ในเขต มีชื่อ แต่ไม่อยู่จริง,75 ปีขึ้นไป,1
overall,DIAGNOSIS_OPD,เมืองสตูล,77654,โรงพยาบาลส่งเสริมสุขภาพตำบลคลองขุด (สาขา),ALL,ALL,3,3: อาศัยในเขต ทะเบียนบ้านอยู่นอกเขต,45-59 ปี,1
overall,DIAGNOSIS_OPD,เมืองสตูล,77654,โรงพยาบาลส่งเสริมสุขภาพตำบลคลองขุด (สาขา),ALL,ALL,4,4: นอกเขต มารับบริการ/เคยอยู่ในเขต,0-14 ปี,1
overall,DIAGNOSIS_OPD,เมืองสตูล,77654,โรงพยาบาลส่งเสริมสุขภาพตำบลคลองขุด (สาขา),ALL,ALL,4,4: นอกเขต มารับบริการ/เคยอยู่ในเขต,15-29 ปี,8
overall,DIAGNOSIS_OPD,เมืองสตูล,77654,โรงพยาบาลส่งเสริมสุขภาพตำบลคลองขุด (สาขา),ALL,ALL,4,4: นอกเขต มารับบริการ/เคยอยู่ในเขต,30-44 ปี,16
overall,DIAGNOSIS_OPD,เมืองสตูล,77654,โรงพยาบาลส่งเสริมสุขภาพตำบลคลองขุด (สาขา),ALL,ALL,4,4: นอกเขต มารับบริการ/เคยอยู่ในเขต,45-59 ปี,5
overall,DIAGNOSIS_OPD,เมืองสตูล,77654,โรงพยาบาลส่งเสริมสุขภาพตำบลคลองขุด (สาขา),ALL,ALL,4,4: นอกเขต มารับบริการ/เคยอยู่ในเขต,60-74 ปี,4
overall,DIAGNOSIS_OPD,เมืองสตูล,09605,โรงพยาบาลส่งเสริมสุขภาพตำบลควนขัน,ALL,ALL,1,1: ในเขต มีชื่อ+อยู่จริง,0-14 ปี,1
overall,DIAGNOSIS_OPD,เมืองสตูล,09605,โรงพยาบาลส่งเสริมสุขภาพตำบลควนขัน,ALL,ALL,1,1: ในเขต มีชื่อ+อยู่จริง,15-29 ปี,3
overall,DIAGNOSIS_OPD,เมืองสตูล,09605,โรงพยาบาลส่งเสริมสุขภาพตำบลควนขัน,ALL,ALL,1,1: ในเขต มีชื่อ+อยู่จริง,30-44 ปี,11
overall,DIAGNOSIS_OPD,เมืองสตูล,09605,โรงพยาบาลส่งเสริมสุขภาพตำบลควนขัน,ALL,ALL,1,1: ในเขต มีชื่อ+อยู่จริง,45-59 ปี,11
overall,DIAGNOSIS_OPD,เมืองสตูล,09605,โรงพยาบาลส่งเสริมสุขภาพตำบลควนขัน,ALL,ALL,1,1: ในเขต มีชื่อ+อยู่จริง,60-74 ปี,9
overall,DIAGNOSIS_OPD,เมืองสตูล,09605,โรงพยาบาลส่งเสริมสุขภาพตำบลควนขัน,ALL,ALL,1,1: ในเขต มีชื่อ+อยู่จริง,75 ปีขึ้นไป,4
overall,DIAGNOSIS_OPD,เมืองสตูล,09605,โรงพยาบาลส่งเสริมสุขภาพตำบลควนขัน,ALL,ALL,2,2: ในเขต มีชื่อ แต่ไม่อยู่จริง,30-44 ปี,1
overall,DIAGNOSIS_OPD,เมืองสตูล,09605,โรงพยาบาลส่งเสริมสุขภาพตำบลควนขัน,ALL,ALL,2,2: ในเขต มีชื่อ แต่ไม่อยู่จริง,45-59 ปี,1
overall,DIAGNOSIS_OPD,เมืองสตูล,09605,โรงพยาบาลส่งเสริมสุขภาพตำบลควนขัน,ALL,ALL,2,2: ในเขต มีชื่อ แต่ไม่อยู่จริง,60-74 ปี,1
overall,DIAGNOSIS_OPD,เมืองสตูล,09605,โรงพยาบาลส่งเสริมสุขภาพตำบลควนขัน,ALL,ALL,3,3: อาศัยในเขต ทะเบียนบ้านอยู่นอกเขต,15-29 ปี,1
overall,DIAGNOSIS_OPD,เมืองสตูล,09605,โรงพยาบาลส่งเสริมสุขภาพตำบลควนขัน,ALL,ALL,3,3: อาศัยในเขต ทะเบียนบ้านอยู่นอกเขต,30-44 ปี,1
overall,DIAGNOSIS_OPD,เมืองสตูล,09605,โรงพยาบาลส่งเสริมสุขภาพตำบลควนขัน,ALL,ALL,3,3: อาศัยในเขต ทะเบียนบ้านอยู่นอกเขต,45-59 ปี,1
overall,DIAGNOSIS_OPD,เมืองสตูล,09605,โรงพยาบาลส่งเสริมสุขภาพตำบลควนขัน,ALL,ALL,4,4: นอกเขต มารับบริการ/เคยอยู่ในเขต,15-29 ปี,2
overall,DIAGNOSIS_OPD,เมืองสตูล,09605,โรงพยาบาลส่งเสริมสุขภาพตำบลควนขัน,ALL,ALL,4,4: นอกเขต มารับบริการ/เคยอยู่ในเขต,45-59 ปี,3
overall,DIAGNOSIS_OPD,เมืองสตูล,09605,โรงพยาบาลส่งเสริมสุขภาพตำบลควนขัน,ALL,ALL,4,4: นอกเขต มารับบริการ/เคยอยู่ในเขต,60-74 ปี,3
overall,DIAGNOSIS_OPD,เมืองสตูล,09613,โรงพยาบาลส่งเสริมสุขภาพตำบลตันหยงโป,ALL,ALL,1,1: ในเขต มีชื่อ+อยู่จริง,0-14 ปี,2
overall,DIAGNOSIS_OPD,เมืองสตูล,09613,โรงพยาบาลส่งเสริมสุขภาพตำบลตันหยงโป,ALL,ALL,1,1: ในเขต มีชื่อ+อยู่จริง,15-29 ปี,4
overall,DIAGNOSIS_OPD,เมืองสตูล,09613,โรงพยาบาลส่งเสริมสุขภาพตำบลตันหยงโป,ALL,ALL,1,1: ในเขต มีชื่อ+อยู่จริง,30-44 ปี,5
overall,DIAGNOSIS_OPD,เมืองสตูล,09613,โรงพยาบาลส่งเสริมสุขภาพตำบลตันหยงโป,ALL,ALL,1,1: ในเขต มีชื่อ+อยู่จริง,45-59 ปี,6
overall,DIAGNOSIS_OPD,เมืองสตูล,09613,โรงพยาบาลส่งเสริมสุขภาพตำบลตันหยงโป,ALL,ALL,1,1: ในเขต มีชื่อ+อยู่จริง,60-74 ปี,5
overall,DIAGNOSIS_OPD,เมืองสตูล,09613,โรงพยาบาลส่งเสริมสุขภาพตำบลตันหยงโป,ALL,ALL,1,1: ในเขต มีชื่อ+อยู่จริง,75 ปีขึ้นไป,1
overall,DIAGNOSIS_OPD,เมืองสตูล,09613,โรงพยาบาลส่งเสริมสุขภาพตำบลตันหยงโป,ALL,ALL,2,2: ในเขต มีชื่อ แต่ไม่อยู่จริง,15-29 ปี,1
overall,DIAGNOSIS_OPD,เมืองสตูล,09613,โรงพยาบาลส่งเสริมสุขภาพตำบลตันหยงโป,ALL,ALL,2,2: ในเขต มีชื่อ แต่ไม่อยู่จริง,45-59 ปี,1
overall,DIAGNOSIS_OPD,เมืองสตูล,09613,โรงพยาบาลส่งเสริมสุขภาพตำบลตันหยงโป,ALL,ALL,3,3: อาศัยในเขต ทะเบียนบ้านอยู่นอกเขต,30-44 ปี,1
overall,DIAGNOSIS_OPD,เมืองสตูล,09613,โรงพยาบาลส่งเสริมสุขภาพตำบลตันหยงโป,ALL,ALL,4,4: นอกเขต มารับบริการ/เคยอยู่ในเขต,0-14 ปี,1
overall,DIAGNOSIS_OPD,เมืองสตูล,09613,โรงพยาบาลส่งเสริมสุขภาพตำบลตันหยงโป,ALL,ALL,4,4: นอกเขต มารับบริการ/เคยอยู่ในเขต,30-44 ปี,1
overall,DIAGNOSIS_OPD,เมืองสตูล,09613,โรงพยาบาลส่งเสริมสุขภาพตำบลตันหยงโป,ALL,ALL,4,4: นอกเขต มารับบริการ/เคยอยู่ในเขต,45-59 ปี,1
overall,DIAGNOSIS_OPD,เมืองสตูล,09616,โรงพยาบาลส่งเสริมสุขภาพตำบลตำมะลัง,ALL,ALL,1,1: ในเขต มีชื่อ+อยู่จริง,0-14 ปี,2
overall,DIAGNOSIS_OPD,เมืองสตูล,09616,โรงพยาบาลส่งเสริมสุขภาพตำบลตำมะลัง,ALL,ALL,1,1: ในเขต มีชื่อ+อยู่จริง,15-29 ปี,3
overall,DIAGNOSIS_OPD,เมืองสตูล,09616,โรงพยาบาลส่งเสริมสุขภาพตำบลตำมะลัง,ALL,ALL,1,1: ในเขต มีชื่อ+อยู่จริง,30-44 ปี,4
overall,DIAGNOSIS_OPD,เมืองสตูล,09616,โรงพยาบาลส่งเสริมสุขภาพตำบลตำมะลัง,ALL,ALL,1,1: ในเขต มีชื่อ+อยู่จริง,45-59 ปี,14
overall,DIAGNOSIS_OPD,เมืองสตูล,09616,โรงพยาบาลส่งเสริมสุขภาพตำบลตำมะลัง,ALL,ALL,1,1: ในเขต มีชื่อ+อยู่จริง,60-74 ปี,4
overall,DIAGNOSIS_OPD,เมืองสตูล,09616,โรงพยาบาลส่งเสริมสุขภาพตำบลตำมะลัง,ALL,ALL,1,1: ในเขต มีชื่อ+อยู่จริง,75 ปีขึ้นไป,4
overall,DIAGNOSIS_OPD,เมืองสตูล,09616,โรงพยาบาลส่งเสริมสุขภาพตำบลตำมะลัง,ALL,ALL,2,2: ในเขต มีชื่อ แต่ไม่อยู่จริง,30-44 ปี,2
overall,DIAGNOSIS_OPD,เมืองสตูล,09616,โรงพยาบาลส่งเสริมสุขภาพตำบลตำมะลัง,ALL,ALL,2,2: ในเขต มีชื่อ แต่ไม่อยู่จริง,45-59 ปี,1
overall,DIAGNOSIS_OPD,เมืองสตูล,09616,โรงพยาบาลส่งเสริมสุขภาพตำบลตำมะลัง,ALL,ALL,4,4: นอกเขต มารับบริการ/เคยอยู่ในเขต,45-59 ปี,2
overall,DIAGNOSIS_OPD,เมืองสตูล,09606,โรงพยาบาลส่งเสริมสุขภาพตำบลบ้านควน,ALL,ALL,1,1: ในเขต มีชื่อ+อยู่จริง,30-44 ปี,8
overall,DIAGNOSIS_OPD,เมืองสตูล,09606,โรงพยาบาลส่งเสริมสุขภาพตำบลบ้านควน,ALL,ALL,1,1: ในเขต มีชื่อ+อยู่จริง,45-59 ปี,3
overall,DIAGNOSIS_OPD,เมืองสตูล,09606,โรงพยาบาลส่งเสริมสุขภาพตำบลบ้านควน,ALL,ALL,1,1: ในเขต มีชื่อ+อยู่จริง,60-74 ปี,1
overall,DIAGNOSIS_OPD,เมืองสตูล,09606,โรงพยาบาลส่งเสริมสุขภาพตำบลบ้านควน,ALL,ALL,1,1: ในเขต มีชื่อ+อยู่จริง,75 ปีขึ้นไป,1
overall,DIAGNOSIS_OPD,เมืองสตูล,09606,โรงพยาบาลส่งเสริมสุขภาพตำบลบ้านควน,ALL,ALL,2,2: ในเขต มีชื่อ แต่ไม่อยู่จริง,15-29 ปี,1
overall,DIAGNOSIS_OPD,เมืองสตูล,09606,โรงพยาบาลส่งเสริมสุขภาพตำบลบ้านควน,ALL,ALL,2,2: ในเขต มีชื่อ แต่ไม่อยู่จริง,30-44 ปี,2
overall,DIAGNOSIS_OPD,เมืองสตูล,09606,โรงพยาบาลส่งเสริมสุขภาพตำบลบ้านควน,ALL,ALL,3,3: อาศัยในเขต ทะเบียนบ้านอยู่นอกเขต,30-44 ปี,1
overall,DIAGNOSIS_OPD,เมืองสตูล,09606,โรงพยาบาลส่งเสริมสุขภาพตำบลบ้านควน,ALL,ALL,4,4: นอกเขต มารับบริการ/เคยอยู่ในเขต,15-29 ปี,6
overall,DIAGNOSIS_OPD,เมืองสตูล,09606,โรงพยาบาลส่งเสริมสุขภาพตำบลบ้านควน,ALL,ALL,4,4: นอกเขต มารับบริการ/เคยอยู่ในเขต,30-44 ปี,13
overall,DIAGNOSIS_OPD,เมืองสตูล,09606,โรงพยาบาลส่งเสริมสุขภาพตำบลบ้านควน,ALL,ALL,4,4: นอกเขต มารับบริการ/เคยอยู่ในเขต,45-59 ปี,4
overall,DIAGNOSIS_OPD,เมืองสตูล,09607,โรงพยาบาลส่งเสริมสุขภาพตำบลบ้านควน ตำบลบ้านควน,ALL,ALL,1,1: ในเขต มีชื่อ+อยู่จริง,0-14 ปี,1
overall,DIAGNOSIS_OPD,เมืองสตูล,09607,โรงพยาบาลส่งเสริมสุขภาพตำบลบ้านควน ตำบลบ้านควน,ALL,ALL,1,1: ในเขต มีชื่อ+อยู่จริง,15-29 ปี,4
overall,DIAGNOSIS_OPD,เมืองสตูล,09607,โรงพยาบาลส่งเสริมสุขภาพตำบลบ้านควน ตำบลบ้านควน,ALL,ALL,1,1: ในเขต มีชื่อ+อยู่จริง,30-44 ปี,12
overall,DIAGNOSIS_OPD,เมืองสตูล,09607,โรงพยาบาลส่งเสริมสุขภาพตำบลบ้านควน ตำบลบ้านควน,ALL,ALL,1,1: ในเขต มีชื่อ+อยู่จริง,45-59 ปี,4
overall,DIAGNOSIS_OPD,เมืองสตูล,09607,โรงพยาบาลส่งเสริมสุขภาพตำบลบ้านควน ตำบลบ้านควน,ALL,ALL,2,2: ในเขต มีชื่อ แต่ไม่อยู่จริง,0-14 ปี,1
overall,DIAGNOSIS_OPD,เมืองสตูล,09607,โรงพยาบาลส่งเสริมสุขภาพตำบลบ้านควน ตำบลบ้านควน,ALL,ALL,2,2: ในเขต มีชื่อ แต่ไม่อยู่จริง,30-44 ปี,1
overall,DIAGNOSIS_OPD,เมืองสตูล,09607,โรงพยาบาลส่งเสริมสุขภาพตำบลบ้านควน ตำบลบ้านควน,ALL,ALL,4,4: นอกเขต มารับบริการ/เคยอยู่ในเขต,30-44 ปี,1
overall,DIAGNOSIS_OPD,เมืองสตูล,09607,โรงพยาบาลส่งเสริมสุขภาพตำบลบ้านควน ตำบลบ้านควน,ALL,ALL,4,4: นอกเขต มารับบริการ/เคยอยู่ในเขต,45-59 ปี,1
overall,DIAGNOSIS_OPD,เมืองสตูล,09608,โรงพยาบาลส่งเสริมสุขภาพตำบลบ้านฉลุง ตำบลฉลุง,ALL,ALL,1,1: ในเขต มีชื่อ+อยู่จริง,0-14 ปี,1
overall,DIAGNOSIS_OPD,เมืองสตูล,09608,โรงพยาบาลส่งเสริมสุขภาพตำบลบ้านฉลุง ตำบลฉลุง,ALL,ALL,1,1: ในเขต มีชื่อ+อยู่จริง,15-29 ปี,3
overall,DIAGNOSIS_OPD,เมืองสตูล,09608,โรงพยาบาลส่งเสริมสุขภาพตำบลบ้านฉลุง ตำบลฉลุง,ALL,ALL,1,1: ในเขต มีชื่อ+อยู่จริง,30-44 ปี,9
overall,DIAGNOSIS_OPD,เมืองสตูล,09608,โรงพยาบาลส่งเสริมสุขภาพตำบลบ้านฉลุง ตำบลฉลุง,ALL,ALL,1,1: ในเขต มีชื่อ+อยู่จริง,45-59 ปี,1
overall,DIAGNOSIS_OPD,เมืองสตูล,09608,โรงพยาบาลส่งเสริมสุขภาพตำบลบ้านฉลุง ตำบลฉลุง,ALL,ALL,1,1: ในเขต มีชื่อ+อยู่จริง,60-74 ปี,2
overall,DIAGNOSIS_OPD,เมืองสตูล,09608,โรงพยาบาลส่งเสริมสุขภาพตำบลบ้านฉลุง ตำบลฉลุง,ALL,ALL,1,1: ในเขต มีชื่อ+อยู่จริง,75 ปีขึ้นไป,4
overall,DIAGNOSIS_OPD,เมืองสตูล,09608,โรงพยาบาลส่งเสริมสุขภาพตำบลบ้านฉลุง ตำบลฉลุง,ALL,ALL,2,2: ในเขต มีชื่อ แต่ไม่อยู่จริง,15-29 ปี,2
overall,DIAGNOSIS_OPD,เมืองสตูล,09608,โรงพยาบาลส่งเสริมสุขภาพตำบลบ้านฉลุง ตำบลฉลุง,ALL,ALL,2,2: ในเขต มีชื่อ แต่ไม่อยู่จริง,30-44 ปี,3
overall,DIAGNOSIS_OPD,เมืองสตูล,09608,โรงพยาบาลส่งเสริมสุขภาพตำบลบ้านฉลุง ตำบลฉลุง,ALL,ALL,2,2: ในเขต มีชื่อ แต่ไม่อยู่จริง,45-59 ปี,2
overall,DIAGNOSIS_OPD,เมืองสตูล,09608,โรงพยาบาลส่งเสริมสุขภาพตำบลบ้านฉลุง ตำบลฉลุง,ALL,ALL,2,2: ในเขต มีชื่อ แต่ไม่อยู่จริง,60-74 ปี,2
overall,DIAGNOSIS_OPD,เมืองสตูล,09608,โรงพยาบาลส่งเสริมสุขภาพตำบลบ้านฉลุง ตำบลฉลุง,ALL,ALL,4,4: นอกเขต มารับบริการ/เคยอยู่ในเขต,0-14 ปี,1
overall,DIAGNOSIS_OPD,เมืองสตูล,09608,โรงพยาบาลส่งเสริมสุขภาพตำบลบ้านฉลุง ตำบลฉลุง,ALL,ALL,4,4: นอกเขต มารับบริการ/เคยอยู่ในเขต,30-44 ปี,2
overall,DIAGNOSIS_OPD,เมืองสตูล,09608,โรงพยาบาลส่งเสริมสุขภาพตำบลบ้านฉลุง ตำบลฉลุง,ALL,ALL,4,4: นอกเขต มารับบริการ/เคยอยู่ในเขต,45-59 ปี,2
overall,DIAGNOSIS_OPD,เมืองสตูล,09610,โรงพยาบาลส่งเสริมสุขภาพตำบลบ้านตันหยงกลิงตำบลเกาะสาหร่าย,ALL,ALL,1,1: ในเขต มีชื่อ+อยู่จริง,15-29 ปี,2
overall,DIAGNOSIS_OPD,เมืองสตูล,09610,โรงพยาบาลส่งเสริมสุขภาพตำบลบ้านตันหยงกลิงตำบลเกาะสาหร่าย,ALL,ALL,1,1: ในเขต มีชื่อ+อยู่จริง,30-44 ปี,3
overall,DIAGNOSIS_OPD,เมืองสตูล,09610,โรงพยาบาลส่งเสริมสุขภาพตำบลบ้านตันหยงกลิงตำบลเกาะสาหร่าย,ALL,ALL,1,1: ในเขต มีชื่อ+อยู่จริง,45-59 ปี,9
overall,DIAGNOSIS_OPD,เมืองสตูล,09610,โรงพยาบาลส่งเสริมสุขภาพตำบลบ้านตันหยงกลิงตำบลเกาะสาหร่าย,ALL,ALL,1,1: ในเขต มีชื่อ+อยู่จริง,60-74 ปี,6
overall,DIAGNOSIS_OPD,เมืองสตูล,09610,โรงพยาบาลส่งเสริมสุขภาพตำบลบ้านตันหยงกลิงตำบลเกาะสาหร่าย,ALL,ALL,1,1: ในเขต มีชื่อ+อยู่จริง,75 ปีขึ้นไป,4
overall,DIAGNOSIS_OPD,เมืองสตูล,09610,โรงพยาบาลส่งเสริมสุขภาพตำบลบ้านตันหยงกลิงตำบลเกาะสาหร่าย,ALL,ALL,2,2: ในเขต มีชื่อ แต่ไม่อยู่จริง,15-29 ปี,1
overall,DIAGNOSIS_OPD,เมืองสตูล,09610,โรงพยาบาลส่งเสริมสุขภาพตำบลบ้านตันหยงกลิงตำบลเกาะสาหร่าย,ALL,ALL,2,2: ในเขต มีชื่อ แต่ไม่อยู่จริง,30-44 ปี,5
overall,DIAGNOSIS_OPD,เมืองสตูล,09610,โรงพยาบาลส่งเสริมสุขภาพตำบลบ้านตันหยงกลิงตำบลเกาะสาหร่าย,ALL,ALL,2,2: ในเขต มีชื่อ แต่ไม่อยู่จริง,45-59 ปี,2
overall,DIAGNOSIS_OPD,เมืองสตูล,09610,โรงพยาบาลส่งเสริมสุขภาพตำบลบ้านตันหยงกลิงตำบลเกาะสาหร่าย,ALL,ALL,2,2: ในเขต มีชื่อ แต่ไม่อยู่จริง,60-74 ปี,1
overall,DIAGNOSIS_OPD,เมืองสตูล,09610,โรงพยาบาลส่งเสริมสุขภาพตำบลบ้านตันหยงกลิงตำบลเกาะสาหร่าย,ALL,ALL,2,2: ในเขต มีชื่อ แต่ไม่อยู่จริง,75 ปีขึ้นไป,1
overall,DIAGNOSIS_OPD,เมืองสตูล,09609,โรงพยาบาลส่งเสริมสุขภาพตำบลบ้านทุ่ง ตำบลฉลุง,ALL,ALL,1,1: ในเขต มีชื่อ+อยู่จริง,0-14 ปี,1
overall,DIAGNOSIS_OPD,เมืองสตูล,09609,โรงพยาบาลส่งเสริมสุขภาพตำบลบ้านทุ่ง ตำบลฉลุง,ALL,ALL,1,1: ในเขต มีชื่อ+อยู่จริง,15-29 ปี,1
overall,DIAGNOSIS_OPD,เมืองสตูล,09609,โรงพยาบาลส่งเสริมสุขภาพตำบลบ้านทุ่ง ตำบลฉลุง,ALL,ALL,1,1: ในเขต มีชื่อ+อยู่จริง,30-44 ปี,6
overall,DIAGNOSIS_OPD,เมืองสตูล,09609,โรงพยาบาลส่งเสริมสุขภาพตำบลบ้านทุ่ง ตำบลฉลุง,ALL,ALL,2,2: ในเขต มีชื่อ แต่ไม่อยู่จริง,15-29 ปี,1
overall,DIAGNOSIS_OPD,เมืองสตูล,09609,โรงพยาบาลส่งเสริมสุขภาพตำบลบ้านทุ่ง ตำบลฉลุง,ALL,ALL,4,4: นอกเขต มารับบริการ/เคยอยู่ในเขต,30-44 ปี,2
overall,DIAGNOSIS_OPD,เมืองสตูล,09609,โรงพยาบาลส่งเสริมสุขภาพตำบลบ้านทุ่ง ตำบลฉลุง,ALL,ALL,4,4: นอกเขต มารับบริการ/เคยอยู่ในเขต,60-74 ปี,1
overall,DIAGNOSIS_OPD,เมืองสตูล,09615,โรงพยาบาลส่งเสริมสุขภาพตำบลบ้านปาเต๊ะ ตำบลเจ๊ะบิลัง,ALL,ALL,1,1: ในเขต มีชื่อ+อยู่จริง,0-14 ปี,6
overall,DIAGNOSIS_OPD,เมืองสตูล,09615,โรงพยาบาลส่งเสริมสุขภาพตำบลบ้านปาเต๊ะ ตำบลเจ๊ะบิลัง,ALL,ALL,1,1: ในเขต มีชื่อ+อยู่จริง,15-29 ปี,4
overall,DIAGNOSIS_OPD,เมืองสตูล,09615,โรงพยาบาลส่งเสริมสุขภาพตำบลบ้านปาเต๊ะ ตำบลเจ๊ะบิลัง,ALL,ALL,1,1: ในเขต มีชื่อ+อยู่จริง,30-44 ปี,14
overall,DIAGNOSIS_OPD,เมืองสตูล,09615,โรงพยาบาลส่งเสริมสุขภาพตำบลบ้านปาเต๊ะ ตำบลเจ๊ะบิลัง,ALL,ALL,1,1: ในเขต มีชื่อ+อยู่จริง,45-59 ปี,20
overall,DIAGNOSIS_OPD,เมืองสตูล,09615,โรงพยาบาลส่งเสริมสุขภาพตำบลบ้านปาเต๊ะ ตำบลเจ๊ะบิลัง,ALL,ALL,1,1: ในเขต มีชื่อ+อยู่จริง,60-74 ปี,17
overall,DIAGNOSIS_OPD,เมืองสตูล,09615,โรงพยาบาลส่งเสริมสุขภาพตำบลบ้านปาเต๊ะ ตำบลเจ๊ะบิลัง,ALL,ALL,1,1: ในเขต มีชื่อ+อยู่จริง,75 ปีขึ้นไป,9
overall,DIAGNOSIS_OPD,เมืองสตูล,09615,โรงพยาบาลส่งเสริมสุขภาพตำบลบ้านปาเต๊ะ ตำบลเจ๊ะบิลัง,ALL,ALL,2,2: ในเขต มีชื่อ แต่ไม่อยู่จริง,15-29 ปี,1
overall,DIAGNOSIS_OPD,เมืองสตูล,09615,โรงพยาบาลส่งเสริมสุขภาพตำบลบ้านปาเต๊ะ ตำบลเจ๊ะบิลัง,ALL,ALL,2,2: ในเขต มีชื่อ แต่ไม่อยู่จริง,30-44 ปี,1
overall,DIAGNOSIS_OPD,เมืองสตูล,09615,โรงพยาบาลส่งเสริมสุขภาพตำบลบ้านปาเต๊ะ ตำบลเจ๊ะบิลัง,ALL,ALL,2,2: ในเขต มีชื่อ แต่ไม่อยู่จริง,45-59 ปี,2
overall,DIAGNOSIS_OPD,เมืองสตูล,09615,โรงพยาบาลส่งเสริมสุขภาพตำบลบ้านปาเต๊ะ ตำบลเจ๊ะบิลัง,ALL,ALL,2,2: ในเขต มีชื่อ แต่ไม่อยู่จริง,60-74 ปี,1
overall,DIAGNOSIS_OPD,เมืองสตูล,09615,โรงพยาบาลส่งเสริมสุขภาพตำบลบ้านปาเต๊ะ ตำบลเจ๊ะบิลัง,ALL,ALL,2,2: ในเขต มีชื่อ แต่ไม่อยู่จริง,75 ปีขึ้นไป,1
overall,DIAGNOSIS_OPD,เมืองสตูล,09615,โรงพยาบาลส่งเสริมสุขภาพตำบลบ้านปาเต๊ะ ตำบลเจ๊ะบิลัง,ALL,ALL,3,3: อาศัยในเขต ทะเบียนบ้านอยู่นอกเขต,0-14 ปี,1
overall,DIAGNOSIS_OPD,เมืองสตูล,09615,โรงพยาบาลส่งเสริมสุขภาพตำบลบ้านปาเต๊ะ ตำบลเจ๊ะบิลัง,ALL,ALL,3,3: อาศัยในเขต ทะเบียนบ้านอยู่นอกเขต,45-59 ปี,1
overall,DIAGNOSIS_OPD,เมืองสตูล,09615,โรงพยาบาลส่งเสริมสุขภาพตำบลบ้านปาเต๊ะ ตำบลเจ๊ะบิลัง,ALL,ALL,3,3: อาศัยในเขต ทะเบียนบ้านอยู่นอกเขต,60-74 ปี,1
overall,DIAGNOSIS_OPD,เมืองสตูล,09615,โรงพยาบาลส่งเสริมสุขภาพตำบลบ้านปาเต๊ะ ตำบลเจ๊ะบิลัง,ALL,ALL,4,4: นอกเขต มารับบริการ/เคยอยู่ในเขต,0-14 ปี,1
overall,DIAGNOSIS_OPD,เมืองสตูล,09615,โรงพยาบาลส่งเสริมสุขภาพตำบลบ้านปาเต๊ะ ตำบลเจ๊ะบิลัง,ALL,ALL,4,4: นอกเขต มารับบริการ/เคยอยู่ในเขต,45-59 ปี,1
overall,DIAGNOSIS_OPD,เมืองสตูล,09615,โรงพยาบาลส่งเสริมสุขภาพตำบลบ้านปาเต๊ะ ตำบลเจ๊ะบิลัง,ALL,ALL,4,4: นอกเขต มารับบริการ/เคยอยู่ในเขต,60-74 ปี,1
overall,DIAGNOSIS_OPD,เมืองสตูล,09615,โรงพยาบาลส่งเสริมสุขภาพตำบลบ้านปาเต๊ะ ตำบลเจ๊ะบิลัง,ALL,ALL,4,4: นอกเขต มารับบริการ/เคยอยู่ในเขต,75 ปีขึ้นไป,4
overall,DIAGNOSIS_OPD,เมืองสตูล,09620,โรงพยาบาลส่งเสริมสุขภาพตำบลบ้านวังพะเนียด ตำบลเกตรี,ALL,ALL,1,1: ในเขต มีชื่อ+อยู่จริง,0-14 ปี,2
overall,DIAGNOSIS_OPD,เมืองสตูล,09620,โรงพยาบาลส่งเสริมสุขภาพตำบลบ้านวังพะเนียด ตำบลเกตรี,ALL,ALL,1,1: ในเขต มีชื่อ+อยู่จริง,15-29 ปี,8
overall,DIAGNOSIS_OPD,เมืองสตูล,09620,โรงพยาบาลส่งเสริมสุขภาพตำบลบ้านวังพะเนียด ตำบลเกตรี,ALL,ALL,1,1: ในเขต มีชื่อ+อยู่จริง,30-44 ปี,10
overall,DIAGNOSIS_OPD,เมืองสตูล,09620,โรงพยาบาลส่งเสริมสุขภาพตำบลบ้านวังพะเนียด ตำบลเกตรี,ALL,ALL,1,1: ในเขต มีชื่อ+อยู่จริง,45-59 ปี,13
overall,DIAGNOSIS_OPD,เมืองสตูล,09620,โรงพยาบาลส่งเสริมสุขภาพตำบลบ้านวังพะเนียด ตำบลเกตรี,ALL,ALL,1,1: ในเขต มีชื่อ+อยู่จริง,60-74 ปี,9
overall,DIAGNOSIS_OPD,เมืองสตูล,09620,โรงพยาบาลส่งเสริมสุขภาพตำบลบ้านวังพะเนียด ตำบลเกตรี,ALL,ALL,1,1: ในเขต มีชื่อ+อยู่จริง,75 ปีขึ้นไป,4
overall,DIAGNOSIS_OPD,เมืองสตูล,09620,โรงพยาบาลส่งเสริมสุขภาพตำบลบ้านวังพะเนียด ตำบลเกตรี,ALL,ALL,2,2: ในเขต มีชื่อ แต่ไม่อยู่จริง,30-44 ปี,3
overall,DIAGNOSIS_OPD,เมืองสตูล,09620,โรงพยาบาลส่งเสริมสุขภาพตำบลบ้านวังพะเนียด ตำบลเกตรี,ALL,ALL,2,2: ในเขต มีชื่อ แต่ไม่อยู่จริง,45-59 ปี,2
overall,DIAGNOSIS_OPD,เมืองสตูล,09620,โรงพยาบาลส่งเสริมสุขภาพตำบลบ้านวังพะเนียด ตำบลเกตรี,ALL,ALL,2,2: ในเขต มีชื่อ แต่ไม่อยู่จริง,60-74 ปี,1
overall,DIAGNOSIS_OPD,เมืองสตูล,09620,โรงพยาบาลส่งเสริมสุขภาพตำบลบ้านวังพะเนียด ตำบลเกตรี,ALL,ALL,2,2: ในเขต มีชื่อ แต่ไม่อยู่จริง,75 ปีขึ้นไป,3
overall,DIAGNOSIS_OPD,เมืองสตูล,09620,โรงพยาบาลส่งเสริมสุขภาพตำบลบ้านวังพะเนียด ตำบลเกตรี,ALL,ALL,3,3: อาศัยในเขต ทะเบียนบ้านอยู่นอกเขต,0-14 ปี,1
overall,DIAGNOSIS_OPD,เมืองสตูล,09620,โรงพยาบาลส่งเสริมสุขภาพตำบลบ้านวังพะเนียด ตำบลเกตรี,ALL,ALL,4,4: นอกเขต มารับบริการ/เคยอยู่ในเขต,30-44 ปี,1
overall,DIAGNOSIS_OPD,เมืองสตูล,09620,โรงพยาบาลส่งเสริมสุขภาพตำบลบ้านวังพะเนียด ตำบลเกตรี,ALL,ALL,4,4: นอกเขต มารับบริการ/เคยอยู่ในเขต,45-59 ปี,1
overall,DIAGNOSIS_OPD,เมืองสตูล,09617,โรงพยาบาลส่งเสริมสุขภาพตำบลบ้านเกาะยาว  ตำบลปูยู,ALL,ALL,1,1: ในเขต มีชื่อ+อยู่จริง,15-29 ปี,1
overall,DIAGNOSIS_OPD,เมืองสตูล,09617,โรงพยาบาลส่งเสริมสุขภาพตำบลบ้านเกาะยาว  ตำบลปูยู,ALL,ALL,1,1: ในเขต มีชื่อ+อยู่จริง,30-44 ปี,4
overall,DIAGNOSIS_OPD,เมืองสตูล,09617,โรงพยาบาลส่งเสริมสุขภาพตำบลบ้านเกาะยาว  ตำบลปูยู,ALL,ALL,1,1: ในเขต มีชื่อ+อยู่จริง,45-59 ปี,3
overall,DIAGNOSIS_OPD,เมืองสตูล,09617,โรงพยาบาลส่งเสริมสุขภาพตำบลบ้านเกาะยาว  ตำบลปูยู,ALL,ALL,1,1: ในเขต มีชื่อ+อยู่จริง,60-74 ปี,4
overall,DIAGNOSIS_OPD,เมืองสตูล,09617,โรงพยาบาลส่งเสริมสุขภาพตำบลบ้านเกาะยาว  ตำบลปูยู,ALL,ALL,1,1: ในเขต มีชื่อ+อยู่จริง,75 ปีขึ้นไป,2
overall,DIAGNOSIS_OPD,เมืองสตูล,09617,โรงพยาบาลส่งเสริมสุขภาพตำบลบ้านเกาะยาว  ตำบลปูยู,ALL,ALL,2,2: ในเขต มีชื่อ แต่ไม่อยู่จริง,30-44 ปี,1
overall,DIAGNOSIS_OPD,เมืองสตูล,09617,โรงพยาบาลส่งเสริมสุขภาพตำบลบ้านเกาะยาว  ตำบลปูยู,ALL,ALL,2,2: ในเขต มีชื่อ แต่ไม่อยู่จริง,45-59 ปี,1
overall,DIAGNOSIS_OPD,เมืองสตูล,09617,โรงพยาบาลส่งเสริมสุขภาพตำบลบ้านเกาะยาว  ตำบลปูยู,ALL,ALL,2,2: ในเขต มีชื่อ แต่ไม่อยู่จริง,75 ปีขึ้นไป,1
overall,DIAGNOSIS_OPD,เมืองสตูล,09619,โรงพยาบาลส่งเสริมสุขภาพตำบลบ้านใหม่ ตำบลควนโพธิ์,ALL,ALL,1,1: ในเขต มีชื่อ+อยู่จริง,0-14 ปี,4
overall,DIAGNOSIS_OPD,เมืองสตูล,09619,โรงพยาบาลส่งเสริมสุขภาพตำบลบ้านใหม่ ตำบลควนโพธิ์,ALL,ALL,1,1: ในเขต มีชื่อ+อยู่จริง,15-29 ปี,4
overall,DIAGNOSIS_OPD,เมืองสตูล,09619,โรงพยาบาลส่งเสริมสุขภาพตำบลบ้านใหม่ ตำบลควนโพธิ์,ALL,ALL,1,1: ในเขต มีชื่อ+อยู่จริง,30-44 ปี,11
overall,DIAGNOSIS_OPD,เมืองสตูล,09619,โรงพยาบาลส่งเสริมสุขภาพตำบลบ้านใหม่ ตำบลควนโพธิ์,ALL,ALL,1,1: ในเขต มีชื่อ+อยู่จริง,45-59 ปี,25
overall,DIAGNOSIS_OPD,เมืองสตูล,09619,โรงพยาบาลส่งเสริมสุขภาพตำบลบ้านใหม่ ตำบลควนโพธิ์,ALL,ALL,1,1: ในเขต มีชื่อ+อยู่จริง,60-74 ปี,29
overall,DIAGNOSIS_OPD,เมืองสตูล,09619,โรงพยาบาลส่งเสริมสุขภาพตำบลบ้านใหม่ ตำบลควนโพธิ์,ALL,ALL,1,1: ในเขต มีชื่อ+อยู่จริง,75 ปีขึ้นไป,8
overall,DIAGNOSIS_OPD,เมืองสตูล,09619,โรงพยาบาลส่งเสริมสุขภาพตำบลบ้านใหม่ ตำบลควนโพธิ์,ALL,ALL,2,2: ในเขต มีชื่อ แต่ไม่อยู่จริง,30-44 ปี,3
overall,DIAGNOSIS_OPD,เมืองสตูล,09619,โรงพยาบาลส่งเสริมสุขภาพตำบลบ้านใหม่ ตำบลควนโพธิ์,ALL,ALL,2,2: ในเขต มีชื่อ แต่ไม่อยู่จริง,45-59 ปี,4
overall,DIAGNOSIS_OPD,เมืองสตูล,09619,โรงพยาบาลส่งเสริมสุขภาพตำบลบ้านใหม่ ตำบลควนโพธิ์,ALL,ALL,2,2: ในเขต มีชื่อ แต่ไม่อยู่จริง,60-74 ปี,4
overall,DIAGNOSIS_OPD,เมืองสตูล,09619,โรงพยาบาลส่งเสริมสุขภาพตำบลบ้านใหม่ ตำบลควนโพธิ์,ALL,ALL,2,2: ในเขต มีชื่อ แต่ไม่อยู่จริง,75 ปีขึ้นไป,1
overall,DIAGNOSIS_OPD,เมืองสตูล,09619,โรงพยาบาลส่งเสริมสุขภาพตำบลบ้านใหม่ ตำบลควนโพธิ์,ALL,ALL,3,3: อาศัยในเขต ทะเบียนบ้านอยู่นอกเขต,30-44 ปี,1
overall,DIAGNOSIS_OPD,เมืองสตูล,09619,โรงพยาบาลส่งเสริมสุขภาพตำบลบ้านใหม่ ตำบลควนโพธิ์,ALL,ALL,4,4: นอกเขต มารับบริการ/เคยอยู่ในเขต,30-44 ปี,3
overall,DIAGNOSIS_OPD,เมืองสตูล,09619,โรงพยาบาลส่งเสริมสุขภาพตำบลบ้านใหม่ ตำบลควนโพธิ์,ALL,ALL,4,4: นอกเขต มารับบริการ/เคยอยู่ในเขต,45-59 ปี,1
overall,DIAGNOSIS_OPD,เมืองสตูล,09619,โรงพยาบาลส่งเสริมสุขภาพตำบลบ้านใหม่ ตำบลควนโพธิ์,ALL,ALL,4,4: นอกเขต มารับบริการ/เคยอยู่ในเขต,60-74 ปี,1
overall,DIAGNOSIS_OPD,เมืองสตูล,09618,โรงพยาบาลส่งเสริมสุขภาพตำบลปูยู,ALL,ALL,1,1: ในเขต มีชื่อ+อยู่จริง,15-29 ปี,1
overall,DIAGNOSIS_OPD,เมืองสตูล,09618,โรงพยาบาลส่งเสริมสุขภาพตำบลปูยู,ALL,ALL,1,1: ในเขต มีชื่อ+อยู่จริง,30-44 ปี,7
overall,DIAGNOSIS_OPD,เมืองสตูล,09618,โรงพยาบาลส่งเสริมสุขภาพตำบลปูยู,ALL,ALL,1,1: ในเขต มีชื่อ+อยู่จริง,45-59 ปี,2
overall,DIAGNOSIS_OPD,เมืองสตูล,09618,โรงพยาบาลส่งเสริมสุขภาพตำบลปูยู,ALL,ALL,2,2: ในเขต มีชื่อ แต่ไม่อยู่จริง,30-44 ปี,1
overall,DIAGNOSIS_OPD,เมืองสตูล,09611,โรงพยาบาลส่งเสริมสุขภาพตำบลเกาะสาหร่าย,ALL,ALL,1,1: ในเขต มีชื่อ+อยู่จริง,0-14 ปี,1
overall,DIAGNOSIS_OPD,เมืองสตูล,09611,โรงพยาบาลส่งเสริมสุขภาพตำบลเกาะสาหร่าย,ALL,ALL,1,1: ในเขต มีชื่อ+อยู่จริง,15-29 ปี,1
overall,DIAGNOSIS_OPD,เมืองสตูล,09611,โรงพยาบาลส่งเสริมสุขภาพตำบลเกาะสาหร่าย,ALL,ALL,1,1: ในเขต มีชื่อ+อยู่จริง,30-44 ปี,5
overall,DIAGNOSIS_OPD,เมืองสตูล,09611,โรงพยาบาลส่งเสริมสุขภาพตำบลเกาะสาหร่าย,ALL,ALL,1,1: ในเขต มีชื่อ+อยู่จริง,45-59 ปี,6
overall,DIAGNOSIS_OPD,เมืองสตูล,09611,โรงพยาบาลส่งเสริมสุขภาพตำบลเกาะสาหร่าย,ALL,ALL,1,1: ในเขต มีชื่อ+อยู่จริง,60-74 ปี,5
overall,DIAGNOSIS_OPD,เมืองสตูล,09611,โรงพยาบาลส่งเสริมสุขภาพตำบลเกาะสาหร่าย,ALL,ALL,1,1: ในเขต มีชื่อ+อยู่จริง,75 ปีขึ้นไป,5
overall,DIAGNOSIS_OPD,เมืองสตูล,09611,โรงพยาบาลส่งเสริมสุขภาพตำบลเกาะสาหร่าย,ALL,ALL,2,2: ในเขต มีชื่อ แต่ไม่อยู่จริง,30-44 ปี,2
overall,DIAGNOSIS_OPD,เมืองสตูล,09611,โรงพยาบาลส่งเสริมสุขภาพตำบลเกาะสาหร่าย,ALL,ALL,2,2: ในเขต มีชื่อ แต่ไม่อยู่จริง,45-59 ปี,2
overall,DIAGNOSIS_OPD,เมืองสตูล,09611,โรงพยาบาลส่งเสริมสุขภาพตำบลเกาะสาหร่าย,ALL,ALL,4,4: นอกเขต มารับบริการ/เคยอยู่ในเขต,60-74 ปี,1
overall,DIAGNOSIS_OPD,เมืองสตูล,09612,โรงพยาบาลส่งเสริมสุขภาพตำบลเกาะหลีเป๊ะ,ALL,ALL,1,1: ในเขต มีชื่อ+อยู่จริง,0-14 ปี,8
overall,DIAGNOSIS_OPD,เมืองสตูล,09612,โรงพยาบาลส่งเสริมสุขภาพตำบลเกาะหลีเป๊ะ,ALL,ALL,1,1: ในเขต มีชื่อ+อยู่จริง,15-29 ปี,8
overall,DIAGNOSIS_OPD,เมืองสตูล,09612,โรงพยาบาลส่งเสริมสุขภาพตำบลเกาะหลีเป๊ะ,ALL,ALL,1,1: ในเขต มีชื่อ+อยู่จริง,30-44 ปี,4
overall,DIAGNOSIS_OPD,เมืองสตูล,09612,โรงพยาบาลส่งเสริมสุขภาพตำบลเกาะหลีเป๊ะ,ALL,ALL,1,1: ในเขต มีชื่อ+อยู่จริง,45-59 ปี,9
overall,DIAGNOSIS_OPD,เมืองสตูล,09612,โรงพยาบาลส่งเสริมสุขภาพตำบลเกาะหลีเป๊ะ,ALL,ALL,1,1: ในเขต มีชื่อ+อยู่จริง,60-74 ปี,6
overall,DIAGNOSIS_OPD,เมืองสตูล,09612,โรงพยาบาลส่งเสริมสุขภาพตำบลเกาะหลีเป๊ะ,ALL,ALL,1,1: ในเขต มีชื่อ+อยู่จริง,75 ปีขึ้นไป,1
overall,DIAGNOSIS_OPD,เมืองสตูล,09612,โรงพยาบาลส่งเสริมสุขภาพตำบลเกาะหลีเป๊ะ,ALL,ALL,2,2: ในเขต มีชื่อ แต่ไม่อยู่จริง,30-44 ปี,2
overall,DIAGNOSIS_OPD,เมืองสตูล,09612,โรงพยาบาลส่งเสริมสุขภาพตำบลเกาะหลีเป๊ะ,ALL,ALL,4,4: นอกเขต มารับบริการ/เคยอยู่ในเขต,0-14 ปี,1
overall,DIAGNOSIS_OPD,เมืองสตูล,09612,โรงพยาบาลส่งเสริมสุขภาพตำบลเกาะหลีเป๊ะ,ALL,ALL,4,4: นอกเขต มารับบริการ/เคยอยู่ในเขต,15-29 ปี,32
overall,DIAGNOSIS_OPD,เมืองสตูล,09612,โรงพยาบาลส่งเสริมสุขภาพตำบลเกาะหลีเป๊ะ,ALL,ALL,4,4: นอกเขต มารับบริการ/เคยอยู่ในเขต,30-44 ปี,54
overall,DIAGNOSIS_OPD,เมืองสตูล,09612,โรงพยาบาลส่งเสริมสุขภาพตำบลเกาะหลีเป๊ะ,ALL,ALL,4,4: นอกเขต มารับบริการ/เคยอยู่ในเขต,45-59 ปี,24
overall,DIAGNOSIS_OPD,เมืองสตูล,09612,โรงพยาบาลส่งเสริมสุขภาพตำบลเกาะหลีเป๊ะ,ALL,ALL,4,4: นอกเขต มารับบริการ/เคยอยู่ในเขต,60-74 ปี,6
overall,DIAGNOSIS_OPD,เมืองสตูล,09612,โรงพยาบาลส่งเสริมสุขภาพตำบลเกาะหลีเป๊ะ,ALL,ALL,4,4: นอกเขต มารับบริการ/เคยอยู่ในเขต,75 ปีขึ้นไป,2
overall,DIAGNOSIS_OPD,เมืองสตูล,09614,โรงพยาบาลส่งเสริมสุขภาพตำบลเจ๊ะบิลัง,ALL,ALL,1,1: ในเขต มีชื่อ+อยู่จริง,0-14 ปี,2
overall,DIAGNOSIS_OPD,เมืองสตูล,09614,โรงพยาบาลส่งเสริมสุขภาพตำบลเจ๊ะบิลัง,ALL,ALL,1,1: ในเขต มีชื่อ+อยู่จริง,15-29 ปี,3
overall,DIAGNOSIS_OPD,เมืองสตูล,09614,โรงพยาบาลส่งเสริมสุขภาพตำบลเจ๊ะบิลัง,ALL,ALL,1,1: ในเขต มีชื่อ+อยู่จริง,30-44 ปี,6
overall,DIAGNOSIS_OPD,เมืองสตูล,09614,โรงพยาบาลส่งเสริมสุขภาพตำบลเจ๊ะบิลัง,ALL,ALL,1,1: ในเขต มีชื่อ+อยู่จริง,45-59 ปี,9
overall,DIAGNOSIS_OPD,เมืองสตูล,09614,โรงพยาบาลส่งเสริมสุขภาพตำบลเจ๊ะบิลัง,ALL,ALL,1,1: ในเขต มีชื่อ+อยู่จริง,60-74 ปี,8
overall,DIAGNOSIS_OPD,เมืองสตูล,09614,โรงพยาบาลส่งเสริมสุขภาพตำบลเจ๊ะบิลัง,ALL,ALL,1,1: ในเขต มีชื่อ+อยู่จริง,75 ปีขึ้นไป,2
overall,DIAGNOSIS_OPD,เมืองสตูล,09614,โรงพยาบาลส่งเสริมสุขภาพตำบลเจ๊ะบิลัง,ALL,ALL,2,2: ในเขต มีชื่อ แต่ไม่อยู่จริง,30-44 ปี,2
overall,DIAGNOSIS_OPD,เมืองสตูล,09614,โรงพยาบาลส่งเสริมสุขภาพตำบลเจ๊ะบิลัง,ALL,ALL,4,4: นอกเขต มารับบริการ/เคยอยู่ในเขต,0-14 ปี,1
overall,DIAGNOSIS_OPD,เมืองสตูล,09614,โรงพยาบาลส่งเสริมสุขภาพตำบลเจ๊ะบิลัง,ALL,ALL,4,4: นอกเขต มารับบริการ/เคยอยู่ในเขต,75 ปีขึ้นไป,1
overall,SPECIALPP,ควนกาหลง,11403,โรงพยาบาลควนกาหลง,ALL,ALL,1,1: ในเขต มีชื่อ+อยู่จริง,15-29 ปี,1
overall,SPECIALPP,ควนกาหลง,11403,โรงพยาบาลควนกาหลง,ALL,ALL,1,1: ในเขต มีชื่อ+อยู่จริง,30-44 ปี,1
overall,SPECIALPP,ควนกาหลง,11403,โรงพยาบาลควนกาหลง,ALL,ALL,1,1: ในเขต มีชื่อ+อยู่จริง,45-59 ปี,2
overall,SPECIALPP,ควนกาหลง,11403,โรงพยาบาลควนกาหลง,ALL,ALL,4,4: นอกเขต มารับบริการ/เคยอยู่ในเขต,15-29 ปี,4
overall,SPECIALPP,ควนกาหลง,11403,โรงพยาบาลควนกาหลง,ALL,ALL,4,4: นอกเขต มารับบริการ/เคยอยู่ในเขต,30-44 ปี,15
overall,SPECIALPP,ควนกาหลง,11403,โรงพยาบาลควนกาหลง,ALL,ALL,4,4: นอกเขต มารับบริการ/เคยอยู่ในเขต,45-59 ปี,4
overall,SPECIALPP,ควนกาหลง,11403,โรงพยาบาลควนกาหลง,ALL,ALL,4,4: นอกเขต มารับบริการ/เคยอยู่ในเขต,60-74 ปี,1
overall,SPECIALPP,ควนโดน,11402,โรงพยาบาลควนโดน,ALL,ALL,1,1: ในเขต มีชื่อ+อยู่จริง,0-14 ปี,1
overall,SPECIALPP,ควนโดน,11402,โรงพยาบาลควนโดน,ALL,ALL,1,1: ในเขต มีชื่อ+อยู่จริง,15-29 ปี,3
overall,SPECIALPP,ควนโดน,11402,โรงพยาบาลควนโดน,ALL,ALL,1,1: ในเขต มีชื่อ+อยู่จริง,30-44 ปี,2
overall,SPECIALPP,ควนโดน,11402,โรงพยาบาลควนโดน,ALL,ALL,4,4: นอกเขต มารับบริการ/เคยอยู่ในเขต,0-14 ปี,1
overall,SPECIALPP,ควนโดน,11402,โรงพยาบาลควนโดน,ALL,ALL,4,4: นอกเขต มารับบริการ/เคยอยู่ในเขต,15-29 ปี,7
overall,SPECIALPP,ควนโดน,11402,โรงพยาบาลควนโดน,ALL,ALL,4,4: นอกเขต มารับบริการ/เคยอยู่ในเขต,30-44 ปี,3
overall,SPECIALPP,ควนโดน,11402,โรงพยาบาลควนโดน,ALL,ALL,4,4: นอกเขต มารับบริการ/เคยอยู่ในเขต,45-59 ปี,1
overall,SPECIALPP,ทุ่งหว้า,11406,โรงพยาบาลทุ่งหว้า,ALL,ALL,"",อื่นๆ/ไม่ทราบ,30-44 ปี,2
overall,SPECIALPP,ทุ่งหว้า,11406,โรงพยาบาลทุ่งหว้า,ALL,ALL,1,1: ในเขต มีชื่อ+อยู่จริง,15-29 ปี,2
overall,SPECIALPP,ทุ่งหว้า,11406,โรงพยาบาลทุ่งหว้า,ALL,ALL,1,1: ในเขต มีชื่อ+อยู่จริง,30-44 ปี,2
overall,SPECIALPP,ทุ่งหว้า,11406,โรงพยาบาลทุ่งหว้า,ALL,ALL,1,1: ในเขต มีชื่อ+อยู่จริง,45-59 ปี,2
overall,SPECIALPP,ทุ่งหว้า,11406,โรงพยาบาลทุ่งหว้า,ALL,ALL,2,2: ในเขต มีชื่อ แต่ไม่อยู่จริง,30-44 ปี,1
overall,SPECIALPP,ทุ่งหว้า,11406,โรงพยาบาลทุ่งหว้า,ALL,ALL,2,2: ในเขต มีชื่อ แต่ไม่อยู่จริง,45-59 ปี,2
overall,SPECIALPP,ทุ่งหว้า,11406,โรงพยาบาลทุ่งหว้า,ALL,ALL,4,4: นอกเขต มารับบริการ/เคยอยู่ในเขต,0-14 ปี,1
overall,SPECIALPP,ทุ่งหว้า,11406,โรงพยาบาลทุ่งหว้า,ALL,ALL,4,4: นอกเขต มารับบริการ/เคยอยู่ในเขต,15-29 ปี,2
overall,SPECIALPP,ทุ่งหว้า,11406,โรงพยาบาลทุ่งหว้า,ALL,ALL,4,4: นอกเขต มารับบริการ/เคยอยู่ในเขต,30-44 ปี,10
overall,SPECIALPP,ทุ่งหว้า,11406,โรงพยาบาลทุ่งหว้า,ALL,ALL,4,4: นอกเขต มารับบริการ/เคยอยู่ในเขต,45-59 ปี,6
overall,SPECIALPP,ทุ่งหว้า,11406,โรงพยาบาลทุ่งหว้า,ALL,ALL,4,4: นอกเขต มารับบริการ/เคยอยู่ในเขต,60-74 ปี,2
overall,SPECIALPP,ท่าแพ,14098,โรงพยาบาลส่งเสริมสุขภาพตำบลท่าเรือ,ALL,ALL,1,1: ในเขต มีชื่อ+อยู่จริง,75 ปีขึ้นไป,1
overall,SPECIALPP,มะนัง,28786,โรงพยาบาลมะนัง,ALL,ALL,1,1: ในเขต มีชื่อ+อยู่จริง,15-29 ปี,1
overall,SPECIALPP,มะนัง,28786,โรงพยาบาลมะนัง,ALL,ALL,1,1: ในเขต มีชื่อ+อยู่จริง,30-44 ปี,1
overall,SPECIALPP,มะนัง,28786,โรงพยาบาลมะนัง,ALL,ALL,1,1: ในเขต มีชื่อ+อยู่จริง,45-59 ปี,2
overall,SPECIALPP,มะนัง,28786,โรงพยาบาลมะนัง,ALL,ALL,4,4: นอกเขต มารับบริการ/เคยอยู่ในเขต,15-29 ปี,1
overall,SPECIALPP,มะนัง,28786,โรงพยาบาลมะนัง,ALL,ALL,4,4: นอกเขต มารับบริการ/เคยอยู่ในเขต,30-44 ปี,8
overall,SPECIALPP,ละงู,11405,โรงพยาบาลละงู,ALL,ALL,4,4: นอกเขต มารับบริการ/เคยอยู่ในเขต,15-29 ปี,5
overall,SPECIALPP,ละงู,11405,โรงพยาบาลละงู,ALL,ALL,4,4: นอกเขต มารับบริการ/เคยอยู่ในเขต,30-44 ปี,13
overall,SPECIALPP,ละงู,11405,โรงพยาบาลละงู,ALL,ALL,4,4: นอกเขต มารับบริการ/เคยอยู่ในเขต,45-59 ปี,2
overall,SPECIALPP,ละงู,09640,โรงพยาบาลส่งเสริมสุขภาพตำบลบ้านทุ่งไหม้  ตำบลน้ำผุด,ALL,ALL,1,1: ในเขต มีชื่อ+อยู่จริง,15-29 ปี,118
overall,SPECIALPP,ละงู,09640,โรงพยาบาลส่งเสริมสุขภาพตำบลบ้านทุ่งไหม้  ตำบลน้ำผุด,ALL,ALL,1,1: ในเขต มีชื่อ+อยู่จริง,30-44 ปี,67
overall,SPECIALPP,ละงู,09640,โรงพยาบาลส่งเสริมสุขภาพตำบลบ้านทุ่งไหม้  ตำบลน้ำผุด,ALL,ALL,1,1: ในเขต มีชื่อ+อยู่จริง,45-59 ปี,80
overall,SPECIALPP,ละงู,09640,โรงพยาบาลส่งเสริมสุขภาพตำบลบ้านทุ่งไหม้  ตำบลน้ำผุด,ALL,ALL,1,1: ในเขต มีชื่อ+อยู่จริง,60-74 ปี,47
overall,SPECIALPP,ละงู,09640,โรงพยาบาลส่งเสริมสุขภาพตำบลบ้านทุ่งไหม้  ตำบลน้ำผุด,ALL,ALL,1,1: ในเขต มีชื่อ+อยู่จริง,75 ปีขึ้นไป,27
overall,SPECIALPP,ละงู,09640,โรงพยาบาลส่งเสริมสุขภาพตำบลบ้านทุ่งไหม้  ตำบลน้ำผุด,ALL,ALL,3,3: อาศัยในเขต ทะเบียนบ้านอยู่นอกเขต,15-29 ปี,1
overall,SPECIALPP,ละงู,09640,โรงพยาบาลส่งเสริมสุขภาพตำบลบ้านทุ่งไหม้  ตำบลน้ำผุด,ALL,ALL,3,3: อาศัยในเขต ทะเบียนบ้านอยู่นอกเขต,30-44 ปี,3
overall,SPECIALPP,ละงู,09640,โรงพยาบาลส่งเสริมสุขภาพตำบลบ้านทุ่งไหม้  ตำบลน้ำผุด,ALL,ALL,3,3: อาศัยในเขต ทะเบียนบ้านอยู่นอกเขต,45-59 ปี,1
overall,SPECIALPP,ละงู,09639,โรงพยาบาลส่งเสริมสุขภาพตำบลปากน้ำ,ALL,ALL,1,1: ในเขต มีชื่อ+อยู่จริง,15-29 ปี,728
overall,SPECIALPP,ละงู,09639,โรงพยาบาลส่งเสริมสุขภาพตำบลปากน้ำ,ALL,ALL,1,1: ในเขต มีชื่อ+อยู่จริง,30-44 ปี,374
overall,SPECIALPP,ละงู,09639,โรงพยาบาลส่งเสริมสุขภาพตำบลปากน้ำ,ALL,ALL,1,1: ในเขต มีชื่อ+อยู่จริง,45-59 ปี,96
overall,SPECIALPP,ละงู,09639,โรงพยาบาลส่งเสริมสุขภาพตำบลปากน้ำ,ALL,ALL,1,1: ในเขต มีชื่อ+อยู่จริง,75 ปีขึ้นไป,2
overall,SPECIALPP,ละงู,09639,โรงพยาบาลส่งเสริมสุขภาพตำบลปากน้ำ,ALL,ALL,2,2: ในเขต มีชื่อ แต่ไม่อยู่จริง,15-29 ปี,1
overall,SPECIALPP,ละงู,09639,โรงพยาบาลส่งเสริมสุขภาพตำบลปากน้ำ,ALL,ALL,2,2: ในเขต มีชื่อ แต่ไม่อยู่จริง,30-44 ปี,3
overall,SPECIALPP,ละงู,09639,โรงพยาบาลส่งเสริมสุขภาพตำบลปากน้ำ,ALL,ALL,3,3: อาศัยในเขต ทะเบียนบ้านอยู่นอกเขต,15-29 ปี,11
overall,SPECIALPP,ละงู,09639,โรงพยาบาลส่งเสริมสุขภาพตำบลปากน้ำ,ALL,ALL,3,3: อาศัยในเขต ทะเบียนบ้านอยู่นอกเขต,30-44 ปี,1
overall,SPECIALPP,เมืองสตูล,24672,ศูนย์สุขภาพชุมชนศรีพิมาน,ALL,ALL,3,3: อาศัยในเขต ทะเบียนบ้านอยู่นอกเขต,30-44 ปี,1
overall,SPECIALPP,เมืองสตูล,10746,โรงพยาบาลสตูล,ALL,ALL,4,4: นอกเขต มารับบริการ/เคยอยู่ในเขต,15-29 ปี,17
overall,SPECIALPP,เมืองสตูล,10746,โรงพยาบาลสตูล,ALL,ALL,4,4: นอกเขต มารับบริการ/เคยอยู่ในเขต,30-44 ปี,33
overall,SPECIALPP,เมืองสตูล,10746,โรงพยาบาลสตูล,ALL,ALL,4,4: นอกเขต มารับบริการ/เคยอยู่ในเขต,45-59 ปี,8
